{
  "type": "FeatureCollection",
  "generator": "overpass-turbo",
  "copyright": "The data included in this document is from www.openstreetmap.org. The data is made available under ODbL.",
  "timestamp": "2026-01-18T05:21:57Z",
  "features": [
    {
      "type": "Feature",
      "properties": {
        "@id": "relation/16268552",
        "colour": "red",
        "from": "Taggart Student Center",
        "name": "South Campus Express",
        "network": "Aggie Shuttle",
        "opening_hours": "Mo-Fr 07:00-17:30; Sa-Su off",
        "operator": "Utah State University",
        "public_transport:version": "2",
        "ref": "Red",
        "route": "bus",
        "to": "South Campus",
        "type": "route"
      },
      "geometry": {
        "type": "MultiLineString",
        "coordinates": [
          [
            [
              -111.8017395,
              41.7493405
            ],
            [
              -111.8018114,
              41.7494397
            ],
            [
              -111.801838,
              41.7494733
            ],
            [
              -111.8019309,
              41.7495595
            ],
            [
              -111.8020478,
              41.7496019
            ],
            [
              -111.802173,
              41.749603
            ],
            [
              -111.8023023,
              41.7495493
            ],
            [
              -111.8023839,
              41.7494746
            ],
            [
              -111.8024169,
              41.7494388
            ],
            [
              -111.802487,
              41.7493319
            ],
            [
              -111.8024169,
              41.7494388
            ],
            [
              -111.8023839,
              41.7494746
            ],
            [
              -111.8023023,
              41.7495493
            ],
            [
              -111.802173,
              41.749603
            ],
            [
              -111.8020478,
              41.7496019
            ],
            [
              -111.8019309,
              41.7495595
            ],
            [
              -111.801838,
              41.7494733
            ],
            [
              -111.8018114,
              41.7494397
            ],
            [
              -111.8017395,
              41.7493405
            ]
          ],
          [
            [
              -111.8017395,
              41.7493405
            ],
            [
              -111.802487,
              41.7493319
            ],
            [
              -111.802821,
              41.7493307
            ],
            [
              -111.8030712,
              41.7493264
            ],
            [
              -111.8039184,
              41.7493332
            ],
            [
              -111.8040754,
              41.7493805
            ],
            [
              -111.8042364,
              41.7494605
            ],
            [
              -111.8042816,
              41.7495093
            ],
            [
              -111.8043171,
              41.7495475
            ],
            [
              -111.8043427,
              41.7495913
            ],
            [
              -111.8043616,
              41.7496266
            ],
            [
              -111.8043782,
              41.7496715
            ],
            [
              -111.8043885,
              41.7497201
            ],
            [
              -111.8043935,
              41.7497608
            ],
            [
              -111.8043905,
              41.7498015
            ],
            [
              -111.8043835,
              41.7498476
            ],
            [
              -111.8043736,
              41.7498886
            ],
            [
              -111.8043523,
              41.7499424
            ],
            [
              -111.8043432,
              41.7499814
            ],
            [
              -111.8043478,
              41.7500355
            ],
            [
              -111.804366,
              41.7500634
            ],
            [
              -111.8044009,
              41.75009
            ],
            [
              -111.8044406,
              41.7501072
            ],
            [
              -111.8045005,
              41.7501188
            ],
            [
              -111.8045621,
              41.7501132
            ],
            [
              -111.804631,
              41.7500816
            ],
            [
              -111.8046638,
              41.750042
            ],
            [
              -111.8046744,
              41.7500085
            ],
            [
              -111.8046723,
              41.7499714
            ],
            [
              -111.8046507,
              41.7499266
            ],
            [
              -111.8045941,
              41.7498698
            ],
            [
              -111.8045549,
              41.7498116
            ],
            [
              -111.8045252,
              41.7497498
            ],
            [
              -111.8045005,
              41.7496581
            ],
            [
              -111.8045001,
              41.7495935
            ],
            [
              -111.8045071,
              41.7495406
            ],
            [
              -111.8045252,
              41.7494948
            ],
            [
              -111.804548,
              41.7494546
            ],
            [
              -111.8045591,
              41.7494155
            ],
            [
              -111.8045515,
              41.7493739
            ],
            [
              -111.8045074,
              41.7493282
            ],
            [
              -111.8044864,
              41.7493105
            ],
            [
              -111.8044644,
              41.7492459
            ],
            [
              -111.8044551,
              41.7491847
            ],
            [
              -111.8043893,
              41.7489096
            ],
            [
              -111.8043796,
              41.7483825
            ],
            [
              -111.8043554,
              41.7475734
            ],
            [
              -111.8043484,
              41.7473391
            ],
            [
              -111.8043926,
              41.7470929
            ],
            [
              -111.8043793,
              41.7468862
            ],
            [
              -111.8043834,
              41.7468195
            ],
            [
              -111.8044042,
              41.7467577
            ],
            [
              -111.8044636,
              41.7466825
            ],
            [
              -111.8045064,
              41.7466572
            ],
            [
              -111.8045361,
              41.7466231
            ],
            [
              -111.8045495,
              41.7465823
            ],
            [
              -111.804544,
              41.7465405
            ],
            [
              -111.8045156,
              41.7464974
            ],
            [
              -111.8044447,
              41.7464577
            ],
            [
              -111.8044257,
              41.7463376
            ],
            [
              -111.8043541,
              41.7460831
            ],
            [
              -111.8043461,
              41.7458439
            ],
            [
              -111.8043342,
              41.7454559
            ],
            [
              -111.804318,
              41.7449272
            ],
            [
              -111.8043162,
              41.7448665
            ],
            [
              -111.8043143,
              41.7448057
            ],
            [
              -111.8043033,
              41.7444464
            ],
            [
              -111.8042997,
              41.7443298
            ],
            [
              -111.8042954,
              41.7441987
            ],
            [
              -111.8042861,
              41.7429815
            ],
            [
              -111.804266,
              41.7428266
            ],
            [
              -111.8042519,
              41.742791
            ],
            [
              -111.8041576,
              41.7426501
            ],
            [
              -111.8056928,
              41.7417227
            ],
            [
              -111.8065725,
              41.7412157
            ],
            [
              -111.8069793,
              41.7410229
            ],
            [
              -111.8072787,
              41.7409204
            ],
            [
              -111.8075897,
              41.7408287
            ],
            [
              -111.8082419,
              41.7406535
            ],
            [
              -111.8090047,
              41.7404913
            ],
            [
              -111.8091988,
              41.74045
            ],
            [
              -111.809995,
              41.7402847
            ],
            [
              -111.8104567,
              41.7401574
            ],
            [
              -111.8109096,
              41.7400241
            ],
            [
              -111.8111237,
              41.7399463
            ],
            [
              -111.8113699,
              41.7398675
            ],
            [
              -111.8121525,
              41.739558
            ],
            [
              -111.8137924,
              41.7388893
            ],
            [
              -111.8143053,
              41.7387163
            ],
            [
              -111.8146343,
              41.7386544
            ],
            [
              -111.8149265,
              41.7386101
            ],
            [
              -111.8152108,
              41.7385951
            ],
            [
              -111.8154281,
              41.7385962
            ],
            [
              -111.8157547,
              41.7386212
            ],
            [
              -111.8161169,
              41.7386846
            ],
            [
              -111.8164902,
              41.7387374
            ],
            [
              -111.8167692,
              41.7387622
            ],
            [
              -111.8175929,
              41.7387853
            ],
            [
              -111.817834,
              41.7387846
            ],
            [
              -111.8181398,
              41.7387898
            ],
            [
              -111.8187763,
              41.7388005
            ],
            [
              -111.8192441,
              41.7388081
            ],
            [
              -111.8193871,
              41.7388109
            ],
            [
              -111.8193812,
              41.738922
            ],
            [
              -111.8193459,
              41.7397609
            ],
            [
              -111.8193352,
              41.7400016
            ],
            [
              -111.8193226,
              41.7402873
            ],
            [
              -111.8192929,
              41.7403749
            ],
            [
              -111.8192664,
              41.7404531
            ],
            [
              -111.8192041,
              41.7405851
            ],
            [
              -111.8191669,
              41.7406067
            ],
            [
              -111.8191377,
              41.7406343
            ],
            [
              -111.8189697,
              41.7406611
            ],
            [
              -111.81878,
              41.740701
            ],
            [
              -111.8180371,
              41.7406885
            ],
            [
              -111.8179508,
              41.7406864
            ],
            [
              -111.8173957,
              41.7406759
            ],
            [
              -111.8169352,
              41.7406733
            ],
            [
              -111.8167793,
              41.7406692
            ],
            [
              -111.8167732,
              41.7407865
            ],
            [
              -111.8167734,
              41.7408133
            ],
            [
              -111.8167223,
              41.7421135
            ],
            [
              -111.8167181,
              41.7425815
            ],
            [
              -111.816711,
              41.7427348
            ],
            [
              -111.816687,
              41.7435275
            ],
            [
              -111.8166333,
              41.7437099
            ],
            [
              -111.8165763,
              41.7438777
            ],
            [
              -111.8165061,
              41.7440255
            ],
            [
              -111.8164006,
              41.7441698
            ],
            [
              -111.8162993,
              41.7442811
            ],
            [
              -111.8161225,
              41.7443959
            ],
            [
              -111.8159621,
              41.7444542
            ],
            [
              -111.8157556,
              41.74449
            ],
            [
              -111.8155342,
              41.7444921
            ],
            [
              -111.8153681,
              41.7445257
            ],
            [
              -111.8149459,
              41.7445212
            ],
            [
              -111.8147324,
              41.7445233
            ],
            [
              -111.8142834,
              41.7445278
            ],
            [
              -111.8141474,
              41.7445254
            ],
            [
              -111.8141593,
              41.7443939
            ],
            [
              -111.8141652,
              41.7440913
            ],
            [
              -111.8141688,
              41.7439052
            ],
            [
              -111.8141994,
              41.7438657
            ],
            [
              -111.8142349,
              41.7438223
            ],
            [
              -111.8142578,
              41.7437789
            ],
            [
              -111.8142789,
              41.7436839
            ],
            [
              -111.814279,
              41.7436219
            ],
            [
              -111.8142693,
              41.7435766
            ],
            [
              -111.8142467,
              41.7435521
            ],
            [
              -111.8142067,
              41.7435299
            ],
            [
              -111.8141618,
              41.743519
            ],
            [
              -111.8141003,
              41.7435243
            ],
            [
              -111.8140648,
              41.7435428
            ],
            [
              -111.8140432,
              41.7435669
            ],
            [
              -111.8140319,
              41.7435981
            ],
            [
              -111.8140273,
              41.7436749
            ],
            [
              -111.8140269,
              41.7437386
            ],
            [
              -111.8140447,
              41.7437743
            ],
            [
              -111.814078,
              41.7438303
            ],
            [
              -111.8141688,
              41.7439052
            ],
            [
              -111.8141652,
              41.7440913
            ],
            [
              -111.8141593,
              41.7443939
            ],
            [
              -111.8141474,
              41.7445254
            ],
            [
              -111.8141434,
              41.744617
            ],
            [
              -111.8141216,
              41.7451662
            ],
            [
              -111.8140997,
              41.7457187
            ],
            [
              -111.8140728,
              41.7463957
            ],
            [
              -111.8140368,
              41.7473049
            ],
            [
              -111.813998,
              41.7482826
            ],
            [
              -111.8139696,
              41.7489987
            ],
            [
              -111.813952,
              41.7494571
            ],
            [
              -111.8139302,
              41.7500252
            ],
            [
              -111.813924,
              41.7501493
            ],
            [
              -111.813724,
              41.7501461
            ],
            [
              -111.8129971,
              41.7501347
            ],
            [
              -111.8124801,
              41.7501265
            ],
            [
              -111.8123491,
              41.7501245
            ],
            [
              -111.8118014,
              41.7501159
            ],
            [
              -111.8116114,
              41.7501129
            ],
            [
              -111.8113073,
              41.7501081
            ],
            [
              -111.8111864,
              41.7501062
            ],
            [
              -111.8093962,
              41.750078
            ],
            [
              -111.8092427,
              41.7500747
            ],
            [
              -111.8091121,
              41.7500719
            ],
            [
              -111.8080252,
              41.7500564
            ],
            [
              -111.8071442,
              41.7500425
            ],
            [
              -111.8063782,
              41.7500304
            ],
            [
              -111.8055028,
              41.7500166
            ],
            [
              -111.8053085,
              41.7500137
            ],
            [
              -111.8048194,
              41.7499842
            ],
            [
              -111.8047159,
              41.7499614
            ],
            [
              -111.8046507,
              41.7499266
            ],
            [
              -111.8045941,
              41.7498698
            ],
            [
              -111.8045549,
              41.7498116
            ],
            [
              -111.8045252,
              41.7497498
            ],
            [
              -111.8045005,
              41.7496581
            ],
            [
              -111.8045001,
              41.7495935
            ],
            [
              -111.8045071,
              41.7495406
            ],
            [
              -111.8045252,
              41.7494948
            ],
            [
              -111.804548,
              41.7494546
            ],
            [
              -111.8045591,
              41.7494155
            ],
            [
              -111.8045515,
              41.7493739
            ],
            [
              -111.8045074,
              41.7493282
            ],
            [
              -111.8044864,
              41.7493105
            ],
            [
              -111.804434,
              41.7492927
            ],
            [
              -111.8043529,
              41.7492886
            ],
            [
              -111.8042881,
              41.7493015
            ],
            [
              -111.8041005,
              41.7493008
            ],
            [
              -111.8039184,
              41.7493332
            ],
            [
              -111.8030712,
              41.7493264
            ],
            [
              -111.802821,
              41.7493307
            ],
            [
              -111.802487,
              41.7493319
            ]
          ]
        ]
      },
      "id": "relation/16268552"
    },
    {
      "type": "Feature",
      "properties": {
        "@id": "way/10083026",
        "cycleway:both": "no",
        "highway": "secondary",
        "lanes": "2",
        "lanes:backward": "1",
        "lanes:forward": "1",
        "maxspeed": "35 mph",
        "name": "1200 East",
        "name:full": "North 1200 East",
        "name:prefix": "North",
        "old_ref": "SR 288",
        "sidewalk": "separate",
        "surface": "asphalt",
        "@relations": [
          {
            "role": "",
            "rel": 16268552,
            "reltags": {
              "colour": "red",
              "from": "Taggart Student Center",
              "name": "South Campus Express",
              "network": "Aggie Shuttle",
              "opening_hours": "Mo-Fr 07:00-17:30; Sa-Su off",
              "operator": "Utah State University",
              "public_transport:version": "2",
              "ref": "Red",
              "route": "bus",
              "to": "South Campus",
              "type": "route"
            }
          }
        ]
      },
      "geometry": {
        "type": "LineString",
        "coordinates": [
          [
            -111.8041576,
            41.7426501
          ],
          [
            -111.8042519,
            41.742791
          ],
          [
            -111.804266,
            41.7428266
          ],
          [
            -111.8042861,
            41.7429815
          ],
          [
            -111.8042954,
            41.7441987
          ],
          [
            -111.8042997,
            41.7443298
          ]
        ]
      },
      "id": "way/10083026"
    },
    {
      "type": "Feature",
      "properties": {
        "@id": "way/10084839",
        "alt_name": "800 East",
        "alt_name:full": "North 800 East",
        "alt_name:prefix": "North",
        "cycleway": "no",
        "cycleway:both": "no",
        "highway": "unclassified",
        "lanes": "2",
        "name": "Lars Hansen Drive",
        "sidewalk": "separate",
        "surface": "concrete:plates",
        "@relations": [
          {
            "role": "",
            "rel": 16268552,
            "reltags": {
              "colour": "red",
              "from": "Taggart Student Center",
              "name": "South Campus Express",
              "network": "Aggie Shuttle",
              "opening_hours": "Mo-Fr 07:00-17:30; Sa-Su off",
              "operator": "Utah State University",
              "public_transport:version": "2",
              "ref": "Red",
              "route": "bus",
              "to": "South Campus",
              "type": "route"
            }
          },
          {
            "role": "",
            "rel": 16268552,
            "reltags": {
              "colour": "red",
              "from": "Taggart Student Center",
              "name": "South Campus Express",
              "network": "Aggie Shuttle",
              "opening_hours": "Mo-Fr 07:00-17:30; Sa-Su off",
              "operator": "Utah State University",
              "public_transport:version": "2",
              "ref": "Red",
              "route": "bus",
              "to": "South Campus",
              "type": "route"
            }
          }
        ]
      },
      "geometry": {
        "type": "LineString",
        "coordinates": [
          [
            -111.8141688,
            41.7439052
          ],
          [
            -111.8141652,
            41.7440913
          ],
          [
            -111.8141593,
            41.7443939
          ],
          [
            -111.8141474,
            41.7445254
          ]
        ]
      },
      "id": "way/10084839"
    },
    {
      "type": "Feature",
      "properties": {
        "@id": "way/10085289",
        "cycleway:right": "track",
        "cycleway:right:oneway": "no",
        "highway": "secondary",
        "lanes": "2",
        "maxspeed": "25 mph",
        "name": "500 North",
        "name:full": "East 500 North",
        "name:prefix": "East",
        "sidewalk": "separate",
        "surface": "asphalt",
        "@relations": [
          {
            "role": "",
            "rel": 16268552,
            "reltags": {
              "colour": "red",
              "from": "Taggart Student Center",
              "name": "South Campus Express",
              "network": "Aggie Shuttle",
              "opening_hours": "Mo-Fr 07:00-17:30; Sa-Su off",
              "operator": "Utah State University",
              "public_transport:version": "2",
              "ref": "Red",
              "route": "bus",
              "to": "South Campus",
              "type": "route"
            }
          }
        ]
      },
      "geometry": {
        "type": "LineString",
        "coordinates": [
          [
            -111.8167793,
            41.7406692
          ],
          [
            -111.8169352,
            41.7406733
          ],
          [
            -111.8173957,
            41.7406759
          ],
          [
            -111.8179508,
            41.7406864
          ],
          [
            -111.8180371,
            41.7406885
          ],
          [
            -111.81878,
            41.740701
          ]
        ]
      },
      "id": "way/10085289"
    },
    {
      "type": "Feature",
      "properties": {
        "@id": "way/105757117",
        "cycleway": "lane",
        "highway": "tertiary",
        "lanes": "2",
        "maxspeed": "25 mph",
        "name": "1000 North",
        "name:full": "East 1000 North",
        "name:prefix": "East",
        "old_ref": "SR 288",
        "oneway": "no",
        "sidewalk": "separate",
        "surface": "asphalt",
        "@relations": [
          {
            "role": "",
            "rel": 16268552,
            "reltags": {
              "colour": "red",
              "from": "Taggart Student Center",
              "name": "South Campus Express",
              "network": "Aggie Shuttle",
              "opening_hours": "Mo-Fr 07:00-17:30; Sa-Su off",
              "operator": "Utah State University",
              "public_transport:version": "2",
              "ref": "Red",
              "route": "bus",
              "to": "South Campus",
              "type": "route"
            }
          }
        ]
      },
      "geometry": {
        "type": "LineString",
        "coordinates": [
          [
            -111.813924,
            41.7501493
          ],
          [
            -111.813724,
            41.7501461
          ],
          [
            -111.8129971,
            41.7501347
          ]
        ]
      },
      "id": "way/105757117"
    },
    {
      "type": "Feature",
      "properties": {
        "@id": "way/105757122",
        "alt_name": "800 East",
        "alt_name:full": "North 800 East",
        "alt_name:prefix": "North",
        "cycleway": "lane",
        "highway": "secondary",
        "lanes": "2",
        "lit": "no",
        "maxspeed": "35 mph",
        "name": "Lars Hansen Drive",
        "old_ref": "SR 237",
        "sidewalk": "separate",
        "surface": "asphalt",
        "@relations": [
          {
            "role": "",
            "rel": 16268552,
            "reltags": {
              "colour": "red",
              "from": "Taggart Student Center",
              "name": "South Campus Express",
              "network": "Aggie Shuttle",
              "opening_hours": "Mo-Fr 07:00-17:30; Sa-Su off",
              "operator": "Utah State University",
              "public_transport:version": "2",
              "ref": "Red",
              "route": "bus",
              "to": "South Campus",
              "type": "route"
            }
          }
        ]
      },
      "geometry": {
        "type": "LineString",
        "coordinates": [
          [
            -111.8141474,
            41.7445254
          ],
          [
            -111.8141434,
            41.744617
          ],
          [
            -111.8141216,
            41.7451662
          ],
          [
            -111.8140997,
            41.7457187
          ],
          [
            -111.8140728,
            41.7463957
          ],
          [
            -111.8140368,
            41.7473049
          ],
          [
            -111.813998,
            41.7482826
          ],
          [
            -111.8139696,
            41.7489987
          ],
          [
            -111.813952,
            41.7494571
          ]
        ]
      },
      "id": "way/105757122"
    },
    {
      "type": "Feature",
      "properties": {
        "@id": "way/105757138",
        "cycleway": "shared_lane",
        "highway": "secondary",
        "lanes": "2",
        "maxspeed": "25 mph",
        "name": "700 North",
        "name:full": "East 700 North",
        "name:prefix": "East",
        "sidewalk": "separate",
        "surface": "asphalt",
        "@relations": [
          {
            "role": "",
            "rel": 16268552,
            "reltags": {
              "colour": "red",
              "from": "Taggart Student Center",
              "name": "South Campus Express",
              "network": "Aggie Shuttle",
              "opening_hours": "Mo-Fr 07:00-17:30; Sa-Su off",
              "operator": "Utah State University",
              "public_transport:version": "2",
              "ref": "Red",
              "route": "bus",
              "to": "South Campus",
              "type": "route"
            }
          }
        ]
      },
      "geometry": {
        "type": "LineString",
        "coordinates": [
          [
            -111.8141474,
            41.7445254
          ],
          [
            -111.8142834,
            41.7445278
          ],
          [
            -111.8147324,
            41.7445233
          ],
          [
            -111.8149459,
            41.7445212
          ],
          [
            -111.8153681,
            41.7445257
          ]
        ]
      },
      "id": "way/105757138"
    },
    {
      "type": "Feature",
      "properties": {
        "@id": "way/182952348",
        "cycleway": "no",
        "highway": "secondary",
        "lanes": "2",
        "maxspeed": "25 mph",
        "name": "600 East",
        "name:full": "North 600 East",
        "name:prefix": "North",
        "sidewalk": "separate",
        "smoothness": "intermediate",
        "surface": "asphalt",
        "@relations": [
          {
            "role": "",
            "rel": 16268552,
            "reltags": {
              "colour": "red",
              "from": "Taggart Student Center",
              "name": "South Campus Express",
              "network": "Aggie Shuttle",
              "opening_hours": "Mo-Fr 07:00-17:30; Sa-Su off",
              "operator": "Utah State University",
              "public_transport:version": "2",
              "ref": "Red",
              "route": "bus",
              "to": "South Campus",
              "type": "route"
            }
          }
        ]
      },
      "geometry": {
        "type": "LineString",
        "coordinates": [
          [
            -111.8193226,
            41.7402873
          ],
          [
            -111.8193352,
            41.7400016
          ],
          [
            -111.8193459,
            41.7397609
          ],
          [
            -111.8193812,
            41.738922
          ],
          [
            -111.8193871,
            41.7388109
          ]
        ]
      },
      "id": "way/182952348"
    },
    {
      "type": "Feature",
      "properties": {
        "@id": "way/182952353",
        "NHS": "yes",
        "cycleway": "no",
        "hgv": "designated",
        "hgv:national_network": "yes",
        "highway": "primary",
        "lanes": "5",
        "lanes:backward": "3",
        "lanes:forward": "2",
        "maxspeed": "45 mph",
        "ref": "US 89",
        "sidewalk": "no",
        "source:hgv:national_network": "https://www.ecfr.gov/current/title-23/chapter-I/subchapter-G/part-658;https://hepgis-usdot.hub.arcgis.com/apps/usdot::national-network-conventional-combination-trucks-map",
        "surface": "asphalt",
        "turn:lanes:backward": "left|none|none",
        "@relations": [
          {
            "role": "",
            "rel": 16268552,
            "reltags": {
              "colour": "red",
              "from": "Taggart Student Center",
              "name": "South Campus Express",
              "network": "Aggie Shuttle",
              "opening_hours": "Mo-Fr 07:00-17:30; Sa-Su off",
              "operator": "Utah State University",
              "public_transport:version": "2",
              "ref": "Red",
              "route": "bus",
              "to": "South Campus",
              "type": "route"
            }
          }
        ]
      },
      "geometry": {
        "type": "LineString",
        "coordinates": [
          [
            -111.8041576,
            41.7426501
          ],
          [
            -111.8056928,
            41.7417227
          ],
          [
            -111.8065725,
            41.7412157
          ],
          [
            -111.8069793,
            41.7410229
          ]
        ]
      },
      "id": "way/182952353"
    },
    {
      "type": "Feature",
      "properties": {
        "@id": "way/182952354",
        "highway": "secondary",
        "maxspeed": "35 mph",
        "name": "1200 East",
        "name:full": "North 1200 East",
        "name:prefix": "North",
        "old_ref": "SR 288",
        "oneway": "no",
        "sidewalk": "separate",
        "surface": "asphalt",
        "@relations": [
          {
            "role": "",
            "rel": 16268552,
            "reltags": {
              "colour": "red",
              "from": "Taggart Student Center",
              "name": "South Campus Express",
              "network": "Aggie Shuttle",
              "opening_hours": "Mo-Fr 07:00-17:30; Sa-Su off",
              "operator": "Utah State University",
              "public_transport:version": "2",
              "ref": "Red",
              "route": "bus",
              "to": "South Campus",
              "type": "route"
            }
          }
        ]
      },
      "geometry": {
        "type": "LineString",
        "coordinates": [
          [
            -111.8043162,
            41.7448665
          ],
          [
            -111.804318,
            41.7449272
          ],
          [
            -111.8043342,
            41.7454559
          ],
          [
            -111.8043461,
            41.7458439
          ],
          [
            -111.8043541,
            41.7460831
          ]
        ]
      },
      "id": "way/182952354"
    },
    {
      "type": "Feature",
      "properties": {
        "@id": "way/186841698",
        "cycleway:left": "shared_lane",
        "cycleway:right": "lane",
        "highway": "secondary",
        "lanes": "2",
        "maxspeed": "25 mph",
        "name": "700 East",
        "name:full": "North 700 East",
        "name:prefix": "North",
        "sidewalk": "no",
        "surface": "asphalt",
        "@relations": [
          {
            "role": "",
            "rel": 16268552,
            "reltags": {
              "colour": "red",
              "from": "Taggart Student Center",
              "name": "South Campus Express",
              "network": "Aggie Shuttle",
              "opening_hours": "Mo-Fr 07:00-17:30; Sa-Su off",
              "operator": "Utah State University",
              "public_transport:version": "2",
              "ref": "Red",
              "route": "bus",
              "to": "South Campus",
              "type": "route"
            }
          }
        ]
      },
      "geometry": {
        "type": "LineString",
        "coordinates": [
          [
            -111.8167793,
            41.7406692
          ],
          [
            -111.8167732,
            41.7407865
          ],
          [
            -111.8167734,
            41.7408133
          ],
          [
            -111.8167223,
            41.7421135
          ],
          [
            -111.8167181,
            41.7425815
          ],
          [
            -111.816711,
            41.7427348
          ],
          [
            -111.816687,
            41.7435275
          ]
        ]
      },
      "id": "way/186841698"
    },
    {
      "type": "Feature",
      "properties": {
        "@id": "way/258726226",
        "highway": "service",
        "@relations": [
          {
            "role": "",
            "rel": 16268552,
            "reltags": {
              "colour": "red",
              "from": "Taggart Student Center",
              "name": "South Campus Express",
              "network": "Aggie Shuttle",
              "opening_hours": "Mo-Fr 07:00-17:30; Sa-Su off",
              "operator": "Utah State University",
              "public_transport:version": "2",
              "ref": "Red",
              "route": "bus",
              "to": "South Campus",
              "type": "route"
            }
          },
          {
            "role": "",
            "rel": 16268552,
            "reltags": {
              "colour": "red",
              "from": "Taggart Student Center",
              "name": "South Campus Express",
              "network": "Aggie Shuttle",
              "opening_hours": "Mo-Fr 07:00-17:30; Sa-Su off",
              "operator": "Utah State University",
              "public_transport:version": "2",
              "ref": "Red",
              "route": "bus",
              "to": "South Campus",
              "type": "route"
            }
          }
        ]
      },
      "geometry": {
        "type": "LineString",
        "coordinates": [
          [
            -111.8017395,
            41.7493405
          ],
          [
            -111.8018114,
            41.7494397
          ],
          [
            -111.801838,
            41.7494733
          ],
          [
            -111.8019309,
            41.7495595
          ],
          [
            -111.8020478,
            41.7496019
          ],
          [
            -111.802173,
            41.749603
          ],
          [
            -111.8023023,
            41.7495493
          ],
          [
            -111.8023839,
            41.7494746
          ],
          [
            -111.8024169,
            41.7494388
          ],
          [
            -111.802487,
            41.7493319
          ]
        ]
      },
      "id": "way/258726226"
    },
    {
      "type": "Feature",
      "properties": {
        "@id": "way/357884816",
        "alt_name": "800 East",
        "alt_name:full": "North 800 East",
        "alt_name:prefix": "North",
        "cycleway": "no",
        "highway": "unclassified",
        "lane_markings": "no",
        "name": "Lars Hansen Drive",
        "oneway": "yes",
        "sidewalk": "separate",
        "surface": "concrete:plates",
        "@relations": [
          {
            "role": "",
            "rel": 16268552,
            "reltags": {
              "colour": "red",
              "from": "Taggart Student Center",
              "name": "South Campus Express",
              "network": "Aggie Shuttle",
              "opening_hours": "Mo-Fr 07:00-17:30; Sa-Su off",
              "operator": "Utah State University",
              "public_transport:version": "2",
              "ref": "Red",
              "route": "bus",
              "to": "South Campus",
              "type": "route"
            }
          }
        ]
      },
      "geometry": {
        "type": "LineString",
        "coordinates": [
          [
            -111.8141618,
            41.743519
          ],
          [
            -111.8141003,
            41.7435243
          ],
          [
            -111.8140648,
            41.7435428
          ],
          [
            -111.8140432,
            41.7435669
          ],
          [
            -111.8140319,
            41.7435981
          ],
          [
            -111.8140273,
            41.7436749
          ]
        ]
      },
      "id": "way/357884816"
    },
    {
      "type": "Feature",
      "properties": {
        "@id": "way/954777000",
        "NHS": "yes",
        "cycleway": "no",
        "hgv": "designated",
        "hgv:national_network": "yes",
        "highway": "primary",
        "lanes": "5",
        "lanes:backward": "2",
        "lanes:forward": "3",
        "maxspeed": "40 mph",
        "name": "400 North",
        "name:full": "East 400 North",
        "name:prefix": "East",
        "ref": "US 89",
        "shoulder": "no",
        "sidewalk": "separate",
        "source:hgv:national_network": "https://www.ecfr.gov/current/title-23/chapter-I/subchapter-G/part-658;https://hepgis-usdot.hub.arcgis.com/apps/usdot::national-network-conventional-combination-trucks-map",
        "surface": "asphalt",
        "turn:lanes:forward": "left|none|none",
        "@relations": [
          {
            "role": "",
            "rel": 16268552,
            "reltags": {
              "colour": "red",
              "from": "Taggart Student Center",
              "name": "South Campus Express",
              "network": "Aggie Shuttle",
              "opening_hours": "Mo-Fr 07:00-17:30; Sa-Su off",
              "operator": "Utah State University",
              "public_transport:version": "2",
              "ref": "Red",
              "route": "bus",
              "to": "South Campus",
              "type": "route"
            }
          }
        ]
      },
      "geometry": {
        "type": "LineString",
        "coordinates": [
          [
            -111.8187763,
            41.7388005
          ],
          [
            -111.8192441,
            41.7388081
          ],
          [
            -111.8193871,
            41.7388109
          ]
        ]
      },
      "id": "way/954777000"
    },
    {
      "type": "Feature",
      "properties": {
        "@id": "way/954778601",
        "NHS": "yes",
        "cycleway": "no",
        "hgv": "designated",
        "hgv:national_network": "yes",
        "highway": "primary",
        "lanes": "4",
        "maxspeed": "40 mph",
        "ref": "US 89",
        "shoulder": "no",
        "sidewalk": "no",
        "source:hgv:national_network": "https://www.ecfr.gov/current/title-23/chapter-I/subchapter-G/part-658;https://hepgis-usdot.hub.arcgis.com/apps/usdot::national-network-conventional-combination-trucks-map",
        "surface": "asphalt",
        "@relations": [
          {
            "role": "",
            "rel": 16268552,
            "reltags": {
              "colour": "red",
              "from": "Taggart Student Center",
              "name": "South Campus Express",
              "network": "Aggie Shuttle",
              "opening_hours": "Mo-Fr 07:00-17:30; Sa-Su off",
              "operator": "Utah State University",
              "public_transport:version": "2",
              "ref": "Red",
              "route": "bus",
              "to": "South Campus",
              "type": "route"
            }
          }
        ]
      },
      "geometry": {
        "type": "LineString",
        "coordinates": [
          [
            -111.8113699,
            41.7398675
          ],
          [
            -111.8121525,
            41.739558
          ],
          [
            -111.8137924,
            41.7388893
          ],
          [
            -111.8143053,
            41.7387163
          ]
        ]
      },
      "id": "way/954778601"
    },
    {
      "type": "Feature",
      "properties": {
        "@id": "way/954778602",
        "NHS": "yes",
        "cycleway": "no",
        "hgv": "designated",
        "hgv:national_network": "yes",
        "highway": "primary",
        "lanes": "5",
        "lanes:backward": "3",
        "lanes:forward": "2",
        "maxspeed": "45 mph",
        "ref": "US 89",
        "shoulder": "no",
        "sidewalk": "no",
        "source:hgv:national_network": "https://www.ecfr.gov/current/title-23/chapter-I/subchapter-G/part-658;https://hepgis-usdot.hub.arcgis.com/apps/usdot::national-network-conventional-combination-trucks-map",
        "surface": "asphalt",
        "turn:lanes:backward": "left|none|none",
        "@relations": [
          {
            "role": "",
            "rel": 16268552,
            "reltags": {
              "colour": "red",
              "from": "Taggart Student Center",
              "name": "South Campus Express",
              "network": "Aggie Shuttle",
              "opening_hours": "Mo-Fr 07:00-17:30; Sa-Su off",
              "operator": "Utah State University",
              "public_transport:version": "2",
              "ref": "Red",
              "route": "bus",
              "to": "South Campus",
              "type": "route"
            }
          }
        ]
      },
      "geometry": {
        "type": "LineString",
        "coordinates": [
          [
            -111.809995,
            41.7402847
          ],
          [
            -111.8104567,
            41.7401574
          ],
          [
            -111.8109096,
            41.7400241
          ],
          [
            -111.8111237,
            41.7399463
          ]
        ]
      },
      "id": "way/954778602"
    },
    {
      "type": "Feature",
      "properties": {
        "@id": "way/954778604",
        "NHS": "yes",
        "cycleway": "no",
        "hgv": "designated",
        "hgv:national_network": "yes",
        "highway": "primary",
        "lanes": "5",
        "lanes:backward": "2",
        "lanes:forward": "3",
        "maxspeed": "45 mph",
        "ref": "US 89",
        "shoulder": "no",
        "sidewalk": "no",
        "source:hgv:national_network": "https://www.ecfr.gov/current/title-23/chapter-I/subchapter-G/part-658;https://hepgis-usdot.hub.arcgis.com/apps/usdot::national-network-conventional-combination-trucks-map",
        "surface": "asphalt",
        "turn:lanes:forward": "none|none|right",
        "@relations": [
          {
            "role": "",
            "rel": 16268552,
            "reltags": {
              "colour": "red",
              "from": "Taggart Student Center",
              "name": "South Campus Express",
              "network": "Aggie Shuttle",
              "opening_hours": "Mo-Fr 07:00-17:30; Sa-Su off",
              "operator": "Utah State University",
              "public_transport:version": "2",
              "ref": "Red",
              "route": "bus",
              "to": "South Campus",
              "type": "route"
            }
          }
        ]
      },
      "geometry": {
        "type": "LineString",
        "coordinates": [
          [
            -111.8091988,
            41.74045
          ],
          [
            -111.809995,
            41.7402847
          ]
        ]
      },
      "id": "way/954778604"
    },
    {
      "type": "Feature",
      "properties": {
        "@id": "way/954778605",
        "NHS": "yes",
        "cycleway": "no",
        "hgv": "designated",
        "hgv:national_network": "yes",
        "highway": "primary",
        "lanes": "4",
        "maxspeed": "45 mph",
        "ref": "US 89",
        "shoulder": "no",
        "sidewalk": "no",
        "source:hgv:national_network": "https://www.ecfr.gov/current/title-23/chapter-I/subchapter-G/part-658;https://hepgis-usdot.hub.arcgis.com/apps/usdot::national-network-conventional-combination-trucks-map",
        "surface": "asphalt",
        "@relations": [
          {
            "role": "",
            "rel": 16268552,
            "reltags": {
              "colour": "red",
              "from": "Taggart Student Center",
              "name": "South Campus Express",
              "network": "Aggie Shuttle",
              "opening_hours": "Mo-Fr 07:00-17:30; Sa-Su off",
              "operator": "Utah State University",
              "public_transport:version": "2",
              "ref": "Red",
              "route": "bus",
              "to": "South Campus",
              "type": "route"
            }
          }
        ]
      },
      "geometry": {
        "type": "LineString",
        "coordinates": [
          [
            -111.8069793,
            41.7410229
          ],
          [
            -111.8072787,
            41.7409204
          ],
          [
            -111.8075897,
            41.7408287
          ],
          [
            -111.8082419,
            41.7406535
          ],
          [
            -111.8090047,
            41.7404913
          ],
          [
            -111.8091988,
            41.74045
          ]
        ]
      },
      "id": "way/954778605"
    },
    {
      "type": "Feature",
      "properties": {
        "@id": "way/998050506",
        "alt_name": "800 East",
        "alt_name:full": "North 800 East",
        "alt_name:prefix": "North",
        "cycleway": "no",
        "highway": "unclassified",
        "lane_markings": "no",
        "name": "Lars Hansen Drive",
        "oneway": "yes",
        "sidewalk": "separate",
        "surface": "concrete:plates",
        "@relations": [
          {
            "role": "",
            "rel": 16268552,
            "reltags": {
              "colour": "red",
              "from": "Taggart Student Center",
              "name": "South Campus Express",
              "network": "Aggie Shuttle",
              "opening_hours": "Mo-Fr 07:00-17:30; Sa-Su off",
              "operator": "Utah State University",
              "public_transport:version": "2",
              "ref": "Red",
              "route": "bus",
              "to": "South Campus",
              "type": "route"
            }
          }
        ]
      },
      "geometry": {
        "type": "LineString",
        "coordinates": [
          [
            -111.8141688,
            41.7439052
          ],
          [
            -111.8141994,
            41.7438657
          ],
          [
            -111.8142349,
            41.7438223
          ],
          [
            -111.8142578,
            41.7437789
          ],
          [
            -111.8142789,
            41.7436839
          ],
          [
            -111.814279,
            41.7436219
          ],
          [
            -111.8142693,
            41.7435766
          ],
          [
            -111.8142467,
            41.7435521
          ],
          [
            -111.8142067,
            41.7435299
          ],
          [
            -111.8141618,
            41.743519
          ]
        ]
      },
      "id": "way/998050506"
    },
    {
      "type": "Feature",
      "properties": {
        "@id": "way/999581670",
        "cycleway:right": "shared_lane",
        "foot": "no",
        "highway": "secondary",
        "lanes": "1",
        "maxspeed": "25 mph",
        "name": "700 East",
        "name:full": "North 700 East",
        "name:prefix": "North",
        "oneway": "yes",
        "sidewalk": "no",
        "surface": "asphalt",
        "@relations": [
          {
            "role": "",
            "rel": 16268552,
            "reltags": {
              "colour": "red",
              "from": "Taggart Student Center",
              "name": "South Campus Express",
              "network": "Aggie Shuttle",
              "opening_hours": "Mo-Fr 07:00-17:30; Sa-Su off",
              "operator": "Utah State University",
              "public_transport:version": "2",
              "ref": "Red",
              "route": "bus",
              "to": "South Campus",
              "type": "route"
            }
          }
        ]
      },
      "geometry": {
        "type": "LineString",
        "coordinates": [
          [
            -111.816687,
            41.7435275
          ],
          [
            -111.8166333,
            41.7437099
          ],
          [
            -111.8165763,
            41.7438777
          ],
          [
            -111.8165061,
            41.7440255
          ],
          [
            -111.8164006,
            41.7441698
          ],
          [
            -111.8162993,
            41.7442811
          ]
        ]
      },
      "id": "way/999581670"
    },
    {
      "type": "Feature",
      "properties": {
        "@id": "way/999581672",
        "cycleway:right": "shared_lane",
        "foot": "no",
        "highway": "secondary",
        "lanes": "1",
        "maxspeed": "25 mph",
        "name": "700 North",
        "name:full": "East 700 North",
        "name:prefix": "East",
        "oneway": "yes",
        "sidewalk": "no",
        "surface": "asphalt",
        "@relations": [
          {
            "role": "",
            "rel": 16268552,
            "reltags": {
              "colour": "red",
              "from": "Taggart Student Center",
              "name": "South Campus Express",
              "network": "Aggie Shuttle",
              "opening_hours": "Mo-Fr 07:00-17:30; Sa-Su off",
              "operator": "Utah State University",
              "public_transport:version": "2",
              "ref": "Red",
              "route": "bus",
              "to": "South Campus",
              "type": "route"
            }
          }
        ]
      },
      "geometry": {
        "type": "LineString",
        "coordinates": [
          [
            -111.8162993,
            41.7442811
          ],
          [
            -111.8161225,
            41.7443959
          ],
          [
            -111.8159621,
            41.7444542
          ],
          [
            -111.8157556,
            41.74449
          ],
          [
            -111.8155342,
            41.7444921
          ],
          [
            -111.8153681,
            41.7445257
          ]
        ]
      },
      "id": "way/999581672"
    },
    {
      "type": "Feature",
      "properties": {
        "@id": "way/1103018269",
        "NHS": "yes",
        "cycleway": "no",
        "hgv": "designated",
        "hgv:national_network": "yes",
        "highway": "primary",
        "lanes": "4",
        "maxspeed": "40 mph",
        "name": "400 North",
        "name:full": "East 400 North",
        "name:prefix": "East",
        "ref": "US 89",
        "sidewalk": "separate",
        "source:hgv:national_network": "https://www.ecfr.gov/current/title-23/chapter-I/subchapter-G/part-658;https://hepgis-usdot.hub.arcgis.com/apps/usdot::national-network-conventional-combination-trucks-map",
        "surface": "asphalt",
        "@relations": [
          {
            "role": "",
            "rel": 16268552,
            "reltags": {
              "colour": "red",
              "from": "Taggart Student Center",
              "name": "South Campus Express",
              "network": "Aggie Shuttle",
              "opening_hours": "Mo-Fr 07:00-17:30; Sa-Su off",
              "operator": "Utah State University",
              "public_transport:version": "2",
              "ref": "Red",
              "route": "bus",
              "to": "South Campus",
              "type": "route"
            }
          }
        ]
      },
      "geometry": {
        "type": "LineString",
        "coordinates": [
          [
            -111.8167692,
            41.7387622
          ],
          [
            -111.8175929,
            41.7387853
          ],
          [
            -111.817834,
            41.7387846
          ],
          [
            -111.8181398,
            41.7387898
          ],
          [
            -111.8187763,
            41.7388005
          ]
        ]
      },
      "id": "way/1103018269"
    },
    {
      "type": "Feature",
      "properties": {
        "@id": "way/1204007582",
        "alt_name": "800 East",
        "alt_name:full": "North 800 East",
        "alt_name:prefix": "North",
        "cycleway": "no",
        "highway": "unclassified",
        "lane_markings": "no",
        "name": "Lars Hansen Drive",
        "oneway": "yes",
        "sidewalk": "separate",
        "surface": "concrete:plates",
        "@relations": [
          {
            "role": "",
            "rel": 16268552,
            "reltags": {
              "colour": "red",
              "from": "Taggart Student Center",
              "name": "South Campus Express",
              "network": "Aggie Shuttle",
              "opening_hours": "Mo-Fr 07:00-17:30; Sa-Su off",
              "operator": "Utah State University",
              "public_transport:version": "2",
              "ref": "Red",
              "route": "bus",
              "to": "South Campus",
              "type": "route"
            }
          }
        ]
      },
      "geometry": {
        "type": "LineString",
        "coordinates": [
          [
            -111.8140273,
            41.7436749
          ],
          [
            -111.8140269,
            41.7437386
          ],
          [
            -111.8140447,
            41.7437743
          ],
          [
            -111.814078,
            41.7438303
          ],
          [
            -111.8141688,
            41.7439052
          ]
        ]
      },
      "id": "way/1204007582"
    },
    {
      "type": "Feature",
      "properties": {
        "@id": "way/1204279011",
        "cycleway": "lane",
        "highway": "tertiary",
        "lanes": "2",
        "maxspeed": "25 mph",
        "name": "1000 North",
        "name:full": "East 1000 North",
        "name:prefix": "East",
        "sidewalk": "separate",
        "surface": "asphalt",
        "@relations": [
          {
            "role": "",
            "rel": 16268552,
            "reltags": {
              "colour": "red",
              "from": "Taggart Student Center",
              "name": "South Campus Express",
              "network": "Aggie Shuttle",
              "opening_hours": "Mo-Fr 07:00-17:30; Sa-Su off",
              "operator": "Utah State University",
              "public_transport:version": "2",
              "ref": "Red",
              "route": "bus",
              "to": "South Campus",
              "type": "route"
            }
          },
          {
            "role": "",
            "rel": 16268552,
            "reltags": {
              "colour": "red",
              "from": "Taggart Student Center",
              "name": "South Campus Express",
              "network": "Aggie Shuttle",
              "opening_hours": "Mo-Fr 07:00-17:30; Sa-Su off",
              "operator": "Utah State University",
              "public_transport:version": "2",
              "ref": "Red",
              "route": "bus",
              "to": "South Campus",
              "type": "route"
            }
          }
        ]
      },
      "geometry": {
        "type": "LineString",
        "coordinates": [
          [
            -111.802487,
            41.7493319
          ],
          [
            -111.802821,
            41.7493307
          ],
          [
            -111.8030712,
            41.7493264
          ],
          [
            -111.8039184,
            41.7493332
          ]
        ]
      },
      "id": "way/1204279011"
    },
    {
      "type": "Feature",
      "properties": {
        "@id": "way/1204279014",
        "cycleway": "lane",
        "highway": "tertiary",
        "lanes": "2",
        "maxspeed": "25 mph",
        "name": "1000 North",
        "name:full": "East 1000 North",
        "name:prefix": "East",
        "old_ref": "SR 288",
        "oneway": "no",
        "sidewalk": "separate",
        "surface": "asphalt",
        "@relations": [
          {
            "role": "",
            "rel": 16268552,
            "reltags": {
              "colour": "red",
              "from": "Taggart Student Center",
              "name": "South Campus Express",
              "network": "Aggie Shuttle",
              "opening_hours": "Mo-Fr 07:00-17:30; Sa-Su off",
              "operator": "Utah State University",
              "public_transport:version": "2",
              "ref": "Red",
              "route": "bus",
              "to": "South Campus",
              "type": "route"
            }
          }
        ]
      },
      "geometry": {
        "type": "LineString",
        "coordinates": [
          [
            -111.8129971,
            41.7501347
          ],
          [
            -111.8124801,
            41.7501265
          ],
          [
            -111.8123491,
            41.7501245
          ],
          [
            -111.8118014,
            41.7501159
          ],
          [
            -111.8116114,
            41.7501129
          ],
          [
            -111.8113073,
            41.7501081
          ],
          [
            -111.8111864,
            41.7501062
          ],
          [
            -111.8093962,
            41.750078
          ],
          [
            -111.8092427,
            41.7500747
          ]
        ]
      },
      "id": "way/1204279014"
    },
    {
      "type": "Feature",
      "properties": {
        "@id": "way/1204279018",
        "cycleway": "lane",
        "highway": "tertiary",
        "lanes": "2",
        "maxspeed": "25 mph",
        "name": "1000 North",
        "name:full": "East 1000 North",
        "name:prefix": "East",
        "old_ref": "SR 288",
        "oneway": "no",
        "sidewalk": "separate",
        "surface": "asphalt",
        "@relations": [
          {
            "role": "",
            "rel": 16268552,
            "reltags": {
              "colour": "red",
              "from": "Taggart Student Center",
              "name": "South Campus Express",
              "network": "Aggie Shuttle",
              "opening_hours": "Mo-Fr 07:00-17:30; Sa-Su off",
              "operator": "Utah State University",
              "public_transport:version": "2",
              "ref": "Red",
              "route": "bus",
              "to": "South Campus",
              "type": "route"
            }
          }
        ]
      },
      "geometry": {
        "type": "LineString",
        "coordinates": [
          [
            -111.8092427,
            41.7500747
          ],
          [
            -111.8091121,
            41.7500719
          ]
        ]
      },
      "id": "way/1204279018"
    },
    {
      "type": "Feature",
      "properties": {
        "@id": "way/1204279029",
        "highway": "secondary",
        "maxspeed": "35 mph",
        "name": "1200 East",
        "name:full": "North 1200 East",
        "name:prefix": "North",
        "old_ref": "SR 288",
        "oneway": "no",
        "sidewalk": "separate",
        "surface": "asphalt",
        "@relations": [
          {
            "role": "",
            "rel": 16268552,
            "reltags": {
              "colour": "red",
              "from": "Taggart Student Center",
              "name": "South Campus Express",
              "network": "Aggie Shuttle",
              "opening_hours": "Mo-Fr 07:00-17:30; Sa-Su off",
              "operator": "Utah State University",
              "public_transport:version": "2",
              "ref": "Red",
              "route": "bus",
              "to": "South Campus",
              "type": "route"
            }
          }
        ]
      },
      "geometry": {
        "type": "LineString",
        "coordinates": [
          [
            -111.8043554,
            41.7475734
          ],
          [
            -111.8043796,
            41.7483825
          ],
          [
            -111.8043893,
            41.7489096
          ]
        ]
      },
      "id": "way/1204279029"
    },
    {
      "type": "Feature",
      "properties": {
        "@id": "way/1204279032",
        "highway": "secondary",
        "junction": "roundabout",
        "lanes": "1",
        "name": "1200 East",
        "name:full": "North 1200 East",
        "name:prefix": "North",
        "old_ref": "SR 288",
        "oneway": "yes",
        "sidewalk": "separate",
        "surface": "asphalt",
        "@relations": [
          {
            "role": "",
            "rel": 16268552,
            "reltags": {
              "colour": "red",
              "from": "Taggart Student Center",
              "name": "South Campus Express",
              "network": "Aggie Shuttle",
              "opening_hours": "Mo-Fr 07:00-17:30; Sa-Su off",
              "operator": "Utah State University",
              "public_transport:version": "2",
              "ref": "Red",
              "route": "bus",
              "to": "South Campus",
              "type": "route"
            }
          }
        ]
      },
      "geometry": {
        "type": "LineString",
        "coordinates": [
          [
            -111.8042364,
            41.7494605
          ],
          [
            -111.8042816,
            41.7495093
          ],
          [
            -111.8043171,
            41.7495475
          ],
          [
            -111.8043427,
            41.7495913
          ],
          [
            -111.8043616,
            41.7496266
          ],
          [
            -111.8043782,
            41.7496715
          ],
          [
            -111.8043885,
            41.7497201
          ],
          [
            -111.8043935,
            41.7497608
          ],
          [
            -111.8043905,
            41.7498015
          ],
          [
            -111.8043835,
            41.7498476
          ],
          [
            -111.8043736,
            41.7498886
          ],
          [
            -111.8043523,
            41.7499424
          ],
          [
            -111.8043432,
            41.7499814
          ],
          [
            -111.8043478,
            41.7500355
          ]
        ]
      },
      "id": "way/1204279032"
    },
    {
      "type": "Feature",
      "properties": {
        "@id": "way/1305799465",
        "highway": "tertiary",
        "lanes": "1",
        "maxspeed": "25 mph",
        "name": "1000 North",
        "name:full": "East 1000 North",
        "name:prefix": "East",
        "oneway": "yes",
        "sidewalk": "separate",
        "surface": "asphalt",
        "@relations": [
          {
            "role": "",
            "rel": 16268552,
            "reltags": {
              "colour": "red",
              "from": "Taggart Student Center",
              "name": "South Campus Express",
              "network": "Aggie Shuttle",
              "opening_hours": "Mo-Fr 07:00-17:30; Sa-Su off",
              "operator": "Utah State University",
              "public_transport:version": "2",
              "ref": "Red",
              "route": "bus",
              "to": "South Campus",
              "type": "route"
            }
          }
        ]
      },
      "geometry": {
        "type": "LineString",
        "coordinates": [
          [
            -111.8039184,
            41.7493332
          ],
          [
            -111.8040754,
            41.7493805
          ],
          [
            -111.8042364,
            41.7494605
          ]
        ]
      },
      "id": "way/1305799465"
    },
    {
      "type": "Feature",
      "properties": {
        "@id": "way/1310476482",
        "highway": "tertiary",
        "lanes": "1",
        "maxspeed": "25 mph",
        "name": "1000 North",
        "name:full": "East 1000 North",
        "name:prefix": "East",
        "old_ref": "SR 288",
        "oneway": "yes",
        "sidewalk": "separate",
        "surface": "asphalt",
        "@relations": [
          {
            "role": "",
            "rel": 16268552,
            "reltags": {
              "colour": "red",
              "from": "Taggart Student Center",
              "name": "South Campus Express",
              "network": "Aggie Shuttle",
              "opening_hours": "Mo-Fr 07:00-17:30; Sa-Su off",
              "operator": "Utah State University",
              "public_transport:version": "2",
              "ref": "Red",
              "route": "bus",
              "to": "South Campus",
              "type": "route"
            }
          }
        ]
      },
      "geometry": {
        "type": "LineString",
        "coordinates": [
          [
            -111.8053085,
            41.7500137
          ],
          [
            -111.8048194,
            41.7499842
          ],
          [
            -111.8047159,
            41.7499614
          ],
          [
            -111.8046507,
            41.7499266
          ]
        ]
      },
      "id": "way/1310476482"
    },
    {
      "type": "Feature",
      "properties": {
        "@id": "way/1310476483",
        "highway": "secondary",
        "lanes": "1",
        "maxspeed": "35 mph",
        "name": "1200 East",
        "name:full": "North 1200 East",
        "name:prefix": "North",
        "old_ref": "SR 288",
        "oneway": "yes",
        "sidewalk": "separate",
        "surface": "asphalt",
        "@relations": [
          {
            "role": "",
            "rel": 16268552,
            "reltags": {
              "colour": "red",
              "from": "Taggart Student Center",
              "name": "South Campus Express",
              "network": "Aggie Shuttle",
              "opening_hours": "Mo-Fr 07:00-17:30; Sa-Su off",
              "operator": "Utah State University",
              "public_transport:version": "2",
              "ref": "Red",
              "route": "bus",
              "to": "South Campus",
              "type": "route"
            }
          }
        ]
      },
      "geometry": {
        "type": "LineString",
        "coordinates": [
          [
            -111.8044864,
            41.7493105
          ],
          [
            -111.8044644,
            41.7492459
          ],
          [
            -111.8044551,
            41.7491847
          ],
          [
            -111.8043893,
            41.7489096
          ]
        ]
      },
      "id": "way/1310476483"
    },
    {
      "type": "Feature",
      "properties": {
        "@id": "way/1310476484",
        "highway": "tertiary",
        "lanes": "1",
        "maxspeed": "25 mph",
        "name": "1000 North",
        "name:full": "East 1000 North",
        "name:prefix": "East",
        "oneway": "yes",
        "sidewalk": "separate",
        "surface": "asphalt",
        "@relations": [
          {
            "role": "",
            "rel": 16268552,
            "reltags": {
              "colour": "red",
              "from": "Taggart Student Center",
              "name": "South Campus Express",
              "network": "Aggie Shuttle",
              "opening_hours": "Mo-Fr 07:00-17:30; Sa-Su off",
              "operator": "Utah State University",
              "public_transport:version": "2",
              "ref": "Red",
              "route": "bus",
              "to": "South Campus",
              "type": "route"
            }
          }
        ]
      },
      "geometry": {
        "type": "LineString",
        "coordinates": [
          [
            -111.8042881,
            41.7493015
          ],
          [
            -111.8041005,
            41.7493008
          ],
          [
            -111.8039184,
            41.7493332
          ]
        ]
      },
      "id": "way/1310476484"
    },
    {
      "type": "Feature",
      "properties": {
        "@id": "way/1310476488",
        "highway": "secondary",
        "lanes": "1",
        "maxspeed": "35 mph",
        "name": "1200 East",
        "name:full": "North 1200 East",
        "name:prefix": "North",
        "old_ref": "SR 288",
        "oneway": "yes",
        "sidewalk": "separate",
        "surface": "asphalt",
        "@relations": [
          {
            "role": "",
            "rel": 16268552,
            "reltags": {
              "colour": "red",
              "from": "Taggart Student Center",
              "name": "South Campus Express",
              "network": "Aggie Shuttle",
              "opening_hours": "Mo-Fr 07:00-17:30; Sa-Su off",
              "operator": "Utah State University",
              "public_transport:version": "2",
              "ref": "Red",
              "route": "bus",
              "to": "South Campus",
              "type": "route"
            }
          }
        ]
      },
      "geometry": {
        "type": "LineString",
        "coordinates": [
          [
            -111.8044447,
            41.7464577
          ],
          [
            -111.8044257,
            41.7463376
          ],
          [
            -111.8043541,
            41.7460831
          ]
        ]
      },
      "id": "way/1310476488"
    },
    {
      "type": "Feature",
      "properties": {
        "@id": "way/1310476489",
        "highway": "secondary",
        "lanes": "1",
        "maxspeed": "35 mph",
        "name": "1200 East",
        "name:full": "North 1200 East",
        "name:prefix": "North",
        "old_ref": "SR 288",
        "oneway": "yes",
        "sidewalk": "separate",
        "surface": "asphalt",
        "@relations": [
          {
            "role": "",
            "rel": 16268552,
            "reltags": {
              "colour": "red",
              "from": "Taggart Student Center",
              "name": "South Campus Express",
              "network": "Aggie Shuttle",
              "opening_hours": "Mo-Fr 07:00-17:30; Sa-Su off",
              "operator": "Utah State University",
              "public_transport:version": "2",
              "ref": "Red",
              "route": "bus",
              "to": "South Campus",
              "type": "route"
            }
          }
        ]
      },
      "geometry": {
        "type": "LineString",
        "coordinates": [
          [
            -111.8043484,
            41.7473391
          ],
          [
            -111.8043926,
            41.7470929
          ],
          [
            -111.8043793,
            41.7468862
          ],
          [
            -111.8043834,
            41.7468195
          ],
          [
            -111.8044042,
            41.7467577
          ],
          [
            -111.8044636,
            41.7466825
          ]
        ]
      },
      "id": "way/1310476489"
    },
    {
      "type": "Feature",
      "properties": {
        "@id": "way/1311629916",
        "highway": "tertiary",
        "name": "1000 North",
        "name:full": "East 1000 North",
        "name:prefix": "East",
        "old_ref": "SR 288",
        "oneway": "no",
        "sidewalk": "separate",
        "surface": "asphalt",
        "@relations": [
          {
            "role": "",
            "rel": 16268552,
            "reltags": {
              "colour": "red",
              "from": "Taggart Student Center",
              "name": "South Campus Express",
              "network": "Aggie Shuttle",
              "opening_hours": "Mo-Fr 07:00-17:30; Sa-Su off",
              "operator": "Utah State University",
              "public_transport:version": "2",
              "ref": "Red",
              "route": "bus",
              "to": "South Campus",
              "type": "route"
            }
          }
        ]
      },
      "geometry": {
        "type": "LineString",
        "coordinates": [
          [
            -111.8055028,
            41.7500166
          ],
          [
            -111.8053085,
            41.7500137
          ]
        ]
      },
      "id": "way/1311629916"
    },
    {
      "type": "Feature",
      "properties": {
        "@id": "way/1313118239",
        "NHS": "yes",
        "cycleway": "no",
        "hgv": "designated",
        "hgv:national_network": "yes",
        "highway": "primary",
        "lanes": "4",
        "maxspeed": "40 mph",
        "ref": "US 89",
        "shoulder": "no",
        "sidewalk": "no",
        "source:hgv:national_network": "https://www.ecfr.gov/current/title-23/chapter-I/subchapter-G/part-658;https://hepgis-usdot.hub.arcgis.com/apps/usdot::national-network-conventional-combination-trucks-map",
        "surface": "asphalt",
        "@relations": [
          {
            "role": "",
            "rel": 16268552,
            "reltags": {
              "colour": "red",
              "from": "Taggart Student Center",
              "name": "South Campus Express",
              "network": "Aggie Shuttle",
              "opening_hours": "Mo-Fr 07:00-17:30; Sa-Su off",
              "operator": "Utah State University",
              "public_transport:version": "2",
              "ref": "Red",
              "route": "bus",
              "to": "South Campus",
              "type": "route"
            }
          }
        ]
      },
      "geometry": {
        "type": "LineString",
        "coordinates": [
          [
            -111.8143053,
            41.7387163
          ],
          [
            -111.8146343,
            41.7386544
          ],
          [
            -111.8149265,
            41.7386101
          ],
          [
            -111.8152108,
            41.7385951
          ],
          [
            -111.8154281,
            41.7385962
          ],
          [
            -111.8157547,
            41.7386212
          ],
          [
            -111.8161169,
            41.7386846
          ],
          [
            -111.8164902,
            41.7387374
          ],
          [
            -111.8167692,
            41.7387622
          ]
        ]
      },
      "id": "way/1313118239"
    },
    {
      "type": "Feature",
      "properties": {
        "@id": "way/1315123509",
        "NHS": "yes",
        "cycleway": "no",
        "hgv": "designated",
        "hgv:national_network": "yes",
        "highway": "primary",
        "lanes": "5",
        "lanes:backward": "3",
        "lanes:forward": "2",
        "maxspeed": "40 mph",
        "ref": "US 89",
        "shoulder": "no",
        "sidewalk": "no",
        "source:hgv:national_network": "https://www.ecfr.gov/current/title-23/chapter-I/subchapter-G/part-658;https://hepgis-usdot.hub.arcgis.com/apps/usdot::national-network-conventional-combination-trucks-map",
        "surface": "asphalt",
        "turn:lanes:backward": "left|none|none",
        "@relations": [
          {
            "role": "",
            "rel": 16268552,
            "reltags": {
              "colour": "red",
              "from": "Taggart Student Center",
              "name": "South Campus Express",
              "network": "Aggie Shuttle",
              "opening_hours": "Mo-Fr 07:00-17:30; Sa-Su off",
              "operator": "Utah State University",
              "public_transport:version": "2",
              "ref": "Red",
              "route": "bus",
              "to": "South Campus",
              "type": "route"
            }
          }
        ]
      },
      "geometry": {
        "type": "LineString",
        "coordinates": [
          [
            -111.8111237,
            41.7399463
          ],
          [
            -111.8113699,
            41.7398675
          ]
        ]
      },
      "id": "way/1315123509"
    },
    {
      "type": "Feature",
      "properties": {
        "@id": "way/1317024529",
        "cycleway": "no",
        "highway": "secondary",
        "lanes": "2",
        "maxspeed": "25 mph",
        "name": "600 East",
        "name:full": "North 600 East",
        "name:prefix": "North",
        "oneway": "yes",
        "sidewalk": "separate",
        "smoothness": "intermediate",
        "surface": "asphalt",
        "@relations": [
          {
            "role": "",
            "rel": 16268552,
            "reltags": {
              "colour": "red",
              "from": "Taggart Student Center",
              "name": "South Campus Express",
              "network": "Aggie Shuttle",
              "opening_hours": "Mo-Fr 07:00-17:30; Sa-Su off",
              "operator": "Utah State University",
              "public_transport:version": "2",
              "ref": "Red",
              "route": "bus",
              "to": "South Campus",
              "type": "route"
            }
          }
        ]
      },
      "geometry": {
        "type": "LineString",
        "coordinates": [
          [
            -111.8193226,
            41.7402873
          ],
          [
            -111.8192929,
            41.7403749
          ],
          [
            -111.8192664,
            41.7404531
          ],
          [
            -111.8192041,
            41.7405851
          ]
        ]
      },
      "id": "way/1317024529"
    },
    {
      "type": "Feature",
      "properties": {
        "@id": "way/1317024533",
        "cycleway": "no",
        "highway": "secondary",
        "name": "500 North",
        "name:full": "East 500 North",
        "name:prefix": "East",
        "oneway": "yes",
        "sidewalk": "separate",
        "surface": "asphalt",
        "@relations": [
          {
            "role": "",
            "rel": 16268552,
            "reltags": {
              "colour": "red",
              "from": "Taggart Student Center",
              "name": "South Campus Express",
              "network": "Aggie Shuttle",
              "opening_hours": "Mo-Fr 07:00-17:30; Sa-Su off",
              "operator": "Utah State University",
              "public_transport:version": "2",
              "ref": "Red",
              "route": "bus",
              "to": "South Campus",
              "type": "route"
            }
          }
        ]
      },
      "geometry": {
        "type": "LineString",
        "coordinates": [
          [
            -111.8191377,
            41.7406343
          ],
          [
            -111.8189697,
            41.7406611
          ],
          [
            -111.81878,
            41.740701
          ]
        ]
      },
      "id": "way/1317024533"
    },
    {
      "type": "Feature",
      "properties": {
        "@id": "way/1323881871",
        "highway": "secondary",
        "junction": "roundabout",
        "lanes": "1",
        "name": "1200 East",
        "name:full": "North 1200 East",
        "name:prefix": "North",
        "old_ref": "SR 288",
        "oneway": "yes",
        "sidewalk": "separate",
        "surface": "asphalt",
        "@relations": [
          {
            "role": "",
            "rel": 16268552,
            "reltags": {
              "colour": "red",
              "from": "Taggart Student Center",
              "name": "South Campus Express",
              "network": "Aggie Shuttle",
              "opening_hours": "Mo-Fr 07:00-17:30; Sa-Su off",
              "operator": "Utah State University",
              "public_transport:version": "2",
              "ref": "Red",
              "route": "bus",
              "to": "South Campus",
              "type": "route"
            }
          }
        ]
      },
      "geometry": {
        "type": "LineString",
        "coordinates": [
          [
            -111.8043478,
            41.7500355
          ],
          [
            -111.804366,
            41.7500634
          ],
          [
            -111.8044009,
            41.75009
          ],
          [
            -111.8044406,
            41.7501072
          ],
          [
            -111.8045005,
            41.7501188
          ],
          [
            -111.8045621,
            41.7501132
          ]
        ]
      },
      "id": "way/1323881871"
    },
    {
      "type": "Feature",
      "properties": {
        "@id": "way/1323881872",
        "highway": "secondary",
        "junction": "roundabout",
        "lanes": "1",
        "name": "1200 East",
        "name:full": "North 1200 East",
        "name:prefix": "North",
        "old_ref": "SR 288",
        "oneway": "yes",
        "sidewalk": "separate",
        "surface": "asphalt",
        "@relations": [
          {
            "role": "",
            "rel": 16268552,
            "reltags": {
              "colour": "red",
              "from": "Taggart Student Center",
              "name": "South Campus Express",
              "network": "Aggie Shuttle",
              "opening_hours": "Mo-Fr 07:00-17:30; Sa-Su off",
              "operator": "Utah State University",
              "public_transport:version": "2",
              "ref": "Red",
              "route": "bus",
              "to": "South Campus",
              "type": "route"
            }
          }
        ]
      },
      "geometry": {
        "type": "LineString",
        "coordinates": [
          [
            -111.8045621,
            41.7501132
          ],
          [
            -111.804631,
            41.7500816
          ]
        ]
      },
      "id": "way/1323881872"
    },
    {
      "type": "Feature",
      "properties": {
        "@id": "way/1323881873",
        "highway": "secondary",
        "junction": "roundabout",
        "lanes": "1",
        "name": "1200 East",
        "name:full": "North 1200 East",
        "name:prefix": "North",
        "old_ref": "SR 288",
        "oneway": "yes",
        "sidewalk": "separate",
        "surface": "asphalt",
        "@relations": [
          {
            "role": "",
            "rel": 16268552,
            "reltags": {
              "colour": "red",
              "from": "Taggart Student Center",
              "name": "South Campus Express",
              "network": "Aggie Shuttle",
              "opening_hours": "Mo-Fr 07:00-17:30; Sa-Su off",
              "operator": "Utah State University",
              "public_transport:version": "2",
              "ref": "Red",
              "route": "bus",
              "to": "South Campus",
              "type": "route"
            }
          }
        ]
      },
      "geometry": {
        "type": "LineString",
        "coordinates": [
          [
            -111.804631,
            41.7500816
          ],
          [
            -111.8046638,
            41.750042
          ],
          [
            -111.8046744,
            41.7500085
          ],
          [
            -111.8046723,
            41.7499714
          ],
          [
            -111.8046507,
            41.7499266
          ]
        ]
      },
      "id": "way/1323881873"
    },
    {
      "type": "Feature",
      "properties": {
        "@id": "way/1323881874",
        "highway": "secondary",
        "junction": "roundabout",
        "lanes": "1",
        "name": "1200 East",
        "name:full": "North 1200 East",
        "name:prefix": "North",
        "old_ref": "SR 288",
        "oneway": "yes",
        "sidewalk": "separate",
        "surface": "asphalt",
        "@relations": [
          {
            "role": "",
            "rel": 16268552,
            "reltags": {
              "colour": "red",
              "from": "Taggart Student Center",
              "name": "South Campus Express",
              "network": "Aggie Shuttle",
              "opening_hours": "Mo-Fr 07:00-17:30; Sa-Su off",
              "operator": "Utah State University",
              "public_transport:version": "2",
              "ref": "Red",
              "route": "bus",
              "to": "South Campus",
              "type": "route"
            }
          },
          {
            "role": "",
            "rel": 16268552,
            "reltags": {
              "colour": "red",
              "from": "Taggart Student Center",
              "name": "South Campus Express",
              "network": "Aggie Shuttle",
              "opening_hours": "Mo-Fr 07:00-17:30; Sa-Su off",
              "operator": "Utah State University",
              "public_transport:version": "2",
              "ref": "Red",
              "route": "bus",
              "to": "South Campus",
              "type": "route"
            }
          }
        ]
      },
      "geometry": {
        "type": "LineString",
        "coordinates": [
          [
            -111.8046507,
            41.7499266
          ],
          [
            -111.8045941,
            41.7498698
          ],
          [
            -111.8045549,
            41.7498116
          ],
          [
            -111.8045252,
            41.7497498
          ],
          [
            -111.8045005,
            41.7496581
          ],
          [
            -111.8045001,
            41.7495935
          ],
          [
            -111.8045071,
            41.7495406
          ],
          [
            -111.8045252,
            41.7494948
          ],
          [
            -111.804548,
            41.7494546
          ],
          [
            -111.8045591,
            41.7494155
          ],
          [
            -111.8045515,
            41.7493739
          ],
          [
            -111.8045074,
            41.7493282
          ],
          [
            -111.8044864,
            41.7493105
          ]
        ]
      },
      "id": "way/1323881874"
    },
    {
      "type": "Feature",
      "properties": {
        "@id": "way/1323881876",
        "cycleway": "no",
        "highway": "secondary",
        "junction": "roundabout",
        "lanes": "1",
        "sidewalk": "separate",
        "smoothness": "intermediate",
        "surface": "asphalt",
        "@relations": [
          {
            "role": "",
            "rel": 16268552,
            "reltags": {
              "colour": "red",
              "from": "Taggart Student Center",
              "name": "South Campus Express",
              "network": "Aggie Shuttle",
              "opening_hours": "Mo-Fr 07:00-17:30; Sa-Su off",
              "operator": "Utah State University",
              "public_transport:version": "2",
              "ref": "Red",
              "route": "bus",
              "to": "South Campus",
              "type": "route"
            }
          }
        ]
      },
      "geometry": {
        "type": "LineString",
        "coordinates": [
          [
            -111.8192041,
            41.7405851
          ],
          [
            -111.8191669,
            41.7406067
          ],
          [
            -111.8191377,
            41.7406343
          ]
        ]
      },
      "id": "way/1323881876"
    },
    {
      "type": "Feature",
      "properties": {
        "@id": "way/1335819005",
        "highway": "secondary",
        "junction": "roundabout",
        "lanes": "1",
        "sidewalk": "separate",
        "surface": "asphalt",
        "@relations": [
          {
            "role": "",
            "rel": 16268552,
            "reltags": {
              "colour": "red",
              "from": "Taggart Student Center",
              "name": "South Campus Express",
              "network": "Aggie Shuttle",
              "opening_hours": "Mo-Fr 07:00-17:30; Sa-Su off",
              "operator": "Utah State University",
              "public_transport:version": "2",
              "ref": "Red",
              "route": "bus",
              "to": "South Campus",
              "type": "route"
            }
          }
        ]
      },
      "geometry": {
        "type": "LineString",
        "coordinates": [
          [
            -111.8044636,
            41.7466825
          ],
          [
            -111.8045064,
            41.7466572
          ],
          [
            -111.8045361,
            41.7466231
          ]
        ]
      },
      "id": "way/1335819005"
    },
    {
      "type": "Feature",
      "properties": {
        "@id": "way/1335819006",
        "highway": "secondary",
        "junction": "roundabout",
        "lanes": "1",
        "sidewalk": "separate",
        "surface": "asphalt",
        "@relations": [
          {
            "role": "",
            "rel": 16268552,
            "reltags": {
              "colour": "red",
              "from": "Taggart Student Center",
              "name": "South Campus Express",
              "network": "Aggie Shuttle",
              "opening_hours": "Mo-Fr 07:00-17:30; Sa-Su off",
              "operator": "Utah State University",
              "public_transport:version": "2",
              "ref": "Red",
              "route": "bus",
              "to": "South Campus",
              "type": "route"
            }
          }
        ]
      },
      "geometry": {
        "type": "LineString",
        "coordinates": [
          [
            -111.8045361,
            41.7466231
          ],
          [
            -111.8045495,
            41.7465823
          ],
          [
            -111.804544,
            41.7465405
          ],
          [
            -111.8045156,
            41.7464974
          ]
        ]
      },
      "id": "way/1335819006"
    },
    {
      "type": "Feature",
      "properties": {
        "@id": "way/1335819007",
        "highway": "secondary",
        "junction": "roundabout",
        "lanes": "1",
        "sidewalk": "separate",
        "surface": "asphalt",
        "@relations": [
          {
            "role": "",
            "rel": 16268552,
            "reltags": {
              "colour": "red",
              "from": "Taggart Student Center",
              "name": "South Campus Express",
              "network": "Aggie Shuttle",
              "opening_hours": "Mo-Fr 07:00-17:30; Sa-Su off",
              "operator": "Utah State University",
              "public_transport:version": "2",
              "ref": "Red",
              "route": "bus",
              "to": "South Campus",
              "type": "route"
            }
          }
        ]
      },
      "geometry": {
        "type": "LineString",
        "coordinates": [
          [
            -111.8045156,
            41.7464974
          ],
          [
            -111.8044447,
            41.7464577
          ]
        ]
      },
      "id": "way/1335819007"
    },
    {
      "type": "Feature",
      "properties": {
        "@id": "way/1335819010",
        "highway": "secondary",
        "junction": "roundabout",
        "lanes": "1",
        "name": "1200 East",
        "name:full": "North 1200 East",
        "name:prefix": "North",
        "old_ref": "SR 288",
        "oneway": "yes",
        "sidewalk": "separate",
        "surface": "asphalt",
        "@relations": [
          {
            "role": "",
            "rel": 16268552,
            "reltags": {
              "colour": "red",
              "from": "Taggart Student Center",
              "name": "South Campus Express",
              "network": "Aggie Shuttle",
              "opening_hours": "Mo-Fr 07:00-17:30; Sa-Su off",
              "operator": "Utah State University",
              "public_transport:version": "2",
              "ref": "Red",
              "route": "bus",
              "to": "South Campus",
              "type": "route"
            }
          }
        ]
      },
      "geometry": {
        "type": "LineString",
        "coordinates": [
          [
            -111.8044864,
            41.7493105
          ],
          [
            -111.804434,
            41.7492927
          ],
          [
            -111.8043529,
            41.7492886
          ],
          [
            -111.8042881,
            41.7493015
          ]
        ]
      },
      "id": "way/1335819010"
    },
    {
      "type": "Feature",
      "properties": {
        "@id": "way/1338131549",
        "alt_name": "800 East",
        "alt_name:full": "North 800 East",
        "alt_name:prefix": "North",
        "cycleway": "lane",
        "highway": "secondary",
        "lanes": "6",
        "lanes:backward": "2",
        "lanes:forward": "4",
        "lit": "no",
        "maxspeed": "35 mph",
        "name": "Lars Hansen Drive",
        "old_ref": "SR 237",
        "sidewalk": "separate",
        "surface": "asphalt",
        "turn:lanes:backward": "none|merge_to_left",
        "turn:lanes:forward": "left|none|none|right",
        "@relations": [
          {
            "role": "",
            "rel": 16268552,
            "reltags": {
              "colour": "red",
              "from": "Taggart Student Center",
              "name": "South Campus Express",
              "network": "Aggie Shuttle",
              "opening_hours": "Mo-Fr 07:00-17:30; Sa-Su off",
              "operator": "Utah State University",
              "public_transport:version": "2",
              "ref": "Red",
              "route": "bus",
              "to": "South Campus",
              "type": "route"
            }
          }
        ]
      },
      "geometry": {
        "type": "LineString",
        "coordinates": [
          [
            -111.813952,
            41.7494571
          ],
          [
            -111.8139302,
            41.7500252
          ],
          [
            -111.813924,
            41.7501493
          ]
        ]
      },
      "id": "way/1338131549"
    },
    {
      "type": "Feature",
      "properties": {
        "@id": "way/1343222529",
        "highway": "secondary",
        "lanes": "4",
        "maxspeed": "35 mph",
        "name": "1200 East",
        "name:full": "North 1200 East",
        "name:prefix": "North",
        "old_ref": "SR 288",
        "oneway": "no",
        "sidewalk": "separate",
        "surface": "asphalt",
        "@relations": [
          {
            "role": "",
            "rel": 16268552,
            "reltags": {
              "colour": "red",
              "from": "Taggart Student Center",
              "name": "South Campus Express",
              "network": "Aggie Shuttle",
              "opening_hours": "Mo-Fr 07:00-17:30; Sa-Su off",
              "operator": "Utah State University",
              "public_transport:version": "2",
              "ref": "Red",
              "route": "bus",
              "to": "South Campus",
              "type": "route"
            }
          }
        ]
      },
      "geometry": {
        "type": "LineString",
        "coordinates": [
          [
            -111.8042997,
            41.7443298
          ],
          [
            -111.8043033,
            41.7444464
          ],
          [
            -111.8043143,
            41.7448057
          ],
          [
            -111.8043162,
            41.7448665
          ]
        ]
      },
      "id": "way/1343222529"
    },
    {
      "type": "Feature",
      "properties": {
        "@id": "way/1343862005",
        "highway": "secondary",
        "maxspeed": "35 mph",
        "name": "1200 East",
        "name:full": "North 1200 East",
        "name:prefix": "North",
        "old_ref": "SR 288",
        "oneway": "no",
        "sidewalk": "separate",
        "surface": "asphalt",
        "@relations": [
          {
            "role": "",
            "rel": 16268552,
            "reltags": {
              "colour": "red",
              "from": "Taggart Student Center",
              "name": "South Campus Express",
              "network": "Aggie Shuttle",
              "opening_hours": "Mo-Fr 07:00-17:30; Sa-Su off",
              "operator": "Utah State University",
              "public_transport:version": "2",
              "ref": "Red",
              "route": "bus",
              "to": "South Campus",
              "type": "route"
            }
          }
        ]
      },
      "geometry": {
        "type": "LineString",
        "coordinates": [
          [
            -111.8043484,
            41.7473391
          ],
          [
            -111.8043554,
            41.7475734
          ]
        ]
      },
      "id": "way/1343862005"
    },
    {
      "type": "Feature",
      "properties": {
        "@id": "way/1343862115",
        "cycleway": "lane",
        "highway": "tertiary",
        "lanes": "2",
        "maxspeed": "25 mph",
        "name": "1000 North",
        "name:full": "East 1000 North",
        "name:prefix": "East",
        "sidewalk": "separate",
        "surface": "asphalt",
        "@relations": [
          {
            "role": "",
            "rel": 16268552,
            "reltags": {
              "colour": "red",
              "from": "Taggart Student Center",
              "name": "South Campus Express",
              "network": "Aggie Shuttle",
              "opening_hours": "Mo-Fr 07:00-17:30; Sa-Su off",
              "operator": "Utah State University",
              "public_transport:version": "2",
              "ref": "Red",
              "route": "bus",
              "to": "South Campus",
              "type": "route"
            }
          }
        ]
      },
      "geometry": {
        "type": "LineString",
        "coordinates": [
          [
            -111.8017395,
            41.7493405
          ],
          [
            -111.802487,
            41.7493319
          ]
        ]
      },
      "id": "way/1343862115"
    },
    {
      "type": "Feature",
      "properties": {
        "@id": "way/1450759315",
        "cycleway": "lane",
        "highway": "tertiary",
        "lanes": "2",
        "maxspeed": "25 mph",
        "name": "1000 North",
        "name:full": "East 1000 North",
        "name:prefix": "East",
        "old_ref": "SR 288",
        "oneway": "no",
        "sidewalk": "separate",
        "surface": "asphalt",
        "@relations": [
          {
            "role": "",
            "rel": 16268552,
            "reltags": {
              "colour": "red",
              "from": "Taggart Student Center",
              "name": "South Campus Express",
              "network": "Aggie Shuttle",
              "opening_hours": "Mo-Fr 07:00-17:30; Sa-Su off",
              "operator": "Utah State University",
              "public_transport:version": "2",
              "ref": "Red",
              "route": "bus",
              "to": "South Campus",
              "type": "route"
            }
          }
        ]
      },
      "geometry": {
        "type": "LineString",
        "coordinates": [
          [
            -111.8063782,
            41.7500304
          ],
          [
            -111.8055028,
            41.7500166
          ]
        ]
      },
      "id": "way/1450759315"
    },
    {
      "type": "Feature",
      "properties": {
        "@id": "way/1450759316",
        "cycleway": "lane",
        "highway": "tertiary",
        "lanes": "2",
        "maxspeed": "25 mph",
        "name": "1000 North",
        "name:full": "East 1000 North",
        "name:prefix": "East",
        "old_ref": "SR 288",
        "oneway": "no",
        "sidewalk": "separate",
        "surface": "asphalt",
        "@relations": [
          {
            "role": "",
            "rel": 16268552,
            "reltags": {
              "colour": "red",
              "from": "Taggart Student Center",
              "name": "South Campus Express",
              "network": "Aggie Shuttle",
              "opening_hours": "Mo-Fr 07:00-17:30; Sa-Su off",
              "operator": "Utah State University",
              "public_transport:version": "2",
              "ref": "Red",
              "route": "bus",
              "to": "South Campus",
              "type": "route"
            }
          }
        ]
      },
      "geometry": {
        "type": "LineString",
        "coordinates": [
          [
            -111.8091121,
            41.7500719
          ],
          [
            -111.8080252,
            41.7500564
          ],
          [
            -111.8071442,
            41.7500425
          ],
          [
            -111.8063782,
            41.7500304
          ]
        ]
      },
      "id": "way/1450759316"
    },
    {
      "type": "Feature",
      "properties": {
        "@id": "node/82882377",
        "highway": "traffic_signals",
        "traffic_signals": "traffic_lights",
        "traffic_signals:direction": "both"
      },
      "geometry": {
        "type": "Point",
        "coordinates": [
          -111.813924,
          41.7501493
        ]
      },
      "id": "node/82882377"
    },
    {
      "type": "Feature",
      "properties": {
        "@id": "node/82912375",
        "highway": "traffic_signals",
        "traffic_signals": "signal",
        "traffic_signals:direction": "both"
      },
      "geometry": {
        "type": "Point",
        "coordinates": [
          -111.8041576,
          41.7426501
        ]
      },
      "id": "node/82912375"
    },
    {
      "type": "Feature",
      "properties": {
        "@id": "node/82912377",
        "highway": "traffic_signals",
        "traffic_signals": "traffic_lights",
        "traffic_signals:direction": "both"
      },
      "geometry": {
        "type": "Point",
        "coordinates": [
          -111.8042997,
          41.7443298
        ]
      },
      "id": "node/82912377"
    },
    {
      "type": "Feature",
      "properties": {
        "@id": "node/82913516",
        "highway": "traffic_signals",
        "traffic_signals": "traffic_lights",
        "traffic_signals:direction": "both"
      },
      "geometry": {
        "type": "Point",
        "coordinates": [
          -111.8193871,
          41.7388109
        ]
      },
      "id": "node/82913516"
    },
    {
      "type": "Feature",
      "properties": {
        "@id": "node/82916798",
        "highway": "traffic_signals",
        "traffic_signals:direction": "both"
      },
      "geometry": {
        "type": "Point",
        "coordinates": [
          -111.8141474,
          41.7445254
        ]
      },
      "id": "node/82916798"
    },
    {
      "type": "Feature",
      "properties": {
        "@id": "node/321800581",
        "crossing": "uncontrolled",
        "crossing:island": "no",
        "crossing:markings": "lines",
        "crossing:signals": "no",
        "highway": "crossing",
        "tactile_paving": "no"
      },
      "geometry": {
        "type": "Point",
        "coordinates": [
          -111.8167732,
          41.7407865
        ]
      },
      "id": "node/321800581"
    },
    {
      "type": "Feature",
      "properties": {
        "@id": "node/1721726755",
        "crossing": "uncontrolled",
        "crossing:island": "no",
        "crossing:markings": "yes",
        "highway": "crossing",
        "tactile_paving": "yes"
      },
      "geometry": {
        "type": "Point",
        "coordinates": [
          -111.816711,
          41.7427348
        ]
      },
      "id": "node/1721726755"
    },
    {
      "type": "Feature",
      "properties": {
        "@id": "node/2640587117",
        "bus": "yes",
        "highway": "bus_stop",
        "name": "Lundstrom",
        "network": "Aggie Shuttle",
        "operator": "Utah State University",
        "public_transport": "platform",
        "ref": "9",
        "shelter": "yes",
        "@relations": [
          {
            "role": "platform_entry_only",
            "rel": 16268552,
            "reltags": {
              "colour": "red",
              "from": "Taggart Student Center",
              "name": "South Campus Express",
              "network": "Aggie Shuttle",
              "opening_hours": "Mo-Fr 07:00-17:30; Sa-Su off",
              "operator": "Utah State University",
              "public_transport:version": "2",
              "ref": "Red",
              "route": "bus",
              "to": "South Campus",
              "type": "route"
            }
          }
        ]
      },
      "geometry": {
        "type": "Point",
        "coordinates": [
          -111.802078,
          41.7496434
        ]
      },
      "id": "node/2640587117"
    },
    {
      "type": "Feature",
      "properties": {
        "@id": "node/4539981575",
        "crossing": "marked",
        "crossing:island": "no",
        "crossing:markings": "yes",
        "highway": "crossing"
      },
      "geometry": {
        "type": "Point",
        "coordinates": [
          -111.8042519,
          41.742791
        ]
      },
      "id": "node/4539981575"
    },
    {
      "type": "Feature",
      "properties": {
        "@id": "node/8837264546",
        "button_operated": "yes",
        "crossing": "traffic_signals",
        "crossing:island": "no",
        "crossing:markings": "lines",
        "crossing:signals": "yes",
        "highway": "crossing"
      },
      "geometry": {
        "type": "Point",
        "coordinates": [
          -111.8192441,
          41.7388081
        ]
      },
      "id": "node/8837264546"
    },
    {
      "type": "Feature",
      "properties": {
        "@id": "node/8837264547",
        "button_operated": "yes",
        "crossing": "traffic_signals",
        "crossing:island": "no",
        "crossing:markings": "lines",
        "crossing:signals": "yes",
        "highway": "crossing"
      },
      "geometry": {
        "type": "Point",
        "coordinates": [
          -111.8193812,
          41.738922
        ]
      },
      "id": "node/8837264547"
    },
    {
      "type": "Feature",
      "properties": {
        "@id": "node/8925837112",
        "barrier": "lift_gate"
      },
      "geometry": {
        "type": "Point",
        "coordinates": [
          -111.814279,
          41.7436219
        ]
      },
      "id": "node/8925837112"
    },
    {
      "type": "Feature",
      "properties": {
        "@id": "node/9184355765",
        "button_operated": "yes",
        "crossing": "marked",
        "crossing:island": "no",
        "crossing:markings": "lines",
        "highway": "crossing",
        "tactile_paving": "yes",
        "traffic_signals:sound": "no",
        "traffic_signals:vibration": "no"
      },
      "geometry": {
        "type": "Point",
        "coordinates": [
          -111.8042954,
          41.7441987
        ]
      },
      "id": "node/9184355765"
    },
    {
      "type": "Feature",
      "properties": {
        "@id": "node/9184882599",
        "bench": "yes",
        "bin": "yes",
        "bus": "yes",
        "departures_board": "yes",
        "highway": "bus_stop",
        "lit": "yes",
        "name": "TSC",
        "network": "Aggie Shuttle",
        "operator": "Utah State University",
        "public_transport": "platform",
        "ref": "1",
        "shelter": "yes",
        "tactile_paving": "yes",
        "@relations": [
          {
            "role": "platform",
            "rel": 16268552,
            "reltags": {
              "colour": "red",
              "from": "Taggart Student Center",
              "name": "South Campus Express",
              "network": "Aggie Shuttle",
              "opening_hours": "Mo-Fr 07:00-17:30; Sa-Su off",
              "operator": "Utah State University",
              "public_transport:version": "2",
              "ref": "Red",
              "route": "bus",
              "to": "South Campus",
              "type": "route"
            }
          }
        ]
      },
      "geometry": {
        "type": "Point",
        "coordinates": [
          -111.813927,
          41.7437137
        ]
      },
      "id": "node/9184882599"
    },
    {
      "type": "Feature",
      "properties": {
        "@id": "node/9188424039",
        "crossing": "marked",
        "crossing:island": "no",
        "highway": "crossing"
      },
      "geometry": {
        "type": "Point",
        "coordinates": [
          -111.8111864,
          41.7501062
        ]
      },
      "id": "node/9188424039"
    },
    {
      "type": "Feature",
      "properties": {
        "@id": "node/9199179454",
        "crossing": "marked",
        "crossing:island": "no",
        "crossing:markings": "lines",
        "highway": "crossing"
      },
      "geometry": {
        "type": "Point",
        "coordinates": [
          -111.8169352,
          41.7406733
        ]
      },
      "id": "node/9199179454"
    },
    {
      "type": "Feature",
      "properties": {
        "@id": "node/9215332932",
        "button_operated": "yes",
        "crossing": "traffic_signals",
        "crossing:island": "no",
        "highway": "crossing",
        "tactile_paving": "yes",
        "traffic_signals:sound": "no",
        "traffic_signals:vibration": "no"
      },
      "geometry": {
        "type": "Point",
        "coordinates": [
          -111.8141434,
          41.744617
        ]
      },
      "id": "node/9215332932"
    },
    {
      "type": "Feature",
      "properties": {
        "@id": "node/9215332933",
        "button_operated": "yes",
        "crossing": "traffic_signals",
        "crossing:island": "no",
        "highway": "crossing",
        "tactile_paving": "yes",
        "traffic_signals:sound": "no",
        "traffic_signals:vibration": "no"
      },
      "geometry": {
        "type": "Point",
        "coordinates": [
          -111.8142834,
          41.7445278
        ]
      },
      "id": "node/9215332933"
    },
    {
      "type": "Feature",
      "properties": {
        "@id": "node/9215332935",
        "button_operated": "yes",
        "crossing": "traffic_signals",
        "crossing:island": "no",
        "highway": "crossing",
        "tactile_paving": "yes",
        "traffic_signals:sound": "no",
        "traffic_signals:vibration": "no"
      },
      "geometry": {
        "type": "Point",
        "coordinates": [
          -111.8141593,
          41.7443939
        ]
      },
      "id": "node/9215332935"
    },
    {
      "type": "Feature",
      "properties": {
        "@id": "node/9215332956",
        "button_operated": "yes",
        "crossing": "marked",
        "crossing:island": "no",
        "crossing:markings": "lines",
        "highway": "crossing",
        "tactile_paving": "yes",
        "traffic_signals:sound": "no",
        "traffic_signals:vibration": "no"
      },
      "geometry": {
        "type": "Point",
        "coordinates": [
          -111.8043033,
          41.7444464
        ]
      },
      "id": "node/9215332956"
    },
    {
      "type": "Feature",
      "properties": {
        "@id": "node/9216618243",
        "bench": "yes",
        "bin": "yes",
        "bus": "yes",
        "highway": "bus_stop",
        "name": "Fine Arts",
        "network": "Aggie Shuttle",
        "operator": "Utah State University",
        "public_transport": "platform",
        "ref": "23",
        "shelter": "no",
        "@relations": [
          {
            "role": "platform",
            "rel": 16268552,
            "reltags": {
              "colour": "red",
              "from": "Taggart Student Center",
              "name": "South Campus Express",
              "network": "Aggie Shuttle",
              "opening_hours": "Mo-Fr 07:00-17:30; Sa-Su off",
              "operator": "Utah State University",
              "public_transport:version": "2",
              "ref": "Red",
              "route": "bus",
              "to": "South Campus",
              "type": "route"
            }
          }
        ]
      },
      "geometry": {
        "type": "Point",
        "coordinates": [
          -111.804408,
          41.7434249
        ]
      },
      "id": "node/9216618243"
    },
    {
      "type": "Feature",
      "properties": {
        "@id": "node/9216618244",
        "bench": "yes",
        "bin": "yes",
        "bus": "yes",
        "highway": "bus_stop",
        "lit": "yes",
        "name": "Family Life",
        "network": "Aggie Bus",
        "operator": "Utah State University",
        "public_transport": "platform",
        "ref": "24",
        "shelter": "no",
        "tactile_paving": "no",
        "@relations": [
          {
            "role": "platform",
            "rel": 16268552,
            "reltags": {
              "colour": "red",
              "from": "Taggart Student Center",
              "name": "South Campus Express",
              "network": "Aggie Shuttle",
              "opening_hours": "Mo-Fr 07:00-17:30; Sa-Su off",
              "operator": "Utah State University",
              "public_transport:version": "2",
              "ref": "Red",
              "route": "bus",
              "to": "South Campus",
              "type": "route"
            }
          }
        ]
      },
      "geometry": {
        "type": "Point",
        "coordinates": [
          -111.8112222,
          41.7400754
        ]
      },
      "id": "node/9216618244"
    },
    {
      "type": "Feature",
      "properties": {
        "@id": "node/9216618246",
        "bus": "yes",
        "highway": "bus_stop",
        "name": "5th North",
        "network": "Aggie Shuttle",
        "operator": "Utah State University",
        "public_transport": "platform",
        "ref": "25",
        "shelter": "no",
        "@relations": [
          {
            "role": "platform_exit_only",
            "rel": 16268552,
            "reltags": {
              "colour": "red",
              "from": "Taggart Student Center",
              "name": "South Campus Express",
              "network": "Aggie Shuttle",
              "opening_hours": "Mo-Fr 07:00-17:30; Sa-Su off",
              "operator": "Utah State University",
              "public_transport:version": "2",
              "ref": "Red",
              "route": "bus",
              "to": "South Campus",
              "type": "route"
            }
          }
        ]
      },
      "geometry": {
        "type": "Point",
        "coordinates": [
          -111.8173265,
          41.7405583
        ]
      },
      "id": "node/9216618246"
    },
    {
      "type": "Feature",
      "properties": {
        "@id": "node/9216618247",
        "bus": "yes",
        "highway": "bus_stop",
        "name": "Bull",
        "network": "Aggie Shuttle",
        "operator": "Utah State University",
        "public_transport": "platform",
        "ref": "21",
        "@relations": [
          {
            "role": "platform",
            "rel": 16268552,
            "reltags": {
              "colour": "red",
              "from": "Taggart Student Center",
              "name": "South Campus Express",
              "network": "Aggie Shuttle",
              "opening_hours": "Mo-Fr 07:00-17:30; Sa-Su off",
              "operator": "Utah State University",
              "public_transport:version": "2",
              "ref": "Red",
              "route": "bus",
              "to": "South Campus",
              "type": "route"
            }
          }
        ]
      },
      "geometry": {
        "type": "Point",
        "coordinates": [
          -111.8132869,
          41.7500441
        ]
      },
      "id": "node/9216618247"
    },
    {
      "type": "Feature",
      "properties": {
        "@id": "node/9216618252",
        "bench": "no",
        "bin": "no",
        "bus": "yes",
        "highway": "bus_stop",
        "lit": "no",
        "name": "Cemetery",
        "network": "Aggie Shuttle",
        "operator": "Utah State University",
        "public_transport": "platform",
        "ref": "22",
        "shelter": "no",
        "tactile_paving": "no",
        "@relations": [
          {
            "role": "platform_exit_only",
            "rel": 16268552,
            "reltags": {
              "colour": "red",
              "from": "Taggart Student Center",
              "name": "South Campus Express",
              "network": "Aggie Shuttle",
              "opening_hours": "Mo-Fr 07:00-17:30; Sa-Su off",
              "operator": "Utah State University",
              "public_transport:version": "2",
              "ref": "Red",
              "route": "bus",
              "to": "South Campus",
              "type": "route"
            }
          }
        ]
      },
      "geometry": {
        "type": "Point",
        "coordinates": [
          -111.805543,
          41.7499219
        ]
      },
      "id": "node/9216618252"
    },
    {
      "type": "Feature",
      "properties": {
        "@id": "node/9217037354",
        "button_operated": "yes",
        "crossing": "traffic_signals",
        "crossing:island": "no",
        "highway": "crossing",
        "tactile_paving": "yes"
      },
      "geometry": {
        "type": "Point",
        "coordinates": [
          -111.813724,
          41.7501461
        ]
      },
      "id": "node/9217037354"
    },
    {
      "type": "Feature",
      "properties": {
        "@id": "node/9217037355",
        "button_operated": "yes",
        "crossing": "traffic_signals",
        "crossing:island": "no",
        "highway": "crossing",
        "tactile_paving": "yes"
      },
      "geometry": {
        "type": "Point",
        "coordinates": [
          -111.8139302,
          41.7500252
        ]
      },
      "id": "node/9217037355"
    },
    {
      "type": "Feature",
      "properties": {
        "@id": "node/9217037475",
        "crossing": "marked",
        "crossing:island": "yes",
        "crossing:markings": "lines",
        "crossing:signals": "no",
        "highway": "crossing"
      },
      "geometry": {
        "type": "Point",
        "coordinates": [
          -111.8041005,
          41.7493008
        ]
      },
      "id": "node/9217037475"
    },
    {
      "type": "Feature",
      "properties": {
        "@id": "node/9426806908",
        "crossing:markings": "yes",
        "crossing:signals": "no",
        "highway": "crossing"
      },
      "geometry": {
        "type": "Point",
        "coordinates": [
          -111.8093962,
          41.750078
        ]
      },
      "id": "node/9426806908"
    },
    {
      "type": "Feature",
      "properties": {
        "@id": "node/11577043199",
        "direction": "backward",
        "highway": "stop"
      },
      "geometry": {
        "type": "Point",
        "coordinates": [
          -111.8167734,
          41.7408133
        ]
      },
      "id": "node/11577043199"
    },
    {
      "type": "Feature",
      "properties": {
        "@id": "node/12131341813",
        "crossing": "marked",
        "crossing:island": "yes",
        "crossing:markings": "lines",
        "crossing:signals": "no",
        "highway": "crossing"
      },
      "geometry": {
        "type": "Point",
        "coordinates": [
          -111.8044257,
          41.7463376
        ]
      },
      "id": "node/12131341813"
    },
    {
      "type": "Feature",
      "properties": {
        "@id": "node/12131341911",
        "crossing": "uncontrolled",
        "crossing:island": "yes",
        "crossing:markings": "lines",
        "crossing:signals": "no",
        "highway": "crossing"
      },
      "geometry": {
        "type": "Point",
        "coordinates": [
          -111.8048194,
          41.7499842
        ]
      },
      "id": "node/12131341911"
    },
    {
      "type": "Feature",
      "properties": {
        "@id": "node/12131341923",
        "crossing": "marked",
        "crossing:island": "yes",
        "crossing:markings": "lines",
        "crossing:signals": "no",
        "highway": "crossing"
      },
      "geometry": {
        "type": "Point",
        "coordinates": [
          -111.8040754,
          41.7493805
        ]
      },
      "id": "node/12131341923"
    },
    {
      "type": "Feature",
      "properties": {
        "@id": "node/12131341932",
        "crossing": "uncontrolled",
        "crossing:island": "yes",
        "crossing:markings": "lines",
        "crossing:signals": "no",
        "highway": "crossing"
      },
      "geometry": {
        "type": "Point",
        "coordinates": [
          -111.8044551,
          41.7491847
        ]
      },
      "id": "node/12131341932"
    },
    {
      "type": "Feature",
      "properties": {
        "@id": "node/12189059080",
        "button_operated": "yes",
        "crossing": "traffic_signals",
        "crossing:island": "yes",
        "crossing:markings": "zebra",
        "crossing:signals": "yes",
        "highway": "crossing",
        "traffic_signals:vibration": "no"
      },
      "geometry": {
        "type": "Point",
        "coordinates": [
          -111.8192664,
          41.7404531
        ]
      },
      "id": "node/12189059080"
    },
    {
      "type": "Feature",
      "properties": {
        "@id": "node/12189059085",
        "button_operated": "yes",
        "crossing": "traffic_signals",
        "crossing:island": "yes",
        "crossing:markings": "lines",
        "crossing:signals": "yes",
        "highway": "crossing",
        "traffic_signals:vibration": "no"
      },
      "geometry": {
        "type": "Point",
        "coordinates": [
          -111.8189697,
          41.7406611
        ]
      },
      "id": "node/12189059085"
    }
  ]
}