timestamp,vehicle_id,coordinates,stop
1768580793.0554829,17703,"(-111.8110085, 41.744396)",Veterinary Science
1768580803.361718,17703,"(-111.810987, 41.7444006)",Veterinary Science
1768580813.673236,17703,"(-111.8104396, 41.7444305)",in_transit
1768580823.961767,17703,"(-111.8092816, 41.74441)",in_transit
1768580834.2546592,17703,"(-111.8086466, 41.7443903)",in_transit
1768580844.554264,17703,"(-111.8083276, 41.7443543)",Industrial Science
1768580854.874148,17703,"(-111.8080985, 41.7443463)",Industrial Science
1768580865.173714,17703,"(-111.8080946, 41.7443523)",Industrial Science
1768580875.564895,17703,"(-111.8080946, 41.7443523)",Industrial Science
1768580885.89827,17703,"(-111.8078088, 41.7443803)",in_transit
1768580896.183813,17703,"(-111.8072611, 41.7443745)",in_transit
1768580906.477213,17703,"(-111.8066433, 41.7443601)",in_transit
1768580916.774553,17703,"(-111.8060411, 41.7443395)",in_transit
1768580927.051732,17703,"(-111.8047581, 41.7443325)",in_transit
1768580937.35541,17703,"(-111.8045538, 41.7443178)",in_transit
1768580947.664873,17703,"(-111.8045465, 41.7443191)",in_transit
1768580958.064167,17703,"(-111.8044681, 41.7443158)",in_transit
1768580968.350195,17703,"(-111.8042506, 41.7444125)",in_transit
1768580978.64558,17703,"(-111.8042636, 41.745273)",Aggie Ice Cream
1768580990.5972328,17703,"(-111.8042686, 41.7455595)",in_transit
1768581000.906636,17703,"(-111.8042626, 41.7456781)",in_transit
1768581011.1968582,17703,"(-111.8042811, 41.7458693)",in_transit
1768581021.490963,17703,"(-111.8042156, 41.7465995)",in_transit
1768581031.771785,17703,"(-111.8043105, 41.7473293)",in_transit
1768581042.159868,17703,"(-111.8043378, 41.7486745)",in_transit
1768581052.441438,17703,"(-111.8043461, 41.7492476)",in_transit
1768581062.742221,17703,"(-111.8034671, 41.7493083)",in_transit
1768581073.02394,17703,"(-111.8020321, 41.7493261)",in_transit
1768581083.3047638,17703,"(-111.8018533, 41.7495085)",in_transit
1768581093.578996,17703,"(-111.8020895, 41.7496363)",Lundstrum
1768581103.89212,17703,"(-111.8020968, 41.7496393)",Lundstrum
1768581114.174622,17703,"(-111.8020885, 41.7496376)",Lundstrum
1768581124.545952,17703,"(-111.8020853, 41.7496378)",Lundstrum
1768581134.872951,17703,"(-111.8020913, 41.749636)",Lundstrum
1768581145.173134,17703,"(-111.8023325, 41.749543)",in_transit
1768581155.508216,17703,"(-111.8031276, 41.7493518)",in_transit
1768581165.80398,17703,"(-111.8042515, 41.7494721)",in_transit
1768581176.131028,17703,"(-111.8043611, 41.7499983)",in_transit
1768581186.45013,17703,"(-111.8043651, 41.7507146)",Aggie Village 1
1768581196.767062,17703,"(-111.804357, 41.7508011)",Aggie Village 1
1768581207.115787,17703,"(-111.8043996, 41.7514635)",in_transit
1768581217.411607,17703,"(-111.804416, 41.7524158)",in_transit
1768581227.69972,17703,"(-111.8044246, 41.7529738)",in_transit
1768581237.9834082,17703,"(-111.8046608, 41.7530833)",in_transit
1768581248.2766562,17703,"(-111.8059371, 41.7530755)",Aggie Village 2
1768581258.570215,17703,"(-111.8060475, 41.7530686)",Aggie Village 2
1768581268.868566,17703,"(-111.8061343, 41.7530503)",Aggie Village 2
1768581279.156682,17703,"(-111.8072145, 41.752914)",in_transit
1768581289.547185,17703,"(-111.8080865, 41.7526701)",in_transit
1768581299.828086,17703,"(-111.8091243, 41.7520888)",in_transit
1768581310.1208582,17703,"(-111.809274, 41.7516961)",Aggie Village 3
1768581320.41879,17703,"(-111.8092848, 41.7515915)",Aggie Village 3
1768581330.7217972,17703,"(-111.8092983, 41.7515935)",Aggie Village 3
1768581341.0066829,17703,"(-111.809266, 41.7512455)",in_transit
1768581351.305063,17703,"(-111.8092691, 41.7503326)",in_transit
1768581361.623006,17703,"(-111.8092748, 41.7501496)",in_transit
1768581371.9545238,17703,"(-111.8102701, 41.7501291)",in_transit
1768581382.250497,17703,"(-111.8124555, 41.7501633)",in_transit
1768581392.542911,17703,"(-111.8133805, 41.7501586)",in_transit
1768581402.845161,17703,"(-111.8136263, 41.7501543)",in_transit
1768581413.151032,17703,"(-111.8136865, 41.7501501)",in_transit
1768581423.442074,17703,"(-111.813707, 41.7501483)",in_transit
1768581433.73034,17703,"(-111.8139948, 41.7499583)",in_transit
1768581444.0247512,17703,"(-111.8140096, 41.7489608)",in_transit
1768581454.411178,17703,"(-111.8140876, 41.7486721)",800 E 900 N
1768581464.711891,17703,"(-111.8141106, 41.7485535)",800 E 900 N
1768581475.060843,17703,"(-111.8140888, 41.7483536)",in_transit
1768581485.3558311,17703,"(-111.8140783, 41.7474096)",in_transit
1768581495.68138,17703,"(-111.8141055, 41.7465978)",in_transit
1768581505.975195,17703,"(-111.8141158, 41.7461518)",in_transit
1768581516.286727,17703,"(-111.8141158, 41.7461518)",in_transit
1768581526.572355,17703,"(-111.8138935, 41.7444701)",in_transit
1768581536.903714,17703,"(-111.8134978, 41.7444428)",Field House
1768581547.183585,17703,"(-111.81348, 41.744468)",Field House
1768581557.464374,17703,"(-111.8132271, 41.7444825)",in_transit
1768581567.773712,17703,"(-111.8122751, 41.7444655)",in_transit
1768581578.06669,17703,"(-111.811657, 41.7444735)",in_transit
1768581588.456602,17703,"(-111.8115845, 41.7444648)",in_transit
1768581598.750322,17703,"(-111.8110963, 41.7444091)",Veterinary Science
1768581609.0603662,17703,"(-111.8110038, 41.7444008)",Veterinary Science
1768581619.377322,17703,"(-111.8110073, 41.7443988)",Veterinary Science
1768581629.6569788,17703,"(-111.8108273, 41.7444203)",in_transit
1768581639.940953,17703,"(-111.8095206, 41.7444141)",in_transit
1768581650.237882,17703,"(-111.8086086, 41.7443831)",in_transit
1768581660.5341902,17703,"(-111.808078, 41.7443496)",Industrial Science
1768581670.8390012,17703,"(-111.8080768, 41.7443571)",Industrial Science
1768581681.138266,17703,"(-111.8079801, 41.7443646)",in_transit
1768581691.419588,17703,"(-111.807324, 41.7443803)",in_transit
1768581701.8049128,17703,"(-111.8058223, 41.7443368)",in_transit
1768581712.1038132,17703,"(-111.8047828, 41.7443326)",in_transit
1768581722.4005911,17703,"(-111.8045495, 41.7443271)",in_transit
1768581732.695518,17703,"(-111.804552, 41.7443278)",in_transit
1768581742.9716249,17703,"(-111.8045481, 41.7443276)",in_transit
1768581753.2663429,17703,"(-111.8042416, 41.7445356)",in_transit
1768581763.56288,17703,"(-111.8042676, 41.7456576)",in_transit
1768581773.8518,17703,"(-111.8042815, 41.7457041)",in_transit
1768581784.171645,17703,"(-111.8043051, 41.7461093)",in_transit
1768581794.482964,17703,"(-111.8043131, 41.746936)",in_transit
1768581804.7902331,17703,"(-111.8043265, 41.7477238)",in_transit
1768581815.552756,17703,"(-111.804366, 41.7490748)",in_transit
1768581825.831109,17703,"(-111.8043296, 41.749287)",in_transit
1768581836.168958,17703,"(-111.8035021, 41.7493105)",in_transit
1768581846.461092,17703,"(-111.8020486, 41.7493275)",in_transit
1768581856.773384,17703,"(-111.8018448, 41.749515)",in_transit
1768581867.081501,17703,"(-111.8021045, 41.7496363)",Lundstrum
1768581877.376344,17703,"(-111.8021078, 41.74964)",Lundstrum
1768581887.664154,17703,"(-111.8021085, 41.7496328)",Lundstrum
1768581897.9469922,17703,"(-111.8021063, 41.749625)",Lundstrum
1768581908.240781,17703,"(-111.8021043, 41.7496195)",Lundstrum
1768581918.522932,17703,"(-111.8021066, 41.7496203)",Lundstrum
1768581928.824898,17703,"(-111.8023495, 41.7495156)",in_transit
1768581939.134322,17703,"(-111.8026041, 41.7493655)",in_transit
1768581949.5324612,17703,"(-111.804067, 41.7493768)",in_transit
1768581959.833299,17703,"(-111.8043898, 41.7497868)",in_transit
1768581970.126761,17703,"(-111.8043728, 41.7506705)",in_transit
1768581980.438821,17703,"(-111.8043721, 41.750819)",Aggie Village 1
1768581990.727844,17703,"(-111.804404, 41.7513088)",in_transit
1768582001.0381892,17703,"(-111.8044141, 41.7521346)",in_transit
1768582011.33533,17703,"(-111.8044185, 41.7529043)",in_transit
1768582021.625136,17703,"(-111.8047153, 41.7530768)",in_transit
1768582031.931516,17703,"(-111.8057986, 41.7530743)",in_transit
1768582042.204447,17703,"(-111.8060395, 41.753076)",Aggie Village 2
1768582052.496297,17703,"(-111.8060386, 41.7530776)",Aggie Village 2
1768582062.7884722,17703,"(-111.806289, 41.7530501)",in_transit
1768582073.096218,17703,"(-111.8069958, 41.7529826)",in_transit
1768582083.39662,17703,"(-111.8082406, 41.7526353)",in_transit
1768582093.706442,17703,"(-111.8091613, 41.7520273)",in_transit
1768582103.9976509,17703,"(-111.809272, 41.7517175)",Aggie Village 3
1768582114.300266,17703,"(-111.8092806, 41.7516071)",Aggie Village 3
1768582124.599518,17703,"(-111.809267, 41.7514185)",in_transit
1768582134.917482,17703,"(-111.8092596, 41.7508868)",in_transit
1768582145.2134132,17703,"(-111.8092753, 41.750329)",in_transit
1768582155.533539,17703,"(-111.8095378, 41.7501096)",in_transit
1768582165.8382962,17703,"(-111.8109058, 41.7501425)",in_transit
1768582176.20977,17703,"(-111.8129593, 41.7501626)",in_transit
1768582186.500926,17703,"(-111.8136135, 41.7501605)",in_transit
1768582196.859107,17703,"(-111.8136668, 41.7501655)",in_transit
1768582207.158898,17703,"(-111.8136668, 41.7501636)",in_transit
1768582217.4654238,17703,"(-111.8137275, 41.7501565)",in_transit
1768582227.758366,17703,"(-111.813986, 41.7498763)",in_transit
1768582238.054611,17703,"(-111.814026, 41.748913)",in_transit
1768582248.360794,17703,"(-111.8140968, 41.7486475)",800 E 900 N
1768582258.643958,17703,"(-111.814108, 41.7485505)",800 E 900 N
1768582268.934471,17703,"(-111.8140705, 41.7483311)",in_transit
1768582279.300672,17703,"(-111.8140728, 41.7473961)",in_transit
1768582289.601247,17703,"(-111.8141223, 41.7461818)",in_transit
1768582299.909753,17703,"(-111.8141631, 41.745335)",in_transit
1768582310.218444,17703,"(-111.8141631, 41.745335)",in_transit
1768582320.507311,17703,"(-111.8135141, 41.744427)",Field House
1768582330.795676,17703,"(-111.8134878, 41.7444328)",Field House
1768582341.080957,17703,"(-111.8134228, 41.7444385)",Field House
1768582351.381658,17703,"(-111.8123405, 41.7444603)",in_transit
1768582361.7703931,17703,"(-111.8116873, 41.7444693)",in_transit
1768582372.065879,17703,"(-111.8115863, 41.744463)",in_transit
1768582382.3861089,17703,"(-111.8115733, 41.7444571)",in_transit
1768582392.695991,17703,"(-111.811083, 41.7444045)",Veterinary Science
1768582402.973943,17703,"(-111.8109808, 41.7443978)",Veterinary Science
1768582413.261985,17703,"(-111.8109818, 41.7443815)",Veterinary Science
1768582423.557933,17703,"(-111.8104291, 41.7444171)",in_transit
1768582433.84488,17703,"(-111.8091155, 41.744397)",in_transit
1768582444.243781,17703,"(-111.808323, 41.74435)",Industrial Science
1768582454.54022,17703,"(-111.8080875, 41.7443405)",Industrial Science
1768582464.834654,17703,"(-111.808098, 41.7443401)",Industrial Science
1768582475.12955,17703,"(-111.8081045, 41.7443328)",Industrial Science
1768582485.444534,17703,"(-111.8075728, 41.7443686)",in_transit
1768582495.7459042,17703,"(-111.8067701, 41.7443478)",in_transit
1768582506.090272,17703,"(-111.8053278, 41.744334)",in_transit
1768582516.390335,17703,"(-111.8046066, 41.744319)",in_transit
1768582526.793099,17703,"(-111.8045703, 41.7443183)",in_transit
1768582537.096461,17703,"(-111.804563, 41.7443198)",in_transit
1768582547.4406831,17703,"(-111.8042521, 41.7445386)",in_transit
1768582557.728965,17703,"(-111.8042645, 41.7456028)",in_transit
1768582568.070658,17703,"(-111.804264, 41.7456906)",in_transit
1768582578.357048,17703,"(-111.8042693, 41.7457023)",in_transit
1768582588.645971,17703,"(-111.8042885, 41.7461268)",in_transit
1768582598.9219909,17703,"(-111.8042175, 41.7465738)",in_transit
1768582609.313337,17703,"(-111.8043188, 41.7477231)",in_transit
1768582619.606944,17703,"(-111.8043358, 41.7486511)",in_transit
1768582629.9002209,17703,"(-111.8040818, 41.7493171)",in_transit
1768582640.187017,17703,"(-111.8028741, 41.7493223)",in_transit
1768582650.479734,17703,"(-111.8019793, 41.7493363)",in_transit
1768582660.764977,17703,"(-111.8018606, 41.7495215)",in_transit
1768582671.072152,17703,"(-111.80211, 41.7496323)",Lundstrum
1768582681.3568509,17703,"(-111.8021138, 41.7496295)",Lundstrum
1768582691.69997,17703,"(-111.8021118, 41.7496236)",Lundstrum
1768582701.978,17703,"(-111.8021126, 41.749628)",Lundstrum
1768582712.271736,17703,"(-111.8026005, 41.7493655)",in_transit
1768582722.5636969,17703,"(-111.8033035, 41.749344)",in_transit
1768582732.843192,17703,"(-111.8040413, 41.749369)",in_transit
1768582743.128478,17703,"(-111.8043551, 41.7499988)",in_transit
1768582753.422621,17703,"(-111.8043631, 41.7507156)",Aggie Village 1
1768582763.729923,17703,"(-111.8043573, 41.7508155)",Aggie Village 1
1768582774.0927,17703,"(-111.8043515, 41.7508171)",Aggie Village 1
1768582784.394331,17703,"(-111.8043965, 41.7516786)",in_transit
1768582794.703437,17703,"(-111.8044191, 41.7528508)",in_transit
1768582804.994428,17703,"(-111.8046856, 41.7530826)",in_transit
1768582815.2884989,17703,"(-111.8055103, 41.7530706)",in_transit
1768582825.5749729,17703,"(-111.8058363, 41.7530713)",in_transit
1768582835.865275,17703,"(-111.8060325, 41.753073)",Aggie Village 2
1768582846.1962008,17703,"(-111.8060318, 41.7530713)",Aggie Village 2
1768582856.49377,17703,"(-111.8066363, 41.7530433)",in_transit
1768582866.856302,17703,"(-111.8073731, 41.752872)",in_transit
1768582877.1418052,17703,"(-111.8085903, 41.7525233)",in_transit
1768582887.44781,17703,"(-111.8091245, 41.7520835)",in_transit
1768582897.76222,17703,"(-111.8092878, 41.7515933)",Aggie Village 3
1768582908.060323,17703,"(-111.8092975, 41.7515841)",Aggie Village 3
1768582918.346795,17703,"(-111.80927, 41.7511541)",in_transit
1768582928.661851,17703,"(-111.8092791, 41.750296)",in_transit
1768582939.056154,17703,"(-111.8093275, 41.7501181)",in_transit
1768582949.346282,17703,"(-111.810218, 41.7501288)",in_transit
1768582959.643083,17703,"(-111.8123623, 41.7501541)",in_transit
1768582969.94381,17703,"(-111.8135275, 41.7501521)",in_transit
1768582980.2287738,17703,"(-111.8139908, 41.749717)",in_transit
1768582990.525532,17703,"(-111.8140933, 41.7486686)",800 E 900 N
1768583000.807314,17703,"(-111.8141048, 41.7485503)",800 E 900 N
1768583011.0844128,17703,"(-111.8140861, 41.7485543)",800 E 900 N
1768583021.5350962,17703,"(-111.8140796, 41.7485621)",800 E 900 N
1768583031.82044,17703,"(-111.8140775, 41.7485675)",800 E 900 N
1768583042.110142,17703,"(-111.8140505, 41.7483798)",in_transit
1768583052.4023402,17703,"(-111.8140706, 41.7473836)",in_transit
1768583062.687076,17703,"(-111.8141096, 41.7465813)",in_transit
1768583072.991182,17703,"(-111.814126, 41.7461443)",in_transit
1768583083.2926762,17703,"(-111.814156, 41.7446385)",in_transit
1768583093.5872278,17703,"(-111.8135173, 41.7444276)",Field House
1768583103.942241,17703,"(-111.813473, 41.7444178)",Field House
1768583114.225046,17703,"(-111.8134563, 41.7444281)",Field House
1768583124.507671,17703,"(-111.8129168, 41.7444538)",in_transit
1768583134.792033,17703,"(-111.8118948, 41.7444498)",in_transit
1768583145.074422,17703,"(-111.811718, 41.7444601)",in_transit
1768583155.362515,17703,"(-111.8112231, 41.7444243)",in_transit
1768583165.659578,17703,"(-111.8109833, 41.7443998)",Veterinary Science
1768583175.952239,17703,"(-111.8109696, 41.7443991)",Veterinary Science
1768583186.28972,17703,"(-111.8109615, 41.7443981)",Veterinary Science
1768583196.593052,17703,"(-111.8109615, 41.7443828)",Veterinary Science
1768583206.9292102,17703,"(-111.8103453, 41.744418)",in_transit
1768583217.24635,17703,"(-111.8095525, 41.7444043)",in_transit
1768583227.582617,17703,"(-111.8089453, 41.7443846)",in_transit
1768583237.8700202,17703,"(-111.80815, 41.7443428)",Industrial Science
1768583248.174091,17703,"(-111.8080611, 41.7443453)",in_transit
1768583258.479422,17703,"(-111.808056, 41.7443506)",in_transit
1768583268.7875462,17703,"(-111.8080596, 41.7443515)",in_transit
1768583279.075517,17703,"(-111.8080525, 41.7443443)",in_transit
1768583289.379781,17703,"(-111.807514, 41.7443741)",in_transit
1768583299.683742,17703,"(-111.8067961, 41.7443543)",in_transit
1768583309.97566,17703,"(-111.805474, 41.7443375)",in_transit
1768583320.2654111,17703,"(-111.8045548, 41.7443193)",in_transit
1768583330.568851,17703,"(-111.8042608, 41.7450541)",Aggie Ice Cream
1768583340.8816378,17703,"(-111.8042591, 41.7456546)",in_transit
1768583351.185972,17703,"(-111.8042676, 41.7456945)",in_transit
1768583361.479324,17703,"(-111.8042916, 41.7461015)",in_transit
1768583371.776481,17703,"(-111.8042248, 41.7465735)",in_transit
1768583382.070879,17703,"(-111.8043143, 41.7472931)",in_transit
1768583392.356103,17703,"(-111.804334, 41.748639)",in_transit
1768583402.645486,17703,"(-111.804354, 41.7492285)",in_transit
1768583412.94291,17703,"(-111.8033985, 41.7493136)",in_transit
1768583423.2494452,17703,"(-111.8019521, 41.7493275)",in_transit
1768583433.5489678,17703,"(-111.8018458, 41.7495113)",in_transit
1768583443.825245,17703,"(-111.8020861, 41.7496296)",Lundstrum
1768583454.119039,17703,"(-111.8021128, 41.7496458)",Lundstrum
1768583464.4157498,17703,"(-111.8021108, 41.7496556)",Lundstrum
1768583474.704792,17703,"(-111.8021088, 41.74966)",Lundstrum
1768583484.995321,17703,"(-111.8023556, 41.7495426)",in_transit
1768583495.297737,17703,"(-111.8028796, 41.7493485)",in_transit
1768583505.589824,17703,"(-111.8028796, 41.7493485)",in_transit
1768583515.964913,17703,"(-111.8042895, 41.7495085)",in_transit
1768583526.319201,17703,"(-111.8043595, 41.7504376)",in_transit
1768583536.614281,17703,"(-111.8043568, 41.7507293)",Aggie Village 1
1768583546.944354,17703,"(-111.8043618, 41.7508141)",Aggie Village 1
1768583557.235548,17703,"(-111.8043906, 41.7512983)",in_transit
1768583567.556403,17703,"(-111.8044073, 41.7520958)",in_transit
1768583577.85552,17703,"(-111.804414, 41.7528581)",in_transit
1768583588.1572218,17703,"(-111.804685, 41.7530771)",in_transit
1768583598.578628,17703,"(-111.8059191, 41.7530671)",Aggie Village 2
1768583608.86132,17703,"(-111.8060571, 41.7530731)",Aggie Village 2
1768583619.1737149,17703,"(-111.8060608, 41.7530806)",Aggie Village 2
1768583629.46477,17703,"(-111.8061136, 41.7530725)",Aggie Village 2
1768583639.76117,17703,"(-111.8069395, 41.7530025)",in_transit
1768583650.050758,17703,"(-111.8075825, 41.7528168)",in_transit
1768583660.345527,17703,"(-111.808806, 41.752416)",in_transit
1768583670.645233,17703,"(-111.8090703, 41.7521573)",in_transit
1768583680.938582,17703,"(-111.8092756, 41.7515901)",Aggie Village 3
1768583691.22104,17703,"(-111.8092693, 41.75159)",Aggie Village 3
1768583701.525316,17703,"(-111.8092591, 41.7514218)",in_transit
1768583711.823903,17703,"(-111.8092606, 41.7508345)",in_transit
1768583722.10461,17703,"(-111.809269, 41.7502763)",in_transit
1768583732.3905752,17703,"(-111.8096493, 41.7501011)",in_transit
1768583742.6722612,17703,"(-111.811548, 41.7501471)",in_transit
1768583752.9787378,17703,"(-111.8129671, 41.7501551)",in_transit
1768583763.39736,17703,"(-111.8137726, 41.7501501)",in_transit
1768583773.690096,17703,"(-111.8139848, 41.7492845)",in_transit
1768583783.981702,17703,"(-111.8140893, 41.7486643)",800 E 900 N
1768583794.2736142,17703,"(-111.8140961, 41.7485423)",800 E 900 N
1768583804.552943,17703,"(-111.8140918, 41.7485406)",800 E 900 N
1768583814.8417878,17703,"(-111.814092, 41.7485415)",800 E 900 N
1768583825.139817,17703,"(-111.8140981, 41.7485458)",800 E 900 N
1768583835.433892,17703,"(-111.8140965, 41.7485505)",800 E 900 N
1768583845.757938,17703,"(-111.8140513, 41.7478355)",in_transit
1768583856.054955,17703,"(-111.8140766, 41.747135)",in_transit
1768583866.342433,17703,"(-111.814117, 41.745994)",in_transit
1768583876.644632,17703,"(-111.8141485, 41.7449333)",in_transit
1768583887.001572,17703,"(-111.8140475, 41.7444833)",in_transit
1768583897.289171,17703,"(-111.8137571, 41.7444348)",in_transit
1768583907.629465,17703,"(-111.813461, 41.744425)",Field House
1768583917.912092,17703,"(-111.8134548, 41.7444305)",Field House
1768583928.2415109,17703,"(-111.8134461, 41.7444295)",Field House
1768583938.539797,17703,"(-111.8125678, 41.7444568)",in_transit
1768583948.8225029,17703,"(-111.8119058, 41.744454)",in_transit
1768583959.1001852,17703,"(-111.811157, 41.7444166)",Veterinary Science
1768583969.400814,17703,"(-111.8109835, 41.7444031)",Veterinary Science
1768583979.694453,17703,"(-111.8109935, 41.7444008)",Veterinary Science
1768583990.027659,17703,"(-111.810995, 41.7443983)",Veterinary Science
1768584000.3119428,17703,"(-111.8109886, 41.7443973)",Veterinary Science
1768584010.64657,17703,"(-111.8109586, 41.7443996)",Veterinary Science
1768584020.9365618,17703,"(-111.8107185, 41.7444335)",in_transit
1768584031.229572,17703,"(-111.810688, 41.7444198)",in_transit
1768584041.5210931,17703,"(-111.8103, 41.7444215)",in_transit
1768584051.8142688,17703,"(-111.8100848, 41.7444235)",in_transit
1768584062.098785,17703,"(-111.8095888, 41.7444208)",in_transit
1768584072.390292,17703,"(-111.8086393, 41.7443955)",in_transit
1768584082.672271,17703,"(-111.8080913, 41.7443558)",Industrial Science
1768584093.082198,17703,"(-111.8080865, 41.7443593)",Industrial Science
1768584103.379194,17703,"(-111.8080873, 41.7443545)",Industrial Science
1768584113.660882,17703,"(-111.8080853, 41.7443498)",Industrial Science
1768584123.948239,17703,"(-111.8080825, 41.7443498)",Industrial Science
1768584134.239993,17703,"(-111.8080585, 41.7443515)",in_transit
1768584144.530984,17703,"(-111.8075501, 41.7443831)",in_transit
1768584154.810569,17703,"(-111.8068258, 41.7443653)",in_transit
1768584165.106196,17703,"(-111.8066028, 41.7443598)",in_transit
1768584175.417593,17703,"(-111.8056151, 41.7443438)",in_transit
1768584185.710266,17703,"(-111.8048038, 41.7443325)",in_transit
1768584196.005128,17703,"(-111.8043108, 41.744348)",in_transit
1768584206.283078,17703,"(-111.8042598, 41.7450408)",Aggie Ice Cream
1768584216.572795,17703,"(-111.8042611, 41.7456305)",in_transit
1768584226.86699,17703,"(-111.8042598, 41.7456923)",in_transit
1768584237.175038,17703,"(-111.8042716, 41.7459006)",in_transit
1768584247.461869,17703,"(-111.804308, 41.746372)",in_transit
1768584257.8121028,17703,"(-111.8042656, 41.746757)",in_transit
1768584268.12285,17703,"(-111.8043176, 41.7477555)",in_transit
1768584278.437096,17703,"(-111.8043535, 41.7490081)",in_transit
1768584288.725473,17703,"(-111.8041056, 41.7493041)",in_transit
1768584299.03047,17703,"(-111.8028995, 41.7493098)",in_transit
1768584309.31827,17703,"(-111.8020045, 41.749325)",in_transit
1768584319.5967271,17703,"(-111.8018515, 41.7495053)",in_transit
1768584330.033337,17703,"(-111.8020966, 41.7496281)",Lundstrum
1768584340.399015,17703,"(-111.8020941, 41.7496311)",Lundstrum
1768584350.675675,17703,"(-111.8020881, 41.7496328)",Lundstrum
1768584360.972039,17703,"(-111.8021108, 41.749629)",Lundstrum
1768584371.263437,17703,"(-111.802599, 41.7493645)",in_transit
1768584381.564235,17703,"(-111.8037325, 41.7493448)",in_transit
1768584391.856799,17703,"(-111.8042873, 41.7494951)",in_transit
1768584402.1528451,17703,"(-111.804367, 41.7504128)",in_transit
1768584412.458067,17703,"(-111.8043658, 41.7506955)",Aggie Village 1
1768584422.817111,17703,"(-111.8043626, 41.7508018)",Aggie Village 1
1768584433.1063502,17703,"(-111.8044045, 41.7516618)",in_transit
1768584443.414737,17703,"(-111.8044208, 41.752499)",in_transit
1768584453.704473,17703,"(-111.804692, 41.7530751)",in_transit
1768584463.991931,17703,"(-111.8055391, 41.7530655)",in_transit
1768584474.307748,17703,"(-111.805851, 41.753068)",in_transit
1768584484.6029508,17703,"(-111.806034, 41.753067)",Aggie Village 2
1768584494.889622,17703,"(-111.8060298, 41.7530655)",Aggie Village 2
1768584505.288535,17703,"(-111.8067176, 41.753028)",in_transit
1768584515.5778491,17703,"(-111.8074543, 41.7528436)",in_transit
1768584525.871837,17703,"(-111.8087015, 41.752466)",in_transit
1768584536.165219,17703,"(-111.8091831, 41.7519438)",in_transit
1768584546.457515,17703,"(-111.8092855, 41.7515971)",Aggie Village 3
1768584556.757175,17703,"(-111.809279, 41.7516003)",Aggie Village 3
1768584567.0586822,17703,"(-111.8092681, 41.751419)",in_transit
1768584577.374101,17703,"(-111.8092713, 41.7505313)",in_transit
1768584587.75705,17703,"(-111.8092706, 41.7502821)",in_transit
1768584598.088167,17703,"(-111.8092696, 41.7501855)",in_transit
1768584608.3868911,17703,"(-111.8095338, 41.750104)",in_transit
1768584618.701778,17703,"(-111.8114368, 41.7501453)",in_transit
1768584628.9856498,17703,"(-111.8127536, 41.7501513)",in_transit
1768584639.275271,17703,"(-111.8139316, 41.7501163)",in_transit
1768584649.5580952,17703,"(-111.813989, 41.7492223)",in_transit
1768584659.8545952,17703,"(-111.8140926, 41.7486206)",800 E 900 N
1768584670.214394,17703,"(-111.8141115, 41.748544)",800 E 900 N
1768584680.524929,17703,"(-111.8141368, 41.7485556)",800 E 900 N
1768584690.808985,17703,"(-111.814071, 41.7481175)",in_transit
1768584701.109228,17703,"(-111.814096, 41.7469853)",in_transit
1768584711.39994,17703,"(-111.8141275, 41.7461366)",in_transit
1768584721.686859,17703,"(-111.8141505, 41.7449795)",in_transit
1768584732.0017622,17703,"(-111.8141466, 41.7447991)",in_transit
1768584742.29136,17703,"(-111.8141356, 41.7448025)",in_transit
1768584752.689302,17703,"(-111.8141373, 41.7448005)",in_transit
1768584762.976833,17703,"(-111.8141496, 41.7447395)",in_transit
1768584773.280437,17703,"(-111.8138951, 41.7444533)",in_transit
1768584783.5824409,17703,"(-111.8135131, 41.7444175)",Field House
1768584793.896642,17703,"(-111.8135083, 41.7444145)",Field House
1768584804.19247,17703,"(-111.8134563, 41.744421)",Field House
1768584814.489002,17703,"(-111.812842, 41.7444523)",in_transit
1768584824.793404,17703,"(-111.8120781, 41.7444471)",in_transit
1768584835.1930418,17703,"(-111.8116738, 41.744464)",in_transit
1768584845.4855192,17703,"(-111.8111828, 41.7444183)",Veterinary Science
1768584855.782578,17703,"(-111.810992, 41.7443978)",Veterinary Science
1768584866.090712,17703,"(-111.8109833, 41.7443983)",Veterinary Science
1768584876.3988469,17703,"(-111.8109731, 41.744401)",Veterinary Science
1768584886.687635,17703,"(-111.8103745, 41.7444296)",in_transit
1768584896.980101,17703,"(-111.8095231, 41.7444145)",in_transit
1768584907.283942,17703,"(-111.8082998, 41.7443478)",Industrial Science
1768584917.676594,17703,"(-111.808088, 41.7443391)",Industrial Science
1768584927.984491,17703,"(-111.8080828, 41.744333)",Industrial Science
1768584938.314091,17703,"(-111.8080756, 41.7443351)",Industrial Science
1768584948.597983,17703,"(-111.8080638, 41.744343)",in_transit
1768584958.891374,17703,"(-111.808056, 41.744345)",in_transit
1768584969.200984,17703,"(-111.807889, 41.74437)",in_transit
1768584979.498392,17703,"(-111.8067678, 41.7443575)",in_transit
1768584989.776015,17703,"(-111.8053226, 41.7443326)",in_transit
1768585000.173567,17703,"(-111.804546, 41.74432)",in_transit
1768585010.46308,17703,"(-111.8042363, 41.7445418)",in_transit
1768585020.754984,17703,"(-111.8042646, 41.7455976)",in_transit
1768585031.050188,17703,"(-111.8042675, 41.7456678)",in_transit
1768585041.328196,17703,"(-111.8042761, 41.7456725)",in_transit
1768585051.616271,17703,"(-111.8042818, 41.7457318)",in_transit
1768585061.90298,17703,"(-111.8043026, 41.7464351)",in_transit
1768585072.190175,17703,"(-111.8043045, 41.7468975)",in_transit
1768585082.571525,17703,"(-111.8043316, 41.7481146)",in_transit
1768585092.8614771,17703,"(-111.8043535, 41.7489045)",in_transit
1768585103.144165,17703,"(-111.804127, 41.74931)",in_transit
1768585113.432748,17703,"(-111.8029683, 41.7493138)",in_transit
1768585123.725371,17703,"(-111.8019961, 41.7493245)",in_transit
1768585134.039958,17703,"(-111.8018448, 41.7495071)",in_transit
1768585144.3282712,17703,"(-111.8021018, 41.7496313)",Lundstrum
1768585154.622182,17703,"(-111.8021086, 41.7496358)",Lundstrum
1768585164.940342,17703,"(-111.802111, 41.7496396)",Lundstrum
1768585175.236228,17703,"(-111.802122, 41.7496501)",Lundstrum
1768585185.533748,17703,"(-111.8023668, 41.7495348)",in_transit
1768585195.834652,17703,"(-111.8033436, 41.7493503)",in_transit
1768585206.1558568,17703,"(-111.804007, 41.749365)",in_transit
1768585216.445372,17703,"(-111.8043846, 41.7497261)",in_transit
1768585226.749588,17703,"(-111.8043645, 41.7505046)",in_transit
1768585237.078846,17703,"(-111.8043616, 41.750752)",Aggie Village 1
1768585247.467884,17703,"(-111.8043671, 41.7508158)",Aggie Village 1
1768585257.8702898,17703,"(-111.8043888, 41.7510155)",in_transit
1768585268.156843,17703,"(-111.8044103, 41.7520876)",in_transit
1768585278.492233,17703,"(-111.8044196, 41.752837)",in_transit
1768585288.776546,17703,"(-111.804671, 41.753077)",in_transit
1768585299.070038,17703,"(-111.805587, 41.7530685)",in_transit
1768585309.358558,17703,"(-111.8059185, 41.7530716)",Aggie Village 2
1768585319.641828,17703,"(-111.8060708, 41.7530715)",Aggie Village 2
1768585330.032385,17703,"(-111.8063155, 41.7530431)",in_transit
1768585340.309408,17703,"(-111.807435, 41.7528515)",in_transit
1768585350.594122,17703,"(-111.808333, 41.7525976)",in_transit
1768585360.880099,17703,"(-111.8092073, 41.7518996)",in_transit
1768585371.156929,17703,"(-111.8092723, 41.751673)",Aggie Village 3
1768585381.4362502,17703,"(-111.8092821, 41.7515926)",Aggie Village 3
1768585391.7251031,17703,"(-111.8092678, 41.7514098)",in_transit
1768585402.00609,17703,"(-111.8092656, 41.750557)",in_transit
1768585412.336095,17703,"(-111.8092651, 41.7502855)",in_transit
1768585422.6174872,17703,"(-111.8096371, 41.7501081)",in_transit
1768585432.907457,17703,"(-111.8112781, 41.7501368)",in_transit
1768585443.196834,17703,"(-111.8126218, 41.7501453)",in_transit
1768585453.474079,17703,"(-111.8135956, 41.7501373)",in_transit
1768585463.7833788,17703,"(-111.8136821, 41.7501338)",in_transit
1768585474.090136,17703,"(-111.8136828, 41.750128)",in_transit
1768585484.375456,17703,"(-111.813685, 41.7501316)",in_transit
1768585494.690191,17703,"(-111.8139848, 41.7499468)",in_transit
1768585504.9795,17703,"(-111.8140028, 41.7489961)",in_transit
1768585515.267503,17703,"(-111.8140843, 41.7486841)",800 E 900 N
1768585525.551927,17703,"(-111.814103, 41.7485446)",800 E 900 N
1768585535.855575,17703,"(-111.8141096, 41.7485435)",800 E 900 N
1768585546.182493,17703,"(-111.8140671, 41.7477758)",in_transit
1768585556.4861498,17703,"(-111.8140671, 41.7477758)",in_transit
1768585566.77649,17703,"(-111.8141346, 41.7457188)",in_transit
1768585577.2237928,17703,"(-111.8141346, 41.7457188)",in_transit
1768585587.5727448,17703,"(-111.8141553, 41.7446571)",in_transit
1768585597.975424,17703,"(-111.8141555, 41.7446583)",in_transit
1768585608.259646,17703,"(-111.81415, 41.7446631)",in_transit
1768585618.558517,17703,"(-111.81415, 41.7446631)",in_transit
1768585628.875479,17703,"(-111.81415, 41.7446631)",in_transit
1768585639.201992,17703,"(-111.81415, 41.7446631)",in_transit
1768585649.500235,17703,"(-111.81415, 41.7446631)",in_transit
1768585659.812375,17703,"(-111.81415, 41.7446631)",in_transit
1768585670.117764,17703,"(-111.8135401, 41.744406)",Field House
1768585680.4048882,17703,"(-111.81353, 41.7444103)",Field House
1768585690.689025,17703,"(-111.8135301, 41.7444253)",Field House
1768585700.983561,17703,"(-111.813531, 41.7444476)",Field House
1768585711.3031769,17703,"(-111.8135328, 41.7444635)",Field House
1768585721.605889,17703,"(-111.8135345, 41.7444691)",Field House
1768585731.909226,17703,"(-111.8135426, 41.7444833)",Field House
1768585742.45118,17703,"(-111.8135545, 41.7445046)",Field House
1768585752.7468412,17703,"(-111.813552, 41.7444956)",Field House
1768585763.041375,17703,"(-111.813548, 41.7444891)",Field House
1768585773.331148,17703,"(-111.8135541, 41.7444896)",Field House
1768585783.611797,17703,"(-111.813562, 41.7444831)",Field House
1768585794.130422,17703,"(-111.8135633, 41.7444733)",Field House
1768585804.447983,17703,"(-111.8135503, 41.744472)",Field House
1768585814.753859,17703,"(-111.8135386, 41.7444573)",Field House
1768585825.077042,17703,"(-111.8135411, 41.7444518)",Field House
1768585835.36681,17703,"(-111.8135468, 41.7444483)",Field House
1768585845.658674,17703,"(-111.813277, 41.744466)",Field House
1768585855.966968,17703,"(-111.8122963, 41.7444565)",in_transit
1768585866.241303,17703,"(-111.8116591, 41.7444646)",in_transit
1768585876.5430028,17703,"(-111.8111085, 41.744412)",Veterinary Science
1768585886.827817,17703,"(-111.8109481, 41.7444023)",Veterinary Science
1768585897.1049442,17703,"(-111.8109473, 41.7443975)",Veterinary Science
1768585907.436987,17703,"(-111.8099366, 41.744419)",in_transit
1768585917.734529,17703,"(-111.8090595, 41.7444056)",in_transit
1768585928.065849,17703,"(-111.8083005, 41.7443596)",Industrial Science
1768585938.368005,17703,"(-111.8080721, 41.7443421)",Industrial Science
1768585948.684434,17703,"(-111.8080785, 41.7443355)",Industrial Science
1768585958.9768791,17703,"(-111.8070431, 41.744357)",in_transit
1768585969.260714,17703,"(-111.806111, 41.7443286)",in_transit
1768585979.554642,17703,"(-111.8047273, 41.7443276)",in_transit
1768585989.898035,17703,"(-111.8042446, 41.7445148)",in_transit
1768586000.196628,17703,"(-111.804262, 41.7454485)",in_transit
1768586010.483454,17703,"(-111.8042626, 41.7456486)",in_transit
1768586020.784884,17703,"(-111.8042671, 41.7456756)",in_transit
1768586031.0720892,17703,"(-111.804293, 41.7464135)",in_transit
1768586041.358946,17703,"(-111.8043111, 41.747268)",in_transit
1768586051.663553,17703,"(-111.804324, 41.7481498)",in_transit
1768586061.972162,17703,"(-111.8043468, 41.7492268)",in_transit
1768586072.295726,17703,"(-111.8041046, 41.7493136)",in_transit
1768586082.584704,17703,"(-111.8024461, 41.7493196)",in_transit
1768586092.8773382,17703,"(-111.8020341, 41.7493255)",in_transit
1768586103.1716511,17703,"(-111.8020341, 41.7493255)",in_transit
1768586113.464873,17703,"(-111.8020966, 41.749627)",Lundstrum
1768586123.7368078,17703,"(-111.8020973, 41.7496256)",Lundstrum
1768586134.045095,17703,"(-111.8023458, 41.7495321)",in_transit
1768586144.324697,17703,"(-111.8032443, 41.749344)",in_transit
1768586154.663684,17703,"(-111.8040526, 41.7493708)",in_transit
1768586164.954916,17703,"(-111.8041638, 41.7494043)",in_transit
1768586175.237052,17703,"(-111.8043798, 41.7498255)",in_transit
1768586185.5297542,17703,"(-111.8043606, 41.7506698)",in_transit
1768586195.8135822,17703,"(-111.804365, 41.7508026)",Aggie Village 1
1768586206.091924,17703,"(-111.8043975, 41.7510328)",in_transit
1768586216.392434,17703,"(-111.8044135, 41.7519321)",in_transit
1768586226.6894982,17703,"(-111.8044211, 41.7529376)",in_transit
1768586236.9969091,17703,"(-111.804479, 41.75304)",in_transit
1768586247.272408,17703,"(-111.8053223, 41.7530606)",in_transit
1768586257.8536582,17703,"(-111.8059946, 41.753071)",Aggie Village 2
1768586268.161578,17703,"(-111.80604, 41.753066)",Aggie Village 2
1768586278.467378,17703,"(-111.8061058, 41.7530548)",Aggie Village 2
1768586288.752516,17703,"(-111.8073053, 41.7528823)",in_transit
1768586299.30547,17703,"(-111.8082448, 41.7526223)",in_transit
1768586309.577539,17703,"(-111.8091851, 41.7519485)",in_transit
1768586320.0103831,17703,"(-111.8092741, 41.7517041)",Aggie Village 3
1768586330.291925,17703,"(-111.809281, 41.751596)",Aggie Village 3
1768586340.5746372,17703,"(-111.8092575, 41.7514071)",in_transit
1768586350.8669271,17703,"(-111.809254, 41.7508586)",in_transit
1768586361.166762,17703,"(-111.809254, 41.7502893)",in_transit
1768586371.448184,17703,"(-111.8095606, 41.7501048)",in_transit
1768586381.741932,17703,"(-111.8108171, 41.7501305)",in_transit
1768586392.050272,17703,"(-111.8128318, 41.7501491)",in_transit
1768586402.474773,17703,"(-111.8135761, 41.7501425)",in_transit
1768586412.77871,17703,"(-111.8136513, 41.750139)",in_transit
1768586423.075307,17703,"(-111.8139776, 41.7499003)",in_transit
1768586433.360378,17703,"(-111.814016, 41.7488656)",in_transit
1768586443.641862,17703,"(-111.8140926, 41.748617)",800 E 900 N
1768586453.9375129,17703,"(-111.8141046, 41.7485415)",800 E 900 N
1768586464.251807,17703,"(-111.8141061, 41.7485331)",800 E 900 N
1768586474.548901,17703,"(-111.8140653, 41.7477485)",in_transit
1768586484.8710809,17703,"(-111.8140896, 41.7469638)",in_transit
1768586495.14274,17703,"(-111.8141301, 41.746073)",in_transit
1768586505.445845,17703,"(-111.8141301, 41.746073)",in_transit
1768586515.729506,17703,"(-111.8139833, 41.7444651)",in_transit
1768586526.039934,17703,"(-111.8139833, 41.7444651)",in_transit
1768586536.320533,17703,"(-111.8135385, 41.7444313)",Field House
1768586546.610204,17703,"(-111.8135461, 41.7444493)",Field House
1768586556.8868911,17703,"(-111.8135443, 41.7444553)",Field House
1768586567.181565,17703,"(-111.8128453, 41.7444633)",in_transit
1768586577.52352,17703,"(-111.8119923, 41.7444521)",in_transit
1768586587.80915,17703,"(-111.8112418, 41.7444295)",in_transit
1768586598.132184,17703,"(-111.8109978, 41.7444061)",Veterinary Science
1768586608.4260428,17703,"(-111.8109971, 41.7444053)",Veterinary Science
1768586618.779304,17703,"(-111.8109405, 41.7444198)",Veterinary Science
1768586629.068579,17703,"(-111.8099441, 41.7444288)",in_transit
1768586639.392879,17703,"(-111.8086973, 41.7443946)",in_transit
1768586649.727345,17703,"(-111.808107, 41.7443478)",Industrial Science
1768586660.050612,17703,"(-111.8080651, 41.7443435)",in_transit
1768586670.333633,17703,"(-111.8080733, 41.7443403)",Industrial Science
1768586680.646966,17703,"(-111.8080325, 41.7443428)",in_transit
1768586690.9299011,17703,"(-111.8067866, 41.744352)",in_transit
1768586701.208941,17703,"(-111.8057606, 41.7443341)",in_transit
1768586711.494766,17703,"(-111.8044333, 41.7443216)",in_transit
1768586721.786245,17703,"(-111.8042623, 41.7450653)",Aggie Ice Cream
1768586732.180202,17703,"(-111.8042703, 41.7456483)",in_transit
1768586742.4725509,17703,"(-111.8042793, 41.745683)",in_transit
1768586752.761932,17703,"(-111.8043233, 41.7463563)",in_transit
1768586763.072322,17703,"(-111.8042913, 41.7468145)",in_transit
1768586773.38257,17703,"(-111.8043285, 41.7480073)",in_transit
1768586783.679204,17703,"(-111.8043636, 41.7491943)",in_transit
1768586793.9693708,17703,"(-111.8038485, 41.749306)",in_transit
1768586804.267416,17703,"(-111.8023201, 41.749324)",in_transit
1768586814.605525,17703,"(-111.801945, 41.7493385)",in_transit
1768586825.1720152,17703,"(-111.801945, 41.7493385)",in_transit
1768586835.475108,17703,"(-111.8020773, 41.7496238)",Lundstrum
1768586845.773597,17703,"(-111.8020823, 41.7496226)",Lundstrum
1768586856.077869,17703,"(-111.8023863, 41.7494943)",in_transit
1768586866.353896,17703,"(-111.8026318, 41.7493551)",in_transit
1768586876.650103,17703,"(-111.8038385, 41.7493503)",in_transit
1768586886.948819,17703,"(-111.8043415, 41.7495801)",in_transit
1768586897.280308,17703,"(-111.8043626, 41.7504368)",in_transit
1768586907.565709,17703,"(-111.8043666, 41.7507166)",Aggie Village 1
1768586917.865289,17703,"(-111.8043706, 41.7508058)",Aggie Village 1
1768586928.2393851,17703,"(-111.8044023, 41.751521)",in_transit
1768586938.517743,17703,"(-111.8044276, 41.7527323)",in_transit
1768586948.857818,17703,"(-111.8046965, 41.7530766)",in_transit
1768586959.156673,17703,"(-111.8058551, 41.7530641)",in_transit
1768586969.474734,17703,"(-111.8058551, 41.7530641)",in_transit
1768586979.8038242,17703,"(-111.806048, 41.753066)",Aggie Village 2
1768586990.1232471,17703,"(-111.8068201, 41.7530056)",in_transit
1768587000.3997838,17703,"(-111.8081386, 41.7526383)",in_transit
1768587010.69893,17703,"(-111.808922, 41.7523233)",in_transit
1768587020.983844,17703,"(-111.809272, 41.7517056)",Aggie Village 3
1768587031.272557,17703,"(-111.8092796, 41.7515975)",Aggie Village 3
1768587041.552122,17703,"(-111.809269, 41.751457)",in_transit
1768587051.827512,17703,"(-111.809265, 41.7506351)",in_transit
1768587062.184347,17703,"(-111.8092623, 41.750187)",in_transit
1768587072.485537,17703,"(-111.8092638, 41.7501758)",in_transit
1768587082.756256,17703,"(-111.8092936, 41.7501206)",in_transit
1768587093.026887,17703,"(-111.8109646, 41.7501328)",in_transit
1768587103.313243,17703,"(-111.811678, 41.7501443)",in_transit
1768587113.622995,17703,"(-111.8134496, 41.7501426)",in_transit
1768587123.913394,17703,"(-111.8139441, 41.7500578)",in_transit
1768587134.19259,17703,"(-111.8140355, 41.7488516)",in_transit
1768587144.4920828,17703,"(-111.8140986, 41.7486206)",800 E 900 N
1768587154.775763,17703,"(-111.8141073, 41.7485686)",800 E 900 N
1768587165.042547,17703,"(-111.8141306, 41.748573)",800 E 900 N
1768587175.331626,17703,"(-111.814147, 41.7485726)",800 E 900 N
1768587185.634864,17703,"(-111.814149, 41.7485791)",800 E 900 N
1768587195.940119,17703,"(-111.8140966, 41.7483825)",in_transit
1768587206.257212,17703,"(-111.8140875, 41.7474573)",in_transit
1768587216.53969,17703,"(-111.8141305, 41.7462695)",in_transit
1768587226.9111092,17703,"(-111.8141646, 41.745381)",in_transit
1768587237.195068,17703,"(-111.8141611, 41.7447591)",in_transit
1768587247.485557,17703,"(-111.8141578, 41.7446853)",in_transit
1768587257.764213,17703,"(-111.8141616, 41.7446341)",in_transit
1768587268.051114,17703,"(-111.8141565, 41.7445955)",in_transit
1768587278.448986,17703,"(-111.8139038, 41.7444611)",in_transit
1768587288.745214,17703,"(-111.8134768, 41.744436)",Field House
1768587299.096619,17703,"(-111.813483, 41.744433)",Field House
1768587309.4206662,17703,"(-111.8131721, 41.744458)",in_transit
1768587319.734336,17703,"(-111.8124435, 41.7444565)",in_transit
1768587330.028594,17703,"(-111.8113055, 41.7444343)",in_transit
1768587340.338421,17703,"(-111.811059, 41.7444025)",Veterinary Science
1768587350.635922,17703,"(-111.8110011, 41.7443995)",Veterinary Science
1768587360.962746,17703,"(-111.8107463, 41.744413)",in_transit
1768587371.252779,17703,"(-111.8096018, 41.744408)",in_transit
1768587381.547387,17703,"(-111.8089633, 41.7443901)",in_transit
1768587391.85584,17703,"(-111.808139, 41.7443436)",Industrial Science
1768587402.14193,17703,"(-111.808139, 41.7443436)",Industrial Science
1768587412.536795,17703,"(-111.80807, 41.744339)",in_transit
1768587422.833028,17703,"(-111.8080725, 41.7443381)",Industrial Science
1768587433.118892,17703,"(-111.8078261, 41.7443661)",in_transit
1768587443.41078,17703,"(-111.807188, 41.7443588)",in_transit
1768587453.6900191,17703,"(-111.805659, 41.7443325)",in_transit
1768587463.9905238,17703,"(-111.8047505, 41.7443196)",in_transit
1768587474.3284092,17703,"(-111.8045641, 41.7443146)",in_transit
1768587484.6309109,17703,"(-111.804569, 41.7443135)",in_transit
1768587494.9197912,17703,"(-111.8044678, 41.7443145)",in_transit
1768587505.209087,17703,"(-111.8042698, 41.7450355)",Aggie Ice Cream
1768587515.489864,17703,"(-111.8042731, 41.7456203)",in_transit
1768587525.77349,17703,"(-111.804277, 41.7456811)",in_transit
1768587536.075383,17703,"(-111.8043143, 41.7463041)",in_transit
1768587546.427354,17703,"(-111.8043085, 41.7469168)",in_transit
1768587556.795616,17703,"(-111.8043313, 41.7481178)",in_transit
1768587567.092833,17703,"(-111.8043361, 41.7492403)",in_transit
1768587577.400789,17703,"(-111.8040871, 41.7493128)",in_transit
1768587587.6797109,17703,"(-111.8022436, 41.7493225)",in_transit
1768587597.989856,17703,"(-111.8019176, 41.749334)",in_transit
1768587608.320619,17703,"(-111.8019101, 41.7495666)",Lundstrum
1768587618.615087,17703,"(-111.8019076, 41.74956)",Lundstrum
1768587628.921972,17703,"(-111.8019143, 41.749561)",Lundstrum
1768587639.306262,17703,"(-111.8019251, 41.7495641)",Lundstrum
1768587649.611525,17703,"(-111.8020756, 41.7496238)",Lundstrum
1768587659.9280949,17703,"(-111.8020756, 41.7496238)",Lundstrum
1768587670.233902,17703,"(-111.8027278, 41.7493481)",in_transit
1768587680.542957,17703,"(-111.8039031, 41.749358)",in_transit
1768587690.844712,17703,"(-111.8041363, 41.749392)",in_transit
1768587701.141587,17703,"(-111.8043805, 41.7498575)",in_transit
1768587711.448336,17703,"(-111.8043668, 41.7506641)",in_transit
1768587721.823008,17703,"(-111.8043641, 41.7508035)",Aggie Village 1
1768587732.112332,17703,"(-111.8043806, 41.750947)",Aggie Village 1
1768587742.399507,17703,"(-111.8044116, 41.752397)",in_transit
1768587752.678944,17703,"(-111.804439, 41.7530133)",in_transit
1768587762.976546,17703,"(-111.8054778, 41.7530623)",in_transit
1768587773.269058,17703,"(-111.805875, 41.7530671)",Aggie Village 2
1768587783.558212,17703,"(-111.8060526, 41.7530713)",Aggie Village 2
1768587793.853972,17703,"(-111.806308, 41.7530313)",in_transit
1768587804.16863,17703,"(-111.8072746, 41.7528936)",in_transit
1768587814.46314,17703,"(-111.8082141, 41.7526276)",in_transit
1768587824.744958,17703,"(-111.8091708, 41.7519856)",in_transit
1768587835.042324,17703,"(-111.8092856, 41.751631)",Aggie Village 3
1768587845.333812,17703,"(-111.809287, 41.751595)",Aggie Village 3
1768587855.6276858,17703,"(-111.8092601, 41.7511173)",in_transit
1768587865.912045,17703,"(-111.8092648, 41.7502256)",in_transit
1768587876.195298,17703,"(-111.8094115, 41.750099)",in_transit
1768587886.50991,17703,"(-111.8106675, 41.7501308)",in_transit
1768587896.797398,17703,"(-111.8127265, 41.7501558)",in_transit
1768587907.102649,17703,"(-111.8135618, 41.7501436)",in_transit
1768587917.395385,17703,"(-111.813667, 41.7501435)",in_transit
1768587927.695093,17703,"(-111.813675, 41.7501391)",in_transit
1768587937.989692,17703,"(-111.8138061, 41.7501401)",in_transit
1768587948.308076,17703,"(-111.813818, 41.7501408)",in_transit
1768587958.6147242,17703,"(-111.8139853, 41.7497201)",in_transit
1768587969.01311,17703,"(-111.8140166, 41.748901)",in_transit
1768587979.317245,17703,"(-111.8141033, 41.7485488)",800 E 900 N
1768587989.63049,17703,"(-111.8141033, 41.7485488)",800 E 900 N
1768587999.965624,17703,"(-111.814094, 41.7485448)",800 E 900 N
1768588010.2694,17703,"(-111.8140488, 41.7480891)",in_transit
1768588020.5783172,17703,"(-111.8141001, 41.7469316)",in_transit
1768588030.873523,17703,"(-111.8141298, 41.746058)",in_transit
1768588041.175956,17703,"(-111.8141468, 41.7456193)",in_transit
1768588051.580731,17703,"(-111.814214, 41.74448)",in_transit
1768588061.883667,17703,"(-111.8142996, 41.7436641)",in_transit
1768588072.191208,17703,"(-111.8142046, 41.7434838)",in_transit
1768588082.4945762,17703,"(-111.8139845, 41.7437178)",in_transit
1768588092.799351,17703,"(-111.813992, 41.7437135)",in_transit
1768588103.08324,17703,"(-111.813987, 41.7437096)",in_transit
1768588113.385509,17703,"(-111.8139941, 41.7437093)",in_transit
1768588123.676527,17703,"(-111.8139761, 41.7437046)",in_transit
1768588133.984158,17703,"(-111.814035, 41.7437775)",in_transit
1768588144.283509,17703,"(-111.8141025, 41.7442933)",in_transit
1768588154.571839,17703,"(-111.8141336, 41.7443491)",in_transit
1768588164.8621151,17703,"(-111.8141401, 41.7443768)",in_transit
1768588175.156589,17703,"(-111.8138848, 41.744483)",in_transit
1768588185.4307032,17703,"(-111.8134873, 41.7444343)",Field House
1768588195.736921,17703,"(-111.81349, 41.7444301)",Field House
1768588206.03141,17703,"(-111.8134818, 41.7444348)",Field House
1768588216.3985448,17703,"(-111.81343, 41.7444485)",Field House
1768588226.7023628,17703,"(-111.8123491, 41.744449)",in_transit
1768588236.9991128,17703,"(-111.8116816, 41.7444568)",in_transit
1768588247.28597,17703,"(-111.8111248, 41.7444041)",Veterinary Science
1768588257.575624,17703,"(-111.810972, 41.7443993)",Veterinary Science
1768588267.866911,17703,"(-111.8109831, 41.7444011)",Veterinary Science
1768588278.1517062,17703,"(-111.8109861, 41.7444116)",Veterinary Science
1768588288.483732,17703,"(-111.810978, 41.7444285)",Veterinary Science
1768588298.8428822,17703,"(-111.8107191, 41.7444463)",in_transit
1768588309.182542,17703,"(-111.809646, 41.7444325)",in_transit
1768588319.5174432,17703,"(-111.8090015, 41.7444136)",in_transit
1768588329.833931,17703,"(-111.8083451, 41.7443643)",Industrial Science
1768588340.158379,17703,"(-111.8080911, 41.7443451)",Industrial Science
1768588350.449435,17703,"(-111.8080861, 41.7443426)",Industrial Science
1768588360.740163,17703,"(-111.8080868, 41.7443368)",Industrial Science
1768588371.036446,17703,"(-111.8080805, 41.744334)",Industrial Science
1768588381.370662,17703,"(-111.8080755, 41.744332)",Industrial Science
1768588391.68215,17703,"(-111.8080755, 41.7443323)",Industrial Science
1768588401.9710348,17703,"(-111.8079785, 41.7443453)",in_transit
1768588412.266194,17703,"(-111.8069795, 41.7443478)",in_transit
1768588422.637731,17703,"(-111.8060838, 41.7443201)",in_transit
1768588433.047483,17703,"(-111.804704, 41.7443153)",in_transit
1768588443.3991969,17703,"(-111.8045655, 41.7443095)",in_transit
1768588453.691646,17703,"(-111.804572, 41.7443046)",in_transit
1768588464.183265,17703,"(-111.804574, 41.7443008)",in_transit
1768588474.532189,17703,"(-111.8045638, 41.744299)",in_transit
1768588484.83168,17703,"(-111.8043276, 41.7443148)",in_transit
1768588495.1263208,17703,"(-111.8042726, 41.745208)",Aggie Ice Cream
1768588505.430571,17703,"(-111.8042771, 41.7455301)",in_transit
1768588515.7111092,17703,"(-111.8042791, 41.7456755)",in_transit
1768588525.999713,17703,"(-111.8042675, 41.7456775)",in_transit
1768588536.297473,17703,"(-111.8042888, 41.7460338)",in_transit
1768588546.6269498,17703,"(-111.8042775, 41.7467636)",in_transit
1768588556.917875,17703,"(-111.8043216, 41.747669)",in_transit
1768588567.220413,17703,"(-111.8043588, 41.7489678)",in_transit
1768588577.526322,17703,"(-111.80411, 41.7493108)",in_transit
1768588587.832951,17703,"(-111.8028901, 41.7493075)",in_transit
1768588598.14845,17703,"(-111.8019831, 41.7493206)",in_transit
1768588608.559333,17703,"(-111.8018525, 41.7495048)",in_transit
1768588618.863661,17703,"(-111.8019223, 41.7495601)",Lundstrum
1768588629.234777,17703,"(-111.8019306, 41.7495595)",Lundstrum
1768588639.535913,17703,"(-111.8019288, 41.7495605)",Lundstrum
1768588649.850595,17703,"(-111.8019265, 41.749559)",Lundstrum
1768588660.1479738,17703,"(-111.8019256, 41.7495601)",Lundstrum
1768588670.436787,17703,"(-111.8019303, 41.7495643)",Lundstrum
1768588680.740949,17703,"(-111.8019376, 41.7495633)",Lundstrum
1768588691.0280662,17703,"(-111.8020135, 41.7495965)",Lundstrum
1768588701.310953,17703,"(-111.8024363, 41.7494301)",in_transit
1768588711.638665,17703,"(-111.8026826, 41.7493393)",in_transit
1768588721.9423318,17703,"(-111.8040493, 41.7493646)",in_transit
1768588732.229975,17703,"(-111.8040718, 41.7493648)",in_transit
1768588742.516552,17703,"(-111.8041448, 41.7493933)",in_transit
1768588752.812873,17703,"(-111.8042343, 41.7494555)",in_transit
1768588763.12943,17703,"(-111.8043806, 41.7498886)",in_transit
1768588773.4393432,17703,"(-111.8043505, 41.7501616)",in_transit
1768588783.74904,17703,"(-111.8043648, 41.7507196)",Aggie Village 1
1768588794.080072,17703,"(-111.8043738, 41.7508091)",Aggie Village 1
1768588804.393505,17703,"(-111.8043761, 41.7508126)",Aggie Village 1
1768588814.699102,17703,"(-111.8044181, 41.7517218)",in_transit
1768588825.001879,17703,"(-111.8044305, 41.7528083)",in_transit
1768588835.293247,17703,"(-111.8044433, 41.7529965)",in_transit
1768588845.597882,17703,"(-111.8053223, 41.753062)",in_transit
1768588855.8889751,17703,"(-111.8059908, 41.7530725)",Aggie Village 2
1768588866.2039611,17703,"(-111.8060648, 41.753073)",Aggie Village 2
1768588876.594669,17703,"(-111.8060731, 41.7530673)",Aggie Village 2
1768588886.912797,17703,"(-111.8064465, 41.7530328)",in_transit
1768588897.22026,17703,"(-111.8077173, 41.752769)",in_transit
1768588907.535348,17703,"(-111.8086373, 41.7524946)",in_transit
1768588917.849469,17703,"(-111.8092231, 41.7518843)",in_transit
1768588928.147369,17703,"(-111.8092841, 41.7516648)",Aggie Village 3
1768588938.45101,17703,"(-111.8092828, 41.7515865)",Aggie Village 3
1768588948.7802272,17703,"(-111.8092788, 41.7515883)",Aggie Village 3
1768588959.097884,17703,"(-111.8092508, 41.7508976)",in_transit
1768588969.432508,17703,"(-111.8092601, 41.7502758)",in_transit
1768588979.760872,17703,"(-111.8093151, 41.7501025)",in_transit
1768588990.046039,17703,"(-111.8108586, 41.7501281)",in_transit
1768589000.339705,17703,"(-111.8122683, 41.750149)",in_transit
1768589010.637836,17703,"(-111.8135805, 41.7501413)",in_transit
1768589020.926761,17703,"(-111.8136558, 41.750151)",in_transit
1768589031.221289,17703,"(-111.8136493, 41.75016)",in_transit
1768589041.5669508,17703,"(-111.813808, 41.75016)",in_transit
1768589051.850643,17703,"(-111.8139908, 41.749607)",in_transit
1768589062.143122,17703,"(-111.8141016, 41.748602)",800 E 900 N
1768589072.436286,17703,"(-111.8141161, 41.7485296)",800 E 900 N
1768589082.7240582,17703,"(-111.8141235, 41.748519)",800 E 900 N
1768589093.023199,17703,"(-111.8141091, 41.7484508)",in_transit
1768589103.3188128,17703,"(-111.8140745, 41.7475038)",in_transit
1768589113.61649,17703,"(-111.814109, 41.7466881)",in_transit
1768589123.948426,17703,"(-111.814152, 41.7453683)",in_transit
1768589134.242499,17703,"(-111.8141508, 41.7450358)",in_transit
1768589144.538097,17703,"(-111.8141491, 41.744858)",in_transit
1768589154.837352,17703,"(-111.8141505, 41.7447893)",in_transit
1768589165.1695302,17703,"(-111.814021, 41.744484)",in_transit
1768589175.458771,17703,"(-111.8137751, 41.744443)",in_transit
1768589185.753446,17703,"(-111.8134575, 41.7444315)",Field House
1768589196.056828,17703,"(-111.8134475, 41.744439)",Field House
1768589206.448218,17703,"(-111.8127936, 41.7444658)",in_transit
1768589216.740373,17703,"(-111.8120648, 41.7444543)",in_transit
1768589227.0366158,17703,"(-111.8115808, 41.7444548)",in_transit
1768589237.333899,17703,"(-111.8110961, 41.744402)",Veterinary Science
1768589247.640255,17703,"(-111.8109658, 41.7443955)",Veterinary Science
1768589257.920813,17703,"(-111.8109575, 41.7444018)",Veterinary Science
1768589268.232212,17703,"(-111.8109575, 41.7444018)",Veterinary Science
1768589278.525627,17703,"(-111.8109575, 41.7444018)",Veterinary Science
1768589288.9836218,17703,"(-111.8109575, 41.7444018)",Veterinary Science
1768589299.269378,17703,"(-111.8109575, 41.7444018)",Veterinary Science
1768589309.866225,17703,"(-111.8080673, 41.7443261)",in_transit
1768589320.1608,17703,"(-111.8075206, 41.7443591)",in_transit
1768589330.478411,17703,"(-111.80621, 41.7443201)",in_transit
1768589340.782389,17703,"(-111.8052463, 41.7443195)",in_transit
1768589351.081179,17703,"(-111.8044985, 41.7443095)",in_transit
1768589361.3761332,17703,"(-111.8042681, 41.745037)",Aggie Ice Cream
1768589371.718507,17703,"(-111.8042795, 41.7456365)",in_transit
1768589382.032014,17703,"(-111.8042905, 41.7456761)",in_transit
1768589392.325399,17703,"(-111.8043043, 41.7460003)",in_transit
1768589402.622411,17703,"(-111.804322, 41.7462433)",in_transit
1768589412.9099882,17703,"(-111.804312, 41.7469243)",in_transit
1768589423.213393,17703,"(-111.8043268, 41.7477336)",in_transit
1768589433.490747,17703,"(-111.804369, 41.7490136)",in_transit
1768589443.8031108,17703,"(-111.804089, 41.7493116)",in_transit
1768589454.571504,17703,"(-111.8024181, 41.7493146)",in_transit
1768589464.8752298,17703,"(-111.8020003, 41.7493176)",in_transit
1768589475.1602502,17703,"(-111.8020003, 41.7493176)",in_transit
1768589485.4752672,17703,"(-111.80207, 41.7496238)",Lundstrum
1768589495.777733,17703,"(-111.8020768, 41.7496293)",Lundstrum
1768589506.076218,17703,"(-111.8020856, 41.7496288)",Lundstrum
1768589516.360883,17703,"(-111.8020898, 41.7496313)",Lundstrum
1768589526.673902,17703,"(-111.8025606, 41.7493676)",in_transit
1768589537.024404,17703,"(-111.8028063, 41.7493423)",in_transit
1768589547.3270788,17703,"(-111.8041293, 41.7493848)",in_transit
1768589557.613368,17703,"(-111.804379, 41.7498685)",in_transit
1768589567.919287,17703,"(-111.8043675, 41.7506921)",Aggie Village 1
1768589578.209493,17703,"(-111.8043571, 41.7508015)",Aggie Village 1
1768589588.555039,17703,"(-111.8043725, 41.7509485)",Aggie Village 1
1768589598.84649,17703,"(-111.8043966, 41.751953)",in_transit
1768589609.2606778,17703,"(-111.80441, 41.7527791)",in_transit
1768589619.581575,17703,"(-111.8049133, 41.7530653)",in_transit
1768589629.891242,17703,"(-111.8057578, 41.7530586)",in_transit
1768589640.171,17703,"(-111.8060748, 41.7530513)",Aggie Village 2
1768589650.473983,17703,"(-111.8060748, 41.7530513)",Aggie Village 2
1768589660.751102,17703,"(-111.8070435, 41.7529463)",in_transit
1768589671.0624828,17703,"(-111.8084116, 41.7525696)",in_transit
1768589681.358207,17703,"(-111.8090603, 41.7521913)",in_transit
1768589691.6618502,17703,"(-111.8092871, 41.7516003)",Aggie Village 3
1768589702.0081542,17703,"(-111.8092798, 41.7515835)",Aggie Village 3
1768589712.344767,17703,"(-111.8092543, 41.7511346)",in_transit
1768589722.631453,17703,"(-111.8092563, 41.7502378)",in_transit
1768589732.918323,17703,"(-111.8094161, 41.7500901)",in_transit
1768589743.199212,17703,"(-111.8107388, 41.7501253)",in_transit
1768589753.50295,17703,"(-111.8128726, 41.7501493)",in_transit
1768589763.803643,17703,"(-111.8138318, 41.750137)",in_transit
1768589774.072662,17703,"(-111.8139978, 41.7496903)",in_transit
1768589784.41412,17703,"(-111.8140975, 41.7486263)",800 E 900 N
1768589794.737171,17703,"(-111.8141005, 41.7485428)",800 E 900 N
1768589805.031016,17703,"(-111.8140825, 41.7485356)",800 E 900 N
1768589815.316333,17703,"(-111.8140783, 41.7485046)",800 E 900 N
1768589825.600659,17703,"(-111.8140598, 41.7477181)",in_transit
1768589835.895623,17703,"(-111.8141021, 41.7469346)",in_transit
1768589846.201313,17703,"(-111.8141446, 41.7456063)",in_transit
1768589856.500621,17703,"(-111.8141515, 41.744934)",in_transit
1768589866.9217348,17703,"(-111.8141295, 41.7445723)",in_transit
1768589877.207256,17703,"(-111.8136111, 41.7444333)",Field House
1768589887.568897,17703,"(-111.8134695, 41.7444286)",Field House
1768589897.8691158,17703,"(-111.813477, 41.7444305)",Field House
1768589908.190472,17703,"(-111.8134775, 41.7444378)",Field House
1768589918.518919,17703,"(-111.8134728, 41.744434)",Field House
1768589928.821362,17703,"(-111.8134621, 41.7444383)",Field House
1768589939.1201658,17703,"(-111.8134731, 41.7444435)",Field House
1768589949.4934652,17703,"(-111.8134923, 41.7444471)",Field House
1768589959.77708,17703,"(-111.8134966, 41.7444505)",Field House
1768589970.092515,17703,"(-111.8134953, 41.7444516)",Field House
1768589980.389025,17703,"(-111.8126641, 41.744457)",in_transit
1768589990.751799,17703,"(-111.8119218, 41.7444458)",in_transit
1768590001.068262,17703,"(-111.8116821, 41.7444526)",in_transit
1768590011.357192,17703,"(-111.8113508, 41.7444315)",in_transit
1768590021.658773,17703,"(-111.811104, 41.744401)",Veterinary Science
1768590031.984549,17703,"(-111.8109743, 41.7443973)",Veterinary Science
1768590042.2883048,17703,"(-111.8107195, 41.7444135)",in_transit
1768590052.580666,17703,"(-111.80987, 41.7444091)",in_transit
1768590062.868623,17703,"(-111.8085716, 41.7443751)",in_transit
1768590073.16724,17703,"(-111.8082295, 41.7443415)",Industrial Science
1768590083.461223,17703,"(-111.8080708, 41.7443353)",Industrial Science
1768590093.758315,17703,"(-111.8080801, 41.7443365)",Industrial Science
1768590104.05735,17703,"(-111.8070936, 41.744352)",in_transit
1768590114.380008,17703,"(-111.8061088, 41.7443195)",in_transit
1768590124.665909,17703,"(-111.804725, 41.744312)",in_transit
1768590134.965748,17703,"(-111.8042566, 41.7444975)",in_transit
1768590145.255615,17703,"(-111.8042771, 41.7453861)",in_transit
1768590155.536086,17703,"(-111.8042758, 41.7456345)",in_transit
1768590165.827141,17703,"(-111.8042813, 41.7456751)",in_transit
1768590176.237699,17703,"(-111.8043081, 41.7461785)",in_transit
1768590186.5269032,17703,"(-111.8042431, 41.7466755)",in_transit
1768590196.811996,17703,"(-111.8043266, 41.7477806)",in_transit
1768590207.1056828,17703,"(-111.8043463, 41.7486883)",in_transit
1768590217.3919868,17703,"(-111.8040061, 41.7493088)",in_transit
1768590227.684896,17703,"(-111.8027353, 41.7493115)",in_transit
1768590237.9738991,17703,"(-111.8019018, 41.7493375)",in_transit
1768590248.2722502,17703,"(-111.8019018, 41.7493375)",in_transit
1768590258.590497,17703,"(-111.802126, 41.7496288)",Lundstrum
1768590268.912251,17703,"(-111.8021291, 41.7496425)",Lundstrum
1768590279.19577,17703,"(-111.8021368, 41.7496473)",Lundstrum
1768590289.5279412,17703,"(-111.8023825, 41.7495198)",in_transit
1768590299.823873,17703,"(-111.8034046, 41.7493416)",in_transit
1768590310.1646988,17703,"(-111.8041331, 41.7493843)",in_transit
1768590320.452242,17703,"(-111.8043861, 41.7496773)",in_transit
1768590330.746485,17703,"(-111.8043586, 41.7501478)",in_transit
1768590341.151049,17703,"(-111.804366, 41.7506556)",in_transit
1768590351.472448,17703,"(-111.8043728, 41.7508065)",Aggie Village 1
1768590361.770977,17703,"(-111.804398, 41.7511575)",in_transit
1768590372.079346,17703,"(-111.8044173, 41.7519938)",in_transit
1768590382.38404,17703,"(-111.8044453, 41.7530123)",in_transit
1768590392.678763,17703,"(-111.8050503, 41.7530645)",in_transit
1768590402.98402,17703,"(-111.8058501, 41.7530628)",in_transit
1768590413.2821069,17703,"(-111.806065, 41.7530618)",Aggie Village 2
1768590423.619354,17703,"(-111.8063316, 41.753029)",in_transit
1768590433.8977878,17703,"(-111.8070453, 41.7529653)",in_transit
1768590444.2315898,17703,"(-111.8082606, 41.7526141)",in_transit
1768590454.5402932,17703,"(-111.8089943, 41.75227)",in_transit
1768590464.842692,17703,"(-111.8092891, 41.7516211)",Aggie Village 3
1768590475.14622,17703,"(-111.8092801, 41.7515813)",Aggie Village 3
1768590485.446209,17703,"(-111.809253, 41.7513753)",in_transit
1768590495.74545,17703,"(-111.809259, 41.7507286)",in_transit
1768590506.1390789,17703,"(-111.8092561, 41.7501981)",in_transit
1768590516.448093,17703,"(-111.8101345, 41.7501213)",in_transit
1768590526.7475169,17703,"(-111.8114798, 41.7501435)",in_transit
1768590537.042197,17703,"(-111.8134156, 41.7501396)",in_transit
1768590547.3377018,17703,"(-111.8139931, 41.7500135)",in_transit
1768590557.625515,17703,"(-111.8139995, 41.7492985)",in_transit
1768590567.929964,17703,"(-111.814103, 41.7486275)",800 E 900 N
1768590578.232459,17703,"(-111.814091, 41.7485353)",800 E 900 N
1768590588.586648,17703,"(-111.814076, 41.748536)",800 E 900 N
1768590598.937665,17703,"(-111.8140745, 41.748541)",800 E 900 N
1768590609.250818,17703,"(-111.8140841, 41.748547)",800 E 900 N
1768590619.564096,17703,"(-111.8140505, 41.7481851)",in_transit
1768590629.858695,17703,"(-111.8140818, 41.7470735)",in_transit
1768590640.2116108,17703,"(-111.8141226, 41.7462866)",in_transit
1768590650.500724,17703,"(-111.8141545, 41.7450713)",in_transit
1768590660.801913,17703,"(-111.8141475, 41.744738)",in_transit
1768590671.132591,17703,"(-111.8138868, 41.7444526)",in_transit
1768590681.428041,17703,"(-111.813508, 41.7444343)",Field House
1768590691.7154958,17703,"(-111.8135071, 41.744438)",Field House
1768590701.980785,17703,"(-111.8134968, 41.7444451)",Field House
1768590712.277994,17703,"(-111.8134891, 41.744451)",Field House
1768590722.5693572,17703,"(-111.8134863, 41.7444486)",Field House
1768590732.861668,17703,"(-111.8134958, 41.7444458)",Field House
1768590743.1415071,17703,"(-111.8134946, 41.744465)",Field House
1768590753.473829,17703,"(-111.8134853, 41.744481)",Field House
1768590763.790775,17703,"(-111.8134791, 41.7444886)",Field House
1768590774.072319,17703,"(-111.8134783, 41.7444726)",Field House
1768590784.368234,17703,"(-111.8123476, 41.744448)",in_transit
1768590794.65682,17703,"(-111.8116031, 41.7444438)",in_transit
1768590804.949674,17703,"(-111.8115063, 41.7444448)",in_transit
1768590815.238716,17703,"(-111.810965, 41.7443886)",Veterinary Science
1768590825.5249548,17703,"(-111.8109535, 41.744379)",Veterinary Science
1768590835.937597,17703,"(-111.8109588, 41.7443733)",Veterinary Science
1768590846.244695,17703,"(-111.8109646, 41.7443745)",Veterinary Science
1768590856.548497,17703,"(-111.8104041, 41.7444056)",in_transit
1768590866.840693,17703,"(-111.8090056, 41.7443905)",in_transit
1768590877.140807,17703,"(-111.8082115, 41.7443283)",Industrial Science
1768590887.4397938,17703,"(-111.808092, 41.7443295)",Industrial Science
1768590897.729085,17703,"(-111.8080971, 41.7443338)",Industrial Science
1768590908.029153,17703,"(-111.8080958, 41.744332)",Industrial Science
1768590918.369479,17703,"(-111.8078698, 41.7443583)",in_transit
1768590928.654109,17703,"(-111.8073985, 41.7443543)",in_transit
1768590939.436102,17703,"(-111.8065321, 41.7443318)",in_transit
1768590949.743941,17703,"(-111.8050126, 41.7443226)",in_transit
1768590960.1197498,17703,"(-111.8047506, 41.7443176)",in_transit
1768590970.428103,17703,"(-111.804478, 41.7443201)",in_transit
1768590980.732147,17703,"(-111.8042656, 41.7451728)",Aggie Ice Cream
1768590991.018809,17703,"(-111.8042761, 41.745531)",in_transit
1768591001.417494,17703,"(-111.8042783, 41.7456715)",in_transit
1768591011.719618,17703,"(-111.8042808, 41.7458745)",in_transit
1768591022.009161,17703,"(-111.8042236, 41.7466465)",in_transit
1768591032.307173,17703,"(-111.8043138, 41.747708)",in_transit
1768591042.589441,17703,"(-111.8043358, 41.7487)",in_transit
1768591052.898435,17703,"(-111.803851, 41.749301)",in_transit
1768591063.187843,17703,"(-111.8027176, 41.7493168)",in_transit
1768591073.4838688,17703,"(-111.8018705, 41.7495563)",in_transit
1768591083.822734,17703,"(-111.8021111, 41.7496346)",Lundstrum
1768591094.125508,17703,"(-111.8021088, 41.7496425)",Lundstrum
1768591104.4023511,17703,"(-111.802113, 41.7496435)",Lundstrum
1768591114.6954298,17703,"(-111.8021206, 41.7496501)",Lundstrum
1768591125.003192,17703,"(-111.8026081, 41.7493676)",in_transit
1768591135.304878,17703,"(-111.803911, 41.749355)",in_transit
1768591145.908242,17703,"(-111.8043741, 41.7497115)",in_transit
1768591156.218349,17703,"(-111.8043775, 41.7507893)",Aggie Village 1
1768591166.5531478,17703,"(-111.8043858, 41.750812)",Aggie Village 1
1768591176.846516,17703,"(-111.8043913, 41.7509953)",in_transit
1768591187.13264,17703,"(-111.8044061, 41.7525655)",in_transit
1768591197.4506829,17703,"(-111.804412, 41.7528591)",in_transit
1768591207.7488792,17703,"(-111.8046708, 41.7530796)",in_transit
1768591218.042109,17703,"(-111.8058381, 41.753063)",in_transit
1768591228.353928,17703,"(-111.8060665, 41.7530646)",Aggie Village 2
1768591238.6544662,17703,"(-111.8060626, 41.7530685)",Aggie Village 2
1768591248.991429,17703,"(-111.8060485, 41.7530835)",Aggie Village 2
1768591259.322613,17703,"(-111.806376, 41.7530385)",in_transit
1768591269.621352,17703,"(-111.8076855, 41.7527623)",in_transit
1768591279.936081,17703,"(-111.8086881, 41.7524625)",in_transit
1768591290.246361,17703,"(-111.8092868, 41.7516136)",Aggie Village 3
1768591300.5685298,17703,"(-111.8092871, 41.7515906)",Aggie Village 3
1768591310.870789,17703,"(-111.8092611, 41.7514301)",in_transit
1768591321.190694,17703,"(-111.8092556, 41.7506873)",in_transit
1768591331.583924,17703,"(-111.8092763, 41.7501778)",in_transit
1768591341.8814578,17703,"(-111.8102701, 41.750113)",in_transit
1768591352.178728,17703,"(-111.8124591, 41.7501451)",in_transit
1768591362.4817522,17703,"(-111.8135593, 41.7501388)",in_transit
1768591372.7704551,17703,"(-111.8136748, 41.7501456)",in_transit
1768591383.070859,17703,"(-111.8136685, 41.7501481)",in_transit
1768591393.355996,17703,"(-111.8136731, 41.7501531)",in_transit
1768591403.649051,17703,"(-111.8139976, 41.7499515)",in_transit
1768591413.998438,17703,"(-111.8140016, 41.7492016)",in_transit
1768591424.3100958,17703,"(-111.814102, 41.7485791)",800 E 900 N
1768591434.612009,17703,"(-111.814096, 41.7485401)",800 E 900 N
1768591444.911502,17703,"(-111.8140873, 41.7485303)",800 E 900 N
1768591455.214987,17703,"(-111.8140503, 41.7480313)",in_transit
1768591465.528588,17703,"(-111.8140818, 41.7472703)",in_transit
1768591475.825897,17703,"(-111.8141355, 41.7459155)",in_transit
1768591486.1169212,17703,"(-111.814155, 41.7447495)",in_transit
1768591496.458569,17703,"(-111.8141593, 41.7446706)",in_transit
1768591506.741007,17703,"(-111.8141536, 41.7446346)",in_transit
1768591517.031307,17703,"(-111.814153, 41.7445646)",in_transit
1768591527.323524,17703,"(-111.8138978, 41.7444611)",in_transit
1768591537.627202,17703,"(-111.8134801, 41.7444196)",Field House
1768591547.92491,17703,"(-111.8134856, 41.7444075)",Field House
1768591558.2133272,17703,"(-111.8134823, 41.7444)",Field House
1768591568.5049658,17703,"(-111.8124136, 41.7444315)",in_transit
1768591578.8314052,17703,"(-111.8120953, 41.7444345)",in_transit
1768591589.12149,17703,"(-111.8117261, 41.7444511)",in_transit
1768591599.431872,17703,"(-111.8111338, 41.744404)",Veterinary Science
1768591609.7107542,17703,"(-111.810924, 41.7443988)",Veterinary Science
1768591620.011519,17703,"(-111.8109145, 41.7444028)",Veterinary Science
1768591630.319509,17703,"(-111.8109176, 41.7444065)",Veterinary Science
1768591640.645835,17703,"(-111.8109256, 41.7444126)",Veterinary Science
1768591651.029449,17703,"(-111.8109353, 41.7444183)",Veterinary Science
1768591661.3713012,17703,"(-111.8109393, 41.7444158)",Veterinary Science
1768591671.65016,17703,"(-111.810506, 41.7444348)",in_transit
1768591681.940326,17703,"(-111.809673, 41.7444143)",in_transit
1768591692.2085278,17703,"(-111.8091283, 41.7443971)",in_transit
1768591702.4939158,17703,"(-111.8084776, 41.7443576)",in_transit
1768591712.785288,17703,"(-111.808162, 41.744331)",Industrial Science
1768591723.087036,17703,"(-111.8080578, 41.7443393)",in_transit
1768591733.4070342,17703,"(-111.8080525, 41.7443485)",in_transit
1768591743.749634,17703,"(-111.8080515, 41.7443473)",in_transit
1768591754.152852,17703,"(-111.8072141, 41.7443578)",in_transit
1768591764.433467,17703,"(-111.8063236, 41.744326)",in_transit
1768591774.7478862,17703,"(-111.8047496, 41.7443118)",in_transit
1768591785.059069,17703,"(-111.8045278, 41.74431)",in_transit
1768591795.359509,17703,"(-111.8043546, 41.7443206)",in_transit
1768591805.6518028,17703,"(-111.8042645, 41.7450571)",Aggie Ice Cream
1768591815.9431229,17703,"(-111.804277, 41.745645)",in_transit
1768591826.2774458,17703,"(-111.8042733, 41.745668)",in_transit
1768591836.715719,17703,"(-111.8042698, 41.7458881)",in_transit
1768591847.021442,17703,"(-111.8042585, 41.7464581)",in_transit
1768591857.317032,17703,"(-111.8043186, 41.7479836)",in_transit
1768591867.608099,17703,"(-111.8043515, 41.748989)",in_transit
1768591877.900615,17703,"(-111.8040635, 41.7493058)",in_transit
1768591888.2226088,17703,"(-111.8026448, 41.7493088)",in_transit
1768591898.526402,17703,"(-111.8018615, 41.7495255)",in_transit
1768591908.823633,17703,"(-111.8021046, 41.7496241)",Lundstrum
1768591919.2968938,17703,"(-111.8021093, 41.749638)",Lundstrum
1768591929.610994,17703,"(-111.8021075, 41.749644)",Lundstrum
1768591939.9830751,17703,"(-111.8021131, 41.7496516)",Lundstrum
1768591950.2890182,17703,"(-111.8021175, 41.7496553)",Lundstrum
1768591960.6906,17703,"(-111.8022771, 41.7495853)",in_transit
1768591970.979952,17703,"(-111.8027035, 41.7493433)",in_transit
1768591981.290889,17703,"(-111.8038745, 41.7493505)",in_transit
1768591991.590174,17703,"(-111.8041838, 41.7494121)",in_transit
1768592001.987406,17703,"(-111.80436, 41.7499495)",in_transit
1768592012.301718,17703,"(-111.8043771, 41.7507768)",Aggie Village 1
1768592022.598788,17703,"(-111.8043771, 41.7507768)",Aggie Village 1
1768592032.8758,17703,"(-111.8043878, 41.7512535)",in_transit
1768592043.159634,17703,"(-111.8044008, 41.7522351)",in_transit
1768592053.461344,17703,"(-111.804656, 41.7530708)",in_transit
1768592063.742164,17703,"(-111.8053913, 41.7530603)",in_transit
1768592074.0426729,17703,"(-111.8060416, 41.7530715)",Aggie Village 2
1768592084.470525,17703,"(-111.8060576, 41.7530753)",Aggie Village 2
1768592094.766928,17703,"(-111.8060455, 41.7530761)",Aggie Village 2
1768592105.05597,17703,"(-111.8072221, 41.752903)",in_transit
1768592115.331874,17703,"(-111.808622, 41.7525006)",in_transit
1768592125.624522,17703,"(-111.8092081, 41.7519196)",in_transit
1768592135.916663,17703,"(-111.8092868, 41.7516245)",Aggie Village 3
1768592146.211732,17703,"(-111.8092995, 41.7515775)",Aggie Village 3
1768592156.496574,17703,"(-111.8092655, 41.7513861)",in_transit
1768592166.888661,17703,"(-111.8092746, 41.7503208)",in_transit
1768592177.183285,17703,"(-111.8092705, 41.750171)",in_transit
1768592187.490647,17703,"(-111.8095153, 41.750097)",in_transit
1768592197.806468,17703,"(-111.8117035, 41.7501503)",in_transit
1768592208.090997,17703,"(-111.8129588, 41.7501516)",in_transit
1768592218.39581,17703,"(-111.813665, 41.7501438)",in_transit
1768592228.690884,17703,"(-111.8136718, 41.7501375)",in_transit
1768592239.11917,17703,"(-111.8136766, 41.750126)",in_transit
1768592249.453559,17703,"(-111.813684, 41.7501228)",in_transit
1768592259.853318,17703,"(-111.813743, 41.7501218)",in_transit
1768592270.141931,17703,"(-111.813999, 41.74994)",in_transit
1768592280.489405,17703,"(-111.8140526, 41.7487968)",in_transit
1768592290.795696,17703,"(-111.8140881, 41.7485578)",800 E 900 N
1768592301.101325,17703,"(-111.8140848, 41.7485325)",800 E 900 N
1768592311.410182,17703,"(-111.814077, 41.7485206)",800 E 900 N
1768592321.711266,17703,"(-111.8140648, 41.7477323)",in_transit
1768592332.028277,17703,"(-111.8140648, 41.7477323)",in_transit
1768592342.321907,17703,"(-111.8140648, 41.7477323)",in_transit
1768592352.6098108,17703,"(-111.8141385, 41.744745)",in_transit
1768592362.919238,17703,"(-111.8141385, 41.744745)",in_transit
1768592373.2147782,17703,"(-111.8141283, 41.7445978)",in_transit
1768592383.5039449,17703,"(-111.8141283, 41.7445978)",in_transit
1768592393.7840168,17703,"(-111.8138691, 41.7444496)",in_transit
1768592404.076608,17703,"(-111.8134491, 41.7444236)",Field House
1768592414.386252,17703,"(-111.8134566, 41.74443)",Field House
1768592424.688569,17703,"(-111.8128398, 41.7444555)",in_transit
1768592434.987405,17703,"(-111.8113236, 41.7444295)",in_transit
1768592445.289261,17703,"(-111.8110166, 41.7443933)",Veterinary Science
1768592455.577607,17703,"(-111.8109365, 41.7443788)",Veterinary Science
1768592465.8916008,17703,"(-111.810677, 41.7443981)",in_transit
1768592476.192372,17703,"(-111.8098011, 41.7443975)",in_transit
1768592486.485901,17703,"(-111.8084456, 41.7443503)",Industrial Science
1768592497.0665011,17703,"(-111.808151, 41.7443256)",Industrial Science
1768592507.3903968,17703,"(-111.8080425, 41.744322)",in_transit
1768592517.684531,17703,"(-111.8080341, 41.7443271)",in_transit
1768592527.975454,17703,"(-111.8080376, 41.7443313)",in_transit
1768592538.260087,17703,"(-111.8080475, 41.7443355)",in_transit
1768592548.574111,17703,"(-111.8080548, 41.7443356)",in_transit
1768592558.872056,17703,"(-111.80805, 41.7443321)",in_transit
1768592569.18256,17703,"(-111.8077781, 41.7443628)",in_transit
1768592579.501284,17703,"(-111.806561, 41.744333)",in_transit
1768592589.801569,17703,"(-111.8054296, 41.7443221)",in_transit
1768592600.1273742,17703,"(-111.8047308, 41.744314)",in_transit
1768592610.391179,17703,"(-111.804526, 41.7443138)",in_transit
1768592620.7581089,17703,"(-111.80425, 41.7446263)",in_transit
1768592631.066862,17703,"(-111.804273, 41.7454256)",in_transit
1768592641.396766,17703,"(-111.8042725, 41.7456478)",in_transit
1768592651.698127,17703,"(-111.8042828, 41.7458756)",in_transit
1768592662.033581,17703,"(-111.8042276, 41.746582)",in_transit
1768592672.316761,17703,"(-111.8043178, 41.7479185)",in_transit
1768592682.622921,17703,"(-111.8043661, 41.7491408)",in_transit
1768592692.910155,17703,"(-111.8041236, 41.7493001)",in_transit
1768592703.206433,17703,"(-111.802673, 41.7493058)",in_transit
1768592713.5354931,17703,"(-111.8018671, 41.7495316)",in_transit
1768592723.814508,17703,"(-111.8018671, 41.7495316)",in_transit
1768592734.113898,17703,"(-111.80213, 41.7496258)",Lundstrum
1768592744.515926,17703,"(-111.8021365, 41.7496221)",Lundstrum
1768592754.7966971,17703,"(-111.8021406, 41.749624)",Lundstrum
1768592765.090921,17703,"(-111.8021441, 41.7496258)",Lundstrum
1768592775.362497,17703,"(-111.8021371, 41.7496245)",Lundstrum
1768592785.6557708,17703,"(-111.802379, 41.7494861)",in_transit
1768592795.9606578,17703,"(-111.802635, 41.7493505)",in_transit
1768592806.2575622,17703,"(-111.8041771, 41.7494061)",in_transit
1768592816.555848,17703,"(-111.8043628, 41.7499528)",in_transit
1768592826.916221,17703,"(-111.8043795, 41.750737)",Aggie Village 1
1768592837.212202,17703,"(-111.8043791, 41.7508003)",Aggie Village 1
1768592847.494964,17703,"(-111.8043943, 41.7517245)",in_transit
1768592857.777571,17703,"(-111.8044041, 41.7526606)",in_transit
1768592868.071124,17703,"(-111.8046555, 41.7530583)",in_transit
1768592878.357077,17703,"(-111.805722, 41.7530551)",in_transit
1768592888.6539898,17703,"(-111.8060196, 41.7530685)",Aggie Village 2
1768592898.9512389,17703,"(-111.806123, 41.7530606)",Aggie Village 2
1768592909.331828,17703,"(-111.8063633, 41.753028)",in_transit
1768592919.680332,17703,"(-111.8076628, 41.7527825)",in_transit
1768592929.9765818,17703,"(-111.8085878, 41.7525153)",in_transit
1768592940.341311,17703,"(-111.8091733, 41.7519705)",in_transit
1768592950.637768,17703,"(-111.8092891, 41.7515773)",Aggie Village 3
1768592960.948012,17703,"(-111.8092956, 41.7515885)",Aggie Village 3
1768592971.225769,17703,"(-111.809256, 41.7513935)",in_transit
1768592981.559264,17703,"(-111.809256, 41.7513935)",in_transit
1768592991.876276,17703,"(-111.8092781, 41.7502005)",in_transit
1768593002.158932,17703,"(-111.8097401, 41.7501056)",in_transit
1768593012.460036,17703,"(-111.811892, 41.7501518)",in_transit
1768593022.749812,17703,"(-111.8130455, 41.750152)",in_transit
1768593033.0564458,17703,"(-111.8139181, 41.7500876)",in_transit
1768593043.3564858,17703,"(-111.8140045, 41.7492518)",in_transit
1768593053.645083,17703,"(-111.8140905, 41.748569)",800 E 900 N
1768593063.950424,17703,"(-111.8140818, 41.7485196)",800 E 900 N
1768593074.339444,17703,"(-111.814051, 41.7485075)",800 E 900 N
1768593084.644777,17703,"(-111.8140493, 41.7485098)",800 E 900 N
1768593094.9455528,17703,"(-111.8140546, 41.748507)",800 E 900 N
1768593105.265791,17703,"(-111.814062, 41.7485086)",800 E 900 N
1768593115.5622778,17703,"(-111.8140563, 41.7485136)",800 E 900 N
1768593125.850507,17703,"(-111.8140626, 41.7485211)",800 E 900 N
1768593136.139444,17703,"(-111.8140405, 41.748322)",in_transit
1768593146.4166589,17703,"(-111.8140521, 41.7476765)",in_transit
1768593156.7916648,17703,"(-111.8141068, 41.7464463)",in_transit
1768593167.0873442,17703,"(-111.8141221, 41.745973)",in_transit
1768593177.373888,17703,"(-111.8141456, 41.7448065)",in_transit
1768593187.6607108,17703,"(-111.8141566, 41.7446271)",in_transit
1768593197.953703,17703,"(-111.8139166, 41.7444555)",in_transit
1768593208.249844,17703,"(-111.813477, 41.7444186)",Field House
1768593218.528404,17703,"(-111.8134703, 41.7444053)",Field House
1768593228.808343,17703,"(-111.813119, 41.744436)",in_transit
1768593239.1140108,17703,"(-111.8119931, 41.7444405)",in_transit
1768593249.431974,17703,"(-111.8115033, 41.744449)",in_transit
1768593259.712903,17703,"(-111.8109658, 41.7443978)",Veterinary Science
1768593270.0067232,17703,"(-111.810953, 41.7443868)",Veterinary Science
1768593280.328141,17703,"(-111.8109555, 41.7443833)",Veterinary Science
1768593290.601815,17703,"(-111.810964, 41.7443858)",Veterinary Science
1768593300.9787111,17703,"(-111.8103705, 41.7444168)",in_transit
1768593311.278831,17703,"(-111.8090211, 41.7443903)",in_transit
1768593321.694182,17703,"(-111.8082011, 41.7443381)",Industrial Science
1768593331.9837592,17703,"(-111.8080225, 41.744339)",in_transit
1768593342.281066,17703,"(-111.8080233, 41.7443433)",in_transit
1768593352.576664,17703,"(-111.807637, 41.744375)",in_transit
1768593362.8586822,17703,"(-111.8068443, 41.7443571)",in_transit
1768593373.162344,17703,"(-111.8052738, 41.744326)",in_transit
1768593383.453367,17703,"(-111.80455, 41.7443235)",in_transit
1768593393.755164,17703,"(-111.8045335, 41.744325)",in_transit
1768593404.107379,17703,"(-111.80453, 41.7443271)",in_transit
1768593414.408108,17703,"(-111.8042425, 41.7446025)",in_transit
1768593424.70089,17703,"(-111.8042713, 41.7455593)",in_transit
1768593434.979417,17703,"(-111.8042713, 41.7455593)",in_transit
1768593445.2753742,17703,"(-111.804301, 41.7461075)",in_transit
1768593455.5813792,17703,"(-111.8042231, 41.7466135)",in_transit
1768593465.867284,17703,"(-111.804321, 41.7477243)",in_transit
1768593476.152601,17703,"(-111.804363, 41.7490413)",in_transit
1768593486.461078,17703,"(-111.8040911, 41.7492983)",in_transit
1768593496.7820742,17703,"(-111.8026321, 41.749311)",in_transit
1768593507.075202,17703,"(-111.8018516, 41.7493656)",in_transit
1768593517.380621,17703,"(-111.8018793, 41.7495528)",in_transit
1768593527.660108,17703,"(-111.8021025, 41.7496358)",Lundstrum
1768593537.952241,17703,"(-111.802103, 41.7496271)",Lundstrum
1768593548.253641,17703,"(-111.8021033, 41.7496226)",Lundstrum
1768593558.543815,17703,"(-111.802105, 41.7496226)",Lundstrum
1768593568.870018,17703,"(-111.802103, 41.7496211)",Lundstrum
1768593579.164294,17703,"(-111.8020938, 41.749622)",Lundstrum
1768593589.448884,17703,"(-111.8020938, 41.7496306)",Lundstrum
1768593599.739819,17703,"(-111.8021116, 41.7496335)",Lundstrum
1768593610.042063,17703,"(-111.80236, 41.7495026)",in_transit
1768593620.345002,17703,"(-111.8028653, 41.749337)",in_transit
1768593630.6485271,17703,"(-111.8040083, 41.7493626)",in_transit
1768593640.9753962,17703,"(-111.8043438, 41.7501085)",in_transit
1768593651.2957308,17703,"(-111.8043803, 41.7507826)",Aggie Village 1
1768593661.6494029,17703,"(-111.8043803, 41.7507826)",Aggie Village 1
1768593671.94154,17703,"(-111.8043985, 41.7515848)",in_transit
1768593682.252318,17703,"(-111.8044096, 41.7525858)",in_transit
1768593692.551693,17703,"(-111.8044131, 41.7529865)",in_transit
1768593702.858304,17703,"(-111.804637, 41.7530615)",in_transit
1768593713.154399,17703,"(-111.8057681, 41.7530601)",in_transit
1768593723.545206,17703,"(-111.8060405, 41.7530723)",Aggie Village 2
1768593733.856984,17703,"(-111.8060761, 41.7530783)",Aggie Village 2
1768593744.150398,17703,"(-111.8060715, 41.7530821)",Aggie Village 2
1768593754.437998,17703,"(-111.8070376, 41.752976)",in_transit
1768593764.7229922,17703,"(-111.8079918, 41.752697)",in_transit
1768593775.028527,17703,"(-111.8091393, 41.752049)",in_transit
1768593785.336872,17703,"(-111.80928, 41.7516071)",Aggie Village 3
1768593795.659712,17703,"(-111.8092803, 41.7515758)",Aggie Village 3
1768593805.9803169,17703,"(-111.8092898, 41.7515758)",Aggie Village 3
1768593816.2900531,17703,"(-111.80929, 41.7515776)",Aggie Village 3
1768593826.5842402,17703,"(-111.809286, 41.7515768)",Aggie Village 3
1768593836.861694,17703,"(-111.8092815, 41.7515713)",Aggie Village 3
1768593847.165386,17703,"(-111.8092511, 41.7513635)",in_transit
1768593857.458196,17703,"(-111.809249, 41.7510643)",in_transit
1768593867.740027,17703,"(-111.8095121, 41.7500856)",in_transit
1768593878.030016,17703,"(-111.8112391, 41.7501463)",in_transit
1768593888.337253,17703,"(-111.8126258, 41.7501598)",in_transit
1768593898.638709,17703,"(-111.8135421, 41.7501541)",in_transit
1768593908.957477,17703,"(-111.813679, 41.750152)",in_transit
1768593919.272494,17703,"(-111.8139481, 41.7500831)",in_transit
1768593929.573534,17703,"(-111.8139965, 41.7492795)",in_transit
1768593939.873591,17703,"(-111.814083, 41.7485855)",800 E 900 N
1768593950.176539,17703,"(-111.8140928, 41.748522)",800 E 900 N
1768593960.532935,17703,"(-111.8140995, 41.7485075)",800 E 900 N
1768593970.915807,17703,"(-111.8140601, 41.7481786)",in_transit
1768593981.233809,17703,"(-111.814073, 41.7474835)",in_transit
1768593991.530196,17703,"(-111.814115, 41.7462211)",in_transit
1768594001.8309171,17703,"(-111.8141386, 41.7453335)",in_transit
1768594012.1330738,17703,"(-111.814136, 41.744802)",in_transit
1768594022.445073,17703,"(-111.8141426, 41.7446191)",in_transit
1768594032.7450292,17703,"(-111.8138888, 41.7444356)",in_transit
1768594043.083356,17703,"(-111.8134813, 41.7444101)",Field House
1768594053.382358,17703,"(-111.813483, 41.7444166)",Field House
1768594063.667979,17703,"(-111.8128611, 41.7444513)",in_transit
1768594073.954175,17703,"(-111.8115843, 41.74446)",in_transit
1768594084.24886,17703,"(-111.8115843, 41.74446)",in_transit
1768594094.5359948,17703,"(-111.8115781, 41.7444541)",in_transit
1768594104.819442,17703,"(-111.8115776, 41.7444513)",in_transit
1768594115.099222,17703,"(-111.811098, 41.744412)",Veterinary Science
1768594125.39136,17703,"(-111.8109115, 41.7444093)",Veterinary Science
1768594135.762239,17703,"(-111.8109106, 41.7443935)",Veterinary Science
1768594146.067752,17703,"(-111.8106638, 41.7444023)",in_transit
1768594156.3555331,17703,"(-111.809828, 41.7444056)",in_transit
1768594166.643064,17703,"(-111.8084626, 41.7443565)",in_transit
1768594176.927644,17703,"(-111.8081588, 41.7443318)",Industrial Science
1768594187.195562,17703,"(-111.8080485, 41.744335)",in_transit
1768594197.507491,17703,"(-111.8080493, 41.7443405)",in_transit
1768594207.809592,17703,"(-111.8077935, 41.7443718)",in_transit
1768594218.161702,17703,"(-111.8064826, 41.7443376)",in_transit
1768594228.4576588,17703,"(-111.8054525, 41.7443321)",in_transit
1768594238.750517,17703,"(-111.8047765, 41.7443308)",in_transit
1768594249.031276,17703,"(-111.8047008, 41.7443361)",in_transit
1768594259.324074,17703,"(-111.804695, 41.7443405)",in_transit
1768594269.6136608,17703,"(-111.80423, 41.7445233)",in_transit
1768594279.896011,17703,"(-111.804267, 41.7454953)",in_transit
1768594290.206523,17703,"(-111.804267, 41.7454953)",in_transit
1768594300.591372,17703,"(-111.8042788, 41.7458695)",in_transit
1768594310.879914,17703,"(-111.8043128, 41.7462521)",in_transit
1768594321.2290628,17703,"(-111.8043008, 41.7463783)",in_transit
1768594331.532362,17703,"(-111.8043026, 41.747221)",in_transit
1768594341.8876631,17703,"(-111.8043318, 41.7485618)",in_transit
1768594352.178611,17703,"(-111.8043635, 41.749168)",in_transit
1768594362.489015,17703,"(-111.8032485, 41.7493005)",in_transit
1768594372.779125,17703,"(-111.802402, 41.7493223)",in_transit
1768594383.1990762,17703,"(-111.8018251, 41.7494088)",in_transit
1768594393.478462,17703,"(-111.8019485, 41.7495951)",Lundstrum
1768594403.7751522,17703,"(-111.8020986, 41.7496313)",Lundstrum
1768594414.070948,17703,"(-111.8020981, 41.7496325)",Lundstrum
1768594424.379614,17703,"(-111.8020913, 41.7496348)",Lundstrum
1768594434.676053,17703,"(-111.8020826, 41.7496385)",Lundstrum
1768594444.975574,17703,"(-111.8020903, 41.7496393)",Lundstrum
1768594455.29954,17703,"(-111.802095, 41.7496395)",Lundstrum
1768594465.622483,17703,"(-111.8020908, 41.7496411)",Lundstrum
1768594475.9070709,17703,"(-111.802335, 41.7495365)",in_transit
1768594486.186365,17703,"(-111.802575, 41.7493735)",in_transit
1768594496.479698,17703,"(-111.8039456, 41.7493606)",in_transit
1768594506.7688582,17703,"(-111.8041348, 41.7494)",in_transit
1768594517.0760782,17703,"(-111.8043663, 41.7499095)",in_transit
1768594527.3757482,17703,"(-111.8043795, 41.7507536)",Aggie Village 1
1768594537.673461,17703,"(-111.8043885, 41.7508063)",Aggie Village 1
1768594548.050297,17703,"(-111.8043888, 41.7510953)",in_transit
1768594558.34113,17703,"(-111.8043935, 41.7519935)",in_transit
1768594568.634649,17703,"(-111.8044633, 41.7530258)",in_transit
1768594578.941267,17703,"(-111.8054023, 41.7530553)",in_transit
1768594589.235232,17703,"(-111.8060561, 41.7530723)",Aggie Village 2
1768594599.55006,17703,"(-111.8060666, 41.753068)",Aggie Village 2
1768594609.842305,17703,"(-111.8060833, 41.753062)",Aggie Village 2
1768594620.1570292,17703,"(-111.806091, 41.7530623)",Aggie Village 2
1768594630.478925,17703,"(-111.806093, 41.7530655)",Aggie Village 2
1768594640.763064,17703,"(-111.8060846, 41.7530793)",Aggie Village 2
1768594651.049664,17703,"(-111.8060878, 41.753075)",Aggie Village 2
1768594661.631652,17703,"(-111.8070318, 41.7529603)",in_transit
1768594671.919714,17703,"(-111.807984, 41.7526918)",in_transit
1768594682.236141,17703,"(-111.8090921, 41.7521291)",in_transit
1768594692.526577,17703,"(-111.809282, 41.7516128)",Aggie Village 3
1768594702.876786,17703,"(-111.8092761, 41.7515736)",Aggie Village 3
1768594713.2296362,17703,"(-111.8092688, 41.7515711)",Aggie Village 3
1768594723.545114,17703,"(-111.8092363, 41.7510978)",in_transit
1768594733.83367,17703,"(-111.809248, 41.750199)",in_transit
1768594744.11436,17703,"(-111.8095015, 41.7500985)",in_transit
1768594754.400576,17703,"(-111.8111921, 41.7501421)",in_transit
1768594764.72782,17703,"(-111.8127395, 41.7501568)",in_transit
1768594775.0286531,17703,"(-111.8135976, 41.7501491)",in_transit
1768594785.31667,17703,"(-111.813658, 41.7501473)",in_transit
1768594795.6845329,17703,"(-111.8136595, 41.7501435)",in_transit
1768594805.994414,17703,"(-111.8136893, 41.7501451)",in_transit
1768594816.2831511,17703,"(-111.8139925, 41.7499601)",in_transit
1768594826.5942929,17703,"(-111.8139896, 41.7493043)",in_transit
1768594836.886156,17703,"(-111.814077, 41.7486055)",800 E 900 N
1768594847.1688929,17703,"(-111.814076, 41.748528)",800 E 900 N
1768594857.469449,17703,"(-111.8140611, 41.7485348)",800 E 900 N
1768594867.765246,17703,"(-111.8140348, 41.7483375)",in_transit
1768594878.154567,17703,"(-111.8140563, 41.7477336)",in_transit
1768594888.447571,17703,"(-111.8141053, 41.746531)",in_transit
1768594898.712905,17703,"(-111.8141305, 41.7456228)",in_transit
1768594908.995757,17703,"(-111.8141461, 41.7450663)",in_transit
1768594919.3084009,17703,"(-111.8141461, 41.7446638)",in_transit
1768594929.589778,17703,"(-111.8136668, 41.7444338)",in_transit
1768594939.884476,17703,"(-111.8134913, 41.7444246)",Field House
1768594950.14943,17703,"(-111.813496, 41.7444301)",Field House
1768594960.471411,17703,"(-111.8135, 41.7444313)",Field House
1768594970.756911,17703,"(-111.8134915, 41.7444291)",Field House
1768594981.060971,17703,"(-111.812563, 41.7444471)",in_transit
1768594991.3371,17703,"(-111.8113235, 41.7444316)",in_transit
1768595001.713547,17703,"(-111.811048, 41.7444023)",Veterinary Science
1768595012.008327,17703,"(-111.8109506, 41.7443986)",Veterinary Science
1768595022.357607,17703,"(-111.8109685, 41.7443988)",Veterinary Science
1768595032.65506,17703,"(-111.810971, 41.7443996)",Veterinary Science
1768595043.076656,17703,"(-111.810968, 41.7443996)",Veterinary Science
1768595053.361695,17703,"(-111.8109656, 41.7444043)",Veterinary Science
1768595063.661004,17703,"(-111.8104458, 41.7444336)",in_transit
1768595073.956005,17703,"(-111.8096753, 41.7444103)",in_transit
1768595084.241845,17703,"(-111.8090401, 41.7443943)",in_transit
1768595094.526365,17703,"(-111.8089608, 41.7443863)",in_transit
1768595104.8171048,17703,"(-111.8083531, 41.744341)",Industrial Science
1768595115.099595,17703,"(-111.8080991, 41.744335)",Industrial Science
1768595125.4708328,17703,"(-111.8080508, 41.744328)",in_transit
1768595135.764948,17703,"(-111.808054, 41.7443265)",in_transit
1768595146.061585,17703,"(-111.8078013, 41.7443535)",in_transit
1768595156.35242,17703,"(-111.8073166, 41.74436)",in_transit
1768595166.622237,17703,"(-111.8072241, 41.7443533)",in_transit
1768595176.9220538,17703,"(-111.8064683, 41.744335)",in_transit
1768595187.207402,17703,"(-111.8054641, 41.74432)",in_transit
1768595197.5049212,17703,"(-111.8046651, 41.7443185)",in_transit
1768595207.84315,17703,"(-111.8045293, 41.7443181)",in_transit
1768595218.133207,17703,"(-111.804526, 41.7443196)",in_transit
1768595228.433837,17703,"(-111.8045243, 41.7443191)",in_transit
1768595238.7260249,17703,"(-111.804458, 41.7443193)",in_transit
1768595249.016049,17703,"(-111.8042465, 41.7445008)",in_transit
1768595259.3127391,17703,"(-111.8042746, 41.7454988)",in_transit
1768595269.6006432,17703,"(-111.8042836, 41.7456701)",in_transit
1768595279.88642,17703,"(-111.8042878, 41.7456748)",in_transit
1768595290.3296452,17703,"(-111.8042801, 41.7456786)",in_transit
1768595300.631572,17703,"(-111.8042746, 41.7457481)",in_transit
1768595310.906636,17703,"(-111.8042561, 41.746468)",in_transit
1768595321.230326,17703,"(-111.8043073, 41.7473555)",in_transit
1768595331.510995,17703,"(-111.804329, 41.7484001)",in_transit
1768595341.837067,17703,"(-111.8041193, 41.7493025)",in_transit
1768595352.130616,17703,"(-111.8033626, 41.7493005)",in_transit
1768595362.501361,17703,"(-111.8021313, 41.7493166)",in_transit
1768595372.8871338,17703,"(-111.8018478, 41.7495248)",in_transit
1768595383.2072918,17703,"(-111.8018478, 41.7495248)",in_transit
1768595393.498243,17703,"(-111.802066, 41.7496306)",Lundstrum
1768595403.7940018,17703,"(-111.8020531, 41.7496283)",Lundstrum
1768595414.1014988,17703,"(-111.8020583, 41.7496291)",Lundstrum
1768595424.3912928,17703,"(-111.8020583, 41.7496291)",Lundstrum
1768595434.682668,17703,"(-111.8020586, 41.7496141)",Lundstrum
1768595444.977312,17703,"(-111.8020883, 41.749615)",Lundstrum
1768595455.377367,17703,"(-111.802329, 41.7495073)",in_transit
1768595465.69684,17703,"(-111.8028791, 41.7493321)",in_transit
1768595476.001023,17703,"(-111.804125, 41.7493858)",in_transit
1768595486.295498,17703,"(-111.804332, 41.7495713)",in_transit
1768595496.6116211,17703,"(-111.8043805, 41.7510136)",in_transit
1768595506.913416,17703,"(-111.804396, 41.7519815)",in_transit
1768595517.193824,17703,"(-111.8044075, 41.7529821)",in_transit
1768595527.496623,17703,"(-111.8046613, 41.753071)",in_transit
1768595537.85326,17703,"(-111.8060281, 41.7530665)",Aggie Village 2
1768595548.145038,17703,"(-111.8060546, 41.7530591)",Aggie Village 2
1768595558.413166,17703,"(-111.8060428, 41.7530565)",Aggie Village 2
1768595568.719154,17703,"(-111.8060385, 41.7530638)",Aggie Village 2
1768595578.9933708,17703,"(-111.8060401, 41.7530655)",Aggie Village 2
1768595589.2938292,17703,"(-111.8060543, 41.7530621)",Aggie Village 2
1768595599.585309,17703,"(-111.8060628, 41.7530608)",Aggie Village 2
1768595609.879013,17703,"(-111.8060575, 41.7530613)",Aggie Village 2
1768595620.242668,17703,"(-111.8060475, 41.7530713)",Aggie Village 2
1768595630.5339992,17703,"(-111.806041, 41.7530705)",Aggie Village 2
1768595640.82092,17703,"(-111.8064818, 41.7530218)",in_transit
1768595651.1236212,17703,"(-111.8073976, 41.7528376)",in_transit
1768595661.473652,17703,"(-111.8088021, 41.7524038)",in_transit
1768595671.7830489,17703,"(-111.8092763, 41.751643)",Aggie Village 3
1768595682.084239,17703,"(-111.8092853, 41.7515816)",Aggie Village 3
1768595692.378709,17703,"(-111.809275, 41.7514905)",Aggie Village 3
1768595702.783263,17703,"(-111.8092538, 41.7508006)",in_transit
1768595713.059445,17703,"(-111.8092663, 41.7502555)",in_transit
1768595723.369005,17703,"(-111.8092648, 41.750177)",in_transit
1768595733.6511848,17703,"(-111.8104938, 41.7501293)",in_transit
1768595743.93548,17703,"(-111.8125526, 41.7501596)",in_transit
1768595754.2326882,17703,"(-111.8135133, 41.7501538)",in_transit
1768595764.537071,17703,"(-111.8137543, 41.7501506)",in_transit
1768595774.826872,17703,"(-111.813988, 41.7496978)",in_transit
1768595785.1511,17703,"(-111.814031, 41.7488743)",in_transit
1768595795.455317,17703,"(-111.8140875, 41.7485478)",800 E 900 N
1768595805.744949,17703,"(-111.8140833, 41.7485298)",800 E 900 N
1768595816.0537589,17703,"(-111.8140496, 41.7480755)",in_transit
1768595826.346035,17703,"(-111.8140985, 41.7469218)",in_transit
1768595836.636157,17703,"(-111.8141325, 41.7459938)",in_transit
1768595846.925805,17703,"(-111.8141541, 41.7447765)",in_transit
1768595857.219774,17703,"(-111.814153, 41.7446496)",in_transit
1768595867.550306,17703,"(-111.814154, 41.7446496)",in_transit
1768595877.841441,17703,"(-111.8141813, 41.7446428)",in_transit
1768595888.1577768,17703,"(-111.8141841, 41.744592)",in_transit
1768595898.448663,17703,"(-111.8141841, 41.744592)",in_transit
1768595908.7661572,17703,"(-111.8141841, 41.744592)",in_transit
1768595919.063492,17703,"(-111.8141841, 41.744592)",in_transit
1768595929.354163,17703,"(-111.8141841, 41.744592)",in_transit
1768595939.632583,17703,"(-111.8141841, 41.744592)",in_transit
1768595949.934965,17703,"(-111.8116575, 41.7444428)",in_transit
1768595960.223776,17703,"(-111.8115991, 41.7444326)",in_transit
1768595970.500292,17703,"(-111.8116035, 41.7444195)",in_transit
1768595980.80172,17703,"(-111.811104, 41.7443796)",Veterinary Science
1768595991.096417,17703,"(-111.810955, 41.7443706)",Veterinary Science
1768596001.398932,17703,"(-111.8109708, 41.744364)",Veterinary Science
1768596011.690529,17703,"(-111.8110098, 41.744369)",Veterinary Science
1768596022.050482,17703,"(-111.8109961, 41.7443788)",Veterinary Science
1768596032.380233,17703,"(-111.8109891, 41.744378)",Veterinary Science
1768596042.6937249,17703,"(-111.810411, 41.7444056)",in_transit
1768596052.999347,17703,"(-111.8094521, 41.7444003)",in_transit
1768596063.306525,17703,"(-111.8082273, 41.7443346)",Industrial Science
1768596073.595655,17703,"(-111.8080476, 41.7443311)",in_transit
1768596083.899122,17703,"(-111.8080455, 41.7443341)",in_transit
1768596094.1890152,17703,"(-111.8074778, 41.7443596)",in_transit
1768596104.48016,17703,"(-111.8065921, 41.7443335)",in_transit
1768596114.7855518,17703,"(-111.8050415, 41.7443158)",in_transit
1768596125.0754051,17703,"(-111.804328, 41.7443371)",in_transit
1768596135.375158,17703,"(-111.804261, 41.7450921)",Aggie Ice Cream
1768596145.6717398,17703,"(-111.8042698, 41.745666)",in_transit
1768596155.962998,17703,"(-111.8042695, 41.7456843)",in_transit
1768596166.263173,17703,"(-111.8042968, 41.7461826)",in_transit
1768596176.563055,17703,"(-111.804213, 41.7465455)",in_transit
1768596186.861791,17703,"(-111.804305, 41.7473088)",in_transit
1768596197.167986,17703,"(-111.8043225, 41.748183)",in_transit
1768596207.455803,17703,"(-111.8043316, 41.74866)",in_transit
1768596217.752061,17703,"(-111.8043395, 41.7492185)",in_transit
1768596228.042315,17703,"(-111.8043376, 41.7492221)",in_transit
1768596238.329186,17703,"(-111.8043313, 41.7492198)",in_transit
1768596248.61554,17703,"(-111.8041098, 41.749298)",in_transit
1768596258.906888,17703,"(-111.8024525, 41.7493073)",in_transit
1768596269.231413,17703,"(-111.801878, 41.749351)",in_transit
1768596279.6216278,17703,"(-111.8018668, 41.7495381)",in_transit
1768596289.914609,17703,"(-111.8019825, 41.7496098)",Lundstrum
1768596300.204992,17703,"(-111.8019848, 41.7496123)",Lundstrum
1768596310.493672,17703,"(-111.8019971, 41.7496105)",Lundstrum
1768596320.782599,17703,"(-111.8020036, 41.7496056)",Lundstrum
1768596331.067591,17703,"(-111.8019995, 41.7496076)",Lundstrum
1768596341.356357,17703,"(-111.8019981, 41.7496128)",Lundstrum
1768596351.636487,17703,"(-111.8019981, 41.7496131)",Lundstrum
1768596361.9805691,17703,"(-111.801997, 41.7496105)",Lundstrum
1768596372.280589,17703,"(-111.8019958, 41.749604)",Lundstrum
1768596382.621404,17703,"(-111.801995, 41.7495988)",Lundstrum
1768596392.924236,17703,"(-111.8019896, 41.7496036)",Lundstrum
1768596403.685468,17703,"(-111.8019763, 41.7496108)",Lundstrum
1768596413.981819,17703,"(-111.8019763, 41.7496108)",Lundstrum
1768596424.270355,17703,"(-111.8019773, 41.7496143)",Lundstrum
1768596434.559859,17703,"(-111.8019956, 41.7496095)",Lundstrum
1768596444.955081,17703,"(-111.80199, 41.7496105)",Lundstrum
1768596455.243531,17703,"(-111.80199, 41.7496105)",Lundstrum
1768596465.5374231,17703,"(-111.802292, 41.7495616)",in_transit
1768596475.827742,17703,"(-111.8034618, 41.7493493)",in_transit
1768596486.127944,17703,"(-111.8041485, 41.749401)",in_transit
1768596496.442749,17703,"(-111.8043618, 41.7499393)",in_transit
1768596506.74189,17703,"(-111.8043631, 41.7514271)",in_transit
1768596517.0254211,17703,"(-111.8043631, 41.7514271)",in_transit
1768596527.427777,17703,"(-111.8043926, 41.751768)",in_transit
1768596537.710357,17703,"(-111.8044001, 41.7524875)",in_transit
1768596547.992898,17703,"(-111.8046871, 41.753069)",in_transit
1768596558.261304,17703,"(-111.805871, 41.7530681)",Aggie Village 2
1768596568.5592551,17703,"(-111.8060578, 41.7530745)",Aggie Village 2
1768596578.8445902,17703,"(-111.8060641, 41.7530733)",Aggie Village 2
1768596589.135308,17703,"(-111.8060635, 41.7530726)",Aggie Village 2
1768596599.438358,17703,"(-111.806063, 41.7530701)",Aggie Village 2
1768596609.842195,17703,"(-111.8060646, 41.753066)",Aggie Village 2
1768596620.1308968,17703,"(-111.806221, 41.753041)",Aggie Village 2
1768596630.407936,17703,"(-111.807698, 41.7527623)",in_transit
1768596640.70601,17703,"(-111.8087495, 41.7524315)",in_transit
1768596651.011732,17703,"(-111.8092805, 41.7515918)",Aggie Village 3
1768596661.294143,17703,"(-111.8092796, 41.7515921)",Aggie Village 3
1768596671.594219,17703,"(-111.8092913, 41.7515978)",Aggie Village 3
1768596682.1161332,17703,"(-111.8092791, 41.751446)",in_transit
1768596692.510116,17703,"(-111.8092618, 41.7504226)",in_transit
1768596702.8386738,17703,"(-111.8092683, 41.7502105)",in_transit
1768596713.14096,17703,"(-111.810368, 41.7501263)",in_transit
1768596723.4735029,17703,"(-111.8119756, 41.7501513)",in_transit
1768596733.76492,17703,"(-111.8136005, 41.7501461)",in_transit
1768596744.065737,17703,"(-111.8136453, 41.7501476)",in_transit
1768596754.349132,17703,"(-111.8136443, 41.7501488)",in_transit
1768596764.6365812,17703,"(-111.8136436, 41.7501495)",in_transit
1768596774.98577,17703,"(-111.8138573, 41.7501346)",in_transit
1768596785.271318,17703,"(-111.813995, 41.7492603)",in_transit
1768596795.566367,17703,"(-111.8140795, 41.7486206)",800 E 900 N
1768596805.877829,17703,"(-111.8140861, 41.7485455)",800 E 900 N
1768596816.176204,17703,"(-111.814086, 41.7485366)",800 E 900 N
1768596826.472138,17703,"(-111.8140831, 41.7485236)",800 E 900 N
1768596836.750947,17703,"(-111.8140958, 41.7485351)",800 E 900 N
1768596847.0450828,17703,"(-111.8140748, 41.7476655)",in_transit
1768596857.438464,17703,"(-111.8140861, 41.7472715)",in_transit
1768596867.72995,17703,"(-111.8140861, 41.7472715)",in_transit
1768596878.045923,17703,"(-111.8141655, 41.7452418)",in_transit
1768596888.335946,17703,"(-111.8141538, 41.7450206)",in_transit
1768596898.604435,17703,"(-111.814149, 41.7447393)",in_transit
1768596908.873869,17703,"(-111.8138836, 41.7444566)",in_transit
1768596919.158795,17703,"(-111.8135401, 41.7444236)",Field House
1768596929.453784,17703,"(-111.8135551, 41.7444295)",Field House
1768596939.830094,17703,"(-111.8135595, 41.7444243)",Field House
1768596950.136822,17703,"(-111.8135585, 41.7444156)",Field House
1768596960.488194,17703,"(-111.8135485, 41.7444038)",Field House
1768596970.785954,17703,"(-111.8135401, 41.7444118)",Field House
1768596981.075493,17703,"(-111.813515, 41.7444083)",Field House
1768596991.371951,17703,"(-111.8134891, 41.744404)",Field House
1768597001.648738,17703,"(-111.8123911, 41.7444405)",in_transit
1768597011.9635148,17703,"(-111.8119688, 41.744438)",in_transit
1768597022.2749922,17703,"(-111.8117706, 41.7444471)",in_transit
1768597032.588151,17703,"(-111.8117853, 41.7444401)",in_transit
1768597043.7629938,17703,"(-111.810998, 41.744387)",Veterinary Science
1768597054.065262,17703,"(-111.8109755, 41.744396)",Veterinary Science
1768597064.37879,17703,"(-111.8109858, 41.744404)",Veterinary Science
1768597074.737692,17703,"(-111.8109945, 41.744408)",Veterinary Science
1768597085.095957,17703,"(-111.8109981, 41.7444133)",Veterinary Science
1768597095.470699,17703,"(-111.8110018, 41.744418)",Veterinary Science
1768597105.912222,17703,"(-111.8104481, 41.7444371)",in_transit
1768597116.2075698,17703,"(-111.8099433, 41.744429)",in_transit
1768597126.5067132,17703,"(-111.8087075, 41.744394)",in_transit
1768597136.7858188,17703,"(-111.8081011, 41.744343)",Industrial Science
1768597147.08207,17703,"(-111.8080621, 41.7443368)",in_transit
1768597157.396369,17703,"(-111.808054, 41.7443413)",in_transit
1768597167.690807,17703,"(-111.807532, 41.7443683)",in_transit
1768597177.973269,17703,"(-111.8068608, 41.744353)",in_transit
1768597188.3995898,17703,"(-111.8062733, 41.7443281)",in_transit
1768597198.680001,17703,"(-111.8046595, 41.7443176)",in_transit
1768597208.950913,17703,"(-111.8042473, 41.7445373)",in_transit
1768597219.2362082,17703,"(-111.8042696, 41.7455535)",in_transit
1768597229.541615,17703,"(-111.8042806, 41.7456803)",in_transit
1768597239.857263,17703,"(-111.804282, 41.7456966)",in_transit
1768597250.153882,17703,"(-111.8042361, 41.7465001)",in_transit
1768597260.453804,17703,"(-111.8042956, 41.746956)",in_transit
1768597270.747669,17703,"(-111.8043288, 41.7486393)",in_transit
1768597281.035851,17703,"(-111.8040975, 41.7493006)",in_transit
1768597291.334364,17703,"(-111.8032728, 41.749299)",in_transit
1768597301.611627,17703,"(-111.8019113, 41.7493135)",in_transit
1768597311.904555,17703,"(-111.8018471, 41.7495013)",in_transit
1768597322.184375,17703,"(-111.802088, 41.7496231)",Lundstrum
1768597332.5106502,17703,"(-111.802096, 41.749625)",Lundstrum
1768597342.801906,17703,"(-111.802097, 41.7496218)",Lundstrum
1768597353.1582038,17703,"(-111.8020988, 41.7496241)",Lundstrum
1768597363.4234428,17703,"(-111.8022736, 41.7495818)",in_transit
1768597373.707385,17703,"(-111.8022736, 41.7495818)",in_transit
1768597383.99672,17703,"(-111.8028146, 41.7493343)",in_transit
1768597394.2963772,17703,"(-111.8041496, 41.749402)",in_transit
1768597404.5814762,17703,"(-111.804381, 41.7497803)",in_transit
1768597414.869923,17703,"(-111.8043548, 41.7502486)",in_transit
1768597425.17071,17703,"(-111.8043763, 41.7507488)",Aggie Village 1
1768597435.504048,17703,"(-111.804384, 41.7508021)",Aggie Village 1
1768597445.786276,17703,"(-111.8043846, 41.7513233)",in_transit
1768597456.099933,17703,"(-111.8043961, 41.7526623)",in_transit
1768597466.3901482,17703,"(-111.8043966, 41.7529138)",in_transit
1768597476.682647,17703,"(-111.8043971, 41.7529416)",in_transit
1768597486.964344,17703,"(-111.8043988, 41.752938)",in_transit
1768597497.2553148,17703,"(-111.8043986, 41.752937)",in_transit
1768597507.545221,17703,"(-111.8046415, 41.7530695)",in_transit
1768597517.845897,17703,"(-111.8055985, 41.7530525)",in_transit
1768597528.1255271,17703,"(-111.805928, 41.7530655)",Aggie Village 2
1768597538.398888,17703,"(-111.8060585, 41.7530681)",Aggie Village 2
1768597548.683268,17703,"(-111.8060581, 41.753066)",Aggie Village 2
1768597558.982303,17703,"(-111.8071391, 41.7529216)",in_transit
1768597569.284376,17703,"(-111.8086726, 41.7524711)",in_transit
1768597579.585248,17703,"(-111.8092103, 41.7518836)",in_transit
1768597589.873279,17703,"(-111.8092771, 41.7516268)",Aggie Village 3
1768597600.167804,17703,"(-111.8092911, 41.7515983)",Aggie Village 3
1768597610.438077,17703,"(-111.8092865, 41.7515975)",Aggie Village 3
1768597620.72812,17703,"(-111.809255, 41.7507106)",in_transit
1768597631.002752,17703,"(-111.8092656, 41.7503413)",in_transit
1768597641.301097,17703,"(-111.8095191, 41.7501038)",in_transit
1768597651.585155,17703,"(-111.8111473, 41.7501435)",in_transit
1768597661.864722,17703,"(-111.8130805, 41.750162)",in_transit
1768597672.175572,17703,"(-111.8140043, 41.7499428)",in_transit
1768597682.477521,17703,"(-111.8139878, 41.749348)",in_transit
1768597692.813587,17703,"(-111.8140813, 41.7486736)",800 E 900 N
1768597703.126133,17703,"(-111.814095, 41.748546)",800 E 900 N
1768597713.484204,17703,"(-111.8140933, 41.7485423)",800 E 900 N
1768597723.779001,17703,"(-111.8140945, 41.7485426)",800 E 900 N
1768597734.08874,17703,"(-111.8140916, 41.7485413)",800 E 900 N
1768597744.3661492,17703,"(-111.8140626, 41.7477511)",in_transit
1768597754.678035,17703,"(-111.8141076, 41.746553)",in_transit
1768597764.976437,17703,"(-111.8141276, 41.7460758)",in_transit
1768597775.273058,17703,"(-111.8141276, 41.7460758)",in_transit
1768597785.555274,17703,"(-111.8141438, 41.7446771)",in_transit
1768597795.835925,17703,"(-111.814144, 41.7446283)",in_transit
1768597806.123842,17703,"(-111.8139013, 41.7444628)",in_transit
1768597816.438835,17703,"(-111.8134751, 41.744426)",Field House
1768597826.736274,17703,"(-111.813459, 41.7444316)",Field House
1768597837.034668,17703,"(-111.8134615, 41.7444348)",Field House
1768597847.350799,17703,"(-111.8134953, 41.74446)",Field House
1768597857.6429162,17703,"(-111.8135163, 41.74445)",Field House
1768597867.94652,17703,"(-111.81351, 41.7444511)",Field House
1768597878.219062,17703,"(-111.8135056, 41.7444496)",Field House
1768597888.511161,17703,"(-111.8134948, 41.7444423)",Field House
1768597898.804618,17703,"(-111.813487, 41.7444338)",Field House
1768597909.095586,17703,"(-111.8134866, 41.7444285)",Field House
1768597919.400758,17703,"(-111.8134731, 41.7444216)",Field House
1768597929.791434,17703,"(-111.8134506, 41.744427)",Field House
1768597940.08724,17703,"(-111.8134323, 41.7444328)",Field House
1768597950.36852,17703,"(-111.813415, 41.7444338)",Field House
1768597960.671027,17703,"(-111.8134188, 41.7444293)",Field House
1768597970.975324,17703,"(-111.8128431, 41.7444553)",in_transit
1768597981.267606,17703,"(-111.8121305, 41.7444515)",in_transit
1768597991.565779,17703,"(-111.8119946, 41.7444498)",in_transit
1768598001.855118,17703,"(-111.8119291, 41.7444446)",in_transit
1768598012.161626,17703,"(-111.811462, 41.7444473)",in_transit
1768598022.448094,17703,"(-111.8112171, 41.7444216)",Veterinary Science
1768598032.806915,17703,"(-111.8109796, 41.7443898)",Veterinary Science
1768598043.090584,17703,"(-111.8109918, 41.7443766)",Veterinary Science
1768598053.42206,17703,"(-111.810667, 41.744388)",in_transit
1768598063.719688,17703,"(-111.8097211, 41.7443956)",in_transit
1768598074.043998,17703,"(-111.8086905, 41.7443743)",in_transit
1768598084.328306,17703,"(-111.8081316, 41.7443333)",Industrial Science
1768598094.7808151,17703,"(-111.8080545, 41.7443376)",in_transit
1768598105.067004,17703,"(-111.8080416, 41.744334)",in_transit
1768598115.36823,17703,"(-111.808016, 41.7443391)",in_transit
1768598125.692545,17703,"(-111.8071743, 41.744357)",in_transit
1768598135.981102,17703,"(-111.8064961, 41.7443333)",in_transit
1768598146.290476,17703,"(-111.8053598, 41.7443275)",in_transit
1768598156.5879118,17703,"(-111.8047026, 41.7443185)",in_transit
1768598166.874725,17703,"(-111.8045738, 41.7443128)",in_transit
1768598177.279752,17703,"(-111.804451, 41.7443096)",in_transit
1768598187.576067,17703,"(-111.8042403, 41.744514)",in_transit
1768598197.873208,17703,"(-111.8042601, 41.7451305)",Aggie Ice Cream
1768598208.159161,17703,"(-111.804271, 41.7456061)",in_transit
1768598218.44481,17703,"(-111.8042716, 41.7456471)",in_transit
1768598228.725457,17703,"(-111.8042723, 41.745661)",in_transit
1768598239.02366,17703,"(-111.8042845, 41.7460295)",in_transit
1768598249.319967,17703,"(-111.8042175, 41.7465938)",in_transit
1768598259.7132,17703,"(-111.8043038, 41.7471221)",in_transit
1768598269.992379,17703,"(-111.8043263, 41.7481781)",in_transit
1768598280.284575,17703,"(-111.8043603, 41.749056)",in_transit
1768598290.599117,17703,"(-111.8043358, 41.7492378)",in_transit
1768598300.886063,17703,"(-111.8036923, 41.7492935)",in_transit
1768598311.1584089,17703,"(-111.802397, 41.7493138)",in_transit
1768598321.462253,17703,"(-111.8018255, 41.7495)",in_transit
1768598331.740751,17703,"(-111.8018255, 41.7495)",in_transit
1768598342.042685,17703,"(-111.8021076, 41.7496335)",Lundstrum
1768598352.3205462,17703,"(-111.8021123, 41.7496375)",Lundstrum
1768598362.593372,17703,"(-111.8021133, 41.749642)",Lundstrum
1768598372.946178,17703,"(-111.802297, 41.7495818)",in_transit
1768598383.263502,17703,"(-111.8027453, 41.7493523)",in_transit
1768598393.630422,17703,"(-111.803355, 41.7493476)",in_transit
1768598403.932986,17703,"(-111.804282, 41.749504)",in_transit
1768598414.23789,17703,"(-111.804356, 41.7501576)",in_transit
1768598424.552086,17703,"(-111.8043756, 41.7506895)",Aggie Village 1
1768598434.839634,17703,"(-111.8043808, 41.7508076)",Aggie Village 1
1768598445.132004,17703,"(-111.8043903, 41.7510716)",in_transit
1768598455.426374,17703,"(-111.8044061, 41.7515321)",in_transit
1768598465.738706,17703,"(-111.804415, 41.7524021)",in_transit
1768598476.030829,17703,"(-111.8044068, 41.7528988)",in_transit
1768598486.3495722,17703,"(-111.8049471, 41.7530653)",in_transit
1768598496.6572318,17703,"(-111.8055836, 41.7530585)",in_transit
1768598506.9832902,17703,"(-111.8060403, 41.7530636)",Aggie Village 2
1768598517.278982,17703,"(-111.8060403, 41.7530636)",Aggie Village 2
1768598527.581119,17703,"(-111.806236, 41.753026)",Aggie Village 2
1768598537.8768268,17703,"(-111.8068376, 41.7530045)",in_transit
1768598548.154186,17703,"(-111.8078863, 41.7527158)",in_transit
1768598558.437388,17703,"(-111.8086225, 41.7525033)",in_transit
1768598568.729501,17703,"(-111.8091465, 41.7520378)",in_transit
1768598579.0290382,17703,"(-111.8092828, 41.7516225)",Aggie Village 3
1768598589.3435252,17703,"(-111.8092806, 41.7515791)",Aggie Village 3
1768598599.639057,17703,"(-111.8092536, 41.7509211)",in_transit
1768598609.929492,17703,"(-111.8092676, 41.7503771)",in_transit
1768598620.217376,17703,"(-111.809279, 41.7501946)",in_transit
1768598630.51036,17703,"(-111.8100191, 41.7501205)",in_transit
1768598640.807869,17703,"(-111.8112018, 41.7501456)",in_transit
1768598651.101414,17703,"(-111.8128511, 41.750151)",in_transit
1768598661.396085,17703,"(-111.813501, 41.7501498)",in_transit
1768598671.803136,17703,"(-111.8135558, 41.7501476)",in_transit
1768598682.082983,17703,"(-111.8136375, 41.7501491)",in_transit
1768598692.365139,17703,"(-111.813855, 41.7501475)",in_transit
1768598702.6375418,17703,"(-111.8139841, 41.7493988)",in_transit
1768598712.997072,17703,"(-111.8140583, 41.7480031)",in_transit
1768598723.2770529,17703,"(-111.8140928, 41.7470573)",in_transit
1768598733.656807,17703,"(-111.8141153, 41.7463935)",in_transit
1768598743.934488,17703,"(-111.814156, 41.7453288)",in_transit
1768598754.400576,17703,"(-111.8141521, 41.7448671)",in_transit
1768598764.678575,17703,"(-111.8141575, 41.7448605)",in_transit
1768598774.980522,17703,"(-111.8141575, 41.7448538)",in_transit
1768598785.6752949,17703,"(-111.8141515, 41.7447666)",in_transit
1768598796.034726,17703,"(-111.814153, 41.7447318)",in_transit
1768598806.35758,17703,"(-111.8141708, 41.7447295)",in_transit
1768598816.67822,17703,"(-111.8141676, 41.74474)",in_transit
1768598826.976063,17703,"(-111.8141518, 41.7447398)",in_transit
1768598837.283464,17703,"(-111.8141423, 41.7446995)",in_transit
1768598847.616328,17703,"(-111.8138061, 41.7444516)",in_transit
1768598857.907642,17703,"(-111.8135685, 41.7444313)",Field House
1768598868.2052522,17703,"(-111.8135645, 41.7444365)",Field House
1768598878.54622,17703,"(-111.813523, 41.7444405)",Field House
1768598888.828079,17703,"(-111.8126983, 41.7444476)",in_transit
1768598899.128426,17703,"(-111.8120558, 41.7444453)",in_transit
1768598909.487191,17703,"(-111.8117126, 41.7444548)",in_transit
1768598919.968734,17703,"(-111.8115661, 41.7444581)",in_transit
1768598930.2535691,17703,"(-111.8115575, 41.7444583)",in_transit
1768598940.523751,17703,"(-111.811061, 41.744406)",Veterinary Science
1768598950.888099,17703,"(-111.810978, 41.744398)",Veterinary Science
1768598961.2013178,17703,"(-111.8109878, 41.7443873)",Veterinary Science
1768598971.485983,17703,"(-111.8110033, 41.744378)",Veterinary Science
1768598981.848491,17703,"(-111.8108583, 41.744396)",Veterinary Science
1768598992.121687,17703,"(-111.8099561, 41.7444125)",in_transit
1768599002.5035598,17703,"(-111.809212, 41.7444005)",in_transit
1768599012.963861,17703,"(-111.8081855, 41.7443483)",Industrial Science
1768599023.328091,17703,"(-111.808057, 41.7443446)",in_transit
1768599033.723158,17703,"(-111.808056, 41.7443508)",in_transit
1768599044.01841,17703,"(-111.8080573, 41.7443513)",in_transit
1768599054.341486,17703,"(-111.8080546, 41.7443521)",in_transit
1768599064.66532,17703,"(-111.8080471, 41.7443541)",in_transit
1768599074.983754,17703,"(-111.808033, 41.7443453)",in_transit
1768599085.440075,17703,"(-111.8074583, 41.7443685)",in_transit
1768599095.763765,17703,"(-111.8067078, 41.7443525)",in_transit
1768599106.08812,17703,"(-111.8057588, 41.7443308)",in_transit
1768599116.374121,17703,"(-111.8049465, 41.7443321)",in_transit
1768599126.6571982,17703,"(-111.804668, 41.7443231)",in_transit
1768599137.025513,17703,"(-111.8045363, 41.7443198)",in_transit
1768599147.505167,17703,"(-111.8042363, 41.7445025)",in_transit
1768599157.821271,17703,"(-111.8042648, 41.7451436)",Aggie Ice Cream
1768599168.13613,17703,"(-111.804266, 41.745635)",in_transit
1768599178.458863,17703,"(-111.8042791, 41.745658)",in_transit
1768599188.747656,17703,"(-111.8042795, 41.7456585)",in_transit
1768599199.015797,17703,"(-111.8043176, 41.7462793)",in_transit
1768599209.3901708,17703,"(-111.8042498, 41.746693)",in_transit
1768599219.670607,17703,"(-111.804318, 41.7475303)",in_transit
1768599229.950559,17703,"(-111.8043385, 41.7486451)",in_transit
1768599240.31455,17703,"(-111.8043668, 41.7491073)",in_transit
1768599250.775239,17703,"(-111.804039, 41.7492983)",in_transit
1768599261.083893,17703,"(-111.8024993, 41.7493148)",in_transit
1768599271.3750012,17703,"(-111.8018466, 41.7493875)",in_transit
1768599281.73237,17703,"(-111.801922, 41.7495688)",Lundstrum
1768599292.0252092,17703,"(-111.8021316, 41.7496268)",Lundstrum
1768599302.313486,17703,"(-111.8021425, 41.749633)",Lundstrum
1768599312.655396,17703,"(-111.802151, 41.7496403)",Lundstrum
1768599322.9494731,17703,"(-111.8021585, 41.7496453)",Lundstrum
1768599333.3260238,17703,"(-111.8021585, 41.7496453)",Lundstrum
1768599343.7153049,17703,"(-111.8026378, 41.7493545)",in_transit
1768599354.091038,17703,"(-111.8037011, 41.7493478)",in_transit
1768599364.934083,17703,"(-111.8040166, 41.7493666)",in_transit
1768599375.235108,17703,"(-111.8043643, 41.7499663)",in_transit
1768599385.606931,17703,"(-111.8043723, 41.7507411)",Aggie Village 1
1768599395.943659,17703,"(-111.804364, 41.7508073)",Aggie Village 1
1768599406.313918,17703,"(-111.8043728, 41.7508951)",Aggie Village 1
1768599416.611317,17703,"(-111.8044015, 41.7518521)",in_transit
1768599426.955324,17703,"(-111.8044108, 41.7525531)",in_transit
1768599437.2477,17703,"(-111.8044161, 41.7528316)",in_transit
1768599447.552502,17703,"(-111.8044163, 41.7530023)",in_transit
1768599457.912956,17703,"(-111.8047595, 41.7530763)",in_transit
1768599468.198216,17703,"(-111.8055141, 41.7530601)",in_transit
1768599478.496019,17703,"(-111.8060313, 41.7530736)",Aggie Village 2
1768599488.8314629,17703,"(-111.8060641, 41.7530696)",Aggie Village 2
1768599499.312014,17703,"(-111.8060685, 41.7530618)",Aggie Village 2
1768599509.605075,17703,"(-111.8060763, 41.7530506)",Aggie Village 2
1768599519.885968,17703,"(-111.8066478, 41.7530263)",in_transit
1768599530.243852,17703,"(-111.8073505, 41.7528656)",in_transit
1768599540.537254,17703,"(-111.8084376, 41.7525538)",in_transit
1768599550.8424902,17703,"(-111.8090026, 41.7522405)",in_transit
1768599561.1734478,17703,"(-111.8092875, 41.7517038)",Aggie Village 3
1768599571.463895,17703,"(-111.8092886, 41.7515826)",Aggie Village 3
1768599581.86526,17703,"(-111.8092883, 41.7515745)",Aggie Village 3
1768599592.178557,17703,"(-111.8092593, 41.7508553)",in_transit
1768599602.540044,17703,"(-111.8092661, 41.7503151)",in_transit
1768599612.892193,17703,"(-111.8095323, 41.750107)",in_transit
1768599623.2139058,17703,"(-111.8105623, 41.750134)",in_transit
1768599633.5473862,17703,"(-111.8123661, 41.7501593)",in_transit
1768599643.891333,17703,"(-111.8133648, 41.7501508)",in_transit
1768599654.177888,17703,"(-111.8136138, 41.7501523)",in_transit
1768599664.6707242,17703,"(-111.813671, 41.7501561)",in_transit
1768599675.036324,17703,"(-111.8137601, 41.7501546)",in_transit
1768599685.767379,17703,"(-111.8138066, 41.7501493)",in_transit
1768599696.063956,17703,"(-111.8140033, 41.7499561)",in_transit
1768599706.409895,17703,"(-111.8140068, 41.7491415)",in_transit
1768599716.699712,17703,"(-111.8140918, 41.7486295)",800 E 900 N
1768599726.995668,17703,"(-111.8141048, 41.7485525)",800 E 900 N
1768599737.3541272,17703,"(-111.8141286, 41.7485596)",800 E 900 N
1768599747.84199,17703,"(-111.8141298, 41.7485578)",800 E 900 N
1768599758.23635,17703,"(-111.814061, 41.74779)",in_transit
1768599768.6028318,17703,"(-111.8141023, 41.746786)",in_transit
1768599778.899199,17703,"(-111.8141215, 41.7460543)",in_transit
1768599789.253016,17703,"(-111.8141556, 41.7450831)",in_transit
1768599799.550383,17703,"(-111.8141018, 41.7445491)",in_transit
1768599809.832503,17703,"(-111.8138598, 41.7444636)",in_transit
1768599820.198477,17703,"(-111.8135, 41.7444283)",Field House
1768599830.6655638,17703,"(-111.8135101, 41.7444256)",Field House
1768599840.955623,17703,"(-111.8128035, 41.7444476)",in_transit
1768599851.248179,17703,"(-111.8121066, 41.7444501)",in_transit
1768599861.60018,17703,"(-111.8115861, 41.7444591)",in_transit
1768599871.894241,17703,"(-111.8115958, 41.744459)",in_transit
1768599882.19331,17703,"(-111.8115231, 41.7444523)",in_transit
1768599892.539916,17703,"(-111.8112563, 41.7444318)",in_transit
1768599902.8242052,17703,"(-111.8110241, 41.7443983)",Veterinary Science
1768599913.312615,17703,"(-111.8109501, 41.7443941)",Veterinary Science
1768599923.598881,17703,"(-111.8103656, 41.7444178)",in_transit
1768599934.017962,17703,"(-111.809375, 41.7444106)",in_transit
1768599944.362038,17703,"(-111.8086781, 41.7443923)",in_transit
1768599954.729441,17703,"(-111.8081138, 41.744342)",Industrial Science
1768599965.0177448,17703,"(-111.8080801, 41.7443396)",Industrial Science
1768599975.391372,17703,"(-111.8080891, 41.7443378)",Industrial Science
1768599985.7806458,17703,"(-111.8078255, 41.7443595)",in_transit
1768599996.141132,17703,"(-111.8072146, 41.744361)",in_transit
1768600006.434457,17703,"(-111.806068, 41.7443245)",in_transit
1768600016.804501,17703,"(-111.8052141, 41.7443315)",in_transit
1768600027.087581,17703,"(-111.8046383, 41.7443236)",in_transit
1768600037.37479,17703,"(-111.80455, 41.7443208)",in_transit
1768600047.658966,17703,"(-111.8045408, 41.7443186)",in_transit
1768600057.925409,17703,"(-111.8042471, 41.7445318)",in_transit
1768600068.229265,17703,"(-111.8042785, 41.7454791)",in_transit
1768600078.583292,17703,"(-111.8042815, 41.745661)",in_transit
1768600088.858544,17703,"(-111.8043031, 41.7456716)",in_transit
1768600099.146873,17703,"(-111.8043095, 41.745928)",in_transit
1768600109.4166331,17703,"(-111.8042433, 41.7465356)",in_transit
1768600119.6998248,17703,"(-111.8043105, 41.7470055)",in_transit
1768600129.978966,17703,"(-111.8043373, 41.7480808)",in_transit
1768600140.267157,17703,"(-111.8043731, 41.7491123)",in_transit
1768600150.548762,17703,"(-111.8040111, 41.7492948)",in_transit
1768600160.935568,17703,"(-111.8030693, 41.7492945)",in_transit
1768600171.259238,17703,"(-111.8019785, 41.74931)",in_transit
1768600181.538389,17703,"(-111.8018195, 41.7494926)",in_transit
1768600191.825941,17703,"(-111.8021041, 41.7496246)",Lundstrum
1768600202.122936,17703,"(-111.8021211, 41.74963)",Lundstrum
1768600212.407402,17703,"(-111.8021106, 41.7496393)",Lundstrum
1768600222.694541,17703,"(-111.802232, 41.7496086)",Lundstrum
1768600233.056185,17703,"(-111.8027103, 41.7493515)",in_transit
1768600243.399269,17703,"(-111.8038186, 41.7493613)",in_transit
1768600253.704858,17703,"(-111.804332, 41.7495736)",in_transit
1768600263.996632,17703,"(-111.804372, 41.7504466)",in_transit
1768600274.33244,17703,"(-111.8043753, 41.750696)",Aggie Village 1
1768600284.627102,17703,"(-111.8043793, 41.7508093)",Aggie Village 1
1768600294.952268,17703,"(-111.8044083, 41.7512046)",in_transit
1768600305.233333,17703,"(-111.80442, 41.7522778)",in_transit
1768600315.547044,17703,"(-111.804418, 41.7528713)",in_transit
1768600325.997828,17703,"(-111.8051055, 41.7530623)",in_transit
1768600336.2928388,17703,"(-111.8057613, 41.7530591)",in_transit
1768600346.586665,17703,"(-111.8060705, 41.7530761)",Aggie Village 2
1768600356.882347,17703,"(-111.806064, 41.7530805)",Aggie Village 2
1768600367.152151,17703,"(-111.8063056, 41.7530518)",in_transit
1768600377.433485,17703,"(-111.8072801, 41.7529068)",in_transit
1768600387.713718,17703,"(-111.8079685, 41.7527078)",in_transit
1768600397.993703,17703,"(-111.8089578, 41.752308)",in_transit
1768600408.302164,17703,"(-111.8092838, 41.7517016)",Aggie Village 3
1768600418.601408,17703,"(-111.809294, 41.7515805)",Aggie Village 3
1768600428.896011,17703,"(-111.8092746, 41.7513931)",in_transit
1768600439.1789272,17703,"(-111.8092741, 41.7504996)",in_transit
1768600449.470401,17703,"(-111.8092773, 41.7502751)",in_transit
1768600459.782263,17703,"(-111.8100076, 41.7501088)",in_transit
1768600470.079393,17703,"(-111.8117843, 41.7501401)",in_transit
1768600480.379607,17703,"(-111.8129221, 41.7501458)",in_transit
1768600490.751912,17703,"(-111.8139683, 41.750068)",in_transit
1768600501.036018,17703,"(-111.8139683, 41.750068)",in_transit
1768600511.319958,17703,"(-111.814065, 41.7487556)",in_transit
1768600521.59347,17703,"(-111.8141023, 41.7485741)",800 E 900 N
1768600531.8879302,17703,"(-111.8141056, 41.7485163)",800 E 900 N
1768600542.1850932,17703,"(-111.8141081, 41.7485153)",800 E 900 N
1768600552.484054,17703,"(-111.8141126, 41.7485226)",800 E 900 N
1768600562.7779672,17703,"(-111.8140653, 41.7483303)",in_transit
1768600573.208468,17703,"(-111.8140978, 41.7472898)",in_transit
1768600583.494076,17703,"(-111.8141466, 41.7460488)",in_transit
1768600593.81246,17703,"(-111.8141703, 41.7452203)",in_transit
1768600604.110626,17703,"(-111.8141596, 41.7446128)",in_transit
1768600614.485698,17703,"(-111.8135268, 41.7444245)",Field House
1768600624.797371,17703,"(-111.813497, 41.7444323)",Field House
1768600635.121461,17703,"(-111.8134921, 41.7444436)",Field House
1768600645.431962,17703,"(-111.8135083, 41.7444416)",Field House
1768600655.806481,17703,"(-111.8135041, 41.7444515)",Field House
1768600666.112027,17703,"(-111.8135116, 41.74444)",Field House
1768600676.3867378,17703,"(-111.813535, 41.744425)",Field House
1768600686.686268,17703,"(-111.8135506, 41.7444263)",Field House
1768600696.984055,17703,"(-111.8135523, 41.7444315)",Field House
1768600707.269011,17703,"(-111.8135311, 41.7444353)",Field House
1768600717.569542,17703,"(-111.8135181, 41.7444313)",Field House
1768600727.856343,17703,"(-111.8135045, 41.7444266)",Field House
1768600738.2846122,17703,"(-111.813499, 41.7444283)",Field House
1768600748.581718,17703,"(-111.8131585, 41.7444368)",in_transit
1768600758.873783,17703,"(-111.8121195, 41.7444436)",in_transit
1768600769.161302,17703,"(-111.8116348, 41.7444538)",in_transit
1768600779.460413,17703,"(-111.8111488, 41.7444165)",Veterinary Science
1768600789.754221,17703,"(-111.8109551, 41.7444005)",Veterinary Science
1768600800.050258,17703,"(-111.810693, 41.7444325)",in_transit
1768600810.369029,17703,"(-111.8099798, 41.7444351)",in_transit
1768600820.672545,17703,"(-111.8091876, 41.7444208)",in_transit
1768600830.971377,17703,"(-111.8081918, 41.7443581)",Industrial Science
1768600841.274875,17703,"(-111.8080731, 41.7443505)",Industrial Science
1768600851.564212,17703,"(-111.8080701, 41.744349)",Industrial Science
1768600861.857087,17703,"(-111.8080018, 41.7443623)",in_transit
1768600872.144472,17703,"(-111.8077848, 41.7443818)",in_transit
1768600882.42737,17703,"(-111.8068493, 41.7443708)",in_transit
1768600892.71386,17703,"(-111.8063185, 41.7443531)",in_transit
1768600903.100626,17703,"(-111.8053523, 41.7443485)",in_transit
1768600913.489998,17703,"(-111.8043736, 41.74434)",in_transit
1768600923.7945678,17703,"(-111.8042595, 41.7451206)",Aggie Ice Cream
1768600934.1253068,17703,"(-111.8042721, 41.7456381)",in_transit
1768600944.424072,17703,"(-111.8042863, 41.7456866)",in_transit
1768600954.763555,17703,"(-111.8042921, 41.7456898)",in_transit
1768600965.064797,17703,"(-111.8043076, 41.7461265)",in_transit
1768600975.390235,17703,"(-111.8042308, 41.746555)",in_transit
1768600985.798455,17703,"(-111.804325, 41.7476133)",in_transit
1768600996.118019,17703,"(-111.8043386, 41.7484893)",in_transit
1768601006.4314308,17703,"(-111.8043696, 41.7491201)",in_transit
1768601016.728158,17703,"(-111.803931, 41.7493031)",in_transit
1768601027.0244632,17703,"(-111.8022313, 41.7493235)",in_transit
1768601037.308914,17703,"(-111.8019676, 41.7493273)",in_transit
1768601047.5961752,17703,"(-111.8019393, 41.7495766)",Lundstrum
1768601057.88011,17703,"(-111.8019473, 41.749574)",Lundstrum
1768601068.289676,17703,"(-111.8019531, 41.7495726)",Lundstrum
1768601078.586245,17703,"(-111.802111, 41.7496206)",Lundstrum
1768601088.88672,17703,"(-111.8023546, 41.7495331)",in_transit
1768601099.1869729,17703,"(-111.8032015, 41.749338)",in_transit
1768601109.459168,17703,"(-111.8037916, 41.7493468)",in_transit
1768601119.748859,17703,"(-111.8042836, 41.7494916)",in_transit
1768601130.19455,17703,"(-111.8043598, 41.7500773)",in_transit
1768601140.481471,17703,"(-111.8043756, 41.7506713)",in_transit
1768601150.8856168,17703,"(-111.804394, 41.7507863)",Aggie Village 1
1768601161.17717,17703,"(-111.8044141, 41.7516518)",in_transit
1768601171.472439,17703,"(-111.8044116, 41.752475)",in_transit
1768601181.7638,17703,"(-111.8044073, 41.7529668)",in_transit
1768601192.0584068,17703,"(-111.805029, 41.753063)",in_transit
1768601202.349548,17703,"(-111.8057956, 41.7530625)",in_transit
1768601212.66091,17703,"(-111.8060385, 41.7530728)",Aggie Village 2
1768601222.9612212,17703,"(-111.806072, 41.7530778)",Aggie Village 2
1768601233.440156,17703,"(-111.8063166, 41.7530398)",in_transit
1768601243.733014,17703,"(-111.8069611, 41.7529785)",in_transit
1768601254.0668008,17703,"(-111.8078978, 41.752703)",in_transit
1768601264.3572638,17703,"(-111.8088961, 41.752338)",in_transit
1768601274.7055411,17703,"(-111.8092386, 41.7518643)",in_transit
1768601284.9946702,17703,"(-111.8092975, 41.751674)",Aggie Village 3
1768601295.341578,17703,"(-111.8092905, 41.7515841)",Aggie Village 3
1768601305.63641,17703,"(-111.8092691, 41.7511068)",in_transit
1768601316.02306,17703,"(-111.8092745, 41.750504)",in_transit
1768601326.3217978,17703,"(-111.8093568, 41.7500986)",in_transit
1768601336.607789,17703,"(-111.8101161, 41.7501206)",in_transit
1768601346.88912,17703,"(-111.8118631, 41.7501498)",in_transit
1768601357.183267,17703,"(-111.8133218, 41.7501533)",in_transit
1768601367.474057,17703,"(-111.8135761, 41.7501538)",in_transit
1768601377.751938,17703,"(-111.8136398, 41.7501506)",in_transit
1768601388.0407228,17703,"(-111.8136606, 41.7501521)",in_transit
1768601398.346957,17703,"(-111.8137141, 41.7501518)",in_transit
1768601408.647158,17703,"(-111.8139991, 41.7499538)",in_transit
1768601418.919015,17703,"(-111.8140206, 41.7490001)",in_transit
1768601429.206614,17703,"(-111.8141106, 41.748557)",800 E 900 N
1768601439.48993,17703,"(-111.8141186, 41.7485298)",800 E 900 N
1768601449.792922,17703,"(-111.8141136, 41.7485238)",800 E 900 N
1768601460.0939798,17703,"(-111.8140543, 41.7481246)",in_transit
1768601470.369547,17703,"(-111.8140601, 41.7477875)",in_transit
1768601480.688221,17703,"(-111.8141151, 41.7462003)",in_transit
1768601490.971688,17703,"(-111.8141535, 41.7451278)",in_transit
1768601501.265577,17703,"(-111.8141666, 41.7446206)",in_transit
1768601511.541537,17703,"(-111.8136686, 41.7444321)",in_transit
1768601521.8295,17703,"(-111.8134618, 41.7444233)",Field House
1768601532.123148,17703,"(-111.8134626, 41.7444206)",Field House
1768601542.425162,17703,"(-111.8132006, 41.7444345)",in_transit
1768601552.7382882,17703,"(-111.8121928, 41.7444341)",in_transit
1768601563.1310642,17703,"(-111.8117053, 41.7444493)",in_transit
1768601573.496635,17703,"(-111.8111976, 41.7444161)",Veterinary Science
1768601583.7818098,17703,"(-111.810969, 41.7443916)",Veterinary Science
1768601594.105692,17703,"(-111.8109626, 41.7443881)",Veterinary Science
1768601604.404921,17703,"(-111.810671, 41.7444193)",in_transit
1768601614.751797,17703,"(-111.8100691, 41.7444263)",in_transit
1768601625.047192,17703,"(-111.8090445, 41.7443975)",in_transit
1768601635.355072,17703,"(-111.8083858, 41.7443485)",Industrial Science
1768601645.857279,17703,"(-111.8080711, 41.744329)",Industrial Science
1768601656.159856,17703,"(-111.8080711, 41.744329)",Industrial Science
1768601666.440102,17703,"(-111.807319, 41.7443508)",in_transit
1768601676.732951,17703,"(-111.8064353, 41.7443278)",in_transit
1768601687.0222878,17703,"(-111.8051871, 41.744331)",in_transit
1768601697.320272,17703,"(-111.8046068, 41.7443153)",in_transit
1768601707.6264372,17703,"(-111.8042365, 41.7444965)",in_transit
1768601717.9101388,17703,"(-111.8042723, 41.7453753)",in_transit
1768601728.2612832,17703,"(-111.8042773, 41.7455873)",in_transit
1768601738.545045,17703,"(-111.8042681, 41.7456765)",in_transit
1768601748.8679209,17703,"(-111.8042701, 41.7458688)",in_transit
1768601759.1601229,17703,"(-111.8042818, 41.7460971)",in_transit
1768601769.4744189,17703,"(-111.8042218, 41.7466735)",in_transit
1768601779.777556,17703,"(-111.8043015, 41.7473106)",in_transit
1768601790.080739,17703,"(-111.8043366, 41.7487166)",in_transit
1768601800.359339,17703,"(-111.8043375, 41.7492423)",in_transit
1768601810.712854,17703,"(-111.8031871, 41.7493095)",in_transit
1768601821.01284,17703,"(-111.801931, 41.7493335)",in_transit
1768601831.301458,17703,"(-111.801931, 41.7493335)",in_transit
1768601841.589937,17703,"(-111.802059, 41.7496301)",Lundstrum
1768601851.9009762,17703,"(-111.8020901, 41.7496378)",Lundstrum
1768601862.206952,17703,"(-111.8020895, 41.7496406)",Lundstrum
1768601872.504632,17703,"(-111.8020805, 41.749635)",Lundstrum
1768601882.8233862,17703,"(-111.8020741, 41.7496258)",Lundstrum
1768601893.1405509,17703,"(-111.802393, 41.7494778)",in_transit
1768601903.445405,17703,"(-111.8029078, 41.7493388)",in_transit
1768601913.760684,17703,"(-111.8037831, 41.7493481)",in_transit
1768601924.061067,17703,"(-111.8043035, 41.7495345)",in_transit
1768601934.404174,17703,"(-111.8043608, 41.750263)",in_transit
1768601944.687039,17703,"(-111.8043725, 41.7507846)",Aggie Village 1
1768601955.043307,17703,"(-111.8043766, 41.7508305)",Aggie Village 1
1768601965.3509388,17703,"(-111.8043896, 41.751316)",in_transit
1768601975.756086,17703,"(-111.804393, 41.7520975)",in_transit
1768601986.054414,17703,"(-111.8043978, 41.7529823)",in_transit
1768601996.393798,17703,"(-111.8046465, 41.7530731)",in_transit
1768602006.682413,17703,"(-111.805961, 41.7530713)",Aggie Village 2
1768602017.011327,17703,"(-111.8060541, 41.7530801)",Aggie Village 2
1768602027.304405,17703,"(-111.8068995, 41.7530086)",in_transit
1768602037.6173198,17703,"(-111.8076268, 41.7527851)",in_transit
1768602047.924193,17703,"(-111.8089573, 41.7522786)",in_transit
1768602058.309058,17703,"(-111.8092836, 41.7517455)",Aggie Village 3
1768602068.591106,17703,"(-111.8092803, 41.7515965)",Aggie Village 3
1768602078.874797,17703,"(-111.8092721, 41.751581)",Aggie Village 3
1768602089.166686,17703,"(-111.8092533, 41.7507698)",in_transit
1768602099.464173,17703,"(-111.8092568, 41.7502791)",in_transit
1768602109.7627609,17703,"(-111.8095986, 41.750101)",in_transit
1768602120.08,17703,"(-111.8106315, 41.7501268)",in_transit
1768602130.371089,17703,"(-111.812478, 41.7501603)",in_transit
1768602140.73924,17703,"(-111.8134583, 41.7501595)",in_transit
1768602151.0390232,17703,"(-111.8136603, 41.7501563)",in_transit
1768602161.333685,17703,"(-111.8138905, 41.7501256)",in_transit
1768602171.63648,17703,"(-111.8140036, 41.7492888)",in_transit
1768602181.942817,17703,"(-111.8140933, 41.7486803)",800 E 900 N
1768602192.242843,17703,"(-111.8141191, 41.7485356)",800 E 900 N
1768602202.5597088,17703,"(-111.8141298, 41.7485285)",800 E 900 N
1768602212.85446,17703,"(-111.8141331, 41.7485306)",800 E 900 N
1768602223.209723,17703,"(-111.8140651, 41.7480831)",in_transit
1768602233.535552,17703,"(-111.8140801, 41.7473165)",in_transit
1768602243.8371918,17703,"(-111.8141231, 41.7460323)",in_transit
1768602254.1536078,17703,"(-111.8141461, 41.7449448)",in_transit
1768602264.4461849,17703,"(-111.8141451, 41.7445661)",in_transit
1768602274.732233,17703,"(-111.8138966, 41.7444498)",in_transit
1768602285.045302,17703,"(-111.813499, 41.7444143)",Field House
1768602295.330827,17703,"(-111.8134978, 41.7444166)",Field House
1768602305.6523788,17703,"(-111.8135006, 41.7444321)",Field House
1768602316.010195,17703,"(-111.81351, 41.7444351)",Field House
1768602326.301823,17703,"(-111.8135086, 41.744437)",Field House
1768602336.580585,17703,"(-111.8134558, 41.7444401)",Field House
1768602346.8718889,17703,"(-111.8124146, 41.7444435)",in_transit
1768602357.1719658,17703,"(-111.8118441, 41.7444433)",in_transit
1768602367.474567,17703,"(-111.8113908, 41.744435)",in_transit
1768602377.76607,17703,"(-111.8111456, 41.7444086)",Veterinary Science
1768602388.1388311,17703,"(-111.8109756, 41.744392)",Veterinary Science
1768602398.425318,17703,"(-111.8109988, 41.7443921)",Veterinary Science
1768602408.717283,17703,"(-111.810757, 41.7444133)",in_transit
1768602419.018337,17703,"(-111.809638, 41.7444068)",in_transit
1768602429.358368,17703,"(-111.8084691, 41.7443598)",in_transit
1768602439.647536,17703,"(-111.8081986, 41.7443365)",Industrial Science
1768602449.928886,17703,"(-111.808077, 41.7443323)",Industrial Science
1768602460.205665,17703,"(-111.8080818, 41.7443241)",Industrial Science
1768602470.604396,17703,"(-111.8080796, 41.7443196)",Industrial Science
1768602480.901034,17703,"(-111.8080746, 41.7443146)",Industrial Science
1768602491.199134,17703,"(-111.8080796, 41.7443075)",Industrial Science
1768602501.493282,17703,"(-111.8080776, 41.7443073)",Industrial Science
1768602511.797826,17703,"(-111.8080846, 41.744308)",Industrial Science
1768602522.095978,17703,"(-111.8080718, 41.7443241)",in_transit
1768602532.405581,17703,"(-111.8080638, 41.7443301)",in_transit
1768602542.689909,17703,"(-111.8072573, 41.7443545)",in_transit
1768602553.01667,17703,"(-111.8058715, 41.744327)",in_transit
1768602563.332812,17703,"(-111.8051481, 41.744322)",in_transit
1768602573.6318789,17703,"(-111.8048986, 41.7443161)",in_transit
1768602583.922223,17703,"(-111.8046748, 41.7443108)",in_transit
1768602594.259692,17703,"(-111.8046728, 41.7443116)",in_transit
1768602604.5724218,17703,"(-111.8042463, 41.7445011)",in_transit
1768602614.921952,17703,"(-111.8042671, 41.7451128)",Aggie Ice Cream
1768602625.2266932,17703,"(-111.8042746, 41.7456313)",in_transit
1768602635.657671,17703,"(-111.8042673, 41.7456603)",in_transit
1768602645.953416,17703,"(-111.8043023, 41.7462196)",in_transit
1768602656.27035,17703,"(-111.8042126, 41.7465933)",in_transit
1768602666.565844,17703,"(-111.804317, 41.7479118)",in_transit
1768602676.8957078,17703,"(-111.8043283, 41.7484215)",in_transit
1768602687.2030258,17703,"(-111.8037495, 41.7492956)",in_transit
1768602697.545003,17703,"(-111.8026191, 41.7493126)",in_transit
1768602707.830578,17703,"(-111.8018881, 41.7493605)",in_transit
1768602718.160893,17703,"(-111.8018848, 41.7495451)",in_transit
1768602728.463918,17703,"(-111.8020808, 41.7496348)",Lundstrum
1768602738.757636,17703,"(-111.8020726, 41.749633)",Lundstrum
1768602749.0549388,17703,"(-111.8020813, 41.7496288)",Lundstrum
1768602759.3562,17703,"(-111.8022168, 41.749598)",Lundstrum
1768602769.641296,17703,"(-111.802645, 41.7493401)",in_transit
1768602779.940607,17703,"(-111.8034386, 41.7493385)",in_transit
1768602790.2277849,17703,"(-111.8041058, 41.7493775)",in_transit
1768602800.601553,17703,"(-111.804165, 41.7494)",in_transit
1768602810.886543,17703,"(-111.8043843, 41.7497076)",in_transit
1768602821.173795,17703,"(-111.8043556, 41.7500805)",in_transit
1768602831.469619,17703,"(-111.8043688, 41.7505648)",in_transit
1768602841.765492,17703,"(-111.8043751, 41.7507696)",Aggie Village 1
1768602852.049519,17703,"(-111.804396, 41.7513725)",in_transit
1768602862.328959,17703,"(-111.8044021, 41.7522006)",in_transit
1768602872.620519,17703,"(-111.8044366, 41.753024)",in_transit
1768602882.933148,17703,"(-111.8054623, 41.7530543)",in_transit
1768602893.232762,17703,"(-111.8058581, 41.753061)",in_transit
1768602903.5137742,17703,"(-111.8060526, 41.753073)",Aggie Village 2
1768602913.802561,17703,"(-111.806299, 41.7530345)",in_transit
1768602924.084909,17703,"(-111.8076978, 41.7527731)",in_transit
1768602934.414817,17703,"(-111.8087451, 41.752442)",in_transit
1768602944.7002418,17703,"(-111.809285, 41.7516448)",Aggie Village 3
1768602955.0645068,17703,"(-111.8092863, 41.7515821)",Aggie Village 3
1768602965.463211,17703,"(-111.8092823, 41.751584)",Aggie Village 3
1768602975.8371542,17703,"(-111.8092576, 41.7513983)",in_transit
1768602986.1304908,17703,"(-111.8092598, 41.75049)",in_transit
1768602996.471673,17703,"(-111.8092606, 41.7502681)",in_transit
1768603006.776435,17703,"(-111.8092476, 41.7501713)",in_transit
1768603017.115961,17703,"(-111.8095665, 41.750094)",in_transit
1768603027.410805,17703,"(-111.8117436, 41.750151)",in_transit
1768603037.705643,17703,"(-111.8128823, 41.7501538)",in_transit
1768603048.1229792,17703,"(-111.813484, 41.7501513)",in_transit
1768603058.400943,17703,"(-111.8139733, 41.7500821)",in_transit
1768603068.687755,17703,"(-111.8139936, 41.7494505)",in_transit
1768603078.9908009,17703,"(-111.8140281, 41.7488803)",in_transit
1768603089.290714,17703,"(-111.8141088, 41.748536)",800 E 900 N
1768603099.58285,17703,"(-111.8141211, 41.74854)",800 E 900 N
1768603109.866113,17703,"(-111.8140931, 41.7484225)",in_transit
1768603120.163306,17703,"(-111.814077, 41.7477555)",in_transit
1768603130.5675142,17703,"(-111.814077, 41.7477555)",in_transit
1768603140.847735,17703,"(-111.8141368, 41.7456203)",in_transit
1768603151.145814,17703,"(-111.81415, 41.7446973)",in_transit
1768603161.437363,17703,"(-111.81376, 41.7444375)",in_transit
1768603171.726888,17703,"(-111.8134761, 41.7444256)",Field House
1768603182.028979,17703,"(-111.8134748, 41.744426)",Field House
1768603192.338739,17703,"(-111.8128368, 41.7444515)",in_transit
1768603202.628573,17703,"(-111.8119836, 41.7444411)",in_transit
1768603212.969244,17703,"(-111.8111115, 41.7444096)",Veterinary Science
1768603223.256439,17703,"(-111.8109031, 41.74439)",Veterinary Science
1768603233.53706,17703,"(-111.810906, 41.7443836)",Veterinary Science
1768603243.8188229,17703,"(-111.8109108, 41.7443813)",Veterinary Science
1768603254.116689,17703,"(-111.8108773, 41.7443866)",Veterinary Science
1768603264.420883,17703,"(-111.809784, 41.7444046)",in_transit
1768603274.707083,17703,"(-111.8089085, 41.7443836)",in_transit
1768603284.989641,17703,"(-111.8082001, 41.744336)",Industrial Science
1768603295.315016,17703,"(-111.808052, 41.7443368)",in_transit
1768603305.6025212,17703,"(-111.8075005, 41.7443671)",in_transit
1768603315.95572,17703,"(-111.8065156, 41.7443358)",in_transit
1768603326.256358,17703,"(-111.8050413, 41.7443288)",in_transit
1768603336.622933,17703,"(-111.8048016, 41.7443233)",in_transit
1768603346.921349,17703,"(-111.804245, 41.7445373)",in_transit
1768603357.25997,17703,"(-111.804268, 41.7453941)",in_transit
1768603367.5550668,17703,"(-111.8042708, 41.7455976)",in_transit
1768603377.961902,17703,"(-111.8042855, 41.7456778)",in_transit
1768603388.258413,17703,"(-111.8042941, 41.7464036)",in_transit
1768603398.539288,17703,"(-111.804313, 41.747433)",in_transit
1768603408.834312,17703,"(-111.804333, 41.7484591)",in_transit
1768603419.1304588,17703,"(-111.804118, 41.7493058)",in_transit
1768603429.425964,17703,"(-111.8027336, 41.7493115)",in_transit
1768603439.716512,17703,"(-111.801963, 41.7493353)",in_transit
1768603450.007162,17703,"(-111.8018508, 41.7495156)",in_transit
1768603460.4316108,17703,"(-111.8020901, 41.7496288)",Lundstrum
1768603470.742404,17703,"(-111.8020955, 41.7496258)",Lundstrum
1768603481.03492,17703,"(-111.8021973, 41.7496056)",Lundstrum
1768603491.33074,17703,"(-111.8026948, 41.7493453)",in_transit
1768603501.616826,17703,"(-111.8034406, 41.7493393)",in_transit
1768603511.891228,17703,"(-111.8043035, 41.749521)",in_transit
1768603522.187662,17703,"(-111.804388, 41.7497563)",in_transit
1768603532.472675,17703,"(-111.8043785, 41.7507791)",Aggie Village 1
1768603542.8590589,17703,"(-111.804382, 41.750824)",Aggie Village 1
1768603553.152118,17703,"(-111.8043923, 41.7516056)",in_transit
1768603563.4515798,17703,"(-111.8044008, 41.7527491)",in_transit
1768603573.755819,17703,"(-111.8046395, 41.7530653)",in_transit
1768603584.048354,17703,"(-111.8057886, 41.7530483)",in_transit
1768603594.329453,17703,"(-111.8060298, 41.7530441)",Aggie Village 2
1768603604.629542,17703,"(-111.8060521, 41.7530373)",Aggie Village 2
1768603614.924892,17703,"(-111.8065176, 41.7530146)",in_transit
1768603625.240572,17703,"(-111.8079498, 41.7526908)",in_transit
1768603635.608285,17703,"(-111.8088425, 41.7523735)",in_transit
1768603645.8955898,17703,"(-111.8092743, 41.7516506)",Aggie Village 3
1768603656.256499,17703,"(-111.8092775, 41.7515846)",Aggie Village 3
1768603666.546794,17703,"(-111.8092713, 41.7515305)",Aggie Village 3
1768603676.909083,17703,"(-111.8092568, 41.7505686)",in_transit
1768603687.2315571,17703,"(-111.8092586, 41.7503285)",in_transit
1768603697.5797498,17703,"(-111.8092576, 41.7501771)",in_transit
1768603707.902984,17703,"(-111.8101401, 41.7501086)",in_transit
1768603718.1828108,17703,"(-111.8122193, 41.750145)",in_transit
1768603728.480022,17703,"(-111.8133525, 41.7501413)",in_transit
1768603738.7697768,17703,"(-111.8136136, 41.7501413)",in_transit
1768603749.0566368,17703,"(-111.8136556, 41.7501375)",in_transit
1768603759.338773,17703,"(-111.8136556, 41.7501375)",in_transit
1768603769.634944,17703,"(-111.8137268, 41.750131)",in_transit
1768603779.927827,17703,"(-111.8139955, 41.7497965)",in_transit
1768603790.3436642,17703,"(-111.8140301, 41.748915)",in_transit
1768603800.640935,17703,"(-111.8140941, 41.748663)",800 E 900 N
1768603810.925921,17703,"(-111.8141015, 41.7485438)",800 E 900 N
1768603821.212993,17703,"(-111.814068, 41.7477273)",in_transit
1768603831.5197508,17703,"(-111.8141108, 41.7465203)",in_transit
1768603841.820822,17703,"(-111.8141395, 41.745676)",in_transit
1768603852.0946088,17703,"(-111.8141585, 41.7448176)",in_transit
1768603862.385588,17703,"(-111.8141563, 41.7446678)",in_transit
1768603872.697494,17703,"(-111.8141726, 41.7446698)",in_transit
1768603883.004701,17703,"(-111.8141735, 41.7446548)",in_transit
1768603893.300905,17703,"(-111.81416, 41.7445733)",in_transit
1768603903.605647,17703,"(-111.8139025, 41.7444573)",in_transit
1768603913.90273,17703,"(-111.81349, 41.7444351)",Field House
1768603924.190145,17703,"(-111.8134841, 41.7444165)",Field House
1768603934.466065,17703,"(-111.8132313, 41.7444366)",in_transit
1768603944.761277,17703,"(-111.8119903, 41.7444433)",in_transit
1768603955.0912588,17703,"(-111.8112288, 41.7444295)",in_transit
1768603965.387764,17703,"(-111.8109863, 41.7444016)",Veterinary Science
1768603975.7208,17703,"(-111.8106558, 41.7444125)",in_transit
1768603986.01023,17703,"(-111.8098416, 41.7444215)",in_transit
1768603996.357615,17703,"(-111.8086081, 41.7443868)",in_transit
1768604006.649525,17703,"(-111.8082831, 41.744352)",Industrial Science
1768604016.98939,17703,"(-111.8080938, 41.7443303)",Industrial Science
1768604027.287185,17703,"(-111.8078328, 41.744339)",in_transit
1768604037.731091,17703,"(-111.806939, 41.744349)",in_transit
1768604048.0228128,17703,"(-111.8054285, 41.7443301)",in_transit
1768604058.33703,17703,"(-111.8046306, 41.7443215)",in_transit
1768604068.669884,17703,"(-111.8045646, 41.7443226)",in_transit
1768604078.971781,17703,"(-111.8045641, 41.7443255)",in_transit
1768604089.258384,17703,"(-111.8045746, 41.7443226)",in_transit
1768604099.554631,17703,"(-111.804254, 41.7445493)",in_transit
1768604109.851529,17703,"(-111.804272, 41.7453805)",in_transit
1768604120.2359931,17703,"(-111.8042835, 41.746089)",in_transit
1768604130.546637,17703,"(-111.804214, 41.7465801)",in_transit
1768604140.834357,17703,"(-111.804298, 41.7474368)",in_transit
1768604151.123745,17703,"(-111.8043108, 41.7479878)",in_transit
1768604161.419321,17703,"(-111.8043275, 41.7487545)",in_transit
1768604171.72575,17703,"(-111.8043496, 41.7491895)",in_transit
1768604181.9959848,17703,"(-111.803814, 41.7492996)",in_transit
1768604192.293129,17703,"(-111.803007, 41.7493043)",in_transit
1768604202.725912,17703,"(-111.8019891, 41.7493138)",in_transit
1768604213.021122,17703,"(-111.801829, 41.7494978)",in_transit
1768604223.3253078,17703,"(-111.8019228, 41.7495893)",Lundstrum
1768604233.623989,17703,"(-111.8019241, 41.7496013)",Lundstrum
1768604243.9151008,17703,"(-111.8019281, 41.7496096)",Lundstrum
1768604254.20668,17703,"(-111.8019348, 41.7496183)",Lundstrum
1768604264.501289,17703,"(-111.8019611, 41.7496325)",Lundstrum
1768604274.7897978,17703,"(-111.802449, 41.7494696)",in_transit
1768604285.227288,17703,"(-111.8030311, 41.7493583)",in_transit
1768604295.5391731,17703,"(-111.8041083, 41.7493936)",in_transit
1768604305.958053,17703,"(-111.8043848, 41.7498248)",in_transit
1768604316.263625,17703,"(-111.8043766, 41.7507581)",Aggie Village 1
1768604326.584252,17703,"(-111.8043898, 41.751433)",in_transit
1768604336.883551,17703,"(-111.8043975, 41.7526016)",in_transit
1768604347.206592,17703,"(-111.8044665, 41.7530521)",in_transit
1768604357.516618,17703,"(-111.8052228, 41.7530631)",in_transit
1768604367.895575,17703,"(-111.805901, 41.7530741)",Aggie Village 2
1768604378.191136,17703,"(-111.8062556, 41.7530348)",in_transit
1768604388.476853,17703,"(-111.8070486, 41.7529638)",in_transit
1768604398.7684858,17703,"(-111.8085565, 41.7525331)",in_transit
1768604409.091825,17703,"(-111.8091786, 41.7520173)",in_transit
1768604419.390086,17703,"(-111.8092956, 41.7516298)",Aggie Village 3
1768604429.666569,17703,"(-111.8092648, 41.7513615)",in_transit
1768604439.932651,17703,"(-111.8092616, 41.7504033)",in_transit
1768604450.322859,17703,"(-111.8092595, 41.7502215)",in_transit
1768604460.618419,17703,"(-111.8104443, 41.7501345)",in_transit
1768604470.921044,17703,"(-111.8119288, 41.7501535)",in_transit
1768604481.225958,17703,"(-111.8132871, 41.7501595)",in_transit
1768604491.512871,17703,"(-111.813531, 41.750161)",in_transit
1768604501.810543,17703,"(-111.8139738, 41.7501008)",in_transit
1768604512.1174212,17703,"(-111.814017, 41.7490396)",in_transit
1768604522.4090922,17703,"(-111.8141053, 41.7485865)",800 E 900 N
1768604532.8266292,17703,"(-111.8140995, 41.7485463)",800 E 900 N
1768604543.109256,17703,"(-111.8140991, 41.7485265)",800 E 900 N
1768604553.373109,17703,"(-111.8140531, 41.748022)",in_transit
1768604563.7104409,17703,"(-111.814084, 41.7468355)",in_transit
1768604574.00739,17703,"(-111.8141276, 41.7459598)",in_transit
1768604584.289357,17703,"(-111.8141571, 41.744881)",in_transit
1768604594.575098,17703,"(-111.8141543, 41.7446978)",in_transit
1768604604.856056,17703,"(-111.8141488, 41.7446611)",in_transit
1768604615.182223,17703,"(-111.8141551, 41.7446603)",in_transit
1768604625.5781188,17703,"(-111.8139, 41.7444588)",in_transit
1768604635.885922,17703,"(-111.8135205, 41.7444236)",Field House
1768604646.27499,17703,"(-111.813493, 41.744449)",Field House
1768604656.594015,17703,"(-111.8134945, 41.7444535)",Field House
1768604666.902316,17703,"(-111.8134831, 41.7444631)",Field House
1768604677.206272,17703,"(-111.8124198, 41.7444546)",in_transit
1768604687.5046568,17703,"(-111.811676, 41.744445)",in_transit
1768604697.868408,17703,"(-111.8115765, 41.7444378)",in_transit
1768604708.181708,17703,"(-111.8115786, 41.7444331)",in_transit
1768604718.4559538,17703,"(-111.8115888, 41.7444273)",in_transit
1768604728.742008,17703,"(-111.8111176, 41.7443948)",Veterinary Science
1768604739.0123038,17703,"(-111.8109813, 41.7443956)",Veterinary Science
1768604749.2959309,17703,"(-111.8108513, 41.7444271)",Veterinary Science
1768604759.581078,17703,"(-111.8095873, 41.744414)",in_transit
1768604769.884683,17703,"(-111.8086931, 41.7443833)",in_transit
1768604780.279995,17703,"(-111.8083503, 41.7443556)",Industrial Science
1768604790.557576,17703,"(-111.8081226, 41.744357)",Industrial Science
1768604800.838509,17703,"(-111.8081075, 41.7443525)",Industrial Science
1768604811.137593,17703,"(-111.808093, 41.7443418)",Industrial Science
1768604821.4141371,17703,"(-111.8081196, 41.744358)",Industrial Science
1768604831.693683,17703,"(-111.8081366, 41.744355)",Industrial Science
1768604841.999171,17703,"(-111.808158, 41.7443493)",Industrial Science
1768604852.282544,17703,"(-111.8081538, 41.7443476)",Industrial Science
1768604862.697918,17703,"(-111.8081498, 41.7443483)",Industrial Science
1768604873.0072489,17703,"(-111.8081468, 41.7443496)",Industrial Science
1768604883.3622882,17703,"(-111.808025, 41.744362)",in_transit
1768604893.6723928,17703,"(-111.8070276, 41.7443631)",in_transit
1768604903.9585931,17703,"(-111.8062168, 41.7443385)",in_transit
1768604914.310237,17703,"(-111.804878, 41.7443278)",in_transit
1768604924.615392,17703,"(-111.8045841, 41.7443226)",in_transit
1768604934.9208431,17703,"(-111.8042426, 41.7445095)",in_transit
1768604945.588911,17703,"(-111.8042756, 41.7454831)",in_transit
1768604955.894462,17703,"(-111.8042968, 41.7460883)",in_transit
1768604966.299485,17703,"(-111.8042703, 41.7467356)",in_transit
1768604976.5957131,17703,"(-111.8043193, 41.7476373)",in_transit
1768604986.91335,17703,"(-111.804341, 41.7485288)",in_transit
1768604997.2316248,17703,"(-111.8041165, 41.7492938)",in_transit
1768605007.5461,17703,"(-111.8034436, 41.749298)",in_transit
1768605017.858743,17703,"(-111.802053, 41.7493095)",in_transit
1768605028.263947,17703,"(-111.8018285, 41.7494418)",in_transit
1768605038.571743,17703,"(-111.8018285, 41.7494418)",in_transit
1768605048.881142,17703,"(-111.802069, 41.7496231)",Lundstrum
1768605059.1648982,17703,"(-111.8020683, 41.7496275)",Lundstrum
1768605069.461771,17703,"(-111.8025583, 41.749392)",in_transit
1768605079.752057,17703,"(-111.8037253, 41.7493503)",in_transit
1768605090.05072,17703,"(-111.8040233, 41.7493681)",in_transit
1768605100.348232,17703,"(-111.8041561, 41.7494011)",in_transit
1768605110.7200818,17703,"(-111.8043986, 41.7497453)",in_transit
1768605121.0392032,17703,"(-111.8043876, 41.7506258)",in_transit
1768605131.322123,17703,"(-111.8043935, 41.7507973)",Aggie Village 1
1768605141.6132889,17703,"(-111.8044043, 41.750914)",Aggie Village 1
1768605151.883356,17703,"(-111.8044223, 41.7523613)",in_transit
1768605162.176179,17703,"(-111.8044268, 41.752902)",in_transit
1768605172.474785,17703,"(-111.8045458, 41.7530508)",in_transit
1768605182.760911,17703,"(-111.8056275, 41.753051)",in_transit
1768605193.157796,17703,"(-111.8059065, 41.7530545)",Aggie Village 2
1768605203.462177,17703,"(-111.8060573, 41.7530581)",Aggie Village 2
1768605213.747815,17703,"(-111.8066216, 41.7530168)",in_transit
1768605224.0453398,17703,"(-111.8074406, 41.7528381)",in_transit
1768605234.339157,17703,"(-111.8085703, 41.7525183)",in_transit
1768605244.6526148,17703,"(-111.8091015, 41.752118)",in_transit
1768605254.929674,17703,"(-111.8092811, 41.7516353)",Aggie Village 3
1768605265.207466,17703,"(-111.8092765, 41.7515896)",Aggie Village 3
1768605275.533043,17703,"(-111.8092423, 41.751256)",in_transit
1768605285.8305678,17703,"(-111.8092595, 41.7502991)",in_transit
1768605296.1223218,17703,"(-111.8092861, 41.750141)",in_transit
1768605306.475712,17703,"(-111.8099476, 41.7501171)",in_transit
1768605316.7555652,17703,"(-111.8112293, 41.7501446)",in_transit
1768605327.0936692,17703,"(-111.8130981, 41.7501465)",in_transit
1768605337.372256,17703,"(-111.8137255, 41.7501401)",in_transit
1768605347.713633,17703,"(-111.814002, 41.7497846)",in_transit
1768605358.03658,17703,"(-111.8140981, 41.74861)",800 E 900 N
1768605368.385267,17703,"(-111.814108, 41.7485438)",800 E 900 N
1768605378.7050712,17703,"(-111.8141046, 41.7485353)",800 E 900 N
1768605389.003087,17703,"(-111.8140778, 41.748347)",in_transit
1768605399.2822971,17703,"(-111.8140693, 41.7473005)",in_transit
1768605409.58555,17703,"(-111.8141221, 41.7460653)",in_transit
1768605419.8751192,17703,"(-111.814157, 41.745221)",in_transit
1768605430.178316,17703,"(-111.8141583, 41.7447366)",in_transit
1768605440.534293,17703,"(-111.8141535, 41.7446565)",in_transit
1768605450.829044,17703,"(-111.81414, 41.7445863)",in_transit
1768605461.115424,17703,"(-111.8137603, 41.7444635)",in_transit
1768605471.413995,17703,"(-111.8134865, 41.7444306)",Field House
1768605481.743499,17703,"(-111.8134825, 41.7444226)",Field House
1768605492.028537,17703,"(-111.813429, 41.7444291)",Field House
1768605502.313007,17703,"(-111.8127858, 41.7444455)",in_transit
1768605512.61483,17703,"(-111.8118245, 41.7444543)",in_transit
1768605522.9896278,17703,"(-111.8113293, 41.7444395)",in_transit
1768605533.2803571,17703,"(-111.8110841, 41.7444058)",Veterinary Science
1768605543.586525,17703,"(-111.8110025, 41.7444015)",Veterinary Science
1768605553.864946,17703,"(-111.8109881, 41.7444093)",Veterinary Science
1768605564.1714969,17703,"(-111.8103666, 41.744424)",in_transit
1768605574.540249,17703,"(-111.809148, 41.7444031)",in_transit
1768605584.837863,17703,"(-111.8084006, 41.7443651)",Industrial Science
1768605595.126384,17703,"(-111.8081551, 41.7443475)",Industrial Science
1768605605.455564,17703,"(-111.8081131, 41.7443421)",Industrial Science
1768605615.758464,17703,"(-111.808049, 41.7443418)",in_transit
1768605626.049841,17703,"(-111.8075573, 41.7443668)",in_transit
1768605636.349452,17703,"(-111.8065331, 41.7443363)",in_transit
1768605646.675808,17703,"(-111.8056843, 41.7443261)",in_transit
1768605656.9639812,17703,"(-111.804506, 41.7443118)",in_transit
1768605667.251879,17703,"(-111.804253, 41.7445836)",in_transit
1768605677.546592,17703,"(-111.8042678, 41.745413)",in_transit
1768605687.867939,17703,"(-111.8042726, 41.7456255)",in_transit
1768605698.145849,17703,"(-111.8043, 41.7458673)",in_transit
1768605708.434119,17703,"(-111.8043156, 41.7463383)",in_transit
1768605718.726618,17703,"(-111.804304, 41.7471481)",in_transit
1768605729.012926,17703,"(-111.8043213, 41.7484553)",in_transit
1768605739.302485,17703,"(-111.8043541, 41.7491073)",in_transit
1768605749.595059,17703,"(-111.804002, 41.749309)",in_transit
1768605759.884896,17703,"(-111.8023268, 41.7493145)",in_transit
1768605770.2129269,17703,"(-111.8020226, 41.7493163)",in_transit
1768605780.487371,17703,"(-111.8018466, 41.7493686)",in_transit
1768605790.7825751,17703,"(-111.8018466, 41.7493686)",in_transit
1768605801.068172,17703,"(-111.8020653, 41.7496345)",Lundstrum
1768605811.367648,17703,"(-111.802065, 41.7496376)",Lundstrum
1768605821.665899,17703,"(-111.802413, 41.7494691)",in_transit
1768605831.952976,17703,"(-111.8034098, 41.749343)",in_transit
1768605842.237493,17703,"(-111.8040305, 41.7493641)",in_transit
1768605852.651948,17703,"(-111.8043816, 41.7497006)",in_transit
1768605862.964864,17703,"(-111.8043621, 41.7506518)",in_transit
1768605873.28671,17703,"(-111.8043678, 41.7508)",Aggie Village 1
1768605883.581053,17703,"(-111.8043831, 41.7512986)",in_transit
1768605893.877276,17703,"(-111.804394, 41.7526086)",in_transit
1768605904.18055,17703,"(-111.8045288, 41.7530628)",in_transit
1768605914.486544,17703,"(-111.8055668, 41.7530628)",in_transit
1768605924.78609,17703,"(-111.8058808, 41.7530653)",Aggie Village 2
1768605935.155839,17703,"(-111.8060505, 41.7530628)",Aggie Village 2
1768605945.462399,17703,"(-111.8060501, 41.753057)",Aggie Village 2
1768605955.7618382,17703,"(-111.8070885, 41.7529373)",in_transit
1768605966.077229,17703,"(-111.8084076, 41.7525743)",in_transit
1768605976.358528,17703,"(-111.809025, 41.752223)",in_transit
1768605986.803204,17703,"(-111.8092783, 41.7516538)",Aggie Village 3
1768605997.088644,17703,"(-111.809285, 41.7515938)",Aggie Village 3
1768606007.41646,17703,"(-111.8092865, 41.7515306)",Aggie Village 3
1768606017.8516731,17703,"(-111.8092591, 41.7504038)",in_transit
1768606028.175947,17703,"(-111.809259, 41.7502225)",in_transit
1768606038.467533,17703,"(-111.8092551, 41.750181)",in_transit
1768606048.793827,17703,"(-111.8095153, 41.7501146)",in_transit
1768606059.096048,17703,"(-111.810893, 41.7501345)",in_transit
1768606069.414809,17703,"(-111.8122188, 41.7501441)",in_transit
1768606079.687476,17703,"(-111.8136008, 41.7501461)",in_transit
1768606089.975359,17703,"(-111.8136628, 41.7501415)",in_transit
1768606100.30588,17703,"(-111.8137723, 41.7501383)",in_transit
1768606110.588434,17703,"(-111.8140021, 41.7492768)",in_transit
1768606120.894261,17703,"(-111.8140836, 41.7486861)",800 E 900 N
1768606131.1897311,17703,"(-111.8141061, 41.7485565)",800 E 900 N
1768606141.493265,17703,"(-111.8141198, 41.7485578)",800 E 900 N
1768606151.801843,17703,"(-111.814124, 41.748507)",800 E 900 N
1768606162.114471,17703,"(-111.8140721, 41.7479146)",in_transit
1768606172.426419,17703,"(-111.8140721, 41.7479146)",in_transit
1768606182.729478,17703,"(-111.8141383, 41.745411)",in_transit
1768606193.029587,17703,"(-111.8141393, 41.7447441)",in_transit
1768606203.335236,17703,"(-111.814139, 41.7446708)",in_transit
1768606213.624913,17703,"(-111.8141436, 41.7446748)",in_transit
1768606223.92802,17703,"(-111.814147, 41.7446796)",in_transit
1768606234.230624,17703,"(-111.8141515, 41.7446048)",in_transit
1768606244.506178,17703,"(-111.8134685, 41.744434)",Field House
1768606254.8009448,17703,"(-111.8134353, 41.744436)",Field House
1768606265.103837,17703,"(-111.8134401, 41.7444261)",Field House
1768606275.397393,17703,"(-111.8134608, 41.7444146)",Field House
1768606285.690654,17703,"(-111.8134805, 41.7444118)",Field House
1768606295.987745,17703,"(-111.8133681, 41.7444141)",Field House
1768606306.2902389,17703,"(-111.812219, 41.7444445)",in_transit
1768606316.568927,17703,"(-111.8119333, 41.7444451)",in_transit
1768606326.911049,17703,"(-111.8117178, 41.7444485)",in_transit
1768606337.192184,17703,"(-111.8114658, 41.744446)",in_transit
1768606347.60882,17703,"(-111.8112186, 41.7444218)",in_transit
1768606357.89296,17703,"(-111.8109945, 41.7443931)",Veterinary Science
1768606368.229687,17703,"(-111.810739, 41.7443985)",in_transit
1768606378.5322,17703,"(-111.8095516, 41.7444045)",in_transit
1768606388.850296,17703,"(-111.808631, 41.7443803)",in_transit
1768606399.158626,17703,"(-111.8081063, 41.7443308)",Industrial Science
1768606409.4575648,17703,"(-111.8081063, 41.7443308)",Industrial Science
1768606419.762143,17703,"(-111.8079325, 41.744344)",in_transit
1768606430.0777018,17703,"(-111.8069628, 41.7443476)",in_transit
1768606440.3578382,17703,"(-111.805684, 41.744326)",in_transit
1768606450.653424,17703,"(-111.8049203, 41.7443201)",in_transit
1768606460.945515,17703,"(-111.8042433, 41.7445103)",in_transit
1768606471.2469492,17703,"(-111.8042678, 41.7454493)",in_transit
1768606481.536257,17703,"(-111.8042726, 41.745644)",in_transit
1768606491.817938,17703,"(-111.8042733, 41.7456851)",in_transit
1768606502.108672,17703,"(-111.8043038, 41.7462588)",in_transit
1768606512.440568,17703,"(-111.8042906, 41.7468571)",in_transit
1768606522.7506702,17703,"(-111.8043185, 41.7478443)",in_transit
1768606533.046289,17703,"(-111.8043573, 41.749093)",in_transit
1768606543.372654,17703,"(-111.8040526, 41.7493123)",in_transit
1768606553.667495,17703,"(-111.8027998, 41.7493128)",in_transit
1768606563.9467049,17703,"(-111.8019695, 41.7493223)",in_transit
1768606574.25652,17703,"(-111.8020773, 41.7496283)",Lundstrum
1768606584.566424,17703,"(-111.802075, 41.7496218)",Lundstrum
1768606594.8820758,17703,"(-111.8020735, 41.7496188)",Lundstrum
1768606605.181487,17703,"(-111.802324, 41.7495113)",in_transit
1768606615.485044,17703,"(-111.8036903, 41.7493461)",in_transit
1768606625.76772,17703,"(-111.804287, 41.749503)",in_transit
1768606636.067735,17703,"(-111.8043591, 41.7503818)",in_transit
1768606646.368798,17703,"(-111.8043651, 41.7507055)",Aggie Village 1
1768606656.675028,17703,"(-111.8043716, 41.7510063)",in_transit
1768606667.032232,17703,"(-111.804392, 41.7522308)",in_transit
1768606677.330719,17703,"(-111.8044028, 41.7529436)",in_transit
1768606687.6963358,17703,"(-111.8052205, 41.7530623)",in_transit
1768606697.990397,17703,"(-111.8059408, 41.7530713)",Aggie Village 2
1768606708.294836,17703,"(-111.8060481, 41.7530701)",Aggie Village 2
1768606718.603178,17703,"(-111.8063035, 41.7530401)",in_transit
1768606728.94812,17703,"(-111.8070223, 41.752962)",in_transit
1768606739.255853,17703,"(-111.8082976, 41.7526101)",in_transit
1768606749.5561311,17703,"(-111.8089728, 41.7522811)",in_transit
1768606759.935597,17703,"(-111.8092685, 41.751764)",in_transit
1768606770.262954,17703,"(-111.8092851, 41.7515916)",Aggie Village 3
1768606780.550155,17703,"(-111.8092873, 41.751591)",Aggie Village 3
1768606790.8603132,17703,"(-111.8092475, 41.7511233)",in_transit
1768606801.175326,17703,"(-111.8092598, 41.7503875)",in_transit
1768606811.475467,17703,"(-111.8092641, 41.7502045)",in_transit
1768606821.846223,17703,"(-111.809938, 41.7501163)",in_transit
1768606832.1378188,17703,"(-111.8111811, 41.7501401)",in_transit
1768606842.555991,17703,"(-111.813051, 41.7501478)",in_transit
1768606852.834628,17703,"(-111.8139551, 41.7500791)",in_transit
1768606863.115423,17703,"(-111.81403, 41.7489381)",in_transit
1768606873.405495,17703,"(-111.8140925, 41.7486805)",800 E 900 N
1768606883.705222,17703,"(-111.8141165, 41.7485605)",800 E 900 N
1768606894.028505,17703,"(-111.814069, 41.7481901)",in_transit
1768606904.309525,17703,"(-111.8140693, 41.7478336)",in_transit
1768606914.616883,17703,"(-111.8140693, 41.7478336)",in_transit
1768606924.946713,17703,"(-111.8141438, 41.7452943)",in_transit
1768606935.2413938,17703,"(-111.8139868, 41.7444763)",in_transit
1768606945.5462332,17703,"(-111.8136473, 41.7444573)",in_transit
1768606955.832683,17703,"(-111.8133876, 41.7444291)",Field House
1768606966.125341,17703,"(-111.8125465, 41.7444481)",in_transit
1768606976.438911,17703,"(-111.811618, 41.7444451)",in_transit
1768606986.739897,17703,"(-111.8110418, 41.7443998)",Veterinary Science
1768606997.038018,17703,"(-111.8110371, 41.7444145)",Veterinary Science
1768607007.548556,17703,"(-111.811023, 41.7444188)",Veterinary Science
1768607017.830264,17703,"(-111.8104151, 41.7444366)",in_transit
1768607028.130038,17703,"(-111.8094578, 41.7444155)",in_transit
1768607038.41556,17703,"(-111.8082406, 41.7443546)",Industrial Science
1768607048.704153,17703,"(-111.8081086, 41.744348)",Industrial Science
1768607058.99683,17703,"(-111.808065, 41.7443525)",in_transit
1768607069.2866051,17703,"(-111.8069943, 41.7443621)",in_transit
1768607079.58048,17703,"(-111.8061605, 41.7443331)",in_transit
1768607089.9925098,17703,"(-111.804892, 41.7443275)",in_transit
1768607100.281643,17703,"(-111.8046375, 41.7443206)",in_transit
1768607110.5701718,17703,"(-111.8042546, 41.7445056)",in_transit
1768607120.858496,17703,"(-111.8042728, 41.7454696)",in_transit
1768607131.1508322,17703,"(-111.8042768, 41.7456641)",in_transit
1768607141.4394188,17703,"(-111.8042788, 41.7456755)",in_transit
1768607151.737942,17703,"(-111.8042296, 41.7465343)",in_transit
1768607162.0302742,17703,"(-111.8043006, 41.7472758)",in_transit
1768607172.415285,17703,"(-111.8043276, 41.7482848)",in_transit
1768607182.716539,17703,"(-111.8043158, 41.7492768)",in_transit
1768607192.9955971,17703,"(-111.8032583, 41.7493145)",in_transit
1768607203.284123,17703,"(-111.802127, 41.7493116)",in_transit
1768607213.567602,17703,"(-111.8018965, 41.7495603)",in_transit
1768607223.844865,17703,"(-111.8020883, 41.7496366)",Lundstrum
1768607234.804066,17703,"(-111.8020918, 41.7496393)",Lundstrum
1768607245.182503,17703,"(-111.8021551, 41.7496308)",Lundstrum
1768607255.642902,17703,"(-111.8026625, 41.7493575)",in_transit
1768607265.933344,17703,"(-111.803788, 41.74935)",in_transit
1768607276.2274702,17703,"(-111.8040286, 41.7493635)",in_transit
1768607286.557248,17703,"(-111.8043425, 41.749975)",in_transit
1768607296.867504,17703,"(-111.8043608, 41.7505685)",in_transit
1768607307.195371,17703,"(-111.804368, 41.7507543)",Aggie Village 1
1768607317.49453,17703,"(-111.8043776, 41.7510221)",in_transit
1768607327.859088,17703,"(-111.8043941, 41.7519581)",in_transit
1768607338.176142,17703,"(-111.8044005, 41.7529543)",in_transit
1768607348.468173,17703,"(-111.804644, 41.7530843)",in_transit
1768607358.772269,17703,"(-111.8058851, 41.7530715)",Aggie Village 2
1768607369.09509,17703,"(-111.8060685, 41.7530716)",Aggie Village 2
1768607379.380576,17703,"(-111.8060776, 41.7530703)",Aggie Village 2
1768607389.6700969,17703,"(-111.8066965, 41.7530153)",in_transit
1768607399.960622,17703,"(-111.8079815, 41.752694)",in_transit
1768607410.2562492,17703,"(-111.8088461, 41.7523813)",in_transit
1768607420.665358,17703,"(-111.8092811, 41.7516781)",Aggie Village 3
1768607430.945558,17703,"(-111.809283, 41.7515876)",Aggie Village 3
1768607441.247604,17703,"(-111.8092721, 41.7515181)",Aggie Village 3
1768607451.542101,17703,"(-111.8092593, 41.7506086)",in_transit
1768607461.837339,17703,"(-111.8092608, 41.7503258)",in_transit
1768607472.127808,17703,"(-111.8092753, 41.7501821)",in_transit
1768607482.412863,17703,"(-111.8092775, 41.7501863)",in_transit
1768607492.715362,17703,"(-111.8108686, 41.7501393)",in_transit
1768607503.025117,17703,"(-111.8122998, 41.7501496)",in_transit
1768607513.335138,17703,"(-111.813452, 41.7501453)",in_transit
1768607523.6257448,17703,"(-111.8136635, 41.7501393)",in_transit
1768607534.193921,17703,"(-111.8136641, 41.750131)",in_transit
1768607544.494545,17703,"(-111.8137958, 41.7501335)",in_transit
1768607554.784169,17703,"(-111.8138668, 41.7501326)",in_transit
1768607565.093546,17703,"(-111.8140021, 41.7496013)",in_transit
1768607575.393725,17703,"(-111.8140988, 41.7486426)",800 E 900 N
1768607585.748966,17703,"(-111.8140905, 41.7485641)",800 E 900 N
1768607596.041945,17703,"(-111.8140765, 41.7485778)",800 E 900 N
1768607606.3367412,17703,"(-111.814074, 41.7485506)",800 E 900 N
1768607616.63501,17703,"(-111.8140446, 41.7480871)",in_transit
1768607626.977659,17703,"(-111.8140795, 41.746987)",in_transit
1768607637.278573,17703,"(-111.8141178, 41.746198)",in_transit
1768607647.584573,17703,"(-111.8141625, 41.7450305)",in_transit
