timestamp,vehicle_id,coordinates,stop
1768580793.0554829,14327,"(-111.8043683, 41.7460245)",in_transit
1768580803.361718,14327,"(-111.8043538, 41.74522)",in_transit
1768580813.673236,14327,"(-111.8043348, 41.7441426)",in_transit
1768580823.961767,14327,"(-111.8043365, 41.7434311)",Fine Arts Bldg
1768580834.2546592,14327,"(-111.8043431, 41.7432876)",in_transit
1768580844.554264,14327,"(-111.8043403, 41.7432891)",in_transit
1768580854.874148,14327,"(-111.8043265, 41.743094)",in_transit
1768580865.173714,14327,"(-111.8043046, 41.7428986)",in_transit
1768580875.564895,14327,"(-111.8043606, 41.7425856)",in_transit
1768580885.89827,14327,"(-111.8056093, 41.7418545)",in_transit
1768580896.183813,14327,"(-111.8067523, 41.7412038)",in_transit
1768580906.477213,14327,"(-111.8067523, 41.7412038)",in_transit
1768580916.774553,14327,"(-111.8104876, 41.7402473)",in_transit
1768580927.051732,14327,"(-111.8112268, 41.7400738)",Family Life Bldg
1768580937.35541,14327,"(-111.8112426, 41.7400625)",Family Life Bldg
1768580947.664873,14327,"(-111.8112341, 41.7400645)",Family Life Bldg
1768580958.064167,14327,"(-111.8112226, 41.7400726)",Family Life Bldg
1768580968.350195,14327,"(-111.8112208, 41.7400816)",Family Life Bldg
1768580978.64558,14327,"(-111.8122921, 41.7396076)",in_transit
1768580990.5972328,14327,"(-111.8141783, 41.7388635)",in_transit
1768581000.906636,14327,"(-111.8164046, 41.7388078)",in_transit
1768581011.1968582,14327,"(-111.8178565, 41.738877)",in_transit
1768581021.490963,14327,"(-111.8192008, 41.7388971)",in_transit
1768581031.771785,14327,"(-111.8193281, 41.739079)",in_transit
1768581042.159868,14327,"(-111.8192866, 41.74026)",in_transit
1768581052.441438,14327,"(-111.8189826, 41.7406598)",in_transit
1768581062.742221,14327,"(-111.8178298, 41.7406093)",670 E 500 N
1768581073.02394,14327,"(-111.817696, 41.7405956)",670 E 500 N
1768581083.3047638,14327,"(-111.8176921, 41.7405885)",670 E 500 N
1768581093.578996,14327,"(-111.8174405, 41.7405978)",in_transit
1768581103.89212,14327,"(-111.8168935, 41.740588)",in_transit
1768581114.174622,14327,"(-111.8167495, 41.7412298)",in_transit
1768581124.545952,14327,"(-111.8167253, 41.7425055)",in_transit
1768581134.872951,14327,"(-111.8166773, 41.7433545)",in_transit
1768581145.173134,14327,"(-111.8160218, 41.7444145)",in_transit
1768581155.508216,14327,"(-111.8148018, 41.7444588)",in_transit
1768581165.80398,14327,"(-111.8144436, 41.7444251)",in_transit
1768581176.131028,14327,"(-111.8143455, 41.744415)",in_transit
1768581186.45013,14327,"(-111.8141951, 41.744204)",in_transit
1768581196.767062,14327,"(-111.8142693, 41.7437083)",in_transit
1768581207.115787,14327,"(-111.8140011, 41.743697)",Taggart Student Center
1768581217.411607,14327,"(-111.8140011, 41.743697)",Taggart Student Center
1768581227.69972,14327,"(-111.8140616, 41.7438015)",Taggart Student Center
1768581237.9834082,14327,"(-111.814061, 41.7438031)",Taggart Student Center
1768581248.2766562,14327,"(-111.8140583, 41.74381)",Taggart Student Center
1768581258.570215,14327,"(-111.814144, 41.7440776)",in_transit
1768581268.868566,14327,"(-111.8141138, 41.7443543)",in_transit
1768581279.156682,14327,"(-111.814129, 41.7443455)",in_transit
1768581289.547185,14327,"(-111.8141341, 41.7443363)",in_transit
1768581299.828086,14327,"(-111.8141118, 41.7448038)",in_transit
1768581310.1208582,14327,"(-111.8140855, 41.7460396)",in_transit
1768581320.41879,14327,"(-111.8140636, 41.746932)",in_transit
1768581330.7217972,14327,"(-111.8139753, 41.7484926)",in_transit
1768581341.0066829,14327,"(-111.813797, 41.7498371)",in_transit
1768581351.305063,14327,"(-111.8138111, 41.749974)",in_transit
1768581361.623006,14327,"(-111.8138295, 41.749968)",in_transit
1768581371.9545238,14327,"(-111.8138351, 41.7499966)",in_transit
1768581382.250497,14327,"(-111.8135878, 41.7500756)",in_transit
1768581392.542911,14327,"(-111.8131955, 41.7500161)",The Bull
1768581402.845161,14327,"(-111.8131845, 41.7499998)",The Bull
1768581413.151032,14327,"(-111.8131726, 41.7499898)",The Bull
1768581423.442074,14327,"(-111.812656, 41.7500306)",in_transit
1768581433.73034,14327,"(-111.8112081, 41.7500386)",in_transit
1768581444.0247512,14327,"(-111.8095491, 41.750004)",in_transit
1768581454.411178,14327,"(-111.8082605, 41.749975)",in_transit
1768581464.711891,14327,"(-111.8063283, 41.7499161)",in_transit
1768581475.060843,14327,"(-111.805891, 41.7498928)",Logan Cemetery
1768581485.3558311,14327,"(-111.8057205, 41.7498831)",Logan Cemetery
1768581495.68138,14327,"(-111.8053891, 41.7499095)",in_transit
1768581505.975195,14327,"(-111.8045193, 41.7497031)",in_transit
1768581516.286727,14327,"(-111.8045153, 41.7494798)",in_transit
1768581526.572355,14327,"(-111.8032393, 41.7492653)",in_transit
1768581536.903714,14327,"(-111.8022535, 41.7492671)",in_transit
1768581547.183585,14327,"(-111.801853, 41.7494641)",in_transit
1768581557.464374,14327,"(-111.801853, 41.7494641)",in_transit
1768581567.773712,14327,"(-111.8020835, 41.7496005)",Lundstrum
1768581578.06669,14327,"(-111.8020768, 41.7496191)",Lundstrum
1768581588.456602,14327,"(-111.8022898, 41.7495368)",in_transit
1768581598.750322,14327,"(-111.8025296, 41.7493741)",in_transit
1768581609.0603662,14327,"(-111.8038533, 41.7493718)",in_transit
1768581619.377322,14327,"(-111.804336, 41.7495883)",in_transit
1768581629.6569788,14327,"(-111.8043735, 41.7498431)",in_transit
1768581639.940953,14327,"(-111.804513, 41.7497366)",in_transit
1768581650.237882,14327,"(-111.8044486, 41.749152)",in_transit
1768581660.5341902,14327,"(-111.8044318, 41.7484131)",in_transit
1768581670.8390012,14327,"(-111.8044318, 41.7484131)",in_transit
1768581681.138266,14327,"(-111.8045471, 41.7466006)",in_transit
1768581691.419588,14327,"(-111.8043766, 41.7454771)",in_transit
1768581701.8049128,14327,"(-111.8043646, 41.7446841)",in_transit
1768581712.1038132,14327,"(-111.8043603, 41.7445033)",in_transit
1768581722.4005911,14327,"(-111.8043481, 41.7442968)",in_transit
1768581732.695518,14327,"(-111.804358, 41.7433638)",Fine Arts Bldg
1768581742.9716249,14327,"(-111.8043618, 41.7433113)",Fine Arts Bldg
1768581753.2663429,14327,"(-111.8043591, 41.743306)",Fine Arts Bldg
1768581763.56288,14327,"(-111.8043183, 41.7429315)",in_transit
1768581773.8518,14327,"(-111.8044255, 41.7425573)",in_transit
1768581784.171645,14327,"(-111.8056726, 41.7418183)",in_transit
1768581794.482964,14327,"(-111.8069523, 41.7411211)",in_transit
1768581804.7902331,14327,"(-111.8091445, 41.740531)",in_transit
1768581815.552756,14327,"(-111.811071, 41.7401)",Family Life Bldg
1768581825.831109,14327,"(-111.8112696, 41.7400391)",Family Life Bldg
1768581836.168958,14327,"(-111.8112763, 41.7400355)",Family Life Bldg
1768581846.461092,14327,"(-111.8112908, 41.7400255)",Family Life Bldg
1768581856.773384,14327,"(-111.8119228, 41.7397413)",in_transit
1768581867.081501,14327,"(-111.8138255, 41.738976)",in_transit
1768581877.376344,14327,"(-111.8162568, 41.7387656)",in_transit
1768581887.664154,14327,"(-111.8183156, 41.7388633)",in_transit
1768581897.9469922,14327,"(-111.8192103, 41.7388786)",in_transit
1768581908.240781,14327,"(-111.8193226, 41.7393711)",in_transit
1768581918.522932,14327,"(-111.8192665, 41.7404388)",in_transit
1768581928.824898,14327,"(-111.8188291, 41.7406698)",in_transit
1768581939.134322,14327,"(-111.8177425, 41.7405908)",670 E 500 N
1768581949.5324612,14327,"(-111.8177425, 41.7405908)",670 E 500 N
1768581959.833299,14327,"(-111.8177093, 41.7405916)",670 E 500 N
1768581970.126761,14327,"(-111.8173488, 41.740597)",in_transit
1768581980.438821,14327,"(-111.8167811, 41.7407735)",in_transit
1768581990.727844,14327,"(-111.8167365, 41.7421065)",in_transit
1768582001.0381892,14327,"(-111.8167026, 41.742943)",in_transit
1768582011.33533,14327,"(-111.8163883, 41.744136)",in_transit
1768582021.625136,14327,"(-111.8155825, 41.7444646)",in_transit
1768582031.931516,14327,"(-111.8145495, 41.744411)",in_transit
1768582042.204447,14327,"(-111.8142003, 41.7442103)",in_transit
1768582052.496297,14327,"(-111.8142931, 41.7436821)",in_transit
1768582062.7884722,14327,"(-111.8140913, 41.7434868)",in_transit
1768582073.096218,14327,"(-111.8140021, 41.7436695)",Taggart Student Center
1768582083.39662,14327,"(-111.8139585, 41.7437355)",Taggart Student Center
1768582093.706442,14327,"(-111.8139321, 41.7437423)",Taggart Student Center
1768582103.9976509,14327,"(-111.8139158, 41.7437486)",Taggart Student Center
1768582114.300266,14327,"(-111.8139065, 41.743748)",Taggart Student Center
1768582124.599518,14327,"(-111.8139193, 41.74374)",Taggart Student Center
1768582134.917482,14327,"(-111.8139236, 41.743746)",Taggart Student Center
1768582145.2134132,14327,"(-111.8139261, 41.7437518)",Taggart Student Center
1768582155.533539,14327,"(-111.8139285, 41.7437528)",Taggart Student Center
1768582165.8382962,14327,"(-111.8139311, 41.7437498)",Taggart Student Center
1768582176.20977,14327,"(-111.8139301, 41.743749)",Taggart Student Center
1768582186.500926,14327,"(-111.8139351, 41.743744)",Taggart Student Center
1768582196.859107,14327,"(-111.8139475, 41.7437365)",Taggart Student Center
1768582207.158898,14327,"(-111.8139491, 41.7437326)",Taggart Student Center
1768582217.4654238,14327,"(-111.8139403, 41.7437405)",Taggart Student Center
1768582227.758366,14327,"(-111.813935, 41.7437483)",Taggart Student Center
1768582238.054611,14327,"(-111.8139328, 41.743746)",Taggart Student Center
1768582248.360794,14327,"(-111.813932, 41.7437448)",Taggart Student Center
1768582258.643958,14327,"(-111.8139245, 41.7437405)",Taggart Student Center
1768582268.934471,14327,"(-111.813931, 41.743741)",Taggart Student Center
1768582279.300672,14327,"(-111.813931, 41.7437375)",Taggart Student Center
1768582289.601247,14327,"(-111.8139221, 41.743739)",Taggart Student Center
1768582299.909753,14327,"(-111.8139281, 41.7437516)",Taggart Student Center
1768582310.218444,14327,"(-111.8139326, 41.7437525)",Taggart Student Center
1768582320.507311,14327,"(-111.813936, 41.7437448)",Taggart Student Center
1768582330.795676,14327,"(-111.81394, 41.7437388)",Taggart Student Center
1768582341.080957,14327,"(-111.8139353, 41.743731)",Taggart Student Center
1768582351.381658,14327,"(-111.8139323, 41.7437348)",Taggart Student Center
1768582361.7703931,14327,"(-111.8139361, 41.7437426)",Taggart Student Center
1768582372.065879,14327,"(-111.8139418, 41.7437495)",Taggart Student Center
1768582382.3861089,14327,"(-111.8139498, 41.7437588)",Taggart Student Center
1768582392.695991,14327,"(-111.8141241, 41.7440896)",in_transit
1768582402.973943,14327,"(-111.8140856, 41.7443621)",in_transit
1768582413.261985,14327,"(-111.8140841, 41.7443611)",in_transit
1768582423.557933,14327,"(-111.814075, 41.7443675)",in_transit
1768582433.84488,14327,"(-111.8140558, 41.7445506)",in_transit
1768582444.243781,14327,"(-111.8140558, 41.7445506)",in_transit
1768582454.54022,14327,"(-111.8140261, 41.7465526)",in_transit
1768582464.834654,14327,"(-111.8139908, 41.7474105)",in_transit
1768582475.12955,14327,"(-111.8139205, 41.7487161)",in_transit
1768582485.444534,14327,"(-111.813821, 41.7495561)",in_transit
1768582495.7459042,14327,"(-111.8137765, 41.749996)",in_transit
1768582506.090272,14327,"(-111.8137433, 41.750097)",in_transit
1768582516.390335,14327,"(-111.8135, 41.7501011)",in_transit
1768582526.793099,14327,"(-111.813172, 41.7500301)",The Bull
1768582537.096461,14327,"(-111.8131823, 41.7500196)",The Bull
1768582547.4406831,14327,"(-111.8131818, 41.750013)",The Bull
1768582557.728965,14327,"(-111.8129453, 41.7500193)",in_transit
1768582568.070658,14327,"(-111.8121761, 41.7500513)",in_transit
1768582578.357048,14327,"(-111.810546, 41.7500331)",in_transit
1768582588.645971,14327,"(-111.8088231, 41.7499918)",in_transit
1768582598.9219909,14327,"(-111.8076421, 41.7499778)",in_transit
1768582609.313337,14327,"(-111.8060905, 41.7499243)",in_transit
1768582619.606944,14327,"(-111.8057626, 41.7499053)",Logan Cemetery
1768582629.9002209,14327,"(-111.8056581, 41.7498968)",in_transit
1768582640.187017,14327,"(-111.8054031, 41.7499128)",in_transit
1768582650.479734,14327,"(-111.8049185, 41.7499283)",in_transit
1768582660.764977,14327,"(-111.8045231, 41.7497058)",in_transit
1768582671.072152,14327,"(-111.8043068, 41.7492626)",in_transit
1768582681.3568509,14327,"(-111.8037313, 41.7492746)",in_transit
1768582691.69997,14327,"(-111.8023253, 41.7492701)",in_transit
1768582701.978,14327,"(-111.801837, 41.7494531)",in_transit
1768582712.271736,14327,"(-111.801837, 41.7494531)",in_transit
1768582722.5636969,14327,"(-111.8020896, 41.7495963)",Lundstrum
1768582732.843192,14327,"(-111.8020893, 41.7496103)",Lundstrum
1768582743.128478,14327,"(-111.8023295, 41.7495348)",in_transit
1768582753.422621,14327,"(-111.8028181, 41.7493491)",in_transit
1768582763.729923,14327,"(-111.8039036, 41.7493553)",in_transit
1768582774.0927,14327,"(-111.8041471, 41.7493956)",in_transit
1768582784.394331,14327,"(-111.8043658, 41.7496308)",in_transit
1768582794.703437,14327,"(-111.8045798, 41.7500881)",in_transit
1768582804.994428,14327,"(-111.8045093, 41.7497111)",in_transit
1768582815.2884989,14327,"(-111.8044476, 41.7491283)",in_transit
1768582825.5749729,14327,"(-111.8044265, 41.7481368)",in_transit
1768582835.865275,14327,"(-111.8044128, 41.7474105)",in_transit
1768582846.1962008,14327,"(-111.8045295, 41.746606)",in_transit
1768582856.49377,14327,"(-111.8043831, 41.7460938)",in_transit
1768582866.856302,14327,"(-111.8043811, 41.7454383)",in_transit
1768582877.1418052,14327,"(-111.8043748, 41.7446653)",in_transit
1768582887.44781,14327,"(-111.8043726, 41.7442703)",in_transit
1768582897.76222,14327,"(-111.8043503, 41.7434145)",Fine Arts Bldg
1768582908.060323,14327,"(-111.8043261, 41.7433378)",Fine Arts Bldg
1768582918.346795,14327,"(-111.8043178, 41.7433408)",Fine Arts Bldg
1768582928.661851,14327,"(-111.8043103, 41.7432575)",in_transit
1768582939.056154,14327,"(-111.8043033, 41.7430291)",in_transit
1768582949.346282,14327,"(-111.8043033, 41.7430291)",in_transit
1768582959.643083,14327,"(-111.8057376, 41.741782)",in_transit
1768582969.94381,14327,"(-111.8076206, 41.7408816)",in_transit
1768582980.2287738,14327,"(-111.809127, 41.7405228)",in_transit
1768582990.525532,14327,"(-111.8109121, 41.7401091)",in_transit
1768583000.807314,14327,"(-111.811181, 41.7400371)",Family Life Bldg
1768583011.0844128,14327,"(-111.811266, 41.7400195)",Family Life Bldg
1768583021.5350962,14327,"(-111.8112883, 41.7400218)",Family Life Bldg
1768583031.82044,14327,"(-111.8115441, 41.7398901)",in_transit
1768583042.110142,14327,"(-111.813219, 41.7392058)",in_transit
1768583052.4023402,14327,"(-111.8145338, 41.7387333)",in_transit
1768583062.687076,14327,"(-111.8160185, 41.7387076)",in_transit
1768583072.991182,14327,"(-111.8185615, 41.7388563)",in_transit
1768583083.2926762,14327,"(-111.8193265, 41.7390468)",in_transit
1768583093.5872278,14327,"(-111.819286, 41.7398546)",in_transit
1768583103.942241,14327,"(-111.8192361, 41.740488)",in_transit
1768583114.225046,14327,"(-111.8184155, 41.7406545)",in_transit
1768583124.507671,14327,"(-111.817731, 41.740614)",670 E 500 N
1768583134.792033,14327,"(-111.8176615, 41.7405951)",670 E 500 N
1768583145.074422,14327,"(-111.8172808, 41.7405925)",in_transit
1768583155.362515,14327,"(-111.8169745, 41.7405905)",in_transit
1768583165.659578,14327,"(-111.816744, 41.7413096)",in_transit
1768583175.952239,14327,"(-111.8166828, 41.7423608)",in_transit
1768583186.28972,14327,"(-111.8166556, 41.7429013)",in_transit
1768583196.593052,14327,"(-111.8164693, 41.7439923)",in_transit
1768583206.9292102,14327,"(-111.8154605, 41.744474)",in_transit
1768583217.24635,14327,"(-111.8144938, 41.7444335)",in_transit
1768583227.582617,14327,"(-111.8141908, 41.7442415)",in_transit
1768583237.8700202,14327,"(-111.8142291, 41.7437455)",in_transit
1768583248.174091,14327,"(-111.8142291, 41.7437455)",in_transit
1768583258.479422,14327,"(-111.8140711, 41.7434928)",in_transit
1768583268.7875462,14327,"(-111.8139806, 41.7437398)",Taggart Student Center
1768583279.075517,14327,"(-111.8139696, 41.7437393)",Taggart Student Center
1768583289.379781,14327,"(-111.8139846, 41.7437405)",Taggart Student Center
1768583299.683742,14327,"(-111.8139908, 41.7437426)",Taggart Student Center
1768583309.97566,14327,"(-111.8139818, 41.743734)",Taggart Student Center
1768583320.2654111,14327,"(-111.8139723, 41.7437285)",Taggart Student Center
1768583330.568851,14327,"(-111.8139655, 41.7437266)",Taggart Student Center
1768583340.8816378,14327,"(-111.813963, 41.743732)",Taggart Student Center
1768583351.185972,14327,"(-111.8139598, 41.7437338)",Taggart Student Center
1768583361.479324,14327,"(-111.8139676, 41.7437345)",Taggart Student Center
1768583371.776481,14327,"(-111.8139595, 41.7437283)",Taggart Student Center
1768583382.070879,14327,"(-111.8139363, 41.743731)",Taggart Student Center
1768583392.356103,14327,"(-111.8139246, 41.7437428)",Taggart Student Center
1768583402.645486,14327,"(-111.8141226, 41.7439953)",in_transit
1768583412.94291,14327,"(-111.8140868, 41.7443975)",in_transit
1768583423.2494452,14327,"(-111.8140868, 41.7443975)",in_transit
1768583433.5489678,14327,"(-111.814018, 41.7468606)",in_transit
1768583443.825245,14327,"(-111.8139653, 41.7480403)",in_transit
1768583454.119039,14327,"(-111.8138995, 41.748897)",in_transit
1768583464.4157498,14327,"(-111.8137793, 41.7499343)",in_transit
1768583474.704792,14327,"(-111.8136463, 41.7500943)",in_transit
1768583484.995321,14327,"(-111.8133786, 41.7500618)",The Bull
1768583495.297737,14327,"(-111.8131818, 41.7500411)",The Bull
1768583505.589824,14327,"(-111.8131783, 41.7500298)",The Bull
1768583515.964913,14327,"(-111.8131916, 41.7500148)",The Bull
1768583526.319201,14327,"(-111.8129638, 41.7500326)",in_transit
1768583536.614281,14327,"(-111.8116355, 41.7500585)",in_transit
1768583546.944354,14327,"(-111.8105811, 41.7500461)",in_transit
1768583557.235548,14327,"(-111.8088448, 41.7500063)",in_transit
1768583567.556403,14327,"(-111.80676, 41.7499683)",in_transit
1768583577.85552,14327,"(-111.805814, 41.7499336)",Logan Cemetery
1768583588.1572218,14327,"(-111.8057085, 41.7499283)",Logan Cemetery
1768583598.578628,14327,"(-111.8057203, 41.7499153)",Logan Cemetery
1768583608.86132,14327,"(-111.8051596, 41.749938)",in_transit
1768583619.1737149,14327,"(-111.8045185, 41.7496335)",in_transit
1768583629.46477,14327,"(-111.8045626, 41.7494183)",in_transit
1768583639.76117,14327,"(-111.8032135, 41.7492866)",in_transit
1768583650.050758,14327,"(-111.8022491, 41.749287)",in_transit
1768583660.345527,14327,"(-111.8018681, 41.749501)",in_transit
1768583670.645233,14327,"(-111.8018681, 41.749501)",in_transit
1768583680.938582,14327,"(-111.8020788, 41.7495936)",Lundstrum
1768583691.22104,14327,"(-111.8020741, 41.7495925)",Lundstrum
1768583701.525316,14327,"(-111.802074, 41.7495903)",Lundstrum
1768583711.823903,14327,"(-111.802073, 41.7495858)",Lundstrum
1768583722.10461,14327,"(-111.8020763, 41.7495841)",Lundstrum
1768583732.3905752,14327,"(-111.8020776, 41.7495795)",Lundstrum
1768583742.6722612,14327,"(-111.802194, 41.7495633)",Lundstrum
1768583752.9787378,14327,"(-111.8024385, 41.7494258)",in_transit
1768583763.39736,14327,"(-111.8034215, 41.7493418)",in_transit
1768583773.690096,14327,"(-111.8040663, 41.7493745)",in_transit
1768583783.981702,14327,"(-111.804361, 41.7497971)",in_transit
1768583794.2736142,14327,"(-111.8046178, 41.7500651)",in_transit
1768583804.552943,14327,"(-111.8045171, 41.7495573)",in_transit
1768583814.8417878,14327,"(-111.804502, 41.749303)",in_transit
1768583825.139817,14327,"(-111.8044076, 41.7484578)",in_transit
1768583835.433892,14327,"(-111.804386, 41.7472856)",in_transit
1768583845.757938,14327,"(-111.8044395, 41.7467238)",in_transit
1768583856.054955,14327,"(-111.804376, 41.7460371)",in_transit
1768583866.342433,14327,"(-111.8043615, 41.745301)",in_transit
1768583876.644632,14327,"(-111.8043501, 41.744756)",in_transit
1768583887.001572,14327,"(-111.8043378, 41.7443848)",in_transit
1768583897.289171,14327,"(-111.8043431, 41.7434618)",Fine Arts Bldg
1768583907.629465,14327,"(-111.8043493, 41.7433158)",Fine Arts Bldg
1768583917.912092,14327,"(-111.8043636, 41.7433125)",Fine Arts Bldg
1768583928.2415109,14327,"(-111.8043586, 41.743303)",Fine Arts Bldg
1768583938.539797,14327,"(-111.8043426, 41.7433013)",Fine Arts Bldg
1768583948.8225029,14327,"(-111.8043365, 41.7433053)",Fine Arts Bldg
1768583959.1001852,14327,"(-111.8042991, 41.7429308)",in_transit
1768583969.400814,14327,"(-111.804417, 41.7425495)",in_transit
1768583979.694453,14327,"(-111.8061925, 41.7415266)",in_transit
1768583990.027659,14327,"(-111.8074751, 41.7409378)",in_transit
1768584000.3119428,14327,"(-111.8091041, 41.7405448)",in_transit
1768584010.64657,14327,"(-111.8108485, 41.7401356)",in_transit
1768584020.9365618,14327,"(-111.8111511, 41.7400616)",Family Life Bldg
1768584031.229572,14327,"(-111.8112498, 41.7400433)",Family Life Bldg
1768584041.5210931,14327,"(-111.8112496, 41.7400478)",Family Life Bldg
1768584051.8142688,14327,"(-111.811264, 41.7400605)",Family Life Bldg
1768584062.098785,14327,"(-111.8112645, 41.7400705)",Family Life Bldg
1768584072.390292,14327,"(-111.811529, 41.7399366)",in_transit
1768584082.672271,14327,"(-111.812498, 41.7395308)",in_transit
1768584093.082198,14327,"(-111.8144885, 41.7387683)",in_transit
1768584103.379194,14327,"(-111.8158833, 41.7387068)",in_transit
1768584113.660882,14327,"(-111.8169358, 41.7388303)",in_transit
1768584123.948239,14327,"(-111.8192393, 41.7388836)",in_transit
1768584134.239993,14327,"(-111.819314, 41.7395906)",in_transit
1768584144.530984,14327,"(-111.819193, 41.7405706)",in_transit
1768584154.810569,14327,"(-111.8182196, 41.7406636)",in_transit
1768584165.106196,14327,"(-111.8178888, 41.7406353)",in_transit
1768584175.417593,14327,"(-111.8176908, 41.7406296)",670 E 500 N
1768584185.710266,14327,"(-111.81769, 41.7406318)",670 E 500 N
1768584196.005128,14327,"(-111.8176853, 41.7406271)",670 E 500 N
1768584206.283078,14327,"(-111.8171865, 41.7406361)",in_transit
1768584216.572795,14327,"(-111.8167506, 41.7410755)",in_transit
1768584226.86699,14327,"(-111.8167088, 41.7423515)",in_transit
1768584237.175038,14327,"(-111.8166776, 41.7432536)",in_transit
1768584247.461869,14327,"(-111.8161095, 41.7443666)",in_transit
1768584257.8121028,14327,"(-111.815699, 41.7444755)",in_transit
1768584268.12285,14327,"(-111.8145498, 41.7444453)",in_transit
1768584278.437096,14327,"(-111.8143613, 41.7444521)",in_transit
1768584288.725473,14327,"(-111.81421, 41.7444078)",in_transit
1768584299.03047,14327,"(-111.8142641, 41.743747)",in_transit
1768584309.31827,14327,"(-111.8140668, 41.743501)",in_transit
1768584319.5967271,14327,"(-111.8139986, 41.7436875)",Taggart Student Center
1768584330.033337,14327,"(-111.814033, 41.743795)",Taggart Student Center
1768584340.399015,14327,"(-111.8140445, 41.743798)",Taggart Student Center
1768584350.675675,14327,"(-111.8140476, 41.7437968)",Taggart Student Center
1768584360.972039,14327,"(-111.8140475, 41.743796)",Taggart Student Center
1768584371.263437,14327,"(-111.8140608, 41.7437961)",Taggart Student Center
1768584381.564235,14327,"(-111.8140773, 41.743798)",Taggart Student Center
1768584391.856799,14327,"(-111.8140726, 41.7437948)",Taggart Student Center
1768584402.1528451,14327,"(-111.814052, 41.7437903)",Taggart Student Center
1768584412.458067,14327,"(-111.8140163, 41.7437765)",Taggart Student Center
1768584422.817111,14327,"(-111.8140303, 41.7437851)",Taggart Student Center
1768584433.1063502,14327,"(-111.8141045, 41.7438258)",in_transit
1768584443.414737,14327,"(-111.8141211, 41.7442061)",in_transit
1768584453.704473,14327,"(-111.8141, 41.7443988)",in_transit
1768584463.991931,14327,"(-111.8141, 41.7443988)",in_transit
1768584474.307748,14327,"(-111.8140401, 41.74631)",in_transit
1768584484.6029508,14327,"(-111.8139975, 41.7475216)",in_transit
1768584494.889622,14327,"(-111.8139351, 41.7486493)",in_transit
1768584505.288535,14327,"(-111.8138343, 41.7494226)",in_transit
1768584515.5778491,14327,"(-111.813783, 41.7499235)",in_transit
1768584525.871837,14327,"(-111.81378, 41.750037)",in_transit
1768584536.165219,14327,"(-111.8137823, 41.7500373)",in_transit
1768584546.457515,14327,"(-111.8131851, 41.750051)",The Bull
1768584556.757175,14327,"(-111.8130996, 41.7500528)",The Bull
1768584567.0586822,14327,"(-111.8130926, 41.7500595)",The Bull
1768584577.374101,14327,"(-111.8130866, 41.7500635)",in_transit
1768584587.75705,14327,"(-111.8130855, 41.7500631)",in_transit
1768584598.088167,14327,"(-111.8125186, 41.7501111)",in_transit
1768584608.3868911,14327,"(-111.8111185, 41.7500963)",in_transit
1768584618.701778,14327,"(-111.8101171, 41.7500766)",in_transit
1768584628.9856498,14327,"(-111.8083688, 41.7500471)",in_transit
1768584639.275271,14327,"(-111.8070691, 41.7500251)",in_transit
1768584649.5580952,14327,"(-111.8058345, 41.7499563)",Logan Cemetery
1768584659.8545952,14327,"(-111.8057491, 41.7499681)",Logan Cemetery
1768584670.214394,14327,"(-111.805767, 41.7499768)",Logan Cemetery
1768584680.524929,14327,"(-111.8057668, 41.7499851)",Logan Cemetery
1768584690.808985,14327,"(-111.8049363, 41.7500148)",in_transit
1768584701.109228,14327,"(-111.8045453, 41.7497661)",in_transit
1768584711.39994,14327,"(-111.8045625, 41.7493631)",in_transit
1768584721.686859,14327,"(-111.8036095, 41.7493095)",in_transit
1768584732.0017622,14327,"(-111.8021106, 41.7493315)",in_transit
1768584742.29136,14327,"(-111.801896, 41.749518)",in_transit
1768584752.689302,14327,"(-111.8020665, 41.7496135)",Lundstrum
1768584762.976833,14327,"(-111.8020478, 41.7495965)",Lundstrum
1768584773.280437,14327,"(-111.8020403, 41.7495861)",Lundstrum
1768584783.5824409,14327,"(-111.8020416, 41.7495795)",Lundstrum
1768584793.896642,14327,"(-111.8020403, 41.7495768)",Lundstrum
1768584804.19247,14327,"(-111.8020416, 41.7495803)",Lundstrum
1768584814.489002,14327,"(-111.8020421, 41.749582)",Lundstrum
1768584824.793404,14327,"(-111.8020546, 41.7495908)",Lundstrum
1768584835.1930418,14327,"(-111.802054, 41.7495863)",Lundstrum
1768584845.4855192,14327,"(-111.8022965, 41.7495145)",in_transit
1768584855.782578,14327,"(-111.8032643, 41.7493405)",in_transit
1768584866.090712,14327,"(-111.8039751, 41.7493556)",in_transit
1768584876.3988469,14327,"(-111.804073, 41.7493738)",in_transit
1768584886.687635,14327,"(-111.8043788, 41.7498228)",in_transit
1768584896.980101,14327,"(-111.8045808, 41.750098)",in_transit
1768584907.283942,14327,"(-111.8045183, 41.7495425)",in_transit
1768584917.676594,14327,"(-111.8044191, 41.7483615)",in_transit
1768584927.984491,14327,"(-111.8044035, 41.7473736)",in_transit
1768584938.314091,14327,"(-111.8044168, 41.7467656)",in_transit
1768584948.597983,14327,"(-111.8045436, 41.746583)",in_transit
1768584958.891374,14327,"(-111.8043791, 41.7458843)",in_transit
1768584969.200984,14327,"(-111.8043708, 41.7447166)",in_transit
1768584979.498392,14327,"(-111.8043701, 41.7440551)",in_transit
1768584989.776015,14327,"(-111.8043758, 41.7434548)",Fine Arts Bldg
1768585000.173567,14327,"(-111.8043818, 41.743337)",Fine Arts Bldg
1768585010.46308,14327,"(-111.8043925, 41.7433381)",Fine Arts Bldg
1768585020.754984,14327,"(-111.8043815, 41.7431496)",in_transit
1768585031.050188,14327,"(-111.8043525, 41.7429265)",in_transit
1768585041.328196,14327,"(-111.8044326, 41.7425593)",in_transit
1768585051.616271,14327,"(-111.8064376, 41.7413693)",in_transit
1768585061.90298,14327,"(-111.8080453, 41.7407763)",in_transit
1768585072.190175,14327,"(-111.8102515, 41.7402968)",in_transit
1768585082.571525,14327,"(-111.8111281, 41.7401006)",Family Life Bldg
1768585092.8614771,14327,"(-111.8112405, 41.740065)",Family Life Bldg
1768585103.144165,14327,"(-111.8112331, 41.7400661)",Family Life Bldg
1768585113.432748,14327,"(-111.8112386, 41.740074)",Family Life Bldg
1768585123.725371,14327,"(-111.8112391, 41.740075)",Family Life Bldg
1768585134.039958,14327,"(-111.8112268, 41.740068)",Family Life Bldg
1768585144.3282712,14327,"(-111.8118643, 41.7397623)",in_transit
1768585154.622182,14327,"(-111.813962, 41.7389116)",in_transit
1768585164.940342,14327,"(-111.8155318, 41.7386803)",in_transit
1768585175.236228,14327,"(-111.8172646, 41.7388458)",in_transit
1768585185.533748,14327,"(-111.819069, 41.7388681)",in_transit
1768585195.834652,14327,"(-111.8193191, 41.7391148)",in_transit
1768585206.1558568,14327,"(-111.8193153, 41.7402555)",in_transit
1768585216.445372,14327,"(-111.8190346, 41.740665)",in_transit
1768585226.749588,14327,"(-111.8179945, 41.7406551)",in_transit
1768585237.078846,14327,"(-111.8177056, 41.7406428)",670 E 500 N
1768585247.467884,14327,"(-111.817437, 41.7406338)",in_transit
1768585257.8702898,14327,"(-111.8168346, 41.7406571)",in_transit
1768585268.156843,14327,"(-111.8167451, 41.7413788)",in_transit
1768585278.492233,14327,"(-111.8167261, 41.7426993)",in_transit
1768585288.776546,14327,"(-111.8166648, 41.7436725)",in_transit
1768585299.070038,14327,"(-111.8156078, 41.7444816)",in_transit
1768585309.358558,14327,"(-111.814423, 41.7444471)",in_transit
1768585319.641828,14327,"(-111.8143785, 41.7444493)",in_transit
1768585330.032385,14327,"(-111.8142536, 41.7444198)",in_transit
1768585340.309408,14327,"(-111.8142251, 41.7438898)",in_transit
1768585350.594122,14327,"(-111.8140858, 41.7435138)",in_transit
1768585360.880099,14327,"(-111.8140086, 41.7436945)",Taggart Student Center
1768585371.156929,14327,"(-111.8140496, 41.7437891)",Taggart Student Center
1768585381.4362502,14327,"(-111.8140608, 41.7437831)",Taggart Student Center
1768585391.7251031,14327,"(-111.8140736, 41.7437708)",Taggart Student Center
1768585402.00609,14327,"(-111.8140801, 41.7437606)",Taggart Student Center
1768585412.336095,14327,"(-111.8140745, 41.7437608)",Taggart Student Center
1768585422.6174872,14327,"(-111.814188, 41.743994)",in_transit
1768585432.907457,14327,"(-111.8141106, 41.7449593)",in_transit
1768585443.196834,14327,"(-111.8140938, 41.7457846)",in_transit
1768585453.474079,14327,"(-111.814054, 41.746889)",in_transit
1768585463.7833788,14327,"(-111.8140093, 41.7478181)",in_transit
1768585474.090136,14327,"(-111.8138733, 41.7493518)",in_transit
1768585484.375456,14327,"(-111.8138056, 41.7499658)",in_transit
1768585494.690191,14327,"(-111.8138078, 41.7499941)",in_transit
1768585504.9795,14327,"(-111.8134933, 41.7500956)",in_transit
1768585515.267503,14327,"(-111.8134933, 41.7500956)",in_transit
1768585525.551927,14327,"(-111.8132006, 41.750064)",The Bull
1768585535.855575,14327,"(-111.8131988, 41.7500573)",The Bull
1768585546.182493,14327,"(-111.8126446, 41.750103)",in_transit
1768585556.4861498,14327,"(-111.8116661, 41.7500941)",in_transit
1768585566.77649,14327,"(-111.809979, 41.7500641)",in_transit
1768585577.2237928,14327,"(-111.8087015, 41.7500363)",in_transit
1768585587.5727448,14327,"(-111.8067593, 41.7499841)",in_transit
1768585597.975424,14327,"(-111.80585, 41.7499368)",Logan Cemetery
1768585608.259646,14327,"(-111.8056885, 41.7499481)",Logan Cemetery
1768585618.558517,14327,"(-111.8054333, 41.7499581)",in_transit
1768585628.875479,14327,"(-111.804836, 41.7499731)",in_transit
1768585639.201992,14327,"(-111.8045723, 41.749438)",in_transit
1768585649.500235,14327,"(-111.8040071, 41.7492926)",in_transit
1768585659.812375,14327,"(-111.8029913, 41.7493095)",in_transit
1768585670.117764,14327,"(-111.8018455, 41.7494903)",in_transit
1768585680.4048882,14327,"(-111.8018455, 41.7494903)",in_transit
1768585690.689025,14327,"(-111.8020726, 41.7496116)",Lundstrum
1768585700.983561,14327,"(-111.8020758, 41.7496215)",Lundstrum
1768585711.3031769,14327,"(-111.8023468, 41.7494898)",in_transit
1768585721.605889,14327,"(-111.8028866, 41.7493491)",in_transit
1768585731.909226,14327,"(-111.80391, 41.749343)",in_transit
1768585742.45118,14327,"(-111.8043526, 41.7498611)",in_transit
1768585752.7468412,14327,"(-111.8045788, 41.7501216)",in_transit
1768585763.041375,14327,"(-111.804542, 41.7494186)",in_transit
1768585773.331148,14327,"(-111.804439, 41.7486041)",in_transit
1768585783.611797,14327,"(-111.8044338, 41.7476128)",in_transit
1768585794.130422,14327,"(-111.8044775, 41.746679)",in_transit
1768585804.447983,14327,"(-111.8043965, 41.7458873)",in_transit
1768585814.753859,14327,"(-111.8043968, 41.7450985)",in_transit
1768585825.077042,14327,"(-111.804396, 41.7443648)",in_transit
1768585835.36681,14327,"(-111.8043753, 41.7436596)",in_transit
1768585845.658674,14327,"(-111.8043871, 41.7432883)",in_transit
1768585855.966968,14327,"(-111.8043956, 41.7432855)",in_transit
1768585866.241303,14327,"(-111.8043528, 41.7428903)",in_transit
1768585876.5430028,14327,"(-111.8043081, 41.7427063)",in_transit
1768585886.827817,14327,"(-111.8053376, 41.7420245)",in_transit
1768585897.1049442,14327,"(-111.8070963, 41.741039)",in_transit
1768585907.436987,14327,"(-111.8086265, 41.7406273)",in_transit
1768585917.734529,14327,"(-111.8107226, 41.7401715)",in_transit
1768585928.065849,14327,"(-111.8110898, 41.7400908)",Family Life Bldg
1768585938.368005,14327,"(-111.8111966, 41.7400333)",Family Life Bldg
1768585948.684434,14327,"(-111.8111911, 41.7400236)",Family Life Bldg
1768585958.9768791,14327,"(-111.811436, 41.7399001)",in_transit
1768585969.260714,14327,"(-111.8124308, 41.7394901)",in_transit
1768585979.554642,14327,"(-111.8146353, 41.738689)",in_transit
1768585989.898035,14327,"(-111.8162663, 41.7387428)",in_transit
1768586000.196628,14327,"(-111.818728, 41.7388548)",in_transit
1768586010.483454,14327,"(-111.8190601, 41.738855)",in_transit
1768586020.784884,14327,"(-111.8193035, 41.7395438)",in_transit
1768586031.0720892,14327,"(-111.819298, 41.7402561)",in_transit
1768586041.358946,14327,"(-111.8191383, 41.7406301)",in_transit
1768586051.663553,14327,"(-111.818058, 41.7406491)",in_transit
1768586061.972162,14327,"(-111.8177448, 41.7406251)",670 E 500 N
1768586072.295726,14327,"(-111.8176743, 41.7406083)",670 E 500 N
1768586082.584704,14327,"(-111.816967, 41.7406015)",in_transit
1768586092.8773382,14327,"(-111.816751, 41.7410831)",in_transit
1768586103.1716511,14327,"(-111.8167368, 41.7424266)",in_transit
1768586113.464873,14327,"(-111.816679, 41.7434378)",in_transit
1768586123.7368078,14327,"(-111.8159478, 41.7444496)",in_transit
1768586134.045095,14327,"(-111.8148826, 41.7444773)",in_transit
1768586144.324697,14327,"(-111.8142888, 41.7444288)",in_transit
1768586154.663684,14327,"(-111.8142086, 41.7442406)",in_transit
1768586164.954916,14327,"(-111.8143416, 41.7436423)",in_transit
1768586175.237052,14327,"(-111.814105, 41.7434791)",in_transit
1768586185.5297542,14327,"(-111.8140668, 41.7434838)",in_transit
1768586195.8135822,14327,"(-111.8140378, 41.743491)",in_transit
1768586206.091924,14327,"(-111.8139965, 41.7436713)",Taggart Student Center
1768586216.392434,14327,"(-111.8139805, 41.7436831)",Taggart Student Center
1768586226.6894982,14327,"(-111.8139691, 41.743695)",Taggart Student Center
1768586236.9969091,14327,"(-111.8139478, 41.743712)",Taggart Student Center
1768586247.272408,14327,"(-111.8139206, 41.7437283)",Taggart Student Center
1768586257.8536582,14327,"(-111.8139306, 41.7437401)",Taggart Student Center
1768586268.161578,14327,"(-111.813934, 41.7437416)",Taggart Student Center
1768586278.467378,14327,"(-111.813945, 41.7437358)",Taggart Student Center
1768586288.752516,14327,"(-111.8139523, 41.7437371)",Taggart Student Center
1768586299.30547,14327,"(-111.8141363, 41.7439185)",in_transit
1768586309.577539,14327,"(-111.81411, 41.7443008)",in_transit
1768586320.0103831,14327,"(-111.8141003, 41.7443521)",in_transit
1768586330.291925,14327,"(-111.8141006, 41.7443453)",in_transit
1768586340.5746372,14327,"(-111.8141015, 41.7448668)",in_transit
1768586350.8669271,14327,"(-111.814102, 41.7453188)",in_transit
1768586361.166762,14327,"(-111.8140498, 41.7471418)",in_transit
1768586371.448184,14327,"(-111.8139516, 41.7486766)",in_transit
1768586381.741932,14327,"(-111.8138261, 41.7495863)",in_transit
1768586392.050272,14327,"(-111.8137853, 41.7500526)",in_transit
1768586402.474773,14327,"(-111.8135443, 41.7500801)",in_transit
1768586412.77871,14327,"(-111.8132045, 41.7500573)",The Bull
1768586423.075307,14327,"(-111.8132036, 41.750058)",The Bull
1768586433.360378,14327,"(-111.8128745, 41.7500845)",in_transit
1768586443.641862,14327,"(-111.8114568, 41.7500776)",in_transit
1768586453.9375129,14327,"(-111.810331, 41.750057)",in_transit
1768586464.251807,14327,"(-111.8084701, 41.7500221)",in_transit
1768586474.548901,14327,"(-111.8065151, 41.7499813)",in_transit
1768586484.8710809,14327,"(-111.8057431, 41.7499415)",Logan Cemetery
1768586495.14274,14327,"(-111.805711, 41.7499443)",Logan Cemetery
1768586505.445845,14327,"(-111.805473, 41.7499726)",in_transit
1768586515.729506,14327,"(-111.8045448, 41.7497723)",in_transit
1768586526.039934,14327,"(-111.8043118, 41.7492613)",in_transit
1768586536.320533,14327,"(-111.8031885, 41.7492888)",in_transit
1768586546.610204,14327,"(-111.8022715, 41.7492985)",in_transit
1768586556.8868911,14327,"(-111.8018776, 41.7494921)",in_transit
1768586567.181565,14327,"(-111.8018776, 41.7494921)",in_transit
1768586577.52352,14327,"(-111.8020876, 41.7496176)",Lundstrum
1768586587.80915,14327,"(-111.8020913, 41.7496456)",Lundstrum
1768586598.132184,14327,"(-111.8020891, 41.7496493)",Lundstrum
1768586608.4260428,14327,"(-111.8020783, 41.7496185)",Lundstrum
1768586618.779304,14327,"(-111.8020783, 41.7496185)",Lundstrum
1768586629.068579,14327,"(-111.8020765, 41.7496091)",Lundstrum
1768586639.392879,14327,"(-111.8020755, 41.7496101)",Lundstrum
1768586649.727345,14327,"(-111.802083, 41.7496086)",Lundstrum
1768586660.050612,14327,"(-111.8020823, 41.7496136)",Lundstrum
1768586670.333633,14327,"(-111.8020918, 41.7496186)",Lundstrum
1768586680.646966,14327,"(-111.8021656, 41.7496148)",Lundstrum
1768586690.9299011,14327,"(-111.802408, 41.7494535)",in_transit
1768586701.208941,14327,"(-111.8029151, 41.7493496)",in_transit
1768586711.494766,14327,"(-111.8040455, 41.7493558)",in_transit
1768586721.786245,14327,"(-111.8041213, 41.7493795)",in_transit
1768586732.180202,14327,"(-111.8043636, 41.7497926)",in_transit
1768586742.4725509,14327,"(-111.8045865, 41.7501073)",in_transit
1768586752.761932,14327,"(-111.804531, 41.7494483)",in_transit
1768586763.072322,14327,"(-111.8044385, 41.7484318)",in_transit
1768586773.38257,14327,"(-111.8044311, 41.7475538)",in_transit
1768586783.679204,14327,"(-111.8045486, 41.7466405)",in_transit
1768586793.9693708,14327,"(-111.8044016, 41.7458803)",in_transit
1768586804.267416,14327,"(-111.804391, 41.7450201)",in_transit
1768586814.605525,14327,"(-111.8043821, 41.7444891)",in_transit
1768586825.1720152,14327,"(-111.8043851, 41.7444746)",in_transit
1768586835.475108,14327,"(-111.8043856, 41.744059)",in_transit
1768586845.773597,14327,"(-111.8043858, 41.7434436)",Fine Arts Bldg
1768586856.077869,14327,"(-111.8043933, 41.7432701)",in_transit
1768586866.353896,14327,"(-111.8043993, 41.7432713)",in_transit
1768586876.650103,14327,"(-111.8043536, 41.7428921)",in_transit
1768586886.948819,14327,"(-111.8043176, 41.7427873)",in_transit
1768586897.280308,14327,"(-111.8047328, 41.742396)",in_transit
1768586907.565709,14327,"(-111.8064726, 41.741393)",in_transit
1768586917.865289,14327,"(-111.808175, 41.7407621)",in_transit
1768586928.2393851,14327,"(-111.810932, 41.7401306)",in_transit
1768586938.517743,14327,"(-111.8111751, 41.7400551)",Family Life Bldg
1768586948.857818,14327,"(-111.8112063, 41.7400448)",Family Life Bldg
1768586959.156673,14327,"(-111.8112011, 41.7400473)",Family Life Bldg
1768586969.474734,14327,"(-111.811196, 41.7400453)",Family Life Bldg
1768586979.8038242,14327,"(-111.8114425, 41.7399115)",in_transit
1768586990.1232471,14327,"(-111.8132706, 41.7391573)",in_transit
1768587000.3997838,14327,"(-111.8158655, 41.7386986)",in_transit
1768587010.69893,14327,"(-111.8173695, 41.738828)",in_transit
1768587020.983844,14327,"(-111.8192918, 41.7388896)",in_transit
1768587031.272557,14327,"(-111.8193111, 41.7395483)",in_transit
1768587041.552122,14327,"(-111.8192558, 41.7404701)",in_transit
1768587051.827512,14327,"(-111.8187016, 41.740672)",in_transit
1768587062.184347,14327,"(-111.817849, 41.7406436)",670 E 500 N
1768587072.485537,14327,"(-111.8176823, 41.7406333)",670 E 500 N
1768587082.756256,14327,"(-111.8176941, 41.74063)",670 E 500 N
1768587093.026887,14327,"(-111.8176955, 41.740626)",670 E 500 N
1768587103.313243,14327,"(-111.8176711, 41.7406251)",670 E 500 N
1768587113.622995,14327,"(-111.8168606, 41.7406161)",in_transit
1768587123.913394,14327,"(-111.816757, 41.7407991)",in_transit
1768587134.19259,14327,"(-111.8166898, 41.7421318)",in_transit
1768587144.4920828,14327,"(-111.8166455, 41.7435435)",in_transit
1768587154.775763,14327,"(-111.8156783, 41.7444663)",in_transit
1768587165.042547,14327,"(-111.8147608, 41.74445)",in_transit
1768587175.331626,14327,"(-111.8141915, 41.7442406)",in_transit
1768587185.634864,14327,"(-111.8142606, 41.7437276)",in_transit
1768587195.940119,14327,"(-111.8140755, 41.743481)",in_transit
1768587206.257212,14327,"(-111.8139936, 41.7436661)",Taggart Student Center
1768587216.53969,14327,"(-111.8140153, 41.7437801)",Taggart Student Center
1768587226.9111092,14327,"(-111.814001, 41.7437818)",Taggart Student Center
1768587237.195068,14327,"(-111.8140048, 41.7437858)",Taggart Student Center
1768587247.485557,14327,"(-111.8140126, 41.7437891)",Taggart Student Center
1768587257.764213,14327,"(-111.8140358, 41.7437888)",Taggart Student Center
1768587268.051114,14327,"(-111.8140491, 41.7437875)",Taggart Student Center
1768587278.448986,14327,"(-111.814161, 41.743971)",in_transit
1768587288.745214,14327,"(-111.8141048, 41.7442923)",in_transit
1768587299.096619,14327,"(-111.8140995, 41.7443646)",in_transit
1768587309.4206662,14327,"(-111.8140966, 41.7443753)",in_transit
1768587319.734336,14327,"(-111.8140945, 41.7443976)",in_transit
1768587330.028594,14327,"(-111.814088, 41.7453013)",in_transit
1768587340.338421,14327,"(-111.8140615, 41.7461361)",in_transit
1768587350.635922,14327,"(-111.8139988, 41.7475548)",in_transit
1768587360.962746,14327,"(-111.813888, 41.7491066)",in_transit
1768587371.252779,14327,"(-111.8137755, 41.7498811)",in_transit
1768587381.547387,14327,"(-111.8137788, 41.7500635)",in_transit
1768587391.85584,14327,"(-111.8132, 41.7500615)",The Bull
1768587402.14193,14327,"(-111.813204, 41.7500588)",The Bull
1768587412.536795,14327,"(-111.8132096, 41.750053)",The Bull
1768587422.833028,14327,"(-111.8131988, 41.7500391)",The Bull
1768587433.118892,14327,"(-111.8131953, 41.7500281)",The Bull
1768587443.41078,14327,"(-111.812952, 41.7500581)",in_transit
1768587453.6900191,14327,"(-111.8115541, 41.7500598)",in_transit
1768587463.9905238,14327,"(-111.8098515, 41.7500318)",in_transit
1768587474.3284092,14327,"(-111.8085495, 41.7500096)",in_transit
1768587484.6309109,14327,"(-111.8064503, 41.7499658)",in_transit
1768587494.9197912,14327,"(-111.8056931, 41.7499388)",Logan Cemetery
1768587505.209087,14327,"(-111.8056905, 41.7499413)",Logan Cemetery
1768587515.489864,14327,"(-111.8051746, 41.7499745)",in_transit
1768587525.77349,14327,"(-111.804623, 41.7498905)",in_transit
1768587536.075383,14327,"(-111.8045521, 41.7494741)",in_transit
1768587546.427354,14327,"(-111.8043223, 41.7492818)",in_transit
1768587556.795616,14327,"(-111.80309, 41.7493041)",in_transit
1768587567.092833,14327,"(-111.8019111, 41.7493215)",in_transit
1768587577.400789,14327,"(-111.8018805, 41.7495073)",in_transit
1768587587.6797109,14327,"(-111.8020818, 41.7496126)",Lundstrum
1768587597.989856,14327,"(-111.8020783, 41.7496225)",Lundstrum
1768587608.320619,14327,"(-111.8020658, 41.749625)",Lundstrum
1768587618.615087,14327,"(-111.8020583, 41.749622)",Lundstrum
1768587628.921972,14327,"(-111.802051, 41.7496175)",Lundstrum
1768587639.306262,14327,"(-111.8020485, 41.7496138)",Lundstrum
1768587649.611525,14327,"(-111.8023735, 41.7494521)",in_transit
1768587659.9280949,14327,"(-111.8026431, 41.7493386)",in_transit
1768587670.233902,14327,"(-111.8035013, 41.7493385)",in_transit
1768587680.542957,14327,"(-111.8043333, 41.7495626)",in_transit
1768587690.844712,14327,"(-111.8043605, 41.7498258)",in_transit
1768587701.141587,14327,"(-111.8045033, 41.7497236)",in_transit
1768587711.448336,14327,"(-111.8044403, 41.7490401)",in_transit
1768587721.823008,14327,"(-111.8044321, 41.7477501)",in_transit
1768587732.112332,14327,"(-111.8044893, 41.7466866)",in_transit
1768587742.399507,14327,"(-111.804429, 41.7462746)",in_transit
1768587752.678944,14327,"(-111.8043943, 41.7451428)",in_transit
1768587762.976546,14327,"(-111.8043861, 41.7446053)",in_transit
1768587773.269058,14327,"(-111.8043725, 41.743634)",in_transit
1768587783.558212,14327,"(-111.8043936, 41.7434263)",Fine Arts Bldg
1768587793.853972,14327,"(-111.804369, 41.7432843)",in_transit
1768587804.16863,14327,"(-111.8043555, 41.7432863)",in_transit
1768587814.46314,14327,"(-111.8043625, 41.743292)",in_transit
1768587824.744958,14327,"(-111.8043661, 41.7432901)",in_transit
1768587835.042324,14327,"(-111.804353, 41.7429645)",in_transit
1768587845.333812,14327,"(-111.8043026, 41.7428041)",in_transit
1768587855.6276858,14327,"(-111.8046521, 41.7424186)",in_transit
1768587865.912045,14327,"(-111.8065748, 41.7412798)",in_transit
1768587876.195298,14327,"(-111.8065748, 41.7412798)",in_transit
1768587886.50991,14327,"(-111.8109718, 41.7401538)",Family Life Bldg
1768587896.797398,14327,"(-111.8112241, 41.7400785)",Family Life Bldg
1768587907.102649,14327,"(-111.8112325, 41.7400468)",Family Life Bldg
1768587917.395385,14327,"(-111.8112325, 41.740041)",Family Life Bldg
1768587927.695093,14327,"(-111.8112236, 41.7400373)",Family Life Bldg
1768587937.989692,14327,"(-111.8112293, 41.7400405)",Family Life Bldg
1768587948.308076,14327,"(-111.8112263, 41.7400346)",Family Life Bldg
1768587958.6147242,14327,"(-111.8114776, 41.7398925)",in_transit
1768587969.01311,14327,"(-111.8129221, 41.7393085)",in_transit
1768587979.317245,14327,"(-111.8154, 41.7386541)",in_transit
1768587989.63049,14327,"(-111.8173246, 41.7388481)",in_transit
1768587999.965624,14327,"(-111.8173246, 41.7388481)",in_transit
1768588010.2694,14327,"(-111.8193008, 41.7390908)",in_transit
1768588020.5783172,14327,"(-111.819278, 41.740224)",in_transit
1768588030.873523,14327,"(-111.819099, 41.740633)",in_transit
1768588041.175956,14327,"(-111.8182023, 41.7406565)",in_transit
1768588051.580731,14327,"(-111.8178603, 41.7406486)",in_transit
1768588061.883667,14327,"(-111.8177073, 41.7406365)",670 E 500 N
1768588072.191208,14327,"(-111.8174638, 41.7406358)",in_transit
1768588082.4945762,14327,"(-111.8169553, 41.74062)",in_transit
1768588092.799351,14327,"(-111.8167275, 41.7414341)",in_transit
1768588103.08324,14327,"(-111.816691, 41.7427471)",in_transit
1768588113.385509,14327,"(-111.8166521, 41.743603)",in_transit
1768588123.676527,14327,"(-111.8157981, 41.744458)",in_transit
1768588133.984158,14327,"(-111.8149673, 41.7444686)",in_transit
1768588144.283509,14327,"(-111.8143713, 41.7444391)",in_transit
1768588154.571839,14327,"(-111.8142745, 41.7444318)",in_transit
1768588164.8621151,14327,"(-111.8142176, 41.7439775)",in_transit
1768588175.156589,14327,"(-111.8143228, 41.7435975)",in_transit
1768588185.4307032,14327,"(-111.8140828, 41.7434918)",in_transit
1768588195.736921,14327,"(-111.8139775, 41.7437328)",Taggart Student Center
1768588206.03141,14327,"(-111.8139313, 41.7437268)",Taggart Student Center
1768588216.3985448,14327,"(-111.8139165, 41.7437173)",Taggart Student Center
1768588226.7023628,14327,"(-111.8139166, 41.7437205)",Taggart Student Center
1768588236.9991128,14327,"(-111.8139386, 41.7437303)",Taggart Student Center
1768588247.28597,14327,"(-111.8139465, 41.743731)",Taggart Student Center
1768588257.575624,14327,"(-111.8139586, 41.7437423)",Taggart Student Center
1768588267.866911,14327,"(-111.8141468, 41.7440755)",in_transit
1768588278.1517062,14327,"(-111.8141066, 41.7442631)",in_transit
1768588288.483732,14327,"(-111.8140911, 41.7443095)",in_transit
1768588298.8428822,14327,"(-111.8140728, 41.7442851)",in_transit
1768588309.182542,14327,"(-111.814074, 41.7442813)",in_transit
1768588319.5174432,14327,"(-111.8140725, 41.7442738)",in_transit
1768588329.833931,14327,"(-111.8140721, 41.7442725)",in_transit
1768588340.158379,14327,"(-111.814085, 41.7450198)",in_transit
1768588350.449435,14327,"(-111.814085, 41.7450198)",in_transit
1768588360.740163,14327,"(-111.8140345, 41.747068)",in_transit
1768588371.036446,14327,"(-111.8139638, 41.7484716)",in_transit
1768588381.370662,14327,"(-111.813862, 41.7494268)",in_transit
1768588391.68215,14327,"(-111.8138015, 41.7499645)",in_transit
1768588401.9710348,14327,"(-111.8138086, 41.7499828)",in_transit
1768588412.266194,14327,"(-111.8136571, 41.7501003)",in_transit
1768588422.637731,14327,"(-111.8132093, 41.7500586)",The Bull
1768588433.047483,14327,"(-111.8132196, 41.7500631)",The Bull
1768588443.3991969,14327,"(-111.813227, 41.7500643)",The Bull
1768588453.691646,14327,"(-111.813155, 41.750079)",The Bull
1768588464.183265,14327,"(-111.8119415, 41.7501131)",in_transit
1768588474.532189,14327,"(-111.8103276, 41.7500891)",in_transit
1768588484.83168,14327,"(-111.80916, 41.7500658)",in_transit
1768588495.1263208,14327,"(-111.8072021, 41.7500223)",in_transit
1768588505.430571,14327,"(-111.8060673, 41.7499808)",in_transit
1768588515.7111092,14327,"(-111.8057761, 41.7499581)",Logan Cemetery
1768588525.999713,14327,"(-111.8056741, 41.7499456)",in_transit
1768588536.297473,14327,"(-111.805436, 41.7499855)",in_transit
1768588546.6269498,14327,"(-111.8046125, 41.7498918)",in_transit
1768588556.917875,14327,"(-111.804559, 41.7494651)",in_transit
1768588567.220413,14327,"(-111.8036901, 41.7493156)",in_transit
1768588577.526322,14327,"(-111.802725, 41.7493315)",in_transit
1768588587.832951,14327,"(-111.8019831, 41.7493425)",in_transit
1768588598.14845,14327,"(-111.8018645, 41.7495158)",in_transit
1768588608.559333,14327,"(-111.8020823, 41.7496278)",Lundstrum
1768588618.863661,14327,"(-111.802067, 41.7496265)",Lundstrum
1768588629.234777,14327,"(-111.8020633, 41.749627)",Lundstrum
1768588639.535913,14327,"(-111.8020553, 41.7496281)",Lundstrum
1768588649.850595,14327,"(-111.8020555, 41.7496278)",Lundstrum
1768588660.1479738,14327,"(-111.8020466, 41.7496295)",Lundstrum
1768588670.436787,14327,"(-111.802033, 41.7496346)",Lundstrum
1768588680.740949,14327,"(-111.8020306, 41.7496346)",Lundstrum
1768588691.0280662,14327,"(-111.8022783, 41.7495548)",in_transit
1768588701.310953,14327,"(-111.8035363, 41.7493496)",in_transit
1768588711.638665,14327,"(-111.8039521, 41.7493663)",in_transit
1768588721.9423318,14327,"(-111.8043486, 41.749878)",in_transit
1768588732.229975,14327,"(-111.804639, 41.7499206)",in_transit
1768588742.516552,14327,"(-111.8045348, 41.7494591)",in_transit
1768588752.812873,14327,"(-111.804436, 41.7483286)",in_transit
1768588763.12943,14327,"(-111.8043915, 41.7468958)",in_transit
1768588773.4393432,14327,"(-111.8044163, 41.746275)",in_transit
1768588783.74904,14327,"(-111.8043756, 41.745396)",in_transit
1768588794.080072,14327,"(-111.8043633, 41.7446758)",in_transit
1768588804.393505,14327,"(-111.8043456, 41.7436151)",in_transit
1768588814.699102,14327,"(-111.804363, 41.7433871)",Fine Arts Bldg
1768588825.001879,14327,"(-111.804367, 41.7432766)",in_transit
1768588835.293247,14327,"(-111.8043593, 41.7432715)",in_transit
1768588845.597882,14327,"(-111.8043483, 41.742957)",in_transit
1768588855.8889751,14327,"(-111.8043123, 41.742791)",in_transit
1768588866.2039611,14327,"(-111.8046145, 41.7424258)",in_transit
1768588876.594669,14327,"(-111.8057798, 41.7417186)",in_transit
1768588886.912797,14327,"(-111.808199, 41.7407225)",in_transit
1768588897.22026,14327,"(-111.8104071, 41.7402366)",in_transit
1768588907.535348,14327,"(-111.8111926, 41.7400493)",Family Life Bldg
1768588917.849469,14327,"(-111.8112303, 41.7400401)",Family Life Bldg
1768588928.147369,14327,"(-111.8112266, 41.7400411)",Family Life Bldg
1768588938.45101,14327,"(-111.8112208, 41.7400405)",Family Life Bldg
1768588948.7802272,14327,"(-111.8124461, 41.73951)",in_transit
1768588959.097884,14327,"(-111.8140286, 41.738871)",in_transit
1768588969.432508,14327,"(-111.816632, 41.7388253)",in_transit
1768588979.760872,14327,"(-111.8175211, 41.7388531)",in_transit
1768588990.046039,14327,"(-111.8190026, 41.7388753)",in_transit
1768589000.339705,14327,"(-111.819306, 41.7389246)",in_transit
1768589010.637836,14327,"(-111.8193246, 41.7395215)",in_transit
1768589020.926761,14327,"(-111.8192928, 41.740158)",in_transit
1768589031.221289,14327,"(-111.8189556, 41.740659)",in_transit
1768589041.5669508,14327,"(-111.8179513, 41.7406441)",in_transit
1768589051.850643,14327,"(-111.8177026, 41.7406428)",670 E 500 N
1768589062.143122,14327,"(-111.8176788, 41.7406388)",670 E 500 N
1768589072.436286,14327,"(-111.8173611, 41.7406306)",in_transit
1768589082.7240582,14327,"(-111.816732, 41.7408461)",in_transit
1768589093.023199,14327,"(-111.8167026, 41.7416765)",in_transit
1768589103.3188128,14327,"(-111.816681, 41.7429701)",in_transit
1768589113.61649,14327,"(-111.8166106, 41.743772)",in_transit
1768589123.948426,14327,"(-111.8155683, 41.7444566)",in_transit
1768589134.242499,14327,"(-111.81456, 41.7444338)",in_transit
1768589144.538097,14327,"(-111.8143443, 41.7444351)",in_transit
1768589154.837352,14327,"(-111.8142068, 41.7443645)",in_transit
1768589165.1695302,14327,"(-111.8142108, 41.7438983)",in_transit
1768589175.458771,14327,"(-111.8142836, 41.7435241)",in_transit
1768589185.753446,14327,"(-111.8140428, 41.7435356)",in_transit
1768589196.056828,14327,"(-111.8139656, 41.7437468)",Taggart Student Center
1768589206.448218,14327,"(-111.8139593, 41.7437555)",Taggart Student Center
1768589216.740373,14327,"(-111.8139625, 41.7437568)",Taggart Student Center
1768589227.0366158,14327,"(-111.81397, 41.7437611)",Taggart Student Center
1768589237.333899,14327,"(-111.8139768, 41.7437666)",Taggart Student Center
1768589247.640255,14327,"(-111.8141546, 41.743955)",in_transit
1768589257.920813,14327,"(-111.8140958, 41.7444986)",in_transit
1768589268.232212,14327,"(-111.8140971, 41.7451743)",in_transit
1768589278.525627,14327,"(-111.8140628, 41.7461856)",in_transit
1768589288.9836218,14327,"(-111.8140193, 41.7472335)",in_transit
1768589299.269378,14327,"(-111.8139965, 41.7478656)",in_transit
1768589309.866225,14327,"(-111.813918, 41.7490076)",in_transit
1768589320.1608,14327,"(-111.8138048, 41.7497396)",in_transit
1768589330.478411,14327,"(-111.813554, 41.7500748)",in_transit
1768589340.782389,14327,"(-111.8131933, 41.7500603)",The Bull
1768589351.081179,14327,"(-111.8131966, 41.7500611)",The Bull
1768589361.3761332,14327,"(-111.813205, 41.7500605)",The Bull
1768589371.718507,14327,"(-111.8129641, 41.7500886)",in_transit
1768589382.032014,14327,"(-111.8116468, 41.750082)",in_transit
1768589392.325399,14327,"(-111.8105643, 41.7500726)",in_transit
1768589402.622411,14327,"(-111.8088251, 41.7500375)",in_transit
1768589412.9099882,14327,"(-111.8076201, 41.7500185)",in_transit
1768589423.213393,14327,"(-111.8059615, 41.7499576)",Logan Cemetery
1768589433.490747,14327,"(-111.8057103, 41.7499486)",Logan Cemetery
1768589443.8031108,14327,"(-111.8057018, 41.7499526)",Logan Cemetery
1768589454.571504,14327,"(-111.805705, 41.7499613)",Logan Cemetery
1768589464.8752298,14327,"(-111.8049228, 41.7499958)",in_transit
1768589475.1602502,14327,"(-111.804516, 41.7497368)",in_transit
1768589485.4752672,14327,"(-111.8042821, 41.7492866)",in_transit
1768589495.777733,14327,"(-111.803251, 41.7493125)",in_transit
1768589506.076218,14327,"(-111.8019985, 41.7493161)",in_transit
1768589516.360883,14327,"(-111.8018571, 41.7495016)",in_transit
1768589526.673902,14327,"(-111.8020778, 41.7496066)",Lundstrum
1768589537.024404,14327,"(-111.8020726, 41.7495945)",Lundstrum
1768589547.3270788,14327,"(-111.802077, 41.7495851)",Lundstrum
1768589557.613368,14327,"(-111.8022703, 41.749537)",in_transit
1768589567.919287,14327,"(-111.802763, 41.7493401)",in_transit
1768589578.209493,14327,"(-111.8038543, 41.7493591)",in_transit
1768589588.555039,14327,"(-111.8043436, 41.7495761)",in_transit
1768589598.84649,14327,"(-111.8045918, 41.7501061)",in_transit
1768589609.2606778,14327,"(-111.8044998, 41.7496886)",in_transit
1768589619.581575,14327,"(-111.8045348, 41.7494053)",in_transit
1768589629.891242,14327,"(-111.8044293, 41.7483183)",in_transit
1768589640.171,14327,"(-111.8044088, 41.7473811)",in_transit
1768589650.473983,14327,"(-111.8043916, 41.7467788)",in_transit
1768589660.751102,14327,"(-111.8043798, 41.745819)",in_transit
1768589671.0624828,14327,"(-111.8043731, 41.7453388)",in_transit
1768589681.358207,14327,"(-111.8043731, 41.7453388)",in_transit
1768589691.6618502,14327,"(-111.804355, 41.7433905)",Fine Arts Bldg
1768589702.0081542,14327,"(-111.8043673, 41.7432896)",in_transit
1768589712.344767,14327,"(-111.8043751, 41.7432903)",in_transit
1768589722.631453,14327,"(-111.804339, 41.7429103)",in_transit
1768589732.918323,14327,"(-111.8044605, 41.7425431)",in_transit
1768589743.199212,14327,"(-111.8058375, 41.7417075)",in_transit
1768589753.50295,14327,"(-111.8083291, 41.7407145)",in_transit
1768589763.803643,14327,"(-111.8102688, 41.7402803)",in_transit
1768589774.072662,14327,"(-111.8111318, 41.7400803)",Family Life Bldg
1768589784.41412,14327,"(-111.8112246, 41.7400548)",Family Life Bldg
1768589794.737171,14327,"(-111.8112311, 41.7400598)",Family Life Bldg
1768589805.031016,14327,"(-111.8112346, 41.740063)",Family Life Bldg
1768589815.316333,14327,"(-111.811229, 41.7400631)",Family Life Bldg
1768589825.600659,14327,"(-111.8115461, 41.739895)",in_transit
1768589835.895623,14327,"(-111.8131983, 41.7392093)",in_transit
1768589846.201313,14327,"(-111.8148856, 41.7386841)",in_transit
1768589856.500621,14327,"(-111.817519, 41.7388443)",in_transit
1768589866.9217348,14327,"(-111.8191768, 41.7388766)",in_transit
1768589877.207256,14327,"(-111.819334, 41.7390706)",in_transit
1768589887.568897,14327,"(-111.8193013, 41.7399968)",in_transit
1768589897.8691158,14327,"(-111.819259, 41.7404828)",in_transit
1768589908.190472,14327,"(-111.818222, 41.740664)",in_transit
1768589918.518919,14327,"(-111.8178665, 41.7406533)",in_transit
1768589928.821362,14327,"(-111.8177018, 41.740647)",670 E 500 N
1768589939.1201658,14327,"(-111.8177193, 41.7406475)",670 E 500 N
1768589949.4934652,14327,"(-111.8169171, 41.740633)",in_transit
1768589959.77708,14327,"(-111.8167315, 41.741408)",in_transit
1768589970.092515,14327,"(-111.8167021, 41.7427856)",in_transit
1768589980.389025,14327,"(-111.8164663, 41.7440388)",in_transit
1768589990.751799,14327,"(-111.8156458, 41.7444696)",in_transit
1768590001.068262,14327,"(-111.8144858, 41.7444333)",in_transit
1768590011.357192,14327,"(-111.8141918, 41.7442201)",in_transit
1768590021.658773,14327,"(-111.814269, 41.7437381)",in_transit
1768590031.984549,14327,"(-111.814096, 41.7434895)",in_transit
1768590042.2883048,14327,"(-111.814096, 41.7434895)",in_transit
1768590052.580666,14327,"(-111.813985, 41.7437228)",Taggart Student Center
1768590062.868623,14327,"(-111.8139593, 41.7437336)",Taggart Student Center
1768590073.16724,14327,"(-111.813945, 41.7437326)",Taggart Student Center
1768590083.461223,14327,"(-111.8139411, 41.7437303)",Taggart Student Center
1768590093.758315,14327,"(-111.8139525, 41.7437276)",Taggart Student Center
1768590104.05735,14327,"(-111.8139546, 41.743732)",Taggart Student Center
1768590114.380008,14327,"(-111.8140928, 41.7440968)",in_transit
1768590124.665909,14327,"(-111.814086, 41.7448956)",in_transit
1768590134.965748,14327,"(-111.8140545, 41.7457781)",in_transit
1768590145.255615,14327,"(-111.8140075, 41.7472763)",in_transit
1768590155.536086,14327,"(-111.8139575, 41.7483346)",in_transit
1768590165.827141,14327,"(-111.813784, 41.7497511)",in_transit
1768590176.237699,14327,"(-111.8137825, 41.7499718)",in_transit
1768590186.5269032,14327,"(-111.8135443, 41.7501041)",in_transit
1768590196.811996,14327,"(-111.8135443, 41.7501041)",in_transit
1768590207.1056828,14327,"(-111.8131958, 41.7500701)",The Bull
1768590217.3919868,14327,"(-111.8132088, 41.7500655)",The Bull
1768590227.684896,14327,"(-111.8132135, 41.7500576)",The Bull
1768590237.9738991,14327,"(-111.8129763, 41.7500586)",in_transit
1768590248.2722502,14327,"(-111.8116413, 41.750079)",in_transit
1768590258.590497,14327,"(-111.8105395, 41.7500473)",in_transit
1768590268.912251,14327,"(-111.8087236, 41.7500033)",in_transit
1768590279.19577,14327,"(-111.8073478, 41.7499783)",in_transit
1768590289.5279412,14327,"(-111.8057443, 41.7499168)",Logan Cemetery
1768590299.823873,14327,"(-111.8056871, 41.7499058)",in_transit
1768590310.1646988,14327,"(-111.8057131, 41.7499041)",Logan Cemetery
1768590320.452242,14327,"(-111.8055155, 41.7499245)",in_transit
1768590330.746485,14327,"(-111.8048025, 41.7499286)",in_transit
1768590341.151049,14327,"(-111.8045738, 41.7493476)",in_transit
1768590351.472448,14327,"(-111.8039226, 41.7492846)",in_transit
1768590361.770977,14327,"(-111.8023666, 41.7492961)",in_transit
1768590372.079346,14327,"(-111.8018508, 41.7494823)",in_transit
1768590382.38404,14327,"(-111.8020671, 41.749606)",Lundstrum
1768590392.678763,14327,"(-111.8020453, 41.7496055)",Lundstrum
1768590402.98402,14327,"(-111.802034, 41.7496085)",Lundstrum
1768590413.2821069,14327,"(-111.8020296, 41.749612)",Lundstrum
1768590423.619354,14327,"(-111.8020236, 41.7496111)",Lundstrum
1768590433.8977878,14327,"(-111.8020205, 41.749611)",Lundstrum
1768590444.2315898,14327,"(-111.8022705, 41.7495361)",in_transit
1768590454.5402932,14327,"(-111.8027321, 41.7493548)",in_transit
1768590464.842692,14327,"(-111.8034831, 41.7493593)",in_transit
1768590475.14622,14327,"(-111.8040446, 41.7493755)",in_transit
1768590485.446209,14327,"(-111.8041516, 41.7493988)",in_transit
1768590495.74545,14327,"(-111.8043708, 41.749618)",in_transit
1768590506.1390789,14327,"(-111.8045725, 41.7501001)",in_transit
1768590516.448093,14327,"(-111.8045126, 41.7497066)",in_transit
1768590526.7475169,14327,"(-111.8044318, 41.7490461)",in_transit
1768590537.042197,14327,"(-111.8044318, 41.7490461)",in_transit
1768590547.3377018,14327,"(-111.8044655, 41.7466915)",in_transit
1768590557.625515,14327,"(-111.8043851, 41.7458723)",in_transit
1768590567.929964,14327,"(-111.8043646, 41.7448663)",in_transit
1768590578.232459,14327,"(-111.8043561, 41.7445838)",in_transit
1768590588.586648,14327,"(-111.8043555, 41.7444936)",in_transit
1768590598.937665,14327,"(-111.8043453, 41.7438173)",in_transit
1768590609.250818,14327,"(-111.8043595, 41.7433163)",Fine Arts Bldg
1768590619.564096,14327,"(-111.8043576, 41.7433045)",Fine Arts Bldg
1768590629.858695,14327,"(-111.8043615, 41.7432308)",in_transit
1768590640.2116108,14327,"(-111.8043065, 41.7428598)",in_transit
1768590650.500724,14327,"(-111.8043003, 41.742824)",in_transit
1768590660.801913,14327,"(-111.8042981, 41.7428126)",in_transit
1768590671.132591,14327,"(-111.804285, 41.7427986)",in_transit
1768590681.428041,14327,"(-111.8042981, 41.74267)",in_transit
1768590691.7154958,14327,"(-111.8058223, 41.7417371)",in_transit
1768590701.980785,14327,"(-111.8073071, 41.7409903)",in_transit
1768590712.277994,14327,"(-111.8104376, 41.7402535)",in_transit
1768590722.5693572,14327,"(-111.8112298, 41.7400601)",Family Life Bldg
1768590732.861668,14327,"(-111.8112383, 41.7400595)",Family Life Bldg
1768590743.1415071,14327,"(-111.8112428, 41.7400581)",Family Life Bldg
1768590753.473829,14327,"(-111.8112483, 41.7400576)",Family Life Bldg
1768590763.790775,14327,"(-111.8113426, 41.7400088)",in_transit
1768590774.072319,14327,"(-111.8133253, 41.7391753)",in_transit
1768590784.368234,14327,"(-111.8150228, 41.7386721)",in_transit
1768590794.65682,14327,"(-111.8174041, 41.7388436)",in_transit
1768590804.949674,14327,"(-111.8190271, 41.7388706)",in_transit
1768590815.238716,14327,"(-111.8193376, 41.7395075)",in_transit
1768590825.5249548,14327,"(-111.819304, 41.7402216)",in_transit
1768590835.937597,14327,"(-111.818723, 41.7406626)",in_transit
1768590846.244695,14327,"(-111.8178028, 41.7406105)",670 E 500 N
1768590856.548497,14327,"(-111.8176636, 41.7405935)",670 E 500 N
1768590866.840693,14327,"(-111.8176648, 41.740608)",670 E 500 N
1768590877.140807,14327,"(-111.8174665, 41.7406035)",in_transit
1768590887.4397938,14327,"(-111.8167396, 41.7407973)",in_transit
1768590897.729085,14327,"(-111.816714, 41.7418156)",in_transit
1768590908.029153,14327,"(-111.8166941, 41.7427416)",in_transit
1768590918.369479,14327,"(-111.8164658, 41.7440336)",in_transit
1768590928.654109,14327,"(-111.8156788, 41.7444623)",in_transit
1768590939.436102,14327,"(-111.8144655, 41.7444125)",in_transit
1768590949.743941,14327,"(-111.8141966, 41.7441826)",in_transit
1768590960.1197498,14327,"(-111.8142468, 41.7437273)",in_transit
1768590970.428103,14327,"(-111.814086, 41.7434696)",in_transit
1768590980.732147,14327,"(-111.814086, 41.7434696)",in_transit
1768590991.018809,14327,"(-111.814029, 41.7434955)",in_transit
1768591001.417494,14327,"(-111.813996, 41.7435093)",in_transit
1768591011.719618,14327,"(-111.8139881, 41.7435088)",in_transit
1768591022.009161,14327,"(-111.813987, 41.7435075)",in_transit
1768591032.307173,14327,"(-111.8140451, 41.743681)",Taggart Student Center
1768591042.589441,14327,"(-111.8141443, 41.7438676)",in_transit
1768591052.898435,14327,"(-111.8141006, 41.744432)",in_transit
1768591063.187843,14327,"(-111.8140918, 41.7453955)",in_transit
1768591073.4838688,14327,"(-111.81405, 41.7465445)",in_transit
1768591083.822734,14327,"(-111.8140193, 41.7474253)",in_transit
1768591094.125508,14327,"(-111.8139301, 41.7488445)",in_transit
1768591104.4023511,14327,"(-111.8138081, 41.7496631)",in_transit
1768591114.6954298,14327,"(-111.8138028, 41.749909)",in_transit
1768591125.003192,14327,"(-111.8135373, 41.7500683)",in_transit
1768591135.304878,14327,"(-111.8131701, 41.7500248)",The Bull
1768591145.908242,14327,"(-111.8131788, 41.7500063)",The Bull
1768591156.218349,14327,"(-111.8131301, 41.7500108)",The Bull
1768591166.5531478,14327,"(-111.8119411, 41.7500561)",in_transit
1768591176.846516,14327,"(-111.8102868, 41.7500218)",in_transit
1768591187.13264,14327,"(-111.8095398, 41.7499921)",in_transit
1768591197.4506829,14327,"(-111.8089116, 41.7499883)",in_transit
1768591207.7488792,14327,"(-111.8070985, 41.7499585)",in_transit
1768591218.042109,14327,"(-111.8059916, 41.749915)",Logan Cemetery
1768591228.353928,14327,"(-111.8057096, 41.7499003)",Logan Cemetery
1768591238.6544662,14327,"(-111.8056715, 41.7499011)",in_transit
1768591248.991429,14327,"(-111.8050086, 41.7499321)",in_transit
1768591259.322613,14327,"(-111.804521, 41.7497583)",in_transit
1768591269.621352,14327,"(-111.8042865, 41.7492626)",in_transit
1768591279.936081,14327,"(-111.8030555, 41.7492778)",in_transit
1768591290.246361,14327,"(-111.8021245, 41.7492826)",in_transit
1768591300.5685298,14327,"(-111.8018905, 41.7494935)",in_transit
1768591310.870789,14327,"(-111.8018905, 41.7494935)",in_transit
1768591321.190694,14327,"(-111.8020835, 41.7496016)",Lundstrum
1768591331.583924,14327,"(-111.8020751, 41.7496146)",Lundstrum
1768591341.8814578,14327,"(-111.8020695, 41.7496201)",Lundstrum
1768591352.178728,14327,"(-111.8023501, 41.7495243)",in_transit
1768591362.4817522,14327,"(-111.8026641, 41.7493578)",in_transit
1768591372.7704551,14327,"(-111.803982, 41.7493603)",in_transit
1768591383.070859,14327,"(-111.8041566, 41.7493865)",in_transit
1768591393.355996,14327,"(-111.8043626, 41.7495686)",in_transit
1768591403.649051,14327,"(-111.8046176, 41.750086)",in_transit
1768591413.998438,14327,"(-111.8045301, 41.7494611)",in_transit
1768591424.3100958,14327,"(-111.8045301, 41.7494611)",in_transit
1768591434.612009,14327,"(-111.8044143, 41.7473356)",in_transit
1768591444.911502,14327,"(-111.8044065, 41.7467728)",in_transit
1768591455.214987,14327,"(-111.8044525, 41.7463663)",in_transit
1768591465.528588,14327,"(-111.804382, 41.7449198)",in_transit
1768591475.825897,14327,"(-111.8043741, 41.7446335)",in_transit
1768591486.1169212,14327,"(-111.804367, 41.7443115)",in_transit
1768591496.458569,14327,"(-111.8043715, 41.7434273)",Fine Arts Bldg
1768591506.741007,14327,"(-111.8043541, 41.7432898)",in_transit
1768591517.031307,14327,"(-111.8043415, 41.743296)",in_transit
1768591527.323524,14327,"(-111.8043338, 41.7433035)",Fine Arts Bldg
1768591537.627202,14327,"(-111.8043343, 41.7433)",Fine Arts Bldg
1768591547.92491,14327,"(-111.8043406, 41.7432925)",in_transit
1768591558.2133272,14327,"(-111.8043408, 41.7431708)",in_transit
1768591568.5049658,14327,"(-111.804551, 41.7424833)",in_transit
1768591578.8314052,14327,"(-111.8056741, 41.7418086)",in_transit
1768591589.12149,14327,"(-111.8080671, 41.7407735)",in_transit
1768591599.431872,14327,"(-111.8103801, 41.7402701)",in_transit
1768591609.7107542,14327,"(-111.81122, 41.7400703)",Family Life Bldg
1768591620.011519,14327,"(-111.8112276, 41.7400508)",Family Life Bldg
1768591630.319509,14327,"(-111.8112135, 41.7400486)",Family Life Bldg
1768591640.645835,14327,"(-111.8112186, 41.7400468)",Family Life Bldg
1768591651.029449,14327,"(-111.8112216, 41.7400435)",Family Life Bldg
1768591661.3713012,14327,"(-111.8113566, 41.7399745)",in_transit
1768591671.65016,14327,"(-111.813771, 41.7389811)",in_transit
1768591681.940326,14327,"(-111.8155548, 41.7386713)",in_transit
1768591692.2085278,14327,"(-111.8164488, 41.7387901)",in_transit
1768591702.4939158,14327,"(-111.8191508, 41.7388615)",in_transit
1768591712.785288,14327,"(-111.8193226, 41.73989)",in_transit
1768591723.087036,14327,"(-111.8192788, 41.7404601)",in_transit
1768591733.4070342,14327,"(-111.8185808, 41.7406475)",in_transit
1768591743.749634,14327,"(-111.8179186, 41.7406213)",in_transit
1768591754.152852,14327,"(-111.8177011, 41.7406041)",670 E 500 N
1768591764.433467,14327,"(-111.817703, 41.7406056)",670 E 500 N
1768591774.7478862,14327,"(-111.8171065, 41.7405941)",in_transit
1768591785.059069,14327,"(-111.8167533, 41.7407833)",in_transit
1768591795.359509,14327,"(-111.816728, 41.7421071)",in_transit
1768591805.6518028,14327,"(-111.8167065, 41.7429421)",in_transit
1768591815.9431229,14327,"(-111.816398, 41.7441211)",in_transit
1768591826.2774458,14327,"(-111.8155738, 41.7444486)",in_transit
1768591836.715719,14327,"(-111.8146011, 41.7444118)",in_transit
1768591847.021442,14327,"(-111.8143665, 41.7444096)",in_transit
1768591857.317032,14327,"(-111.8142061, 41.7442265)",in_transit
1768591867.608099,14327,"(-111.8142501, 41.7437185)",in_transit
1768591877.900615,14327,"(-111.8140671, 41.7434775)",in_transit
1768591888.2226088,14327,"(-111.8140671, 41.7434775)",in_transit
1768591898.526402,14327,"(-111.8140163, 41.7436366)",Taggart Student Center
1768591908.823633,14327,"(-111.8140105, 41.7436298)",Taggart Student Center
1768591919.2968938,14327,"(-111.813999, 41.7436305)",Taggart Student Center
1768591929.610994,14327,"(-111.8139863, 41.743638)",Taggart Student Center
1768591939.9830751,14327,"(-111.8139793, 41.7436441)",Taggart Student Center
1768591950.2890182,14327,"(-111.8139821, 41.7436383)",Taggart Student Center
1768591960.6906,14327,"(-111.8139821, 41.7436383)",Taggart Student Center
1768591970.979952,14327,"(-111.8139848, 41.74364)",Taggart Student Center
1768591981.290889,14327,"(-111.8140056, 41.7436816)",Taggart Student Center
1768591991.590174,14327,"(-111.814134, 41.7440491)",in_transit
1768592001.987406,14327,"(-111.814134, 41.7440491)",in_transit
1768592012.301718,14327,"(-111.8141096, 41.7442163)",in_transit
1768592022.598788,14327,"(-111.8141086, 41.7443976)",in_transit
1768592032.8758,14327,"(-111.8141086, 41.7443976)",in_transit
1768592043.159634,14327,"(-111.8140581, 41.7466881)",in_transit
1768592053.461344,14327,"(-111.8139881, 41.7482913)",in_transit
1768592063.742164,14327,"(-111.8138951, 41.749286)",in_transit
1768592074.0426729,14327,"(-111.8138066, 41.7499066)",in_transit
1768592084.470525,14327,"(-111.8134136, 41.7500491)",The Bull
1768592094.766928,14327,"(-111.8131745, 41.7500275)",The Bull
1768592105.05597,14327,"(-111.8131666, 41.7500118)",The Bull
1768592115.331874,14327,"(-111.8131661, 41.7500036)",The Bull
1768592125.624522,14327,"(-111.8126338, 41.7500405)",in_transit
1768592135.916663,14327,"(-111.8111696, 41.75004)",in_transit
1768592146.211732,14327,"(-111.8100905, 41.750019)",in_transit
1768592156.496574,14327,"(-111.8085591, 41.7499885)",in_transit
1768592166.888661,14327,"(-111.8072236, 41.7499633)",in_transit
1768592177.183285,14327,"(-111.8057351, 41.7499121)",Logan Cemetery
1768592187.490647,14327,"(-111.8057065, 41.7499238)",Logan Cemetery
1768592197.806468,14327,"(-111.8055548, 41.7499451)",in_transit
1768592208.090997,14327,"(-111.8048715, 41.7499473)",in_transit
1768592218.39581,14327,"(-111.8047691, 41.7499271)",in_transit
1768592228.690884,14327,"(-111.8047695, 41.7499283)",in_transit
1768592239.11917,14327,"(-111.8045223, 41.7496541)",in_transit
1768592249.453559,14327,"(-111.8043041, 41.7492655)",in_transit
1768592259.853318,14327,"(-111.8029373, 41.749279)",in_transit
1768592270.141931,14327,"(-111.8020161, 41.7492736)",in_transit
1768592280.489405,14327,"(-111.8018548, 41.7494571)",in_transit
1768592290.795696,14327,"(-111.8020781, 41.7495963)",Lundstrum
1768592301.101325,14327,"(-111.8020758, 41.7496068)",Lundstrum
1768592311.410182,14327,"(-111.8020725, 41.74961)",Lundstrum
1768592321.711266,14327,"(-111.8020755, 41.7496066)",Lundstrum
1768592332.028277,14327,"(-111.802202, 41.7495801)",Lundstrum
1768592342.321907,14327,"(-111.8026735, 41.7493506)",in_transit
1768592352.6098108,14327,"(-111.8040048, 41.7493593)",in_transit
1768592362.919238,14327,"(-111.8041778, 41.7494063)",in_transit
1768592373.2147782,14327,"(-111.804391, 41.7498018)",in_transit
1768592383.5039449,14327,"(-111.804341, 41.7500413)",in_transit
1768592393.7840168,14327,"(-111.8045108, 41.7497208)",in_transit
1768592404.076608,14327,"(-111.8045211, 41.7493391)",in_transit
1768592414.386252,14327,"(-111.8044111, 41.748488)",in_transit
1768592424.688569,14327,"(-111.804389, 41.7477366)",in_transit
1768592434.987405,14327,"(-111.8043556, 41.746895)",in_transit
1768592445.289261,14327,"(-111.8044013, 41.7467125)",in_transit
1768592455.577607,14327,"(-111.8043655, 41.7457721)",in_transit
1768592465.8916008,14327,"(-111.8043483, 41.7448743)",in_transit
1768592476.192372,14327,"(-111.8043146, 41.7436163)",in_transit
1768592486.485901,14327,"(-111.8043411, 41.7433681)",Fine Arts Bldg
1768592497.0665011,14327,"(-111.8043636, 41.7432518)",in_transit
1768592507.3903968,14327,"(-111.8043863, 41.7432515)",in_transit
1768592517.684531,14327,"(-111.8043555, 41.743057)",in_transit
1768592527.975454,14327,"(-111.804324, 41.7428678)",in_transit
1768592538.260087,14327,"(-111.8046788, 41.7423953)",in_transit
1768592548.574111,14327,"(-111.8059115, 41.7416468)",in_transit
1768592558.872056,14327,"(-111.808366, 41.7406758)",in_transit
1768592569.18256,14327,"(-111.8103556, 41.7402451)",in_transit
1768592579.501284,14327,"(-111.8109243, 41.7401321)",in_transit
1768592589.801569,14327,"(-111.81122, 41.7400488)",Family Life Bldg
1768592600.1273742,14327,"(-111.811219, 41.7400506)",Family Life Bldg
1768592610.391179,14327,"(-111.8112145, 41.7400533)",Family Life Bldg
1768592620.7581089,14327,"(-111.8114568, 41.739924)",in_transit
1768592631.066862,14327,"(-111.813155, 41.7392008)",in_transit
1768592641.396766,14327,"(-111.8148135, 41.738665)",in_transit
1768592651.698127,14327,"(-111.8173475, 41.7388246)",in_transit
1768592662.033581,14327,"(-111.818971, 41.7388598)",in_transit
1768592672.316761,14327,"(-111.8193263, 41.7394775)",in_transit
1768592682.622921,14327,"(-111.8192921, 41.7402026)",in_transit
1768592692.910155,14327,"(-111.818667, 41.7406543)",in_transit
1768592703.206433,14327,"(-111.8177563, 41.7406261)",670 E 500 N
1768592713.5354931,14327,"(-111.8177048, 41.7406208)",670 E 500 N
1768592723.814508,14327,"(-111.8174651, 41.7406148)",in_transit
1768592734.113898,14327,"(-111.8167695, 41.7408093)",in_transit
1768592744.515926,14327,"(-111.8167338, 41.7417923)",in_transit
1768592754.7966971,14327,"(-111.8167103, 41.7427191)",in_transit
1768592765.090921,14327,"(-111.8164915, 41.7440208)",in_transit
1768592775.362497,14327,"(-111.8156676, 41.7444558)",in_transit
1768592785.6557708,14327,"(-111.8144788, 41.7444213)",in_transit
1768592795.9606578,14327,"(-111.8142793, 41.7444168)",in_transit
1768592806.2575622,14327,"(-111.814214, 41.7439313)",in_transit
1768592816.555848,14327,"(-111.8142451, 41.7437453)",in_transit
1768592826.916221,14327,"(-111.814079, 41.743476)",in_transit
1768592837.212202,14327,"(-111.8140015, 41.7437115)",Taggart Student Center
1768592847.494964,14327,"(-111.8139861, 41.7437098)",Taggart Student Center
1768592857.777571,14327,"(-111.8139803, 41.7437063)",Taggart Student Center
1768592868.071124,14327,"(-111.8139835, 41.7436978)",Taggart Student Center
1768592878.357077,14327,"(-111.8139965, 41.7436921)",Taggart Student Center
1768592888.6539898,14327,"(-111.8139923, 41.7436975)",Taggart Student Center
1768592898.9512389,14327,"(-111.8139943, 41.7436961)",Taggart Student Center
1768592909.331828,14327,"(-111.8139911, 41.7436858)",Taggart Student Center
1768592919.680332,14327,"(-111.8139826, 41.7436923)",Taggart Student Center
1768592929.9765818,14327,"(-111.8139865, 41.7437045)",Taggart Student Center
1768592940.341311,14327,"(-111.8140168, 41.7437536)",Taggart Student Center
1768592950.637768,14327,"(-111.8141001, 41.7443226)",in_transit
1768592960.948012,14327,"(-111.8141116, 41.74433)",in_transit
1768592971.225769,14327,"(-111.8141218, 41.7443355)",in_transit
1768592981.559264,14327,"(-111.8141078, 41.7443341)",in_transit
1768592991.876276,14327,"(-111.8140976, 41.7448405)",in_transit
1768593002.158932,14327,"(-111.8140976, 41.7448405)",in_transit
1768593012.460036,14327,"(-111.8140325, 41.7472736)",in_transit
1768593022.749812,14327,"(-111.8139775, 41.748351)",in_transit
1768593033.0564458,14327,"(-111.813806, 41.7497793)",in_transit
1768593043.3564858,14327,"(-111.813806, 41.7499606)",in_transit
1768593053.645083,14327,"(-111.8134713, 41.7500553)",The Bull
1768593063.950424,14327,"(-111.8131846, 41.750053)",The Bull
1768593074.339444,14327,"(-111.8131841, 41.7500466)",The Bull
1768593084.644777,14327,"(-111.8131895, 41.750045)",The Bull
1768593094.9455528,14327,"(-111.8131851, 41.7500506)",The Bull
1768593105.265791,14327,"(-111.8131726, 41.7500438)",The Bull
1768593115.5622778,14327,"(-111.813178, 41.7500486)",The Bull
1768593125.850507,14327,"(-111.8132005, 41.7500681)",The Bull
1768593136.139444,14327,"(-111.8132051, 41.7500645)",The Bull
1768593146.4166589,14327,"(-111.8132095, 41.7500748)",The Bull
1768593156.7916648,14327,"(-111.8132016, 41.750074)",The Bull
1768593167.0873442,14327,"(-111.8131965, 41.7500751)",The Bull
1768593177.373888,14327,"(-111.8131855, 41.750065)",The Bull
1768593187.6607108,14327,"(-111.81318, 41.7500575)",The Bull
1768593197.953703,14327,"(-111.8128618, 41.7500828)",in_transit
1768593208.249844,14327,"(-111.8116615, 41.7500833)",in_transit
1768593218.528404,14327,"(-111.8101058, 41.7500703)",in_transit
1768593228.808343,14327,"(-111.8091021, 41.7500528)",in_transit
1768593239.1140108,14327,"(-111.8073581, 41.7500021)",in_transit
1768593249.431974,14327,"(-111.8062806, 41.7499661)",in_transit
1768593259.712903,14327,"(-111.805927, 41.7499475)",Logan Cemetery
1768593270.0067232,14327,"(-111.8057116, 41.74995)",Logan Cemetery
1768593280.328141,14327,"(-111.805708, 41.749945)",Logan Cemetery
1768593290.601815,14327,"(-111.804842, 41.7499536)",in_transit
1768593300.9787111,14327,"(-111.8045033, 41.749633)",in_transit
1768593311.278831,14327,"(-111.8042976, 41.7492785)",in_transit
1768593321.694182,14327,"(-111.8033005, 41.7492885)",in_transit
1768593331.9837592,14327,"(-111.801989, 41.749296)",in_transit
1768593342.281066,14327,"(-111.8018756, 41.7494783)",in_transit
1768593352.576664,14327,"(-111.8021038, 41.7495838)",Lundstrum
1768593362.8586822,14327,"(-111.8021171, 41.7495945)",Lundstrum
1768593373.162344,14327,"(-111.802107, 41.7495955)",Lundstrum
1768593383.453367,14327,"(-111.8021001, 41.7495933)",Lundstrum
1768593393.755164,14327,"(-111.8021005, 41.7495973)",Lundstrum
1768593404.107379,14327,"(-111.8021071, 41.7495971)",Lundstrum
1768593414.408108,14327,"(-111.8023508, 41.74949)",in_transit
1768593424.70089,14327,"(-111.802834, 41.7493361)",in_transit
1768593434.979417,14327,"(-111.8036848, 41.7493431)",in_transit
1768593445.2753742,14327,"(-111.803975, 41.749357)",in_transit
1768593455.5813792,14327,"(-111.8043765, 41.7498458)",in_transit
1768593465.867284,14327,"(-111.8046201, 41.7499)",in_transit
1768593476.152601,14327,"(-111.8045453, 41.749476)",in_transit
1768593486.461078,14327,"(-111.8044453, 41.7485418)",in_transit
1768593496.7820742,14327,"(-111.804429, 41.7477523)",in_transit
1768593507.075202,14327,"(-111.8044003, 41.7468058)",in_transit
1768593517.380621,14327,"(-111.8044656, 41.7464318)",in_transit
1768593527.660108,14327,"(-111.8043843, 41.7457315)",in_transit
1768593537.952241,14327,"(-111.804373, 41.7449548)",in_transit
1768593548.253641,14327,"(-111.804363, 41.743879)",in_transit
1768593558.543815,14327,"(-111.8043725, 41.7434123)",Fine Arts Bldg
1768593568.870018,14327,"(-111.804379, 41.7433233)",Fine Arts Bldg
1768593579.164294,14327,"(-111.804381, 41.7433108)",Fine Arts Bldg
1768593589.448884,14327,"(-111.8043538, 41.7429163)",in_transit
1768593599.739819,14327,"(-111.8044653, 41.7425436)",in_transit
1768593610.042063,14327,"(-111.8044653, 41.7425436)",in_transit
1768593620.345002,14327,"(-111.8077061, 41.7408386)",in_transit
1768593630.6485271,14327,"(-111.809768, 41.7403756)",in_transit
1768593640.9753962,14327,"(-111.8108635, 41.740138)",in_transit
1768593651.2957308,14327,"(-111.8112153, 41.740041)",Family Life Bldg
1768593661.6494029,14327,"(-111.8112153, 41.740041)",Family Life Bldg
1768593671.94154,14327,"(-111.811313, 41.7399695)",in_transit
1768593682.252318,14327,"(-111.8121298, 41.7396258)",in_transit
1768593692.551693,14327,"(-111.8140866, 41.7388431)",in_transit
1768593702.858304,14327,"(-111.8156191, 41.7386713)",in_transit
1768593713.154399,14327,"(-111.8180513, 41.7388503)",in_transit
1768593723.545206,14327,"(-111.8186686, 41.7388583)",in_transit
1768593733.856984,14327,"(-111.8193196, 41.7394876)",in_transit
1768593744.150398,14327,"(-111.819313, 41.7398528)",in_transit
1768593754.437998,14327,"(-111.819313, 41.7398528)",in_transit
1768593764.7229922,14327,"(-111.8180573, 41.7406371)",in_transit
1768593775.028527,14327,"(-111.8177746, 41.740618)",670 E 500 N
1768593785.336872,14327,"(-111.8176756, 41.7406326)",670 E 500 N
1768593795.659712,14327,"(-111.8171436, 41.7406328)",in_transit
1768593805.9803169,14327,"(-111.816904, 41.7406308)",in_transit
1768593816.2900531,14327,"(-111.816723, 41.7413476)",in_transit
1768593826.5842402,14327,"(-111.816712, 41.7421603)",in_transit
1768593836.861694,14327,"(-111.8166801, 41.743208)",in_transit
1768593847.165386,14327,"(-111.8165201, 41.7439523)",in_transit
1768593857.458196,14327,"(-111.8155768, 41.7444605)",in_transit
1768593867.740027,14327,"(-111.8145621, 41.7444298)",in_transit
1768593878.030016,14327,"(-111.8143223, 41.7444231)",in_transit
1768593888.337253,14327,"(-111.8142148, 41.7439221)",in_transit
1768593898.638709,14327,"(-111.8142693, 41.743736)",in_transit
1768593908.957477,14327,"(-111.8142693, 41.743736)",in_transit
1768593919.272494,14327,"(-111.8139805, 41.743519)",in_transit
1768593929.573534,14327,"(-111.8139665, 41.7435153)",in_transit
1768593939.873591,14327,"(-111.8139451, 41.7435128)",in_transit
1768593950.176539,14327,"(-111.813912, 41.7435088)",in_transit
1768593960.532935,14327,"(-111.8139098, 41.7435026)",in_transit
1768593970.915807,14327,"(-111.8139233, 41.7434961)",in_transit
1768593981.233809,14327,"(-111.8139425, 41.7435625)",in_transit
1768593991.530196,14327,"(-111.8140448, 41.7437441)",Taggart Student Center
1768594001.8309171,14327,"(-111.8141438, 41.7441141)",in_transit
1768594012.1330738,14327,"(-111.8140835, 41.7447261)",in_transit
1768594022.445073,14327,"(-111.8140818, 41.7454453)",in_transit
1768594032.7450292,14327,"(-111.8140313, 41.7466483)",in_transit
1768594043.083356,14327,"(-111.8139981, 41.7475006)",in_transit
1768594053.382358,14327,"(-111.8138985, 41.7489135)",in_transit
1768594063.667979,14327,"(-111.8137798, 41.7499491)",in_transit
1768594073.954175,14327,"(-111.8137776, 41.7499921)",in_transit
1768594084.24886,14327,"(-111.8137776, 41.7499921)",in_transit
1768594094.5359948,14327,"(-111.81351, 41.7500866)",in_transit
1768594104.819442,14327,"(-111.8131551, 41.750063)",The Bull
1768594115.099222,14327,"(-111.8131515, 41.7500705)",The Bull
1768594125.39136,14327,"(-111.813138, 41.7500758)",The Bull
1768594135.762239,14327,"(-111.8131325, 41.7500748)",The Bull
1768594146.067752,14327,"(-111.8128163, 41.750092)",in_transit
1768594156.3555331,14327,"(-111.8114788, 41.750101)",in_transit
1768594166.643064,14327,"(-111.8104561, 41.7500855)",in_transit
1768594176.927644,14327,"(-111.8089173, 41.7500543)",in_transit
1768594187.195562,14327,"(-111.8077488, 41.750021)",in_transit
1768594197.507491,14327,"(-111.8061595, 41.7499728)",in_transit
1768594207.809592,14327,"(-111.8058353, 41.7499536)",Logan Cemetery
1768594218.161702,14327,"(-111.8056835, 41.7499483)",Logan Cemetery
1768594228.4576588,14327,"(-111.8054413, 41.7499603)",in_transit
1768594238.750517,14327,"(-111.8049101, 41.74997)",in_transit
1768594249.031276,14327,"(-111.804719, 41.7499565)",in_transit
1768594259.324074,14327,"(-111.8047221, 41.7499631)",in_transit
1768594269.6136608,14327,"(-111.8045588, 41.7494146)",in_transit
1768594279.896011,14327,"(-111.8043046, 41.7492815)",in_transit
1768594290.206523,14327,"(-111.8028051, 41.7492981)",in_transit
1768594300.591372,14327,"(-111.8019855, 41.7492973)",in_transit
1768594310.879914,14327,"(-111.8018721, 41.7494791)",in_transit
1768594321.2290628,14327,"(-111.8021111, 41.7496141)",Lundstrum
1768594331.532362,14327,"(-111.8021195, 41.7496278)",Lundstrum
1768594341.8876631,14327,"(-111.8021253, 41.7496338)",Lundstrum
1768594352.178611,14327,"(-111.8021446, 41.7496363)",Lundstrum
1768594362.489015,14327,"(-111.8023858, 41.7494831)",in_transit
1768594372.779125,14327,"(-111.8028768, 41.7493548)",in_transit
1768594383.1990762,14327,"(-111.8028768, 41.7493548)",in_transit
1768594393.478462,14327,"(-111.8039838, 41.7493641)",in_transit
1768594403.7751522,14327,"(-111.8043465, 41.749604)",in_transit
1768594414.070948,14327,"(-111.8045863, 41.7500865)",in_transit
1768594424.379614,14327,"(-111.80463, 41.7499026)",in_transit
1768594434.676053,14327,"(-111.8044536, 41.7491565)",in_transit
1768594444.975574,14327,"(-111.8044463, 41.7485196)",in_transit
1768594455.29954,14327,"(-111.8044396, 41.7473641)",in_transit
1768594465.622483,14327,"(-111.8044303, 41.746788)",in_transit
1768594475.9070709,14327,"(-111.8044141, 41.7460141)",in_transit
1768594486.186365,14327,"(-111.804402, 41.7456628)",in_transit
1768594496.479698,14327,"(-111.8043911, 41.7446331)",in_transit
1768594506.7688582,14327,"(-111.8043705, 41.7444971)",in_transit
1768594517.0760782,14327,"(-111.8043643, 41.7444988)",in_transit
1768594527.3757482,14327,"(-111.8043608, 41.744075)",in_transit
1768594537.673461,14327,"(-111.804357, 41.7435151)",Fine Arts Bldg
1768594548.050297,14327,"(-111.8043718, 41.7433305)",Fine Arts Bldg
1768594558.34113,14327,"(-111.8043691, 41.7432966)",in_transit
1768594568.634649,14327,"(-111.8043731, 41.7431928)",in_transit
1768594578.941267,14327,"(-111.804365, 41.7430006)",in_transit
1768594589.235232,14327,"(-111.8043355, 41.742636)",in_transit
1768594599.55006,14327,"(-111.8043355, 41.742636)",in_transit
1768594609.842305,14327,"(-111.8067355, 41.7411913)",in_transit
1768594620.1570292,14327,"(-111.8067355, 41.7411913)",in_transit
1768594630.478925,14327,"(-111.8102025, 41.7403003)",in_transit
1768594640.763064,14327,"(-111.8110846, 41.7400991)",Family Life Bldg
1768594651.049664,14327,"(-111.8112118, 41.7400426)",Family Life Bldg
1768594661.631652,14327,"(-111.81121, 41.7400356)",Family Life Bldg
1768594671.919714,14327,"(-111.8112098, 41.7400378)",Family Life Bldg
1768594682.236141,14327,"(-111.8112171, 41.7400341)",Family Life Bldg
1768594692.526577,14327,"(-111.8115438, 41.739864)",in_transit
1768594702.876786,14327,"(-111.8125988, 41.7394315)",in_transit
1768594713.2296362,14327,"(-111.8147005, 41.7386818)",in_transit
1768594723.545114,14327,"(-111.8162295, 41.7387561)",in_transit
1768594733.83367,14327,"(-111.8183728, 41.7388661)",in_transit
1768594744.11436,14327,"(-111.8192786, 41.738901)",in_transit
1768594754.400576,14327,"(-111.8193165, 41.7398441)",in_transit
1768594764.72782,14327,"(-111.8192875, 41.7404563)",in_transit
1768594775.0286531,14327,"(-111.8187893, 41.740674)",in_transit
1768594785.31667,14327,"(-111.8179068, 41.7406223)",in_transit
1768594795.6845329,14327,"(-111.8176663, 41.7406186)",670 E 500 N
1768594805.994414,14327,"(-111.8176606, 41.7406255)",670 E 500 N
1768594816.2831511,14327,"(-111.8168981, 41.7406233)",in_transit
1768594826.5942929,14327,"(-111.8167393, 41.740813)",in_transit
1768594836.886156,14327,"(-111.8167196, 41.7418948)",in_transit
1768594847.1688929,14327,"(-111.8167021, 41.7426628)",in_transit
1768594857.469449,14327,"(-111.8166291, 41.7436846)",in_transit
1768594867.765246,14327,"(-111.8158626, 41.7444438)",in_transit
1768594878.154567,14327,"(-111.815056, 41.7444578)",in_transit
1768594888.447571,14327,"(-111.8143818, 41.744427)",in_transit
1768594898.712905,14327,"(-111.8141756, 41.7438855)",in_transit
1768594908.995757,14327,"(-111.8142731, 41.7437003)",in_transit
1768594919.3084009,14327,"(-111.8140555, 41.7435155)",in_transit
1768594929.589778,14327,"(-111.8140216, 41.743732)",Taggart Student Center
1768594939.884476,14327,"(-111.8140226, 41.7437393)",Taggart Student Center
1768594950.14943,14327,"(-111.8140193, 41.7437403)",Taggart Student Center
1768594960.471411,14327,"(-111.814003, 41.7437325)",Taggart Student Center
1768594970.756911,14327,"(-111.8140033, 41.7437408)",Taggart Student Center
1768594981.060971,14327,"(-111.8141488, 41.7441153)",in_transit
1768594991.3371,14327,"(-111.8141078, 41.7443006)",in_transit
1768595001.713547,14327,"(-111.8141291, 41.7443493)",in_transit
1768595012.008327,14327,"(-111.8141211, 41.744359)",in_transit
1768595022.357607,14327,"(-111.814111, 41.7443615)",in_transit
1768595032.65506,14327,"(-111.8140973, 41.7450458)",in_transit
1768595043.076656,14327,"(-111.8140973, 41.7450458)",in_transit
1768595053.361695,14327,"(-111.8140283, 41.7474076)",in_transit
1768595063.661004,14327,"(-111.8139976, 41.7482873)",in_transit
1768595073.956005,14327,"(-111.8138691, 41.7495718)",in_transit
1768595084.241845,14327,"(-111.8138321, 41.7498681)",in_transit
1768595094.526365,14327,"(-111.8135806, 41.7500908)",in_transit
1768595104.8171048,14327,"(-111.8135806, 41.7500908)",in_transit
1768595115.099595,14327,"(-111.8131781, 41.750054)",The Bull
1768595125.4708328,14327,"(-111.8131886, 41.750049)",The Bull
1768595135.764948,14327,"(-111.8132021, 41.7500463)",The Bull
1768595146.061585,14327,"(-111.8129498, 41.7500633)",in_transit
1768595156.35242,14327,"(-111.8117013, 41.750084)",in_transit
1768595166.622237,14327,"(-111.8106305, 41.7500653)",in_transit
1768595176.9220538,14327,"(-111.8090888, 41.7500385)",in_transit
1768595187.207402,14327,"(-111.8074315, 41.750006)",in_transit
1768595197.5049212,14327,"(-111.8063561, 41.7499761)",in_transit
1768595207.84315,14327,"(-111.8057103, 41.7499435)",Logan Cemetery
1768595218.133207,14327,"(-111.8056803, 41.7499433)",Logan Cemetery
1768595228.433837,14327,"(-111.8054125, 41.7499593)",in_transit
1768595238.7260249,14327,"(-111.8048973, 41.7499673)",in_transit
1768595249.016049,14327,"(-111.8045118, 41.7497291)",in_transit
1768595259.3127391,14327,"(-111.8044823, 41.7495481)",in_transit
1768595269.6006432,14327,"(-111.8042893, 41.7492725)",in_transit
1768595279.88642,14327,"(-111.8034511, 41.7492843)",in_transit
1768595290.3296452,14327,"(-111.8021088, 41.7492916)",in_transit
1768595300.631572,14327,"(-111.801867, 41.7493358)",in_transit
1768595310.906636,14327,"(-111.8020965, 41.7495978)",Lundstrum
1768595321.230326,14327,"(-111.8020918, 41.7495978)",Lundstrum
1768595331.510995,14327,"(-111.8020821, 41.7495948)",Lundstrum
1768595341.837067,14327,"(-111.8020743, 41.749596)",Lundstrum
1768595352.130616,14327,"(-111.8022245, 41.7495436)",Lundstrum
1768595362.501361,14327,"(-111.8024455, 41.749369)",in_transit
1768595372.8871338,14327,"(-111.8029818, 41.749338)",in_transit
1768595383.2072918,14327,"(-111.8039703, 41.7493493)",in_transit
1768595393.498243,14327,"(-111.804165, 41.7494081)",in_transit
1768595403.7940018,14327,"(-111.8043793, 41.7497921)",in_transit
1768595414.1014988,14327,"(-111.8046308, 41.7499056)",in_transit
1768595424.3912928,14327,"(-111.8045135, 41.7495038)",in_transit
1768595434.682668,14327,"(-111.8044266, 41.7488605)",in_transit
1768595444.977312,14327,"(-111.8044406, 41.7481675)",in_transit
1768595455.377367,14327,"(-111.8044358, 41.7470856)",in_transit
1768595465.69684,14327,"(-111.8045551, 41.7466153)",in_transit
1768595476.001023,14327,"(-111.8044068, 41.7456715)",in_transit
1768595486.295498,14327,"(-111.8044088, 41.7449101)",in_transit
1768595496.6116211,14327,"(-111.8044081, 41.7439046)",in_transit
1768595506.913416,14327,"(-111.8043888, 41.7434036)",Fine Arts Bldg
1768595517.193824,14327,"(-111.8043718, 41.7432966)",in_transit
1768595527.496623,14327,"(-111.804365, 41.7432908)",in_transit
1768595537.85326,14327,"(-111.8043383, 41.7429118)",in_transit
1768595548.145038,14327,"(-111.8044341, 41.7425421)",in_transit
1768595558.413166,14327,"(-111.8058881, 41.7416705)",in_transit
1768595568.719154,14327,"(-111.8070076, 41.7410771)",in_transit
1768595578.9933708,14327,"(-111.8090495, 41.7405468)",in_transit
1768595589.2938292,14327,"(-111.8103548, 41.7402501)",in_transit
1768595599.585309,14327,"(-111.8111458, 41.7400666)",Family Life Bldg
1768595609.879013,14327,"(-111.8112363, 41.7400366)",Family Life Bldg
1768595620.242668,14327,"(-111.8112266, 41.7400363)",Family Life Bldg
1768595630.5339992,14327,"(-111.8112206, 41.7400346)",Family Life Bldg
1768595640.82092,14327,"(-111.8112081, 41.7400343)",Family Life Bldg
1768595651.1236212,14327,"(-111.8111976, 41.740033)",Family Life Bldg
1768595661.473652,14327,"(-111.8118361, 41.7397448)",in_transit
1768595671.7830489,14327,"(-111.812381, 41.7395206)",in_transit
1768595682.084239,14327,"(-111.814424, 41.7387505)",in_transit
1768595692.378709,14327,"(-111.8170753, 41.738841)",in_transit
1768595702.783263,14327,"(-111.8185206, 41.7388668)",in_transit
1768595713.059445,14327,"(-111.8190656, 41.7388608)",in_transit
1768595723.369005,14327,"(-111.8193063, 41.7389661)",in_transit
1768595733.6511848,14327,"(-111.8192898, 41.7400823)",in_transit
1768595743.93548,14327,"(-111.8192156, 41.740535)",in_transit
1768595754.2326882,14327,"(-111.8189935, 41.7406776)",in_transit
1768595764.537071,14327,"(-111.8180133, 41.7406313)",in_transit
1768595774.826872,14327,"(-111.8177626, 41.740613)",670 E 500 N
1768595785.1511,14327,"(-111.817681, 41.7406238)",670 E 500 N
1768595795.455317,14327,"(-111.817703, 41.7406205)",670 E 500 N
1768595805.744949,14327,"(-111.8171096, 41.7406213)",in_transit
1768595816.0537589,14327,"(-111.8167555, 41.740816)",in_transit
1768595826.346035,14327,"(-111.8167101, 41.7416663)",in_transit
1768595836.636157,14327,"(-111.8166545, 41.7428396)",in_transit
1768595846.925805,14327,"(-111.816628, 41.7435278)",in_transit
1768595857.219774,14327,"(-111.8160118, 41.7444285)",in_transit
1768595867.550306,14327,"(-111.815073, 41.7444693)",in_transit
1768595877.841441,14327,"(-111.8144246, 41.7444321)",in_transit
1768595888.1577768,14327,"(-111.8141916, 41.7441596)",in_transit
1768595898.448663,14327,"(-111.81431, 41.7435515)",in_transit
1768595908.7661572,14327,"(-111.8140688, 41.7434961)",in_transit
1768595919.063492,14327,"(-111.8140091, 41.7436765)",Taggart Student Center
1768595929.354163,14327,"(-111.814035, 41.7437705)",Taggart Student Center
1768595939.632583,14327,"(-111.8140355, 41.7437635)",Taggart Student Center
1768595949.934965,14327,"(-111.8140405, 41.7437716)",Taggart Student Center
1768595960.223776,14327,"(-111.814048, 41.7437903)",Taggart Student Center
1768595970.500292,14327,"(-111.8141498, 41.743977)",in_transit
1768595980.80172,14327,"(-111.8140741, 41.7445706)",in_transit
1768595991.096417,14327,"(-111.814057, 41.7451726)",in_transit
1768596001.398932,14327,"(-111.8140126, 41.7462543)",in_transit
1768596011.690529,14327,"(-111.8139838, 41.74741)",in_transit
1768596022.050482,14327,"(-111.8139298, 41.7483468)",in_transit
1768596032.380233,14327,"(-111.813816, 41.7495255)",in_transit
1768596042.6937249,14327,"(-111.8137646, 41.750036)",in_transit
1768596052.999347,14327,"(-111.8131953, 41.7500706)",The Bull
1768596063.306525,14327,"(-111.8131953, 41.7500706)",The Bull
1768596073.595655,14327,"(-111.8131643, 41.7500595)",The Bull
1768596083.899122,14327,"(-111.8131631, 41.7500593)",The Bull
1768596094.1890152,14327,"(-111.8126606, 41.7501015)",in_transit
1768596104.48016,14327,"(-111.811424, 41.7500941)",in_transit
1768596114.7855518,14327,"(-111.810432, 41.7500776)",in_transit
1768596125.0754051,14327,"(-111.8090628, 41.7500543)",in_transit
1768596135.375158,14327,"(-111.8074986, 41.7500251)",in_transit
1768596145.6717398,14327,"(-111.8064243, 41.7500031)",in_transit
1768596155.962998,14327,"(-111.8057736, 41.7499665)",Logan Cemetery
1768596166.263173,14327,"(-111.8056833, 41.7499671)",Logan Cemetery
1768596176.563055,14327,"(-111.805685, 41.7499686)",Logan Cemetery
1768596186.861791,14327,"(-111.8055415, 41.749979)",in_transit
1768596197.167986,14327,"(-111.8049641, 41.7499828)",in_transit
1768596207.455803,14327,"(-111.8047243, 41.7499558)",in_transit
1768596217.752061,14327,"(-111.804517, 41.7493215)",in_transit
1768596228.042315,14327,"(-111.804272, 41.74927)",in_transit
1768596238.329186,14327,"(-111.8027876, 41.7493003)",in_transit
1768596248.61554,14327,"(-111.8019776, 41.7492965)",in_transit
1768596258.906888,14327,"(-111.801843, 41.7494808)",in_transit
1768596269.231413,14327,"(-111.8021416, 41.7495981)",Lundstrum
1768596279.6216278,14327,"(-111.8021218, 41.7495881)",Lundstrum
1768596289.914609,14327,"(-111.8021136, 41.749584)",Lundstrum
1768596300.204992,14327,"(-111.8020965, 41.749591)",Lundstrum
1768596310.493672,14327,"(-111.802214, 41.749554)",Lundstrum
1768596320.782599,14327,"(-111.8024538, 41.7493771)",in_transit
1768596331.067591,14327,"(-111.803336, 41.749328)",in_transit
1768596341.356357,14327,"(-111.8040006, 41.7493466)",in_transit
1768596351.636487,14327,"(-111.804347, 41.7499178)",in_transit
1768596361.9805691,14327,"(-111.8045856, 41.7500918)",in_transit
1768596372.280589,14327,"(-111.8045216, 41.7494871)",in_transit
1768596382.621404,14327,"(-111.8044498, 41.7491413)",in_transit
1768596392.924236,14327,"(-111.8044256, 41.7480586)",in_transit
1768596403.685468,14327,"(-111.8044211, 41.7472596)",in_transit
1768596413.981819,14327,"(-111.8044151, 41.7467565)",in_transit
1768596424.270355,14327,"(-111.8044151, 41.7467565)",in_transit
1768596434.559859,14327,"(-111.8044835, 41.7463833)",in_transit
1768596444.955081,14327,"(-111.8043941, 41.7446241)",in_transit
1768596455.243531,14327,"(-111.8043941, 41.7446241)",in_transit
1768596465.5374231,14327,"(-111.8043728, 41.7433148)",Fine Arts Bldg
1768596475.827742,14327,"(-111.8043601, 41.7432891)",in_transit
1768596486.127944,14327,"(-111.804323, 41.7430526)",in_transit
1768596496.442749,14327,"(-111.8045251, 41.7424641)",in_transit
1768596506.74189,14327,"(-111.8055556, 41.7418515)",in_transit
1768596517.0254211,14327,"(-111.806705, 41.741197)",in_transit
1768596527.427777,14327,"(-111.806705, 41.741197)",in_transit
1768596537.710357,14327,"(-111.8108213, 41.740139)",in_transit
1768596547.992898,14327,"(-111.8111388, 41.7400573)",Family Life Bldg
1768596558.261304,14327,"(-111.8112335, 41.7400343)",Family Life Bldg
1768596568.5592551,14327,"(-111.811487, 41.7399031)",in_transit
1768596578.8445902,14327,"(-111.8131513, 41.7392228)",in_transit
1768596589.135308,14327,"(-111.8154415, 41.738672)",in_transit
1768596599.438358,14327,"(-111.8171738, 41.7388395)",in_transit
1768596609.842195,14327,"(-111.81882, 41.7388538)",in_transit
1768596620.1308968,14327,"(-111.8193198, 41.739043)",in_transit
1768596630.407936,14327,"(-111.819261, 41.7398351)",in_transit
1768596640.70601,14327,"(-111.8192213, 41.7404135)",in_transit
1768596651.011732,14327,"(-111.8189036, 41.7406793)",in_transit
1768596661.294143,14327,"(-111.8180145, 41.7406545)",in_transit
1768596671.594219,14327,"(-111.8177393, 41.7406353)",670 E 500 N
1768596682.1161332,14327,"(-111.817665, 41.7406398)",670 E 500 N
1768596692.510116,14327,"(-111.8169135, 41.7406428)",in_transit
1768596702.8386738,14327,"(-111.8167415, 41.7408341)",in_transit
1768596713.14096,14327,"(-111.8166705, 41.7420946)",in_transit
1768596723.4735029,14327,"(-111.8166483, 41.7428166)",in_transit
1768596733.76492,14327,"(-111.8165171, 41.7438761)",in_transit
1768596744.065737,14327,"(-111.816029, 41.744413)",in_transit
1768596754.349132,14327,"(-111.8147138, 41.7444755)",in_transit
1768596764.6365812,14327,"(-111.8144606, 41.7444571)",in_transit
1768596774.98577,14327,"(-111.8143506, 41.7444718)",in_transit
1768596785.271318,14327,"(-111.8141938, 41.7439815)",in_transit
1768596795.566367,14327,"(-111.814301, 41.7436078)",in_transit
1768596805.877829,14327,"(-111.8140608, 41.743492)",in_transit
1768596816.176204,14327,"(-111.8140005, 41.7438166)",Taggart Student Center
1768596826.472138,14327,"(-111.8139863, 41.7438243)",Taggart Student Center
1768596836.750947,14327,"(-111.8139836, 41.7438318)",Taggart Student Center
1768596847.0450828,14327,"(-111.8139758, 41.7438296)",Taggart Student Center
1768596857.438464,14327,"(-111.8140251, 41.743846)",Taggart Student Center
1768596867.72995,14327,"(-111.8141208, 41.7440306)",in_transit
1768596878.045923,14327,"(-111.8140495, 41.74459)",in_transit
1768596888.335946,14327,"(-111.8140333, 41.7448608)",in_transit
1768596898.604435,14327,"(-111.8139915, 41.7464965)",in_transit
1768596908.873869,14327,"(-111.8139618, 41.7473876)",in_transit
1768596919.158795,14327,"(-111.8138736, 41.7488111)",in_transit
1768596929.453784,14327,"(-111.8137771, 41.749662)",in_transit
1768596939.830094,14327,"(-111.8137508, 41.7500035)",in_transit
1768596950.136822,14327,"(-111.8135331, 41.7501271)",in_transit
1768596960.488194,14327,"(-111.8135331, 41.7501271)",in_transit
1768596970.785954,14327,"(-111.8131348, 41.7500831)",The Bull
1768596981.075493,14327,"(-111.812582, 41.7501178)",in_transit
1768596991.371951,14327,"(-111.811582, 41.7501196)",in_transit
1768597001.648738,14327,"(-111.8100406, 41.7500808)",in_transit
1768597011.9635148,14327,"(-111.8089936, 41.7500641)",in_transit
1768597022.2749922,14327,"(-111.8073288, 41.7500281)",in_transit
1768597032.588151,14327,"(-111.8059731, 41.7499796)",Logan Cemetery
1768597043.7629938,14327,"(-111.8057308, 41.7499706)",Logan Cemetery
1768597054.065262,14327,"(-111.805695, 41.7499656)",Logan Cemetery
1768597064.37879,14327,"(-111.80495, 41.749983)",in_transit
1768597074.737692,14327,"(-111.8045206, 41.749766)",in_transit
1768597085.095957,14327,"(-111.8045505, 41.7493958)",in_transit
1768597095.470699,14327,"(-111.8042863, 41.7492835)",in_transit
1768597105.912222,14327,"(-111.8029898, 41.7493143)",in_transit
1768597116.2075698,14327,"(-111.801862, 41.7493525)",in_transit
1768597126.5067132,14327,"(-111.8018866, 41.7495378)",in_transit
1768597136.7858188,14327,"(-111.8020873, 41.749616)",Lundstrum
1768597147.08207,14327,"(-111.8020821, 41.7496153)",Lundstrum
1768597157.396369,14327,"(-111.802071, 41.7496113)",Lundstrum
1768597167.690807,14327,"(-111.8020608, 41.7496096)",Lundstrum
1768597177.973269,14327,"(-111.8020598, 41.7496166)",Lundstrum
1768597188.3995898,14327,"(-111.8020585, 41.7496143)",Lundstrum
1768597198.680001,14327,"(-111.8020741, 41.7496095)",Lundstrum
1768597208.950913,14327,"(-111.8024541, 41.7493903)",in_transit
1768597219.2362082,14327,"(-111.8029753, 41.7493406)",in_transit
1768597229.541615,14327,"(-111.8040445, 41.7493568)",in_transit
1768597239.857263,14327,"(-111.8042866, 41.7495208)",in_transit
1768597250.153882,14327,"(-111.8043255, 41.7499505)",in_transit
1768597260.453804,14327,"(-111.8046085, 41.7499106)",in_transit
1768597270.747669,14327,"(-111.8044415, 41.749165)",in_transit
1768597281.035851,14327,"(-111.8044148, 41.748207)",in_transit
1768597291.334364,14327,"(-111.8043938, 41.7474816)",in_transit
1768597301.611627,14327,"(-111.8043613, 41.74683)",in_transit
1768597311.904555,14327,"(-111.8043958, 41.7462643)",in_transit
1768597322.184375,14327,"(-111.8043421, 41.7452878)",in_transit
1768597332.5106502,14327,"(-111.8043356, 41.7446288)",in_transit
1768597342.801906,14327,"(-111.804348, 41.7444565)",in_transit
1768597353.1582038,14327,"(-111.8043591, 41.7444553)",in_transit
1768597363.4234428,14327,"(-111.8043561, 41.7440773)",in_transit
1768597373.707385,14327,"(-111.8043483, 41.7433446)",Fine Arts Bldg
1768597383.99672,14327,"(-111.8043356, 41.7432811)",in_transit
1768597394.2963772,14327,"(-111.8043206, 41.74313)",in_transit
1768597404.5814762,14327,"(-111.8043021, 41.742924)",in_transit
1768597414.869923,14327,"(-111.8046085, 41.742417)",in_transit
1768597425.17071,14327,"(-111.8061575, 41.7414901)",in_transit
1768597435.504048,14327,"(-111.8074576, 41.7408993)",in_transit
1768597445.786276,14327,"(-111.8096915, 41.7403868)",in_transit
1768597456.099933,14327,"(-111.8111648, 41.7400476)",Family Life Bldg
1768597466.3901482,14327,"(-111.8112511, 41.740018)",Family Life Bldg
1768597476.682647,14327,"(-111.811485, 41.739893)",in_transit
1768597486.964344,14327,"(-111.8124136, 41.7395065)",in_transit
1768597497.2553148,14327,"(-111.814231, 41.7387958)",in_transit
1768597507.545221,14327,"(-111.8156406, 41.7386641)",in_transit
1768597517.845897,14327,"(-111.8176186, 41.7388446)",in_transit
1768597528.1255271,14327,"(-111.8190185, 41.7388761)",in_transit
1768597538.398888,14327,"(-111.8190711, 41.7388768)",in_transit
1768597548.683268,14327,"(-111.819289, 41.7390176)",in_transit
1768597558.982303,14327,"(-111.819276, 41.7396885)",in_transit
1768597569.284376,14327,"(-111.8192486, 41.7403326)",in_transit
1768597579.585248,14327,"(-111.8189728, 41.7406743)",in_transit
1768597589.873279,14327,"(-111.8181148, 41.7406676)",in_transit
1768597600.167804,14327,"(-111.8178173, 41.7406406)",670 E 500 N
1768597610.438077,14327,"(-111.8176615, 41.740634)",670 E 500 N
1768597620.72812,14327,"(-111.8174088, 41.7406365)",in_transit
1768597631.002752,14327,"(-111.8169173, 41.7406275)",in_transit
1768597641.301097,14327,"(-111.8167398, 41.7411848)",in_transit
1768597651.585155,14327,"(-111.8167058, 41.7421565)",in_transit
1768597661.864722,14327,"(-111.816682, 41.7428348)",in_transit
1768597672.175572,14327,"(-111.8165566, 41.743866)",in_transit
1768597682.477521,14327,"(-111.815877, 41.74446)",in_transit
1768597692.813587,14327,"(-111.8151175, 41.744487)",in_transit
1768597703.126133,14327,"(-111.8144356, 41.7444573)",in_transit
1768597713.484204,14327,"(-111.8142021, 41.7440045)",in_transit
1768597723.779001,14327,"(-111.814283, 41.7436258)",in_transit
1768597734.08874,14327,"(-111.814042, 41.7434841)",in_transit
1768597744.3661492,14327,"(-111.8140095, 41.743514)",in_transit
1768597754.678035,14327,"(-111.814017, 41.7435143)",in_transit
1768597764.976437,14327,"(-111.8140068, 41.7435855)",Taggart Student Center
1768597775.273058,14327,"(-111.8141096, 41.7437685)",Taggart Student Center
1768597785.555274,14327,"(-111.8141313, 41.7441325)",in_transit
1768597795.835925,14327,"(-111.814083, 41.7445025)",in_transit
1768597806.123842,14327,"(-111.8140643, 41.745549)",in_transit
1768597816.438835,14327,"(-111.8140146, 41.7468358)",in_transit
1768597826.736274,14327,"(-111.8139776, 41.7477718)",in_transit
1768597837.034668,14327,"(-111.8138678, 41.7491555)",in_transit
1768597847.350799,14327,"(-111.8137753, 41.7498418)",in_transit
1768597857.6429162,14327,"(-111.8137683, 41.7499956)",in_transit
1768597867.94652,14327,"(-111.8135221, 41.7501075)",in_transit
1768597878.219062,14327,"(-111.8131143, 41.7500753)",The Bull
1768597888.511161,14327,"(-111.8131093, 41.7500725)",The Bull
1768597898.804618,14327,"(-111.8131188, 41.7500691)",The Bull
1768597909.095586,14327,"(-111.8128701, 41.7500988)",in_transit
1768597919.400758,14327,"(-111.8115383, 41.7501043)",in_transit
1768597929.791434,14327,"(-111.8104715, 41.750085)",in_transit
1768597940.08724,14327,"(-111.8088895, 41.7500515)",in_transit
1768597950.36852,14327,"(-111.8071925, 41.7500158)",in_transit
1768597960.671027,14327,"(-111.8061728, 41.7499831)",in_transit
1768597970.975324,14327,"(-111.8058391, 41.7499628)",Logan Cemetery
1768597981.267606,14327,"(-111.8056893, 41.7499585)",Logan Cemetery
1768597991.565779,14327,"(-111.8049246, 41.7499851)",in_transit
1768598001.855118,14327,"(-111.8045113, 41.7497488)",in_transit
1768598012.161626,14327,"(-111.8042928, 41.7492876)",in_transit
1768598022.448094,14327,"(-111.8033065, 41.749308)",in_transit
1768598032.806915,14327,"(-111.802338, 41.749318)",in_transit
1768598043.090584,14327,"(-111.8018698, 41.7495065)",in_transit
1768598053.42206,14327,"(-111.8018698, 41.7495065)",in_transit
1768598063.719688,14327,"(-111.8021313, 41.7496193)",Lundstrum
1768598074.043998,14327,"(-111.8021353, 41.749627)",Lundstrum
1768598084.328306,14327,"(-111.8024491, 41.7494171)",in_transit
1768598094.7808151,14327,"(-111.8029366, 41.749351)",in_transit
1768598105.067004,14327,"(-111.8039601, 41.7493653)",in_transit
1768598115.36823,14327,"(-111.8042003, 41.749438)",in_transit
1768598125.692545,14327,"(-111.8043703, 41.7498573)",in_transit
1768598135.981102,14327,"(-111.8046135, 41.7499121)",in_transit
1768598146.290476,14327,"(-111.8044996, 41.7494953)",in_transit
1768598156.5879118,14327,"(-111.804405, 41.7484873)",in_transit
1768598166.874725,14327,"(-111.8044028, 41.7473673)",in_transit
1768598177.279752,14327,"(-111.8044146, 41.7467468)",in_transit
1768598187.576067,14327,"(-111.8043876, 41.7460885)",in_transit
1768598197.873208,14327,"(-111.8043768, 41.7453588)",in_transit
1768598208.159161,14327,"(-111.8043656, 41.7442978)",in_transit
1768598218.44481,14327,"(-111.8043573, 41.7436431)",in_transit
1768598228.725457,14327,"(-111.8043598, 41.7434233)",Fine Arts Bldg
1768598239.02366,14327,"(-111.8043626, 41.7432683)",in_transit
1768598249.319967,14327,"(-111.8043478, 41.7430811)",in_transit
1768598259.7132,14327,"(-111.8043203, 41.7428926)",in_transit
1768598269.992379,14327,"(-111.8044591, 41.742515)",in_transit
1768598280.284575,14327,"(-111.8061658, 41.7415005)",in_transit
1768598290.599117,14327,"(-111.807497, 41.7408976)",in_transit
1768598300.886063,14327,"(-111.8097943, 41.7403793)",in_transit
1768598311.1584089,14327,"(-111.8109078, 41.740132)",in_transit
1768598321.462253,14327,"(-111.8111766, 41.7400631)",Family Life Bldg
1768598331.740751,14327,"(-111.8112721, 41.7400455)",Family Life Bldg
1768598342.042685,14327,"(-111.811276, 41.7400585)",Family Life Bldg
1768598352.3205462,14327,"(-111.8112718, 41.7400671)",Family Life Bldg
1768598362.593372,14327,"(-111.8115208, 41.7399183)",in_transit
1768598372.946178,14327,"(-111.8129603, 41.7393285)",in_transit
1768598383.263502,14327,"(-111.8142978, 41.7388056)",in_transit
1768598393.630422,14327,"(-111.8157726, 41.7387051)",in_transit
1768598403.932986,14327,"(-111.8183063, 41.7388693)",in_transit
1768598414.23789,14327,"(-111.818802, 41.7388746)",in_transit
1768598424.552086,14327,"(-111.8193356, 41.738978)",in_transit
1768598434.839634,14327,"(-111.8193005, 41.7394315)",in_transit
1768598445.132004,14327,"(-111.8192628, 41.740365)",in_transit
1768598455.426374,14327,"(-111.8189538, 41.7406555)",in_transit
1768598465.738706,14327,"(-111.8179825, 41.7406313)",in_transit
1768598476.030829,14327,"(-111.817736, 41.7406201)",670 E 500 N
1768598486.3495722,14327,"(-111.8176946, 41.7406348)",670 E 500 N
1768598496.6572318,14327,"(-111.8171468, 41.7406526)",in_transit
1768598506.9832902,14327,"(-111.8167651, 41.7408381)",in_transit
1768598517.278982,14327,"(-111.8167155, 41.7416281)",in_transit
1768598527.581119,14327,"(-111.8166866, 41.7423596)",in_transit
1768598537.8768268,14327,"(-111.8166458, 41.7433553)",in_transit
1768598548.154186,14327,"(-111.8164398, 41.7440456)",in_transit
1768598558.437388,14327,"(-111.8157051, 41.744464)",in_transit
1768598568.729501,14327,"(-111.8143566, 41.7444488)",in_transit
1768598579.0290382,14327,"(-111.8141986, 41.7442601)",in_transit
1768598589.3435252,14327,"(-111.8142538, 41.7437213)",in_transit
1768598599.639057,14327,"(-111.8140593, 41.7435071)",in_transit
1768598609.929492,14327,"(-111.8140355, 41.7437938)",Taggart Student Center
1768598620.217376,14327,"(-111.8140355, 41.7437938)",Taggart Student Center
1768598630.51036,14327,"(-111.8140033, 41.7438098)",Taggart Student Center
1768598640.807869,14327,"(-111.8140033, 41.7438098)",Taggart Student Center
1768598651.101414,14327,"(-111.8140265, 41.7438183)",Taggart Student Center
1768598661.396085,14327,"(-111.8140235, 41.7438153)",Taggart Student Center
1768598671.803136,14327,"(-111.814027, 41.7438073)",Taggart Student Center
1768598682.082983,14327,"(-111.8140681, 41.7438275)",Taggart Student Center
1768598692.365139,14327,"(-111.8141081, 41.744199)",in_transit
1768598702.6375418,14327,"(-111.8140776, 41.7443846)",in_transit
1768598712.997072,14327,"(-111.8140776, 41.7443846)",in_transit
1768598723.2770529,14327,"(-111.8140121, 41.7468858)",in_transit
1768598733.656807,14327,"(-111.8139785, 41.747724)",in_transit
1768598743.934488,14327,"(-111.8138875, 41.7490423)",in_transit
1768598754.400576,14327,"(-111.813795, 41.7497681)",in_transit
1768598764.678575,14327,"(-111.813542, 41.7500833)",in_transit
1768598774.980522,14327,"(-111.813542, 41.7500833)",in_transit
1768598785.6752949,14327,"(-111.8131486, 41.7500786)",The Bull
1768598796.034726,14327,"(-111.8131605, 41.7500973)",The Bull
1768598806.35758,14327,"(-111.8125828, 41.7501355)",in_transit
1768598816.67822,14327,"(-111.8116376, 41.7501288)",in_transit
1768598826.976063,14327,"(-111.8100161, 41.7501038)",in_transit
1768598837.283464,14327,"(-111.8084458, 41.7500845)",in_transit
1768598847.616328,14327,"(-111.8072915, 41.7500658)",in_transit
1768598857.907642,14327,"(-111.8059258, 41.7500053)",Logan Cemetery
1768598868.2052522,14327,"(-111.8056923, 41.7499936)",Logan Cemetery
1768598878.54622,14327,"(-111.8056671, 41.7499865)",in_transit
1768598888.828079,14327,"(-111.8051751, 41.7500153)",in_transit
1768598899.128426,14327,"(-111.8045108, 41.7497353)",in_transit
1768598909.487191,14327,"(-111.804529, 41.7495195)",in_transit
1768598919.968734,14327,"(-111.8037701, 41.7493098)",in_transit
1768598930.2535691,14327,"(-111.8024545, 41.7493343)",in_transit
1768598940.523751,14327,"(-111.8020756, 41.7493401)",in_transit
1768598950.888099,14327,"(-111.801843, 41.7494416)",in_transit
1768598961.2013178,14327,"(-111.8021405, 41.749624)",Lundstrum
1768598971.485983,14327,"(-111.8021293, 41.749628)",Lundstrum
1768598981.848491,14327,"(-111.802241, 41.7496008)",Lundstrum
1768598992.121687,14327,"(-111.8024328, 41.7494191)",in_transit
1768599002.5035598,14327,"(-111.8030185, 41.7493555)",in_transit
1768599012.963861,14327,"(-111.8040598, 41.7493751)",in_transit
1768599023.328091,14327,"(-111.8043745, 41.7497416)",in_transit
1768599033.723158,14327,"(-111.8043305, 41.7499561)",in_transit
1768599044.01841,14327,"(-111.8044923, 41.7497226)",in_transit
1768599054.341486,14327,"(-111.804434, 41.7491478)",in_transit
1768599064.66532,14327,"(-111.8044015, 41.7481048)",in_transit
1768599074.983754,14327,"(-111.8043846, 41.7472953)",in_transit
1768599085.440075,14327,"(-111.804428, 41.7466865)",in_transit
1768599095.763765,14327,"(-111.8043698, 41.7460135)",in_transit
1768599106.08812,14327,"(-111.8043531, 41.7448643)",in_transit
1768599116.374121,14327,"(-111.8043408, 41.7441408)",in_transit
1768599126.6571982,14327,"(-111.8043478, 41.7433531)",Fine Arts Bldg
1768599137.025513,14327,"(-111.8043385, 41.7432836)",in_transit
1768599147.505167,14327,"(-111.804337, 41.7432841)",in_transit
1768599157.821271,14327,"(-111.8043278, 41.7431531)",in_transit
1768599168.13613,14327,"(-111.8042641, 41.742776)",in_transit
1768599178.458863,14327,"(-111.8046011, 41.7424276)",in_transit
1768599188.747656,14327,"(-111.8063995, 41.7413716)",in_transit
1768599199.015797,14327,"(-111.8078225, 41.7408216)",in_transit
1768599209.3901708,14327,"(-111.8100391, 41.7403311)",in_transit
1768599219.670607,14327,"(-111.8109593, 41.740129)",Family Life Bldg
1768599229.950559,14327,"(-111.811258, 41.7400346)",Family Life Bldg
1768599240.31455,14327,"(-111.811258, 41.7400346)",Family Life Bldg
1768599250.775239,14327,"(-111.8115045, 41.7398936)",in_transit
1768599261.083893,14327,"(-111.81296, 41.7392958)",in_transit
1768599271.3750012,14327,"(-111.8142835, 41.7387836)",in_transit
1768599281.73237,14327,"(-111.8157511, 41.7386748)",in_transit
1768599292.0252092,14327,"(-111.8181245, 41.7388346)",in_transit
1768599302.313486,14327,"(-111.8187915, 41.7388483)",in_transit
1768599312.655396,14327,"(-111.8188775, 41.738842)",in_transit
1768599322.9494731,14327,"(-111.818951, 41.7388405)",in_transit
1768599333.3260238,14327,"(-111.8193371, 41.7390385)",in_transit
1768599343.7153049,14327,"(-111.8192868, 41.7400951)",in_transit
1768599354.091038,14327,"(-111.8192118, 41.7405256)",in_transit
1768599364.934083,14327,"(-111.8186578, 41.7406763)",in_transit
1768599375.235108,14327,"(-111.817713, 41.7406225)",670 E 500 N
1768599385.606931,14327,"(-111.8176638, 41.7406185)",670 E 500 N
1768599395.943659,14327,"(-111.817541, 41.740623)",670 E 500 N
1768599406.313918,14327,"(-111.8170116, 41.7406223)",in_transit
1768599416.611317,14327,"(-111.8166985, 41.7412918)",in_transit
1768599426.955324,14327,"(-111.8166836, 41.7419523)",in_transit
1768599437.2477,14327,"(-111.8166653, 41.7428601)",in_transit
1768599447.552502,14327,"(-111.816542, 41.7438646)",in_transit
1768599457.912956,14327,"(-111.8160661, 41.7443858)",in_transit
1768599468.198216,14327,"(-111.8150863, 41.7444813)",in_transit
1768599478.496019,14327,"(-111.814447, 41.7444538)",in_transit
1768599488.8314629,14327,"(-111.8142166, 41.7439928)",in_transit
1768599499.312014,14327,"(-111.8142233, 41.7437868)",in_transit
1768599509.605075,14327,"(-111.8140621, 41.7435015)",in_transit
1768599519.885968,14327,"(-111.8140095, 41.7436286)",Taggart Student Center
1768599530.243852,14327,"(-111.8140191, 41.7436353)",Taggart Student Center
1768599540.537254,14327,"(-111.8140216, 41.7436361)",Taggart Student Center
1768599550.8424902,14327,"(-111.8140186, 41.7436283)",Taggart Student Center
1768599561.1734478,14327,"(-111.8140188, 41.7436213)",Taggart Student Center
1768599571.463895,14327,"(-111.8140186, 41.7436148)",Taggart Student Center
1768599581.86526,14327,"(-111.814109, 41.7437836)",Taggart Student Center
1768599592.178557,14327,"(-111.8141285, 41.7441455)",in_transit
1768599602.540044,14327,"(-111.8141053, 41.7443193)",in_transit
1768599612.892193,14327,"(-111.8140868, 41.7443278)",in_transit
1768599623.2139058,14327,"(-111.8140831, 41.7443343)",in_transit
1768599633.5473862,14327,"(-111.814047, 41.7447791)",in_transit
1768599643.891333,14327,"(-111.8140288, 41.7457588)",in_transit
1768599654.177888,14327,"(-111.8139968, 41.7469388)",in_transit
1768599664.6707242,14327,"(-111.8139673, 41.7477681)",in_transit
1768599675.036324,14327,"(-111.8138611, 41.7490945)",in_transit
1768599685.767379,14327,"(-111.8137675, 41.7497478)",in_transit
1768599696.063956,14327,"(-111.813758, 41.7500386)",in_transit
1768599706.409895,14327,"(-111.8135128, 41.750104)",in_transit
1768599716.699712,14327,"(-111.8131743, 41.750062)",The Bull
1768599726.995668,14327,"(-111.8131103, 41.7500593)",The Bull
1768599737.3541272,14327,"(-111.8131141, 41.7500566)",The Bull
1768599747.84199,14327,"(-111.8125186, 41.7501071)",in_transit
1768599758.23635,14327,"(-111.8115838, 41.7501125)",in_transit
1768599768.6028318,14327,"(-111.81002, 41.7500691)",in_transit
1768599778.899199,14327,"(-111.8092836, 41.7500545)",in_transit
1768599789.253016,14327,"(-111.8077645, 41.7500183)",in_transit
1768599799.550383,14327,"(-111.8063071, 41.7499778)",in_transit
1768599809.832503,14327,"(-111.8057436, 41.7499446)",Logan Cemetery
1768599820.198477,14327,"(-111.8056875, 41.7499386)",Logan Cemetery
1768599830.6655638,14327,"(-111.8056025, 41.7499361)",in_transit
1768599840.955623,14327,"(-111.8048108, 41.7499538)",in_transit
1768599851.248179,14327,"(-111.8045116, 41.7495778)",in_transit
1768599861.60018,14327,"(-111.8043055, 41.7492813)",in_transit
1768599871.894241,14327,"(-111.8034283, 41.7492956)",in_transit
1768599882.19331,14327,"(-111.8025058, 41.7493121)",in_transit
1768599892.539916,14327,"(-111.8018783, 41.7493601)",in_transit
1768599902.8242052,14327,"(-111.8018783, 41.7493601)",in_transit
1768599913.312615,14327,"(-111.8021046, 41.749613)",Lundstrum
1768599923.598881,14327,"(-111.8021021, 41.7496126)",Lundstrum
1768599934.017962,14327,"(-111.8021083, 41.749616)",Lundstrum
1768599944.362038,14327,"(-111.8023168, 41.7495368)",in_transit
1768599954.729441,14327,"(-111.8031225, 41.7493521)",in_transit
1768599965.0177448,14327,"(-111.8039078, 41.7493656)",in_transit
1768599975.391372,14327,"(-111.8043691, 41.7498183)",in_transit
1768599985.7806458,14327,"(-111.8045625, 41.7500983)",in_transit
1768599996.141132,14327,"(-111.8045208, 41.7497313)",in_transit
1768600006.434457,14327,"(-111.804436, 41.748862)",in_transit
1768600016.804501,14327,"(-111.8044235, 41.7480916)",in_transit
1768600027.087581,14327,"(-111.8044018, 41.7469883)",in_transit
1768600037.37479,14327,"(-111.8045345, 41.7465831)",in_transit
1768600047.658966,14327,"(-111.804376, 41.7457331)",in_transit
1768600057.925409,14327,"(-111.804368, 41.7451055)",in_transit
1768600068.229265,14327,"(-111.804358, 41.7444656)",in_transit
1768600078.583292,14327,"(-111.8043543, 41.7439335)",in_transit
1768600088.858544,14327,"(-111.8043555, 41.7434451)",Fine Arts Bldg
1768600099.146873,14327,"(-111.8043573, 41.743308)",Fine Arts Bldg
1768600109.4166331,14327,"(-111.8043331, 41.7430905)",in_transit
1768600119.6998248,14327,"(-111.8043121, 41.7429043)",in_transit
1768600129.978966,14327,"(-111.8044633, 41.742532)",in_transit
1768600140.267157,14327,"(-111.8055571, 41.741883)",in_transit
1768600150.548762,14327,"(-111.8066155, 41.741269)",in_transit
1768600160.935568,14327,"(-111.808636, 41.7406543)",in_transit
1768600171.259238,14327,"(-111.810545, 41.7402138)",in_transit
1768600181.538389,14327,"(-111.8111981, 41.740061)",Family Life Bldg
1768600191.825941,14327,"(-111.81129, 41.7400355)",Family Life Bldg
1768600202.122936,14327,"(-111.8113028, 41.7400371)",Family Life Bldg
1768600212.407402,14327,"(-111.8118946, 41.739744)",in_transit
1768600222.694541,14327,"(-111.8136768, 41.739017)",in_transit
1768600233.056185,14327,"(-111.8150491, 41.7386523)",in_transit
1768600243.399269,14327,"(-111.8169933, 41.7388263)",in_transit
1768600253.704858,14327,"(-111.8184968, 41.7388448)",in_transit
1768600263.996632,14327,"(-111.8188898, 41.7388508)",in_transit
1768600274.33244,14327,"(-111.8190665, 41.7388473)",in_transit
1768600284.627102,14327,"(-111.8190736, 41.738845)",in_transit
1768600294.952268,14327,"(-111.8190781, 41.738847)",in_transit
1768600305.233333,14327,"(-111.8193295, 41.7390286)",in_transit
1768600315.547044,14327,"(-111.8193048, 41.7398046)",in_transit
1768600325.997828,14327,"(-111.8191876, 41.740565)",in_transit
1768600336.2928388,14327,"(-111.8186758, 41.7406555)",in_transit
1768600346.586665,14327,"(-111.8177253, 41.7406058)",670 E 500 N
1768600356.882347,14327,"(-111.8176601, 41.7405853)",670 E 500 N
1768600367.152151,14327,"(-111.8176411, 41.7405645)",670 E 500 N
1768600377.433485,14327,"(-111.817131, 41.7405865)",in_transit
1768600387.713718,14327,"(-111.8167153, 41.7407876)",in_transit
1768600397.993703,14327,"(-111.8167035, 41.7417108)",in_transit
1768600408.302164,14327,"(-111.8166733, 41.7429291)",in_transit
1768600418.601408,14327,"(-111.8166086, 41.7437046)",in_transit
1768600428.896011,14327,"(-111.8157748, 41.7444556)",in_transit
1768600439.1789272,14327,"(-111.814931, 41.7444531)",in_transit
1768600449.470401,14327,"(-111.814297, 41.7444211)",in_transit
1768600459.782263,14327,"(-111.8142381, 41.7437485)",in_transit
1768600470.079393,14327,"(-111.8142381, 41.7437485)",in_transit
1768600480.379607,14327,"(-111.8140693, 41.7435056)",in_transit
1768600490.751912,14327,"(-111.8140035, 41.7436158)",Taggart Student Center
1768600501.036018,14327,"(-111.8140001, 41.7436075)",Taggart Student Center
1768600511.319958,14327,"(-111.8139876, 41.7436026)",Taggart Student Center
1768600521.59347,14327,"(-111.8139791, 41.7436016)",Taggart Student Center
1768600531.8879302,14327,"(-111.813992, 41.743609)",Taggart Student Center
1768600542.1850932,14327,"(-111.8140048, 41.7436113)",Taggart Student Center
1768600552.484054,14327,"(-111.8140136, 41.7436091)",Taggart Student Center
1768600562.7779672,14327,"(-111.81402, 41.7436033)",Taggart Student Center
1768600573.208468,14327,"(-111.8140203, 41.7435943)",Taggart Student Center
1768600583.494076,14327,"(-111.8140238, 41.7435958)",Taggart Student Center
1768600593.81246,14327,"(-111.814019, 41.7435956)",Taggart Student Center
1768600604.110626,14327,"(-111.8140046, 41.7435921)",Taggart Student Center
1768600614.485698,14327,"(-111.8139826, 41.7435888)",Taggart Student Center
1768600624.797371,14327,"(-111.813988, 41.7435925)",Taggart Student Center
1768600635.121461,14327,"(-111.8139861, 41.7435921)",Taggart Student Center
1768600645.431962,14327,"(-111.813978, 41.7435913)",Taggart Student Center
1768600655.806481,14327,"(-111.8139675, 41.7435875)",Taggart Student Center
1768600666.112027,14327,"(-111.8139798, 41.743591)",Taggart Student Center
1768600676.3867378,14327,"(-111.8139798, 41.743591)",Taggart Student Center
1768600686.686268,14327,"(-111.8140933, 41.7438173)",Taggart Student Center
1768600696.984055,14327,"(-111.81413, 41.744005)",in_transit
1768600707.269011,14327,"(-111.8140906, 41.7441853)",in_transit
1768600717.569542,14327,"(-111.8140858, 41.7443768)",in_transit
1768600727.856343,14327,"(-111.8140858, 41.7443768)",in_transit
1768600738.2846122,14327,"(-111.8140683, 41.745888)",in_transit
1768600748.581718,14327,"(-111.8140286, 41.7469465)",in_transit
1768600758.873783,14327,"(-111.8139796, 41.7478355)",in_transit
1768600769.161302,14327,"(-111.8139541, 41.7482665)",in_transit
1768600779.460413,14327,"(-111.8137961, 41.7496821)",in_transit
1768600789.754221,14327,"(-111.8137803, 41.7498666)",in_transit
1768600800.050258,14327,"(-111.8135406, 41.7500991)",in_transit
1768600810.369029,14327,"(-111.8132221, 41.7500531)",The Bull
1768600820.672545,14327,"(-111.8131278, 41.7500363)",The Bull
1768600830.971377,14327,"(-111.813121, 41.7500211)",The Bull
1768600841.274875,14327,"(-111.8131161, 41.7500183)",The Bull
1768600851.564212,14327,"(-111.8131231, 41.7500265)",The Bull
1768600861.857087,14327,"(-111.8127961, 41.7500586)",in_transit
1768600872.144472,14327,"(-111.811446, 41.750065)",in_transit
1768600882.42737,14327,"(-111.810339, 41.7500483)",in_transit
1768600892.71386,14327,"(-111.8085465, 41.7500003)",in_transit
1768600903.100626,14327,"(-111.8068375, 41.7499646)",in_transit
1768600913.489998,14327,"(-111.8059343, 41.749924)",Logan Cemetery
1768600923.7945678,14327,"(-111.8056943, 41.7499145)",Logan Cemetery
1768600934.1253068,14327,"(-111.8056716, 41.749909)",in_transit
1768600944.424072,14327,"(-111.8054768, 41.7499236)",in_transit
1768600954.763555,14327,"(-111.8048783, 41.7499273)",in_transit
1768600965.064797,14327,"(-111.8045006, 41.7496811)",in_transit
1768600975.390235,14327,"(-111.8043083, 41.7492675)",in_transit
1768600985.798455,14327,"(-111.8032976, 41.7492746)",in_transit
1768600996.118019,14327,"(-111.8024256, 41.749282)",in_transit
1768601006.4314308,14327,"(-111.8018536, 41.7493255)",in_transit
1768601016.728158,14327,"(-111.8018536, 41.7493255)",in_transit
1768601027.0244632,14327,"(-111.8021046, 41.749591)",Lundstrum
1768601037.308914,14327,"(-111.8021043, 41.7495803)",Lundstrum
1768601047.5961752,14327,"(-111.8021023, 41.7495691)",Lundstrum
1768601057.88011,14327,"(-111.8021053, 41.7495493)",Lundstrum
1768601068.289676,14327,"(-111.8021081, 41.7495333)",Lundstrum
1768601078.586245,14327,"(-111.802293, 41.7495201)",in_transit
1768601088.88672,14327,"(-111.8027913, 41.7493465)",in_transit
1768601099.1869729,14327,"(-111.8034776, 41.749347)",in_transit
1768601109.459168,14327,"(-111.8042923, 41.7495195)",in_transit
1768601119.748859,14327,"(-111.8043308, 41.749968)",in_transit
1768601130.19455,14327,"(-111.8046505, 41.7499186)",in_transit
1768601140.481471,14327,"(-111.8045623, 41.749403)",in_transit
1768601150.8856168,14327,"(-111.8044405, 41.7489028)",in_transit
1768601161.17717,14327,"(-111.8044205, 41.747783)",in_transit
1768601171.472439,14327,"(-111.8044061, 41.747071)",in_transit
1768601181.7638,14327,"(-111.8045045, 41.7466583)",in_transit
1768601192.0584068,14327,"(-111.804393, 41.7457125)",in_transit
1768601202.349548,14327,"(-111.804383, 41.7453478)",in_transit
1768601212.66091,14327,"(-111.804383, 41.7453478)",in_transit
1768601222.9612212,14327,"(-111.8043746, 41.7434838)",Fine Arts Bldg
1768601233.440156,14327,"(-111.8043736, 41.7432991)",in_transit
1768601243.733014,14327,"(-111.8043726, 41.743271)",in_transit
1768601254.0668008,14327,"(-111.8043625, 41.7430615)",in_transit
1768601264.3572638,14327,"(-111.8043276, 41.7428811)",in_transit
1768601274.7055411,14327,"(-111.8042991, 41.7428156)",in_transit
1768601284.9946702,14327,"(-111.804482, 41.7425081)",in_transit
1768601295.341578,14327,"(-111.8053331, 41.7420173)",in_transit
1768601305.63641,14327,"(-111.807108, 41.7410523)",in_transit
1768601316.02306,14327,"(-111.807873, 41.740815)",in_transit
1768601326.3217978,14327,"(-111.8102488, 41.7402845)",in_transit
1768601336.607789,14327,"(-111.8111976, 41.7400486)",Family Life Bldg
1768601346.88912,14327,"(-111.8112283, 41.7400338)",Family Life Bldg
1768601357.183267,14327,"(-111.8112186, 41.7400346)",Family Life Bldg
1768601367.474057,14327,"(-111.811226, 41.740032)",Family Life Bldg
1768601377.751938,14327,"(-111.8112921, 41.7399971)",Family Life Bldg
1768601388.0407228,14327,"(-111.8119561, 41.739717)",in_transit
1768601398.346957,14327,"(-111.8135791, 41.7390646)",in_transit
1768601408.647158,14327,"(-111.8154915, 41.7386715)",in_transit
1768601418.919015,14327,"(-111.8169388, 41.7388475)",in_transit
1768601429.206614,14327,"(-111.8186586, 41.738872)",in_transit
1768601439.48993,14327,"(-111.8193055, 41.7389136)",in_transit
1768601449.792922,14327,"(-111.81931, 41.7392755)",in_transit
1768601460.0939798,14327,"(-111.8192871, 41.740122)",in_transit
1768601470.369547,14327,"(-111.8192293, 41.7405291)",in_transit
1768601480.688221,14327,"(-111.8184016, 41.7406573)",in_transit
1768601490.971688,14327,"(-111.8178113, 41.7406225)",670 E 500 N
1768601501.265577,14327,"(-111.8176833, 41.7406215)",670 E 500 N
1768601511.541537,14327,"(-111.8176993, 41.740627)",670 E 500 N
1768601521.8295,14327,"(-111.8172081, 41.7406098)",in_transit
1768601532.123148,14327,"(-111.8169586, 41.7405953)",in_transit
1768601542.425162,14327,"(-111.8167495, 41.7414175)",in_transit
1768601552.7382882,14327,"(-111.816714, 41.7421653)",in_transit
1768601563.1310642,14327,"(-111.8166616, 41.7433206)",in_transit
1768601573.496635,14327,"(-111.8164206, 41.7440778)",in_transit
1768601583.7818098,14327,"(-111.8155063, 41.7444625)",in_transit
1768601594.105692,14327,"(-111.814416, 41.744424)",in_transit
1768601604.404921,14327,"(-111.8143828, 41.744414)",in_transit
1768601614.751797,14327,"(-111.8143686, 41.744418)",in_transit
1768601625.047192,14327,"(-111.8142811, 41.7444096)",in_transit
1768601635.355072,14327,"(-111.8142268, 41.744222)",in_transit
1768601645.857279,14327,"(-111.8143023, 41.743655)",in_transit
1768601656.159856,14327,"(-111.8142703, 41.7434701)",in_transit
1768601666.440102,14327,"(-111.8140301, 41.7435151)",in_transit
1768601676.732951,14327,"(-111.8139801, 41.7437063)",Taggart Student Center
1768601687.0222878,14327,"(-111.8139745, 41.7437176)",Taggart Student Center
1768601697.320272,14327,"(-111.8139593, 41.7437206)",Taggart Student Center
1768601707.6264372,14327,"(-111.8139536, 41.7437266)",Taggart Student Center
1768601717.9101388,14327,"(-111.8139535, 41.7437265)",Taggart Student Center
1768601728.2612832,14327,"(-111.813961, 41.7437131)",Taggart Student Center
1768601738.545045,14327,"(-111.813957, 41.7437018)",Taggart Student Center
1768601748.8679209,14327,"(-111.814135, 41.7439928)",in_transit
1768601759.1601229,14327,"(-111.8140901, 41.7441825)",in_transit
1768601769.4744189,14327,"(-111.8140903, 41.7443311)",in_transit
1768601779.777556,14327,"(-111.814082, 41.7443518)",in_transit
1768601790.080739,14327,"(-111.8140825, 41.7449791)",in_transit
1768601800.359339,14327,"(-111.8140825, 41.7449791)",in_transit
1768601810.712854,14327,"(-111.8140573, 41.7467218)",in_transit
1768601821.01284,14327,"(-111.8140326, 41.7475003)",in_transit
1768601831.301458,14327,"(-111.813955, 41.748649)",in_transit
1768601841.589937,14327,"(-111.813858, 41.749417)",in_transit
1768601851.9009762,14327,"(-111.8137923, 41.7499581)",in_transit
1768601862.206952,14327,"(-111.8132513, 41.7500581)",The Bull
1768601872.504632,14327,"(-111.8131461, 41.750043)",The Bull
1768601882.8233862,14327,"(-111.8131496, 41.7500348)",The Bull
1768601893.1405509,14327,"(-111.8131525, 41.7500238)",The Bull
1768601903.445405,14327,"(-111.8129773, 41.7500471)",in_transit
1768601913.760684,14327,"(-111.8118295, 41.7500808)",in_transit
1768601924.061067,14327,"(-111.8101765, 41.750051)",in_transit
1768601934.404174,14327,"(-111.8090003, 41.7500258)",in_transit
1768601944.687039,14327,"(-111.8073018, 41.7499926)",in_transit
1768601955.043307,14327,"(-111.8063335, 41.7499625)",in_transit
1768601965.3509388,14327,"(-111.8057668, 41.7499466)",Logan Cemetery
1768601975.756086,14327,"(-111.8056793, 41.7499363)",in_transit
1768601986.054414,14327,"(-111.8056793, 41.7499333)",in_transit
1768601996.393798,14327,"(-111.8051886, 41.7499543)",in_transit
1768602006.682413,14327,"(-111.8049488, 41.7499553)",in_transit
1768602017.011327,14327,"(-111.8047668, 41.7499541)",in_transit
1768602027.304405,14327,"(-111.8045741, 41.7494213)",in_transit
1768602037.6173198,14327,"(-111.8043275, 41.7492701)",in_transit
1768602047.924193,14327,"(-111.8034948, 41.7493015)",in_transit
1768602058.309058,14327,"(-111.8026961, 41.7493115)",in_transit
1768602068.591106,14327,"(-111.8020426, 41.7493145)",in_transit
1768602078.874797,14327,"(-111.8020426, 41.7493145)",in_transit
1768602089.166686,14327,"(-111.8020586, 41.749619)",Lundstrum
1768602099.464173,14327,"(-111.8020586, 41.749619)",Lundstrum
1768602109.7627609,14327,"(-111.8021885, 41.749609)",Lundstrum
1768602120.08,14327,"(-111.8021885, 41.749609)",Lundstrum
1768602130.371089,14327,"(-111.8029215, 41.749362)",in_transit
1768602140.73924,14327,"(-111.8039538, 41.7493743)",in_transit
1768602151.0390232,14327,"(-111.8043546, 41.749636)",in_transit
1768602161.333685,14327,"(-111.8043593, 41.7498748)",in_transit
1768602171.63648,14327,"(-111.8046383, 41.7499201)",in_transit
1768602181.942817,14327,"(-111.8044933, 41.749563)",in_transit
1768602192.242843,14327,"(-111.8044295, 41.7488606)",in_transit
1768602202.5597088,14327,"(-111.8044175, 41.7476173)",in_transit
1768602212.85446,14327,"(-111.804403, 41.7467031)",in_transit
1768602223.209723,14327,"(-111.8044295, 41.7466348)",in_transit
1768602233.535552,14327,"(-111.8044336, 41.7462648)",in_transit
1768602243.8371918,14327,"(-111.80439, 41.7455843)",in_transit
1768602254.1536078,14327,"(-111.8043711, 41.7444408)",in_transit
1768602264.4461849,14327,"(-111.8043711, 41.7444408)",in_transit
1768602274.732233,14327,"(-111.8043628, 41.7444073)",in_transit
1768602285.045302,14327,"(-111.804364, 41.743704)",in_transit
1768602295.330827,14327,"(-111.8043801, 41.7432951)",in_transit
1768602305.6523788,14327,"(-111.80438, 41.7432136)",in_transit
1768602316.010195,14327,"(-111.8043823, 41.7432281)",in_transit
1768602326.301823,14327,"(-111.8043771, 41.7432353)",in_transit
1768602336.580585,14327,"(-111.8043656, 41.7430478)",in_transit
1768602346.8718889,14327,"(-111.8043243, 41.742808)",in_transit
1768602357.1719658,14327,"(-111.8043243, 41.742808)",in_transit
1768602367.474567,14327,"(-111.8043246, 41.7426011)",in_transit
1768602377.76607,14327,"(-111.80484, 41.7422938)",in_transit
1768602388.1388311,14327,"(-111.806145, 41.74153)",in_transit
1768602398.425318,14327,"(-111.8073236, 41.7409665)",in_transit
1768602408.717283,14327,"(-111.8095173, 41.7404623)",in_transit
1768602419.018337,14327,"(-111.8106915, 41.740195)",in_transit
1768602429.358368,14327,"(-111.8112616, 41.740057)",Family Life Bldg
1768602439.647536,14327,"(-111.8112646, 41.7400633)",Family Life Bldg
1768602449.928886,14327,"(-111.8112666, 41.7400685)",Family Life Bldg
1768602460.205665,14327,"(-111.8112641, 41.7400701)",Family Life Bldg
1768602470.604396,14327,"(-111.8113453, 41.7400311)",in_transit
1768602480.901034,14327,"(-111.8115491, 41.7399048)",in_transit
1768602491.199134,14327,"(-111.8130683, 41.7393013)",in_transit
1768602501.493282,14327,"(-111.8141653, 41.7388751)",in_transit
1768602511.797826,14327,"(-111.8161373, 41.7387668)",in_transit
1768602522.095978,14327,"(-111.8169571, 41.7388616)",in_transit
1768602532.405581,14327,"(-111.8169571, 41.7388616)",in_transit
1768602542.689909,14327,"(-111.8193158, 41.7393008)",in_transit
1768602553.01667,14327,"(-111.8193035, 41.7398966)",in_transit
1768602563.332812,14327,"(-111.8191376, 41.7406043)",in_transit
1768602573.6318789,14327,"(-111.8183295, 41.7406663)",in_transit
1768602583.922223,14327,"(-111.817758, 41.7406363)",670 E 500 N
1768602594.259692,14327,"(-111.8176956, 41.7406331)",670 E 500 N
1768602604.5724218,14327,"(-111.8177138, 41.740619)",670 E 500 N
1768602614.921952,14327,"(-111.8177173, 41.7405948)",670 E 500 N
1768602625.2266932,14327,"(-111.8176226, 41.740614)",670 E 500 N
1768602635.657671,14327,"(-111.8168768, 41.7406598)",in_transit
1768602645.953416,14327,"(-111.8167625, 41.7411368)",in_transit
1768602656.27035,14327,"(-111.8167355, 41.7418315)",in_transit
1768602666.565844,14327,"(-111.8166925, 41.743015)",in_transit
1768602676.8957078,14327,"(-111.8166186, 41.7437216)",in_transit
1768602687.2030258,14327,"(-111.8155625, 41.7444745)",in_transit
1768602697.545003,14327,"(-111.8149435, 41.7444838)",in_transit
1768602707.830578,14327,"(-111.814581, 41.7444581)",in_transit
1768602718.160893,14327,"(-111.8142208, 41.7440075)",in_transit
1768602728.463918,14327,"(-111.8143145, 41.7436233)",in_transit
1768602738.757636,14327,"(-111.814096, 41.7434738)",in_transit
1768602749.0549388,14327,"(-111.8140088, 41.7437725)",Taggart Student Center
1768602759.3562,14327,"(-111.8139973, 41.7437893)",Taggart Student Center
1768602769.641296,14327,"(-111.8139918, 41.7437996)",Taggart Student Center
1768602779.940607,14327,"(-111.8139873, 41.7438063)",Taggart Student Center
1768602790.2277849,14327,"(-111.8139938, 41.7438125)",Taggart Student Center
1768602800.601553,14327,"(-111.8140063, 41.7438121)",Taggart Student Center
1768602810.886543,14327,"(-111.8140133, 41.7438185)",Taggart Student Center
1768602821.173795,14327,"(-111.8141391, 41.743902)",in_transit
1768602831.469619,14327,"(-111.8140955, 41.7442731)",in_transit
1768602841.765492,14327,"(-111.814107, 41.7443565)",in_transit
1768602852.049519,14327,"(-111.8141143, 41.7443665)",in_transit
1768602862.328959,14327,"(-111.8141196, 41.7443706)",in_transit
1768602872.620519,14327,"(-111.8141065, 41.7445616)",in_transit
1768602882.933148,14327,"(-111.8140868, 41.7454628)",in_transit
1768602893.232762,14327,"(-111.8140868, 41.7454628)",in_transit
1768602903.5137742,14327,"(-111.8140266, 41.746974)",in_transit
1768602913.802561,14327,"(-111.8138951, 41.7492143)",in_transit
1768602924.084909,14327,"(-111.8137971, 41.7498196)",in_transit
1768602934.414817,14327,"(-111.8137938, 41.7499966)",in_transit
1768602944.7002418,14327,"(-111.8137953, 41.749992)",in_transit
1768602955.0645068,14327,"(-111.8137945, 41.7499893)",in_transit
1768602965.463211,14327,"(-111.8137906, 41.7499841)",in_transit
1768602975.8371542,14327,"(-111.813649, 41.7501111)",in_transit
1768602986.1304908,14327,"(-111.8132055, 41.7500626)",The Bull
1768602996.471673,14327,"(-111.8131576, 41.7500685)",The Bull
1768603006.776435,14327,"(-111.8131766, 41.7500773)",The Bull
1768603017.115961,14327,"(-111.8129335, 41.7501091)",in_transit
1768603027.410805,14327,"(-111.8116938, 41.7501136)",in_transit
1768603037.705643,14327,"(-111.810624, 41.7500991)",in_transit
1768603048.1229792,14327,"(-111.8088851, 41.750067)",in_transit
1768603058.400943,14327,"(-111.8076778, 41.7500556)",in_transit
1768603068.687755,14327,"(-111.8061966, 41.7500025)",in_transit
1768603078.9908009,14327,"(-111.8059271, 41.7499836)",Logan Cemetery
1768603089.290714,14327,"(-111.8057305, 41.7499743)",Logan Cemetery
1768603099.58285,14327,"(-111.8057321, 41.7499741)",Logan Cemetery
1768603109.866113,14327,"(-111.8054553, 41.7499883)",in_transit
1768603120.163306,14327,"(-111.8046165, 41.7499)",in_transit
1768603130.5675142,14327,"(-111.804569, 41.7494178)",in_transit
1768603140.847735,14327,"(-111.8043206, 41.7492806)",in_transit
1768603151.145814,14327,"(-111.8029721, 41.7493415)",in_transit
1768603161.437363,14327,"(-111.8022026, 41.7493548)",in_transit
1768603171.726888,14327,"(-111.801941, 41.7493743)",in_transit
1768603182.028979,14327,"(-111.8021005, 41.7496356)",Lundstrum
1768603192.338739,14327,"(-111.802125, 41.7496395)",Lundstrum
1768603202.628573,14327,"(-111.8021378, 41.7496386)",Lundstrum
1768603212.969244,14327,"(-111.8021448, 41.7496395)",Lundstrum
1768603223.256439,14327,"(-111.802298, 41.7495766)",in_transit
1768603233.53706,14327,"(-111.8027908, 41.749369)",in_transit
1768603243.8188229,14327,"(-111.8037338, 41.749376)",in_transit
1768603254.116689,14327,"(-111.8039741, 41.749387)",in_transit
1768603264.420883,14327,"(-111.8039923, 41.749387)",in_transit
1768603274.707083,14327,"(-111.8039883, 41.7493853)",in_transit
1768603284.989641,14327,"(-111.804368, 41.7496515)",in_transit
1768603295.315016,14327,"(-111.8043575, 41.749882)",in_transit
1768603305.6025212,14327,"(-111.8046378, 41.7499305)",in_transit
1768603315.95572,14327,"(-111.8045143, 41.7495646)",in_transit
1768603326.256358,14327,"(-111.8044298, 41.7485013)",in_transit
1768603336.622933,14327,"(-111.8044225, 41.7477226)",in_transit
1768603346.921349,14327,"(-111.804417, 41.7467848)",in_transit
1768603357.25997,14327,"(-111.8044493, 41.7463571)",in_transit
1768603367.5550668,14327,"(-111.8043801, 41.7453151)",in_transit
1768603377.961902,14327,"(-111.8043665, 41.7447341)",in_transit
1768603388.258413,14327,"(-111.8043626, 41.7445488)",in_transit
1768603398.539288,14327,"(-111.8043616, 41.7445051)",in_transit
1768603408.834312,14327,"(-111.804356, 41.743821)",in_transit
1768603419.1304588,14327,"(-111.8043623, 41.7434033)",Fine Arts Bldg
1768603429.425964,14327,"(-111.8043755, 41.7433226)",Fine Arts Bldg
1768603439.716512,14327,"(-111.804385, 41.7433205)",Fine Arts Bldg
1768603450.007162,14327,"(-111.8043898, 41.7433208)",Fine Arts Bldg
1768603460.4316108,14327,"(-111.80439, 41.743248)",in_transit
1768603470.742404,14327,"(-111.8043226, 41.7428763)",in_transit
1768603481.03492,14327,"(-111.8045021, 41.7425008)",in_transit
1768603491.33074,14327,"(-111.8058946, 41.7416425)",in_transit
1768603501.616826,14327,"(-111.8070926, 41.7410336)",in_transit
1768603511.891228,14327,"(-111.8092568, 41.7405228)",in_transit
1768603522.187662,14327,"(-111.8104851, 41.7402515)",in_transit
1768603532.472675,14327,"(-111.8111611, 41.740089)",Family Life Bldg
1768603542.8590589,14327,"(-111.8112508, 41.7400518)",Family Life Bldg
1768603553.152118,14327,"(-111.8112588, 41.7400451)",Family Life Bldg
1768603563.4515798,14327,"(-111.8115683, 41.7398786)",in_transit
1768603573.755819,14327,"(-111.8129885, 41.7392986)",in_transit
1768603584.048354,14327,"(-111.8141306, 41.738842)",in_transit
1768603594.329453,14327,"(-111.8160496, 41.7387335)",in_transit
1768603604.629542,14327,"(-111.8168341, 41.7388265)",in_transit
1768603614.924892,14327,"(-111.8168341, 41.7388265)",in_transit
1768603625.240572,14327,"(-111.819331, 41.7390668)",in_transit
1768603635.608285,14327,"(-111.819323, 41.7394915)",in_transit
1768603645.8955898,14327,"(-111.8192768, 41.7403751)",in_transit
1768603656.256499,14327,"(-111.8189571, 41.7406653)",in_transit
1768603666.546794,14327,"(-111.8179703, 41.740631)",in_transit
1768603676.909083,14327,"(-111.8177306, 41.7406105)",670 E 500 N
1768603687.2315571,14327,"(-111.8176726, 41.740585)",670 E 500 N
1768603697.5797498,14327,"(-111.8176591, 41.7405775)",670 E 500 N
1768603707.902984,14327,"(-111.8172671, 41.7405936)",in_transit
1768603718.1828108,14327,"(-111.8167793, 41.740637)",in_transit
1768603728.480022,14327,"(-111.8167393, 41.7415891)",in_transit
1768603738.7697768,14327,"(-111.81671, 41.7424798)",in_transit
1768603749.0566368,14327,"(-111.816638, 41.7437065)",in_transit
1768603759.338773,14327,"(-111.8160853, 41.7443858)",in_transit
1768603769.634944,14327,"(-111.814977, 41.7444733)",in_transit
1768603779.927827,14327,"(-111.814424, 41.7444505)",in_transit
1768603790.3436642,14327,"(-111.814341, 41.7444473)",in_transit
1768603800.640935,14327,"(-111.814193, 41.7443131)",in_transit
1768603810.925921,14327,"(-111.8142735, 41.7437271)",in_transit
1768603821.212993,14327,"(-111.8142943, 41.7435468)",in_transit
1768603831.5197508,14327,"(-111.8140471, 41.7435186)",in_transit
1768603841.820822,14327,"(-111.8140143, 41.743791)",Taggart Student Center
1768603852.0946088,14327,"(-111.8140063, 41.743819)",Taggart Student Center
1768603862.385588,14327,"(-111.8140068, 41.7438398)",Taggart Student Center
1768603872.697494,14327,"(-111.8140046, 41.7438405)",Taggart Student Center
1768603883.004701,14327,"(-111.8140101, 41.7438353)",Taggart Student Center
1768603893.300905,14327,"(-111.8140248, 41.7438465)",Taggart Student Center
1768603903.605647,14327,"(-111.8140328, 41.7438578)",in_transit
1768603913.90273,14327,"(-111.8140875, 41.743867)",in_transit
1768603924.190145,14327,"(-111.8141045, 41.744235)",in_transit
1768603934.466065,14327,"(-111.8140926, 41.7443651)",in_transit
1768603944.761277,14327,"(-111.8140886, 41.7443801)",in_transit
1768603955.0912588,14327,"(-111.8140733, 41.7447948)",in_transit
1768603965.387764,14327,"(-111.8140725, 41.7458283)",in_transit
1768603975.7208,14327,"(-111.8140475, 41.7465623)",in_transit
1768603986.01023,14327,"(-111.8139765, 41.7479206)",in_transit
1768603996.357615,14327,"(-111.8139023, 41.7488443)",in_transit
1768604006.649525,14327,"(-111.8137761, 41.7498721)",in_transit
1768604016.98939,14327,"(-111.8135123, 41.7500955)",in_transit
1768604027.287185,14327,"(-111.8131608, 41.7500495)",The Bull
1768604037.731091,14327,"(-111.8131598, 41.7500453)",The Bull
1768604048.0228128,14327,"(-111.8131648, 41.7500403)",The Bull
1768604058.33703,14327,"(-111.8131541, 41.7500356)",The Bull
1768604068.669884,14327,"(-111.8122156, 41.7500738)",in_transit
1768604078.971781,14327,"(-111.8106216, 41.7500545)",in_transit
1768604089.258384,14327,"(-111.8094728, 41.7500356)",in_transit
1768604099.554631,14327,"(-111.8077191, 41.7499953)",in_transit
1768604109.851529,14327,"(-111.8066445, 41.749977)",in_transit
1768604120.2359931,14327,"(-111.8056893, 41.7499363)",Logan Cemetery
1768604130.546637,14327,"(-111.8056591, 41.7499296)",in_transit
1768604140.834357,14327,"(-111.805591, 41.7499185)",in_transit
1768604151.123745,14327,"(-111.8048208, 41.7499446)",in_transit
1768604161.419321,14327,"(-111.8045025, 41.7496493)",in_transit
1768604171.72575,14327,"(-111.804548, 41.749467)",in_transit
1768604181.9959848,14327,"(-111.803838, 41.7492773)",in_transit
1768604192.293129,14327,"(-111.8026296, 41.749295)",in_transit
1768604202.725912,14327,"(-111.801922, 41.7493086)",in_transit
1768604213.021122,14327,"(-111.8018498, 41.7494915)",in_transit
1768604223.3253078,14327,"(-111.80207, 41.7496075)",Lundstrum
1768604233.623989,14327,"(-111.8020805, 41.7496036)",Lundstrum
1768604243.9151008,14327,"(-111.8020836, 41.7496071)",Lundstrum
1768604254.20668,14327,"(-111.8021641, 41.749598)",Lundstrum
1768604264.501289,14327,"(-111.8026591, 41.7493816)",in_transit
1768604274.7897978,14327,"(-111.8036075, 41.7493761)",in_transit
1768604285.227288,14327,"(-111.8041653, 41.7494256)",in_transit
1768604295.5391731,14327,"(-111.8043683, 41.7498266)",in_transit
1768604305.958053,14327,"(-111.8045746, 41.7501023)",in_transit
1768604316.263625,14327,"(-111.8046413, 41.7499193)",in_transit
1768604326.584252,14327,"(-111.804465, 41.7492211)",in_transit
1768604336.883551,14327,"(-111.8044245, 41.7485973)",in_transit
1768604347.206592,14327,"(-111.8044066, 41.747497)",in_transit
1768604357.516618,14327,"(-111.8044905, 41.7466868)",in_transit
1768604367.895575,14327,"(-111.8044531, 41.7463835)",in_transit
1768604378.191136,14327,"(-111.8043755, 41.7454173)",in_transit
1768604388.476853,14327,"(-111.8043651, 41.7448213)",in_transit
1768604398.7684858,14327,"(-111.8043611, 41.7446356)",in_transit
1768604409.091825,14327,"(-111.8043525, 41.7440631)",in_transit
1768604419.390086,14327,"(-111.8043496, 41.7435595)",Fine Arts Bldg
1768604429.666569,14327,"(-111.8043598, 41.7433225)",Fine Arts Bldg
1768604439.932651,14327,"(-111.8043643, 41.7433053)",Fine Arts Bldg
1768604450.322859,14327,"(-111.8043645, 41.7431193)",in_transit
1768604460.618419,14327,"(-111.8043573, 41.7429366)",in_transit
1768604470.921044,14327,"(-111.8043018, 41.7428156)",in_transit
1768604481.225958,14327,"(-111.8043, 41.7428183)",in_transit
1768604491.512871,14327,"(-111.8043795, 41.742588)",in_transit
1768604501.810543,14327,"(-111.805356, 41.7420325)",in_transit
1768604512.1174212,14327,"(-111.8069766, 41.7411301)",in_transit
1768604522.4090922,14327,"(-111.8091486, 41.740551)",in_transit
1768604532.8266292,14327,"(-111.8103823, 41.7402696)",in_transit
1768604543.109256,14327,"(-111.8111251, 41.7400905)",Family Life Bldg
1768604553.373109,14327,"(-111.811227, 41.7400561)",Family Life Bldg
1768604563.7104409,14327,"(-111.8112195, 41.7400516)",Family Life Bldg
1768604574.00739,14327,"(-111.8112131, 41.7400488)",Family Life Bldg
1768604584.289357,14327,"(-111.8117611, 41.7398025)",in_transit
1768604594.575098,14327,"(-111.81335, 41.7391571)",in_transit
1768604604.856056,14327,"(-111.8145176, 41.738756)",in_transit
1768604615.182223,14327,"(-111.8164568, 41.7388011)",in_transit
1768604625.5781188,14327,"(-111.8176881, 41.7388546)",in_transit
1768604635.885922,14327,"(-111.8188558, 41.7388756)",in_transit
1768604646.27499,14327,"(-111.819326, 41.7390646)",in_transit
1768604656.594015,14327,"(-111.8193256, 41.739577)",in_transit
1768604666.902316,14327,"(-111.819275, 41.7403773)",in_transit
1768604677.206272,14327,"(-111.8189381, 41.7406606)",in_transit
1768604687.5046568,14327,"(-111.8180983, 41.7406348)",in_transit
1768604697.868408,14327,"(-111.817699, 41.7406001)",670 E 500 N
1768604708.181708,14327,"(-111.817699, 41.7406001)",670 E 500 N
1768604718.4559538,14327,"(-111.8174538, 41.7405886)",in_transit
1768604728.742008,14327,"(-111.816962, 41.7405943)",in_transit
1768604739.0123038,14327,"(-111.8167503, 41.7408461)",in_transit
1768604749.2959309,14327,"(-111.8167253, 41.7416935)",in_transit
1768604759.581078,14327,"(-111.8167013, 41.7424348)",in_transit
1768604769.884683,14327,"(-111.8166461, 41.7435195)",in_transit
1768604780.279995,14327,"(-111.8160951, 41.7443623)",in_transit
1768604790.557576,14327,"(-111.8157096, 41.7444598)",in_transit
1768604800.838509,14327,"(-111.814425, 41.7444316)",in_transit
1768604811.137593,14327,"(-111.8143781, 41.7444366)",in_transit
1768604821.4141371,14327,"(-111.8143645, 41.7444351)",in_transit
1768604831.693683,14327,"(-111.8143548, 41.7444401)",in_transit
1768604841.999171,14327,"(-111.814306, 41.7444465)",in_transit
1768604852.282544,14327,"(-111.8141995, 41.7442838)",in_transit
1768604862.697918,14327,"(-111.8142658, 41.7437303)",in_transit
1768604873.0072489,14327,"(-111.8142976, 41.7435493)",in_transit
1768604883.3622882,14327,"(-111.8140563, 41.7434983)",in_transit
1768604893.6723928,14327,"(-111.8139835, 41.7436708)",Taggart Student Center
1768604903.9585931,14327,"(-111.813984, 41.7436588)",Taggart Student Center
1768604914.310237,14327,"(-111.8139771, 41.7436548)",Taggart Student Center
1768604924.615392,14327,"(-111.8139785, 41.7436563)",Taggart Student Center
1768604934.9208431,14327,"(-111.8139885, 41.743657)",Taggart Student Center
1768604945.588911,14327,"(-111.8139945, 41.7436603)",Taggart Student Center
1768604955.894462,14327,"(-111.8139946, 41.7436536)",Taggart Student Center
1768604966.299485,14327,"(-111.8139931, 41.743648)",Taggart Student Center
1768604976.5957131,14327,"(-111.8139813, 41.7436488)",Taggart Student Center
1768604986.91335,14327,"(-111.8139871, 41.7436556)",Taggart Student Center
1768604997.2316248,14327,"(-111.8140423, 41.7437533)",Taggart Student Center
1768605007.5461,14327,"(-111.8141033, 41.7441241)",in_transit
1768605017.858743,14327,"(-111.8140876, 41.7445845)",in_transit
1768605028.263947,14327,"(-111.8140973, 41.7455345)",in_transit
1768605038.571743,14327,"(-111.8140565, 41.7466181)",in_transit
1768605048.881142,14327,"(-111.8140191, 41.7474673)",in_transit
1768605059.1648982,14327,"(-111.8139245, 41.7487933)",in_transit
1768605069.461771,14327,"(-111.8138261, 41.7495748)",in_transit
1768605079.752057,14327,"(-111.8135213, 41.7500838)",in_transit
1768605090.05072,14327,"(-111.8131783, 41.7500438)",The Bull
1768605100.348232,14327,"(-111.8131618, 41.7500508)",The Bull
1768605110.7200818,14327,"(-111.8131765, 41.7500505)",The Bull
1768605121.0392032,14327,"(-111.8131846, 41.7500575)",The Bull
1768605131.322123,14327,"(-111.8127443, 41.7500763)",in_transit
1768605141.6132889,14327,"(-111.8118603, 41.7500733)",in_transit
1768605151.883356,14327,"(-111.8102428, 41.7500498)",in_transit
1768605162.176179,14327,"(-111.8091038, 41.7500253)",in_transit
1768605172.474785,14327,"(-111.8072715, 41.7499826)",in_transit
1768605182.760911,14327,"(-111.806692, 41.749968)",in_transit
1768605193.157796,14327,"(-111.8056915, 41.749921)",Logan Cemetery
1768605203.462177,14327,"(-111.8056928, 41.7499261)",Logan Cemetery
1768605213.747815,14327,"(-111.8055503, 41.7499345)",in_transit
1768605224.0453398,14327,"(-111.8049618, 41.7499471)",in_transit
1768605234.339157,14327,"(-111.804518, 41.7495391)",in_transit
1768605244.6526148,14327,"(-111.8043216, 41.7492755)",in_transit
1768605254.929674,14327,"(-111.803437, 41.7492841)",in_transit
1768605265.207466,14327,"(-111.8025198, 41.7492788)",in_transit
1768605275.533043,14327,"(-111.8019405, 41.7492786)",in_transit
1768605285.8305678,14327,"(-111.8018576, 41.749464)",in_transit
1768605296.1223218,14327,"(-111.8020973, 41.749609)",Lundstrum
1768605306.475712,14327,"(-111.8020961, 41.7496138)",Lundstrum
1768605316.7555652,14327,"(-111.8020865, 41.749613)",Lundstrum
1768605327.0936692,14327,"(-111.8020833, 41.7496133)",Lundstrum
1768605337.372256,14327,"(-111.8020993, 41.749612)",Lundstrum
1768605347.713633,14327,"(-111.8023411, 41.7495126)",in_transit
1768605358.03658,14327,"(-111.8030535, 41.7493616)",in_transit
1768605368.385267,14327,"(-111.8037563, 41.749357)",in_transit
1768605378.7050712,14327,"(-111.8042433, 41.7494773)",in_transit
1768605389.003087,14327,"(-111.8044143, 41.7501036)",in_transit
1768605399.2822971,14327,"(-111.8045868, 41.7498468)",in_transit
1768605409.58555,14327,"(-111.8045196, 41.7495613)",in_transit
1768605419.8751192,14327,"(-111.8044381, 41.7489666)",in_transit
1768605430.178316,14327,"(-111.8044166, 41.7478886)",in_transit
1768605440.534293,14327,"(-111.8043896, 41.7469341)",in_transit
1768605450.829044,14327,"(-111.8044406, 41.7467296)",in_transit
1768605461.115424,14327,"(-111.8043766, 41.7456708)",in_transit
1768605471.413995,14327,"(-111.8043645, 41.7449988)",in_transit
1768605481.743499,14327,"(-111.8043551, 41.744586)",in_transit
1768605492.028537,14327,"(-111.8043546, 41.7439278)",in_transit
1768605502.313007,14327,"(-111.804359, 41.7434958)",Fine Arts Bldg
1768605512.61483,14327,"(-111.804364, 41.7433135)",Fine Arts Bldg
1768605522.9896278,14327,"(-111.8043833, 41.7432958)",in_transit
1768605533.2803571,14327,"(-111.804383, 41.7431001)",in_transit
1768605543.586525,14327,"(-111.8043515, 41.7429161)",in_transit
1768605553.864946,14327,"(-111.8044186, 41.7425641)",in_transit
1768605564.1714969,14327,"(-111.8053335, 41.742033)",in_transit
1768605574.540249,14327,"(-111.8062931, 41.7414546)",in_transit
1768605584.837863,14327,"(-111.8082516, 41.7407406)",in_transit
1768605595.126384,14327,"(-111.8102993, 41.7403001)",in_transit
1768605605.455564,14327,"(-111.8110591, 41.7401218)",Family Life Bldg
1768605615.758464,14327,"(-111.8112476, 41.7400838)",Family Life Bldg
1768605626.049841,14327,"(-111.8112421, 41.7400996)",Family Life Bldg
1768605636.349452,14327,"(-111.8112446, 41.7400996)",Family Life Bldg
1768605646.675808,14327,"(-111.8116383, 41.7398846)",in_transit
1768605656.9639812,14327,"(-111.8126345, 41.7394773)",in_transit
1768605667.251879,14327,"(-111.8138695, 41.738963)",in_transit
1768605677.546592,14327,"(-111.8138695, 41.738963)",in_transit
1768605687.867939,14327,"(-111.8174338, 41.7388663)",in_transit
1768605698.145849,14327,"(-111.8188756, 41.7388875)",in_transit
1768605708.434119,14327,"(-111.8191186, 41.7388868)",in_transit
1768605718.726618,14327,"(-111.8191636, 41.7388746)",in_transit
1768605729.012926,14327,"(-111.8192958, 41.7390586)",in_transit
1768605739.302485,14327,"(-111.8192976, 41.739697)",in_transit
1768605749.595059,14327,"(-111.8192525, 41.7404788)",in_transit
1768605759.884896,14327,"(-111.8187568, 41.7406616)",in_transit
1768605770.2129269,14327,"(-111.8178965, 41.7406166)",in_transit
1768605780.487371,14327,"(-111.8176663, 41.7405936)",670 E 500 N
1768605790.7825751,14327,"(-111.8176681, 41.7405983)",670 E 500 N
1768605801.068172,14327,"(-111.8176665, 41.7406035)",670 E 500 N
1768605811.367648,14327,"(-111.8171676, 41.7405925)",in_transit
1768605821.665899,14327,"(-111.8169233, 41.7405878)",in_transit
1768605831.952976,14327,"(-111.8167548, 41.7406495)",in_transit
1768605842.237493,14327,"(-111.8166998, 41.7417613)",in_transit
1768605852.651948,14327,"(-111.8166561, 41.7430523)",in_transit
1768605862.964864,14327,"(-111.8165675, 41.7437931)",in_transit
1768605873.28671,14327,"(-111.8157048, 41.7444491)",in_transit
1768605883.581053,14327,"(-111.8146608, 41.7444276)",in_transit
1768605893.877276,14327,"(-111.8144145, 41.7444225)",in_transit
1768605904.18055,14327,"(-111.8143438, 41.744421)",in_transit
1768605914.486544,14327,"(-111.8141815, 41.744325)",in_transit
1768605924.78609,14327,"(-111.8143305, 41.7436483)",in_transit
1768605935.155839,14327,"(-111.814088, 41.7435028)",in_transit
1768605945.462399,14327,"(-111.814088, 41.7435028)",in_transit
1768605955.7618382,14327,"(-111.8140115, 41.7437475)",Taggart Student Center
1768605966.077229,14327,"(-111.8140083, 41.7437671)",Taggart Student Center
1768605976.358528,14327,"(-111.8140011, 41.7437755)",Taggart Student Center
1768605986.803204,14327,"(-111.813989, 41.7437695)",Taggart Student Center
1768605997.088644,14327,"(-111.8139835, 41.7437748)",Taggart Student Center
1768606007.41646,14327,"(-111.8139778, 41.7437781)",Taggart Student Center
1768606017.8516731,14327,"(-111.8139673, 41.7437703)",Taggart Student Center
1768606028.175947,14327,"(-111.8139586, 41.7437595)",Taggart Student Center
1768606038.467533,14327,"(-111.8139476, 41.74375)",Taggart Student Center
1768606048.793827,14327,"(-111.8141475, 41.743984)",in_transit
1768606059.096048,14327,"(-111.8140958, 41.7443785)",in_transit
1768606069.414809,14327,"(-111.8140958, 41.7443785)",in_transit
1768606079.687476,14327,"(-111.814052, 41.7461971)",in_transit
1768606089.975359,14327,"(-111.8140056, 41.7474606)",in_transit
1768606100.30588,14327,"(-111.8139178, 41.7488581)",in_transit
1768606110.588434,14327,"(-111.8138161, 41.7495806)",in_transit
1768606120.894261,14327,"(-111.8137823, 41.7498295)",in_transit
1768606131.1897311,14327,"(-111.8137876, 41.7499776)",in_transit
1768606141.493265,14327,"(-111.8137871, 41.7500471)",in_transit
1768606151.801843,14327,"(-111.8132611, 41.7500525)",The Bull
1768606162.114471,14327,"(-111.8131366, 41.75005)",The Bull
1768606172.426419,14327,"(-111.8131341, 41.7500516)",The Bull
1768606182.729478,14327,"(-111.8131348, 41.750047)",The Bull
1768606193.029587,14327,"(-111.8122458, 41.750079)",in_transit
1768606203.335236,14327,"(-111.8107051, 41.750051)",in_transit
1768606213.624913,14327,"(-111.809989, 41.7500318)",in_transit
1768606223.92802,14327,"(-111.8089295, 41.7500235)",in_transit
1768606234.230624,14327,"(-111.8079096, 41.7500031)",in_transit
1768606244.506178,14327,"(-111.8063561, 41.7499606)",in_transit
1768606254.8009448,14327,"(-111.8057683, 41.7499291)",Logan Cemetery
1768606265.103837,14327,"(-111.8056603, 41.7499208)",in_transit
1768606275.397393,14327,"(-111.8056525, 41.7499088)",in_transit
1768606285.690654,14327,"(-111.8053175, 41.7499326)",in_transit
1768606295.987745,14327,"(-111.8047833, 41.7499343)",in_transit
1768606306.2902389,14327,"(-111.804526, 41.749468)",in_transit
1768606316.568927,14327,"(-111.8043068, 41.7492851)",in_transit
1768606326.911049,14327,"(-111.8033003, 41.7492993)",in_transit
1768606337.192184,14327,"(-111.8020435, 41.749297)",in_transit
1768606347.60882,14327,"(-111.8018038, 41.7493635)",in_transit
1768606357.89296,14327,"(-111.8020798, 41.7496231)",Lundstrum
1768606368.229687,14327,"(-111.8020798, 41.7496231)",Lundstrum
1768606378.5322,14327,"(-111.8020818, 41.7496413)",Lundstrum
1768606388.850296,14327,"(-111.8021026, 41.7496238)",Lundstrum
1768606399.158626,14327,"(-111.8023455, 41.7495153)",in_transit
1768606409.4575648,14327,"(-111.8025906, 41.7493703)",in_transit
1768606419.762143,14327,"(-111.8036075, 41.7493686)",in_transit
1768606430.0777018,14327,"(-111.804106, 41.7494083)",in_transit
1768606440.3578382,14327,"(-111.8041531, 41.749413)",in_transit
1768606450.653424,14327,"(-111.804235, 41.749459)",in_transit
1768606460.945515,14327,"(-111.8043551, 41.7498791)",in_transit
1768606471.2469492,14327,"(-111.8046291, 41.7499225)",in_transit
1768606481.536257,14327,"(-111.804526, 41.7495298)",in_transit
1768606491.817938,14327,"(-111.8044353, 41.748556)",in_transit
1768606502.108672,14327,"(-111.8044351, 41.7473541)",in_transit
1768606512.440568,14327,"(-111.8044163, 41.7468168)",in_transit
1768606522.7506702,14327,"(-111.8045463, 41.7466298)",in_transit
1768606533.046289,14327,"(-111.8044051, 41.7459946)",in_transit
1768606543.372654,14327,"(-111.804396, 41.7449368)",in_transit
1768606553.667495,14327,"(-111.80439, 41.7445203)",in_transit
1768606563.9467049,14327,"(-111.8043863, 41.744496)",in_transit
1768606574.25652,14327,"(-111.8043941, 41.7444955)",in_transit
1768606584.566424,14327,"(-111.8044053, 41.7441058)",in_transit
1768606594.8820758,14327,"(-111.8043958, 41.7435726)",Fine Arts Bldg
1768606605.181487,14327,"(-111.8043946, 41.7433856)",Fine Arts Bldg
1768606615.485044,14327,"(-111.8044026, 41.7433225)",Fine Arts Bldg
1768606625.76772,14327,"(-111.8044136, 41.7433235)",Fine Arts Bldg
1768606636.067735,14327,"(-111.8044126, 41.7431956)",in_transit
1768606646.368798,14327,"(-111.804396, 41.7430136)",in_transit
1768606656.675028,14327,"(-111.8043303, 41.7428445)",in_transit
1768606667.032232,14327,"(-111.8043118, 41.7428396)",in_transit
1768606677.330719,14327,"(-111.8045605, 41.7424911)",in_transit
1768606687.6963358,14327,"(-111.8058805, 41.7416958)",in_transit
1768606697.990397,14327,"(-111.80645, 41.7413608)",in_transit
1768606708.294836,14327,"(-111.80645, 41.7413608)",in_transit
1768606718.603178,14327,"(-111.8103456, 41.740268)",in_transit
1768606728.94812,14327,"(-111.8111141, 41.7400928)",Family Life Bldg
1768606739.255853,14327,"(-111.8112311, 41.7400526)",Family Life Bldg
1768606749.5561311,14327,"(-111.8112353, 41.7400598)",Family Life Bldg
1768606759.935597,14327,"(-111.8112653, 41.7400425)",Family Life Bldg
1768606770.262954,14327,"(-111.8112848, 41.7400256)",Family Life Bldg
1768606780.550155,14327,"(-111.8123043, 41.7395946)",in_transit
1768606790.8603132,14327,"(-111.8140363, 41.7388848)",in_transit
1768606801.175326,14327,"(-111.8152625, 41.7386816)",in_transit
1768606811.475467,14327,"(-111.8168535, 41.7388431)",in_transit
1768606821.846223,14327,"(-111.8182728, 41.7388711)",in_transit
1768606832.1378188,14327,"(-111.8185221, 41.7388765)",in_transit
1768606842.555991,14327,"(-111.8193145, 41.7390728)",in_transit
1768606852.834628,14327,"(-111.8193026, 41.7397103)",in_transit
1768606863.115423,14327,"(-111.819266, 41.7404468)",in_transit
1768606873.405495,14327,"(-111.8188706, 41.7406726)",in_transit
1768606883.705222,14327,"(-111.818027, 41.7406386)",in_transit
1768606894.028505,14327,"(-111.817766, 41.740615)",670 E 500 N
1768606904.309525,14327,"(-111.8176328, 41.7406148)",670 E 500 N
1768606914.616883,14327,"(-111.817628, 41.7406191)",670 E 500 N
1768606924.946713,14327,"(-111.8176196, 41.7406163)",670 E 500 N
1768606935.2413938,14327,"(-111.8169303, 41.7406136)",in_transit
1768606945.5462332,14327,"(-111.8166988, 41.7408953)",in_transit
1768606955.832683,14327,"(-111.8167113, 41.7415013)",in_transit
1768606966.125341,14327,"(-111.8167256, 41.7425096)",in_transit
1768606976.438911,14327,"(-111.8167126, 41.7426255)",in_transit
1768606986.739897,14327,"(-111.8166805, 41.7431698)",in_transit
1768606997.038018,14327,"(-111.8164251, 41.74413)",in_transit
1768607007.548556,14327,"(-111.8157546, 41.7444735)",in_transit
1768607017.830264,14327,"(-111.8144171, 41.744423)",in_transit
1768607028.130038,14327,"(-111.8144171, 41.744423)",in_transit
1768607038.41556,14327,"(-111.8141876, 41.7440015)",in_transit
1768607048.704153,14327,"(-111.8143133, 41.7436331)",in_transit
1768607058.99683,14327,"(-111.8140725, 41.7435173)",in_transit
1768607069.2866051,14327,"(-111.8140725, 41.7435173)",in_transit
1768607079.58048,14327,"(-111.813985, 41.7437068)",Taggart Student Center
1768607089.9925098,14327,"(-111.8139831, 41.7437021)",Taggart Student Center
1768607100.281643,14327,"(-111.8139901, 41.743703)",Taggart Student Center
1768607110.5701718,14327,"(-111.814026, 41.7437115)",Taggart Student Center
1768607120.858496,14327,"(-111.814042, 41.7437198)",Taggart Student Center
1768607131.1508322,14327,"(-111.8140385, 41.74372)",Taggart Student Center
1768607141.4394188,14327,"(-111.8140266, 41.7437243)",Taggart Student Center
1768607151.737942,14327,"(-111.8139991, 41.7437153)",Taggart Student Center
1768607162.0302742,14327,"(-111.8140733, 41.743807)",Taggart Student Center
1768607172.415285,14327,"(-111.8141591, 41.7439961)",in_transit
1768607182.716539,14327,"(-111.8141081, 41.7443648)",in_transit
1768607192.9955971,14327,"(-111.814098, 41.7448245)",in_transit
1768607203.284123,14327,"(-111.8140836, 41.7455333)",in_transit
1768607213.567602,14327,"(-111.8140411, 41.7465691)",in_transit
1768607223.844865,14327,"(-111.8139921, 41.74775)",in_transit
1768607234.804066,14327,"(-111.8139181, 41.7485536)",in_transit
1768607245.182503,14327,"(-111.8137968, 41.7496408)",in_transit
1768607255.642902,14327,"(-111.8137841, 41.749822)",in_transit
1768607265.933344,14327,"(-111.813774, 41.7499511)",in_transit
1768607276.2274702,14327,"(-111.8137711, 41.749961)",in_transit
1768607286.557248,14327,"(-111.8137595, 41.7500051)",in_transit
1768607296.867504,14327,"(-111.8132313, 41.7500583)",The Bull
1768607307.195371,14327,"(-111.8130666, 41.7500526)",in_transit
1768607317.49453,14327,"(-111.813044, 41.7500361)",in_transit
1768607327.859088,14327,"(-111.8125931, 41.7500573)",in_transit
1768607338.176142,14327,"(-111.8118328, 41.7500728)",in_transit
1768607348.468173,14327,"(-111.8104043, 41.7500578)",in_transit
1768607358.772269,14327,"(-111.8088408, 41.7500176)",in_transit
1768607369.09509,14327,"(-111.8077025, 41.7499901)",in_transit
1768607379.380576,14327,"(-111.8061978, 41.749942)",in_transit
1768607389.6700969,14327,"(-111.8056648, 41.7499238)",in_transit
1768607399.960622,14327,"(-111.8055813, 41.7499213)",in_transit
1768607410.2562492,14327,"(-111.8055628, 41.749926)",in_transit
1768607420.665358,14327,"(-111.8050688, 41.7499443)",in_transit
1768607430.945558,14327,"(-111.804419, 41.7497086)",in_transit
1768607441.247604,14327,"(-111.8044315, 41.7492856)",in_transit
1768607451.542101,14327,"(-111.8038233, 41.7492803)",in_transit
1768607461.837339,14327,"(-111.8029893, 41.749286)",in_transit
1768607472.127808,14327,"(-111.8019388, 41.7492936)",in_transit
1768607482.412863,14327,"(-111.8019388, 41.7492936)",in_transit
1768607492.715362,14327,"(-111.8020005, 41.7496053)",Lundstrum
1768607503.025117,14327,"(-111.8020616, 41.7496285)",Lundstrum
1768607513.335138,14327,"(-111.8020691, 41.7496356)",Lundstrum
1768607523.6257448,14327,"(-111.8020796, 41.7496363)",Lundstrum
1768607534.193921,14327,"(-111.8021656, 41.74962)",Lundstrum
1768607544.494545,14327,"(-111.8026475, 41.7493663)",in_transit
1768607554.784169,14327,"(-111.8035036, 41.7493571)",in_transit
1768607565.093546,14327,"(-111.8040488, 41.7493796)",in_transit
1768607575.393725,14327,"(-111.8043706, 41.749784)",in_transit
1768607585.748966,14327,"(-111.8045893, 41.7501196)",in_transit
1768607596.041945,14327,"(-111.8046326, 41.7499356)",in_transit
1768607606.3367412,14327,"(-111.8044745, 41.7492423)",in_transit
1768607616.63501,14327,"(-111.8044296, 41.7486003)",in_transit
1768607626.977659,14327,"(-111.8044076, 41.7474168)",in_transit
1768607637.278573,14327,"(-111.8043865, 41.7468658)",in_transit
1768607647.584573,14327,"(-111.804521, 41.7465001)",in_transit
