timestamp,vehicle_id,coordinates,stop,distance_along_route
1790970124.0064614,14327,"(-111.8042603, 41.7493231)",in_transit,1381.0550749527588
1790970134.3157394,14327,"(-111.8035293, 41.7493)",in_transit,1442.3272404196634
1790970144.6044288,14327,"(-111.802119, 41.74929)",in_transit,1559.5255788321456
1790970154.8729503,14327,"(-111.8018891, 41.7495133)",in_transit,1614.1740334668687
1790970165.1272402,14327,"(-111.8018891, 41.7495133)",in_transit,1614.1740334668687
1790970175.400144,14327,"(-111.802074, 41.7496101)",Lundstrum,1633.3438419595861
1790970185.665668,14327,"(-111.8020678, 41.7496053)",Lundstrum,1632.821941963449
1790970195.946631,14327,"(-111.8020795, 41.7496045)",Lundstrum,1633.793972211459
1790970206.206123,14327,"(-111.8025611, 41.749373)",in_transit,1522.8511211975303
1790970216.4715917,14327,"(-111.8031655, 41.7493575)",in_transit,1472.5159943388314
1790970226.7290998,14327,"(-111.8039636, 41.7493688)",in_transit,1806.6738202292997
1790970236.9987414,14327,"(-111.8043451, 41.7496181)",in_transit,1851.7695154786272
1790970247.257212,14327,"(-111.8043476, 41.7506203)",in_transit,1964.639491205934
1790970257.5005636,14327,"(-111.8043418, 41.75082)",Aggie Village 1,1986.8019488729008
1790970267.7738402,14327,"(-111.8043393, 41.7508255)",Aggie Village 1,1987.4076931116178
1790970278.046923,14327,"(-111.8043886, 41.7517198)",in_transit,2086.8909753504677
1790970288.3091123,14327,"(-111.8043911, 41.752654)",in_transit,2190.650727405309
1790970298.5630312,14327,"(-111.8046326, 41.7530778)",in_transit,2250.979450185663
1790970308.8235836,14327,"(-111.8053663, 41.7530621)",in_transit,2312.078959096653
1790970319.0844646,14327,"(-111.8059856, 41.7530688)",Aggie Village 2,2363.573205593765
1790970329.3358927,14327,"(-111.806052, 41.7530671)",Aggie Village 2,2369.096295492396
1790970339.5988379,14327,"(-111.8060493, 41.7530698)",Aggie Village 2,2368.8707214435603
1790970349.858146,14327,"(-111.8062648, 41.7530491)",in_transit,2386.801531750452
1790970360.1580753,14327,"(-111.807343, 41.7528871)",in_transit,2478.4356351839224
1790970370.4254525,14327,"(-111.8083573, 41.7526103)",in_transit,2568.217440441803
1790970380.6827252,14327,"(-111.8088846, 41.75239)",in_transit,2617.583728500821
1790970390.931808,14327,"(-111.809271, 41.7516836)",Aggie Village 3,2701.347058015685
1790970401.2069614,14327,"(-111.8092591, 41.7516058)",Aggie Village 3,2709.9690617157985
1790970411.5018742,14327,"(-111.809252, 41.7515793)",Aggie Village 3,2712.9013312460047
1790970421.766903,14327,"(-111.8092311, 41.7510628)",in_transit,2770.227514391636
1790970432.0654883,14327,"(-111.8092416, 41.7502816)",in_transit,2856.9957839230046
1790970442.3322718,14327,"(-111.8093345, 41.7501233)",in_transit,2887.76079101102
1790970452.5910816,14327,"(-111.8104968, 41.75015)",in_transit,2984.4350242882665
1790970462.8425653,14327,"(-111.8117635, 41.7501805)",in_transit,3089.8394471439087
1790970473.1268537,14327,"(-111.813401, 41.7501755)",in_transit,3225.9938092714797
1790970483.376655,14327,"(-111.813644, 41.7501741)",in_transit,3246.197308967568
1790970493.629921,14327,"(-111.8136663, 41.750172)",in_transit,3248.046790983787
1790970503.9109888,14327,"(-111.8137556, 41.750165)",in_transit,3255.4571662488506
1790970514.2051532,14327,"(-111.8139753, 41.7500518)",in_transit,3280.404224944672
1790970524.4853597,14327,"(-111.8140578, 41.7487808)",in_transit,3421.683330019241
1790970534.7320497,14327,"(-111.8140798, 41.7485998)",800 E 900 N,3441.8320629580403
1790970544.991981,14327,"(-111.8140526, 41.7485851)",800 E 900 N,3443.3968798517662
1790970555.288897,14327,"(-111.8140201, 41.7483936)",in_transit,3464.576740908502
1790970565.547076,14327,"(-111.8140301, 41.7478323)",in_transit,3526.916325764091
1790970575.8325016,14327,"(-111.8140653, 41.7467346)",in_transit,3648.868532752057
1790970586.083523,14327,"(-111.8140985, 41.7459236)",in_transit,3738.986787250938
1790970596.3285792,14327,"(-111.8141046, 41.7450271)",in_transit,3838.5300587706015
1790970606.5950792,14327,"(-111.814096, 41.744844)",in_transit,3858.8363117252775
1790970616.8583903,14327,"(-111.8141158, 41.7448246)",in_transit,3861.039012238626
1790970627.1136274,14327,"(-111.814127, 41.7448296)",in_transit,3860.5116018441395
1790970637.3727515,14327,"(-111.8141171, 41.7447531)",in_transit,3868.98005646162
1790970647.6377637,14327,"(-111.8141033, 41.7447518)",in_transit,3869.0902714379235
1790970657.886984,14327,"(-111.8141051, 41.7447576)",in_transit,3868.4508125141638
1790970668.1585882,14327,"(-111.8141071, 41.7447568)",in_transit,3868.544570778098
1790970678.438983,14327,"(-111.8138535, 41.7444931)",in_transit,24.55672642613758
1790970688.7234774,14327,"(-111.8135301, 41.7444443)",Field House,52.168933590108914
1790970698.9967132,14327,"(-111.8134818, 41.7444345)",Field House,56.12743433204959
1790970709.2646656,14327,"(-111.8134648, 41.7444111)",Field House,57.61969373045741
1790970719.5329406,14327,"(-111.813458, 41.7443943)",Field House,58.241663041101255
1790970729.7947476,14327,"(-111.8134628, 41.7443921)",Field House,57.84998976898254
1790970740.0619605,14327,"(-111.8134706, 41.74438)",Field House,57.24224112486972
1790970750.3253694,14327,"(-111.8134853, 41.7443701)",Field House,56.05339557295968
1790970760.5784218,14327,"(-111.8134885, 41.7443621)",Field House,55.8142903730144
1790970770.8361824,14327,"(-111.8134826, 41.7443648)",Field House,56.29573645637026
1790970781.0863633,14327,"(-111.8134848, 41.7443688)",Field House,56.09934658597346
1790970791.3710742,14327,"(-111.8134741, 41.744377)",Field House,56.961348459799176
1790970801.6462781,14327,"(-111.8134745, 41.744367)",Field House,56.96178103080337
1790970811.917385,14327,"(-111.8134785, 41.7443696)",Field House,56.62045072934145
1790970822.174473,14327,"(-111.8135033, 41.7443935)",Field House,54.47799317145638
1790970832.4459743,14327,"(-111.8135171, 41.7444001)",Field House,53.50064844554168
1790970842.694365,14327,"(-111.8135163, 41.7444075)",Field House,53.524951423021584
1790970852.941738,14327,"(-111.8135063, 41.744405)",Field House,54.189822369199156
1790970863.234554,14327,"(-111.8132496, 41.744431)",in_transit,75.44495256977721
1790970873.4837394,14327,"(-111.8123433, 41.7444135)",in_transit,150.73571327916744
1790970883.740847,14327,"(-111.8118531, 41.7444183)",in_transit,188.5429855219056
1790970894.0014207,14327,"(-111.8109285, 41.7444058)",Veterinary Science,269.49028802227235
1790970904.29352,14327,"(-111.8108731, 41.7443985)",Veterinary Science,274.12137542449875
1790970914.5431197,14327,"(-111.810874, 41.7443985)",Veterinary Science,274.0465483148761
1790970924.804629,14327,"(-111.8108643, 41.744405)",Veterinary Science,274.8307012850971
1790970935.0709107,14327,"(-111.8103146, 41.7443973)",in_transit,320.5806800444729
1790970945.3156943,14327,"(-111.8098256, 41.744388)",in_transit,361.2001322933339
1790970955.5817852,14327,"(-111.8089176, 41.7443686)",in_transit,436.7580818518722
1790970965.8448262,14327,"(-111.8083971, 41.7443596)",Industrial Science,480.1067570581716
1790970976.1449618,14327,"(-111.8080571, 41.7443485)",in_transit,508.4103960039114
1790970986.4195616,14327,"(-111.8080428, 41.7443463)",in_transit,509.6056646253037
1790970996.6784725,14327,"(-111.8080435, 41.7443456)",in_transit,509.5494155302711
1790971006.9727137,14327,"(-111.8077885, 41.7443476)",in_transit,530.7482493843551
1790971017.2285774,14327,"(-111.806644, 41.744315)",in_transit,626.2646437287628
1790971027.4973896,14327,"(-111.8052091, 41.7442976)",in_transit,745.4199008992468
1790971037.7848854,14327,"(-111.8045951, 41.7443143)",in_transit,796.4278235445554
1790971048.0551126,14327,"(-111.8045758, 41.744307)",in_transit,798.053618269876
1790971058.3102396,14327,"(-111.8042698, 41.7445335)",in_transit,843.5083963700569
1790971068.5724654,14327,"(-111.8042836, 41.7452203)",Aggie Ice Cream,919.7958711039133
1790971078.8267157,14327,"(-111.8042851, 41.7456708)",in_transit,969.8214581595984
1790971089.0958438,14327,"(-111.8042816, 41.7457086)",in_transit,974.0120250162785
1790971099.3575888,14327,"(-111.8042695, 41.7457151)",in_transit,974.7106638620392
1790971109.619696,14327,"(-111.8042718, 41.7458481)",in_transit,989.470312433169
1790971119.9168856,14327,"(-111.804215, 41.7466128)",in_transit,1076.6036693851083
1790971130.2014122,14327,"(-111.8043051, 41.7475565)",in_transit,1183.3618786975442
1790971140.4576983,14327,"(-111.8043273, 41.7485276)",in_transit,1291.2739800800791
1790971150.7209744,14327,"(-111.8043273, 41.7485276)",in_transit,1291.2739800800791
1790971160.982023,14327,"(-111.8041026, 41.7493316)",in_transit,1394.9793999113426
1790971171.244609,14327,"(-111.8023085, 41.7493178)",in_transit,1543.8132654333829
1790971181.4948263,14327,"(-111.8018721, 41.7495203)",in_transit,1613.8910167183792
1790971191.8160331,14327,"(-111.8018721, 41.7495203)",in_transit,1613.8910167183792
1790971202.0835178,14327,"(-111.802115, 41.74962)",Lundstrum,1636.7666542171983
1790971212.3522122,14327,"(-111.802132, 41.7496318)",Lundstrum,1638.195895320324
1790971222.6928425,14327,"(-111.8021141, 41.7496376)",Lundstrum,1636.714735277118
1790971232.9866624,14327,"(-111.8020891, 41.7496488)",Lundstrum,1634.6501151179511
1790971243.2507038,14327,"(-111.8025813, 41.7493683)",in_transit,1521.1685090527994
1790971253.5247548,14327,"(-111.8037573, 41.7493638)",in_transit,1423.2885686722539
1790971263.8070452,14327,"(-111.8043373, 41.7495826)",in_transit,1847.8671092200336
1790971274.0759873,14327,"(-111.804393, 41.7498013)",in_transit,1872.8297674076862
1790971284.3398092,14327,"(-111.8043523, 41.7501891)",in_transit,1916.35748178544
1790971294.607434,14327,"(-111.8043566, 41.7506556)",in_transit,1968.5769137273378
1790971304.861494,14327,"(-111.8043593, 41.7508283)",Aggie Village 1,1987.7582396967478
1790971315.1149695,14327,"(-111.8043838, 41.7513145)",in_transit,2041.8730446726784
1790971325.3755457,14327,"(-111.8043838, 41.7526341)",in_transit,2188.4383661275165
1790971335.6421502,14327,"(-111.8043841, 41.7529233)",in_transit,2220.559108340134
1790971345.9037967,14327,"(-111.8045091, 41.7530743)",in_transit,2240.376006492403
1790971356.173655,14327,"(-111.8057816, 41.7530613)",in_transit,2346.609464133401
1790971366.4380295,14327,"(-111.8060225, 41.753074)",Aggie Village 2,2366.640199663153
1790971376.7346735,14327,"(-111.806659, 41.7530521)",in_transit,2418.9649130013563
1790971387.0036988,14327,"(-111.807421, 41.7528741)",in_transit,2485.0280628768605
1790971397.2617247,14327,"(-111.8086013, 41.7525355)",in_transit,2589.4941173146276
1790971407.560253,14327,"(-111.8091133, 41.7520938)",in_transit,2654.556698224276
1790971417.825724,14327,"(-111.809275, 41.7515886)",Aggie Village 3,2711.9027712497177
1790971428.1416464,14327,"(-111.8092413, 41.7513258)",in_transit,2741.036017194322
1790971438.4050303,14327,"(-111.809233, 41.7507225)",in_transit,2808.0224893337836
1790971448.6736789,14327,"(-111.8092433, 41.7502643)",in_transit,2858.9194785433865
1790971458.9849293,14327,"(-111.8094095, 41.7501131)",in_transit,2893.9341076017745
1790971469.2366688,14327,"(-111.8111368, 41.7501511)",in_transit,3037.656951556669
1790971479.530618,14327,"(-111.8122716, 41.750169)",in_transit,3132.063075221673
1790971489.790907,14327,"(-111.8135366, 41.7501635)",in_transit,3237.2417734058495
1790971500.0637288,14327,"(-111.8135663, 41.7501643)",in_transit,3239.7133486047196
1790971510.3252447,14327,"(-111.8136388, 41.7501646)",in_transit,3245.742811658491
1790971520.612751,14327,"(-111.8138886, 41.7501323)",in_transit,3266.4391537784304
1790971530.8626044,14327,"(-111.8139851, 41.7494438)",in_transit,3347.895726879242
1790971541.1711912,14327,"(-111.8140625, 41.7487398)",800 E 900 N,3426.2467079515304
1790971551.4324315,14327,"(-111.8140985, 41.7485695)",800 E 900 N,3445.2421063238653
1790971561.69868,14327,"(-111.8141033, 41.7485731)",800 E 900 N,3444.8542901091437
1790971571.957417,14327,"(-111.814103, 41.748571)",800 E 900 N,3445.0866889663675
1790971582.219801,14327,"(-111.8140423, 41.7482536)",in_transit,3480.174265570362
1790971592.5115068,14327,"(-111.8140663, 41.7472123)",in_transit,3595.8372491262835
1790971602.7862217,14327,"(-111.8140938, 41.746401)",in_transit,3685.9747096300844
1790971613.0457962,14327,"(-111.8141348, 41.7451646)",in_transit,3823.33964167874
1790971623.3034208,14327,"(-111.8141213, 41.7448475)",in_transit,3858.510280084316
1790971633.572196,14327,"(-111.8141018, 41.7446781)",in_transit,3877.268635665183
1790971643.8301945,14327,"(-111.8140975, 41.7446806)",in_transit,3876.980460845165
1790971654.0864878,14327,"(-111.8141098, 41.7446786)",in_transit,3877.2328998770345
1790971664.3551881,14327,"(-111.8141065, 41.7446823)",in_transit,3876.813974444921
1790971674.6248815,14327,"(-111.8141, 41.7446348)",in_transit,3882.0712924537465
1790971684.9018583,14327,"(-111.8138353, 41.7444885)",in_transit,26.087325876002573
1790971695.2265246,14327,"(-111.8134761, 41.744435)",Field House,56.59966303563528
1790971705.4771807,14327,"(-111.8134701, 41.744415)",Field House,57.16589846184216
1790971715.7337284,14327,"(-111.8134743, 41.7444143)",Field House,56.819057446661006
1790971726.0004377,14327,"(-111.8134733, 41.7444156)",Field House,56.89782047697941
1790971736.259598,14327,"(-111.8134666, 41.7444045)",Field House,57.49227212970043
1790971746.5377398,14327,"(-111.8134673, 41.744389)",Field House,57.486291363126455
1790971756.7949693,14327,"(-111.8134656, 41.7443811)",Field House,57.65424891693211
1790971767.0664265,14327,"(-111.8134636, 41.7444045)",Field House,57.74170023473324
1790971777.32565,14327,"(-111.8134473, 41.7444011)",Field House,59.108380877934195
1790971787.597503,14327,"(-111.813204, 41.744428)",in_transit,79.24636586229408
1790971797.8537128,14327,"(-111.8126005, 41.7444366)",in_transit,129.37934326484194
1790971808.1172493,14327,"(-111.8114693, 41.7444376)",in_transit,224.44773281346593
1790971818.383499,14327,"(-111.8108941, 41.7444226)",Veterinary Science,272.2926659564963
1790971828.641593,14327,"(-111.8108723, 41.744428)",Veterinary Science,274.08660394921685
1790971838.9413285,14327,"(-111.8108678, 41.7444343)",Veterinary Science,274.43910904781967
1790971849.1877527,14327,"(-111.8098531, 41.7443988)",in_transit,358.8856399480314
1790971859.4467063,14327,"(-111.8089071, 41.7443728)",in_transit,437.62050404243666
1790971869.7041895,14327,"(-111.8081683, 41.7443483)",Industrial Science,499.1641601330101
1790971879.9657078,14327,"(-111.8080543, 41.744328)",in_transit,508.7006038752789
1790971890.220304,14327,"(-111.8080333, 41.7443191)",in_transit,510.47176109806844
1790971900.478861,14327,"(-111.8073925, 41.7442983)",in_transit,563.8110408394086
1790971910.7487957,14327,"(-111.8065176, 41.7442815)",in_transit,636.4147241318154
1790971921.0122206,14327,"(-111.8050586, 41.7442646)",in_transit,758.0288068564386
1790971931.28013,14327,"(-111.8047215, 41.7442876)",in_transit,785.9938036241407
1790971941.5845091,14327,"(-111.8045216, 41.7442821)",in_transit,802.6319405636028
1790971951.893455,14327,"(-111.8045118, 41.7442668)",in_transit,803.4907223295742
1790971962.1693168,14327,"(-111.8045098, 41.7442526)",in_transit,803.6977529922887
1790971972.4382064,14327,"(-111.8042401, 41.7443076)",in_transit,820.9468699771985
1790971982.715945,14327,"(-111.80426, 41.7453508)",in_transit,934.2413545795342
1790971992.9687636,14327,"(-111.8042608, 41.7456085)",in_transit,962.8573527993127
1790972003.2257044,14327,"(-111.8042536, 41.7457161)",in_transit,974.7913337300015
1790972013.4928334,14327,"(-111.804266, 41.7460641)",in_transit,1013.4413357820205
1790972023.760635,14327,"(-111.8042091, 41.7466615)",in_transit,1080.30403738373
1790972034.0539424,14327,"(-111.8042878, 41.7475461)",in_transit,1182.174876797559
1790972044.34776,14327,"(-111.8043051, 41.7484136)",in_transit,1278.5880105050758
1790972054.6141915,14327,"(-111.804325, 41.7492251)",in_transit,1369.41352157276
1790972064.8783593,14327,"(-111.8040748, 41.749304)",in_transit,1396.5204227975855
1790972075.143463,14327,"(-111.8026143, 41.7492906)",in_transit,1518.3823782834684
1790972085.409482,14327,"(-111.8019428, 41.7492881)",in_transit,1574.1759963760942
1790972095.6574066,14327,"(-111.8019428, 41.7492881)",in_transit,1574.1759963760942
1790972105.922017,14327,"(-111.8020653, 41.7495955)",Lundstrum,1632.6012504452046
1790972116.1849952,14327,"(-111.8020756, 41.7496015)",Lundstrum,1633.4657054994912
1790972126.4612577,14327,"(-111.8020493, 41.7495991)",Lundstrum,1631.2752436577973
1790972136.7071722,14327,"(-111.802038, 41.7496021)",Lundstrum,1630.4302295724162
1790972146.9577265,14327,"(-111.8023478, 41.7494791)",in_transit,1662.2970456345683
1790972157.2595549,14327,"(-111.8028605, 41.7493466)",in_transit,1497.967716739017
1790972167.5209093,14327,"(-111.8035945, 41.7493481)",in_transit,1436.8473092494132
1790972177.778183,14327,"(-111.8039078, 41.7493588)",in_transit,1410.7774532701098
1790972188.0432024,14327,"(-111.8043253, 41.7495811)",in_transit,1847.3142860882708
1790972198.2952998,14327,"(-111.8043285, 41.7502951)",in_transit,1928.1115649087114
1790972208.5924265,14327,"(-111.8043258, 41.7507478)",Aggie Village 1,1978.7534101446502
1790972218.8516946,14327,"(-111.8043318, 41.7507926)",Aggie Village 1,1983.7397310828544
1790972229.128316,14327,"(-111.80436, 41.7510281)",in_transit,2009.9446869893923
1790972239.3897643,14327,"(-111.8043696, 41.7517606)",in_transit,2091.4169938136347
1790972249.6512973,14327,"(-111.8043743, 41.7528678)",in_transit,2214.392025000888
1790972259.9345078,14327,"(-111.8043626, 41.752984)",in_transit,2227.2946407462264
1790972270.1878848,14327,"(-111.8043466, 41.7529786)",in_transit,2226.6902255400523
1790972280.4531107,14327,"(-111.8043443, 41.7530023)",in_transit,2229.3218513744628
1790972290.7127032,14327,"(-111.8048018, 41.7530466)",in_transit,2265.1096325471626
1790972300.981516,14327,"(-111.8053513, 41.7530481)",in_transit,2310.831412520464
1790972311.2345529,14327,"(-111.805878, 41.7530538)",Aggie Village 2,2354.6298199163493
1790972321.4857433,14327,"(-111.8060363, 41.7530543)",Aggie Village 2,2367.795354698124
1790972331.7433648,14327,"(-111.8060386, 41.7530488)",Aggie Village 2,2367.988715186684
1790972342.0778277,14327,"(-111.8060428, 41.753045)",Aggie Village 2,2368.3394576122655
1790972352.328288,14327,"(-111.8068288, 41.7530066)",in_transit,2433.8360772582137
1790972362.5823076,14327,"(-111.8074393, 41.7528566)",in_transit,2487.1191529258335
1790972372.8670228,14327,"(-111.8085561, 41.7525533)",in_transit,2585.919499737436
1790972383.1633384,14327,"(-111.8090878, 41.7521385)",in_transit,2649.16054246319
1790972393.428743,14327,"(-111.8092641, 41.7516528)",Aggie Village 3,2704.7571408186077
1790972403.7034066,14327,"(-111.809282, 41.7515996)",Aggie Village 3,2710.691630143426
1790972413.990254,14327,"(-111.8092865, 41.7516131)",Aggie Village 3,2709.1991455779867
1790972424.3206365,14327,"(-111.809275, 41.7509861)",in_transit,2778.809881598235
1790972434.5947256,14327,"(-111.8092743, 41.7504375)",in_transit,2839.7313222295843
1790972444.853045,14327,"(-111.809271, 41.7502533)",in_transit,2860.1822162703484
1790972455.1189365,14327,"(-111.8102965, 41.750122)",in_transit,2967.713626510098
1790972465.3787737,14327,"(-111.8115558, 41.7501418)",in_transit,3072.4774813978984
1790972475.6403015,14327,"(-111.8132023, 41.7501418)",in_transit,3209.3924601825597
1790972485.9160297,14327,"(-111.8135976, 41.7501355)",in_transit,3242.2491450127395
1790972496.185878,14327,"(-111.8139773, 41.7499511)",in_transit,3291.555582796187
1790972506.4654067,14327,"(-111.8140285, 41.7489333)",in_transit,3404.680608512692
1790972516.7149923,14327,"(-111.8141003, 41.7487026)",800 E 900 N,3430.4699415049126
1790972526.9769843,14327,"(-111.8141251, 41.7485798)",800 E 900 N,3444.16428973631
1790972537.240239,14327,"(-111.814145, 41.7485986)",800 E 900 N,3442.1262695989917
1790972547.511846,14327,"(-111.8141646, 41.7486203)",800 E 900 N,3439.7655536530438
1790972557.769994,14327,"(-111.8140971, 41.748429)",in_transit,3460.83679757243
1790972568.0270302,14327,"(-111.8140796, 41.7475175)",in_transit,3561.9873343628515
1790972578.295516,14327,"(-111.8141108, 41.7467621)",in_transit,3645.927684466531
1790972588.610867,14327,"(-111.814163, 41.7455453)",in_transit,3781.144346750793
1790972598.8799198,14327,"(-111.8141661, 41.7448416)",in_transit,3859.2760197319176
1790972609.1386757,14327,"(-111.8139263, 41.7444983)",in_transit,18.484853424012563
1790972619.3980258,14327,"(-111.8135643, 41.744426)",Field House,49.43213512232656
1790972629.6630228,14327,"(-111.8135086, 41.744428)",Field House,53.92110892118004
1790972639.9213305,14327,"(-111.8135016, 41.7444103)",Field House,54.562737732459134
1790972650.1775434,14327,"(-111.8134936, 41.7444015)",Field House,55.25752598858702
1790972660.4390552,14327,"(-111.8126201, 41.7444331)",in_transit,127.7592956881071
1790972670.7381494,14327,"(-111.8119695, 41.7444276)",in_transit,181.19640710813172
1790972681.0390694,14327,"(-111.8117261, 41.7444295)",in_transit,203.13462667412674
1790972691.2958567,14327,"(-111.8115896, 41.744437)",in_transit,214.45034439957428
1790972701.5578012,14327,"(-111.8109325, 41.744426)",Veterinary Science,269.08837057064795
1790972711.8288634,14327,"(-111.8108743, 41.7444326)",Veterinary Science,273.9045280630123
1790972722.0890782,14327,"(-111.8106298, 41.7444261)",in_transit,294.2548667555613
1790972732.352802,14327,"(-111.8095906, 41.7444035)",in_transit,380.70283593578546
1790972742.6433043,14327,"(-111.8089206, 41.7443851)",in_transit,436.4663859346881
1790972752.9050927,14327,"(-111.8082626, 41.7443715)",Industrial Science,491.2577522273698
1790972763.1619797,14327,"(-111.8080681, 41.7443616)",in_transit,507.4590312898962
1790972773.4197347,14327,"(-111.8080796, 41.7443611)",Industrial Science,506.5041525423496
1790972783.6757133,14327,"(-111.8080933, 41.7443595)",Industrial Science,505.3694122101865
1790972793.9388509,14327,"(-111.807634, 41.7443468)",in_transit,543.597878879705
1790972804.2348096,14327,"(-111.8062051, 41.7443048)",in_transit,662.5792531623299
1790972814.4908006,14327,"(-111.805215, 41.7442888)",in_transit,744.9545908258493
1790972824.801925,14327,"(-111.804684, 41.7443176)",in_transit,789.0260264471625
1790972835.097979,14327,"(-111.8042448, 41.7444976)",in_transit,839.474449347726
1790972845.358193,14327,"(-111.8042503, 41.7454343)",in_transit,943.4945558139219
1790972855.6172962,14327,"(-111.8042423, 41.7456475)",in_transit,967.1525163314019
1790972865.8854551,14327,"(-111.8042291, 41.7456818)",in_transit,970.9359224386319
1790972876.134979,14327,"(-111.804279, 41.7463148)",in_transit,1041.9649463546637
1790972886.4042754,14327,"(-111.804274, 41.7464071)",in_transit,1052.4327670680887
1790972896.6672761,14327,"(-111.8042661, 41.7468408)",in_transit,1103.6012913326235
1790972906.9082577,14327,"(-111.8042946, 41.7477193)",in_transit,1201.4195177251477
1790972917.1639836,14327,"(-111.8043436, 41.7489371)",in_transit,1337.1608893698015
1790972927.4426346,14327,"(-111.80436, 41.7490831)",in_transit,1353.1818201207777
1790972937.7307885,14327,"(-111.8043338, 41.7492658)",in_transit,1373.3602107645236
1790972947.975159,14327,"(-111.8035863, 41.7492916)",in_transit,1437.5965518040873
1790972958.2589495,14327,"(-111.8021125, 41.7493005)",in_transit,1560.084065541109
1790972968.525621,14327,"(-111.8018703, 41.7493126)",in_transit,1580.2472468361034
1790972978.8290029,14327,"(-111.8018566, 41.7494961)",in_transit,1610.989720120969
1790972989.1178942,14327,"(-111.8020771, 41.7496015)",Lundstrum,1633.5904584163636
1790972999.3719432,14327,"(-111.8020775, 41.7496193)",Lundstrum,1633.6469200798006
1790973009.6226683,14327,"(-111.8020635, 41.7496205)",Lundstrum,1632.4841235333356
1790973019.8834047,14327,"(-111.8021076, 41.7496153)",Lundstrum,1636.1450825383752
1790973030.185323,14327,"(-111.8023508, 41.749498)",in_transit,1660.8302408819789
1790973040.4514165,14327,"(-111.8032218, 41.7493551)",in_transit,1467.8363886085922
1790973050.7078846,14327,"(-111.8039041, 41.7493615)",in_transit,1411.0819691993436
1790973060.9791977,14327,"(-111.8041121, 41.7493901)",in_transit,1818.9188224016864
1790973071.2521884,14327,"(-111.8042163, 41.7494488)",in_transit,1829.7451290371
1790973081.5193045,14327,"(-111.8043463, 41.7503518)",in_transit,1934.4271225378395
1790973091.7844563,14327,"(-111.8043473, 41.7506585)",in_transit,1968.880484140837
1790973102.0645037,14327,"(-111.8043673, 41.7508188)",Aggie Village 1,1986.7192525992402
1790973112.3274336,14327,"(-111.804384, 41.7508271)",Aggie Village 1,1987.6739580240126
1790973122.5928586,14327,"(-111.8044196, 41.7516313)",in_transit,2077.070540064201
1790973132.8603005,14327,"(-111.8044323, 41.7525108)",in_transit,2174.7578761004143
1790973143.1245399,14327,"(-111.804437, 41.7530106)",in_transit,2230.270664925418
1790973153.3817563,14327,"(-111.8044965, 41.7530918)",in_transit,2239.1116576007466
1790973163.6473198,14327,"(-111.805321, 41.7530626)",in_transit,2308.31136206101
1790973173.902703,14327,"(-111.8059181, 41.7530638)",Aggie Village 2,2357.9611511448534
1790973184.1694684,14327,"(-111.8060301, 41.7530571)",Aggie Village 2,2367.278649968839
1790973194.4292562,14327,"(-111.8059985, 41.7530438)",Aggie Village 2,2364.655502484644
1790973204.6879013,14327,"(-111.8068766, 41.7530096)",in_transit,2437.6514652626392
1790973214.963899,14327,"(-111.8075425, 41.752838)",in_transit,2495.8941898106586
1790973225.2208834,14327,"(-111.8086636, 41.7525375)",in_transit,2593.573336898342
1790973235.4744935,14327,"(-111.8092495, 41.7518508)",in_transit,2682.746058965341
1790973245.7379975,14327,"(-111.8092871, 41.7516623)",Aggie Village 3,2703.736370461001
1790973255.9977846,14327,"(-111.8092878, 41.7516098)",Aggie Village 3,2709.567544448942
1790973266.2873218,14327,"(-111.8092731, 41.7514201)",in_transit,2730.6105449066577
1790973276.5363271,14327,"(-111.8092975, 41.7508836)",in_transit,2790.2098029298454
1790973286.7784386,14327,"(-111.8093058, 41.7503871)",in_transit,2845.375453430327
1790973297.0937507,14327,"(-111.809312, 41.7502061)",in_transit,2865.484742117931
1790973307.4167721,14327,"(-111.8101828, 41.7501393)",in_transit,2958.2992843552674
1790973317.6761603,14327,"(-111.8118915, 41.7501475)",in_transit,3100.4056689091476
1790973327.92781,14327,"(-111.8128681, 41.7501498)",in_transit,3181.620971447127
1790973338.1977172,14327,"(-111.813808, 41.7501396)",in_transit,3259.7542063240885
1790973348.4860885,14327,"(-111.8139708, 41.7497036)",in_transit,3319.0180021337023
1790973358.7418056,14327,"(-111.8140941, 41.7487723)",in_transit,3422.7166189239233
1790973369.0136836,14327,"(-111.8141053, 41.7485918)",800 E 900 N,3442.783175789739
1790973379.3067765,14327,"(-111.8141001, 41.7485815)",800 E 900 N,3443.913830677725
1790973389.6016338,14327,"(-111.8140973, 41.7485816)",800 E 900 N,3443.8958153300255
1790973399.8504217,14327,"(-111.8140585, 41.7478428)",in_transit,3525.820800645369
1790973410.1075559,14327,"(-111.8140856, 41.7471253)",in_transit,3605.54347855004
1790973420.3654108,14327,"(-111.8141321, 41.74588)",in_transit,3743.910324060605
1790973430.6217403,14327,"(-111.8141608, 41.745144)",in_transit,3825.6908878828262
1790973440.9118555,14327,"(-111.8141378, 41.744749)",in_transit,3869.486396275037
1790973451.1883,14327,"(-111.8141505, 41.7445996)",in_transit,3886.1055430549986
1790973461.4390616,14327,"(-111.8138978, 41.744494)",in_transit,20.870558119734923
1790973471.6987052,14327,"(-111.813532, 41.744445)",Field House,52.00711028657221
1790973481.958957,14327,"(-111.8135001, 41.744414)",Field House,54.674986719624876
1790973492.2196524,14327,"(-111.8129728, 41.7444365)",in_transit,98.44030744395329
1790973502.486037,14327,"(-111.8121743, 41.7444218)",in_transit,164.7874636071053
1790973512.7504776,14327,"(-111.8116216, 41.7444316)",in_transit,211.81250447918953
1790973523.029363,14327,"(-111.811577, 41.7444251)",in_transit,215.54649279212057
1790973533.2857833,14327,"(-111.8115868, 41.7444205)",in_transit,214.75073203784626
1790973543.549342,14327,"(-111.8110675, 41.7444073)",Veterinary Science,257.9285078359135
1790973553.8200316,14327,"(-111.8109583, 41.7444136)",Veterinary Science,266.9859000757064
1790973564.0888057,14327,"(-111.8106891, 41.7444171)",in_transit,289.3554965978871
1790973574.359091,14327,"(-111.8095166, 41.7443813)",in_transit,386.9133826647512
1790973584.6749263,14327,"(-111.8085918, 41.744366)",in_transit,463.5201546898016
1790973594.9378355,14327,"(-111.8082713, 41.7443548)",Industrial Science,490.581042027728
1790973605.182569,14327,"(-111.8081088, 41.744334)",Industrial Science,504.1518825572056
1790973615.4791567,14327,"(-111.808113, 41.7443518)",Industrial Science,503.75281614043195
1790973625.729364,14327,"(-111.8075366, 41.7443331)",in_transit,551.7323354745145
1790973635.9890332,14327,"(-111.806199, 41.744306)",in_transit,663.0830256889591
1790973646.2501369,14327,"(-111.8052438, 41.7442793)",in_transit,742.5870825693571
1790973656.5188549,14327,"(-111.8046376, 41.7443003)",in_transit,792.9339536661232
1790973666.7781785,14327,"(-111.8045431, 41.7442903)",in_transit,800.8206262361089
1790973677.0421515,14327,"(-111.804519, 41.7442771)",in_transit,802.8624787199843
1790973687.3008912,14327,"(-111.8042616, 41.7445826)",in_transit,848.9447508039593
1790973697.5514946,14327,"(-111.8042575, 41.7453796)",in_transit,937.4344914699515
1790973707.8111534,14327,"(-111.8042578, 41.7456056)",in_transit,962.5296115074258
1790973718.0869353,14327,"(-111.804282, 41.7457683)",in_transit,980.6417820949628
1790973728.3511317,14327,"(-111.8043121, 41.7462758)",in_transit,1037.379420435407
1790973738.6579113,14327,"(-111.8042921, 41.7468641)",in_transit,1106.2169668113863
1790973748.9127238,14327,"(-111.8043173, 41.7476116)",in_transit,1189.5027984234866
1790973759.1646404,14327,"(-111.8043476, 41.7488381)",in_transit,1325.780524270097
1790973769.4149654,14327,"(-111.8043151, 41.7492906)",in_transit,1376.5176278787694
1790973779.6852078,14327,"(-111.8034118, 41.7493033)",in_transit,1452.0957800787583
1790973789.94825,14327,"(-111.8021038, 41.7493075)",in_transit,1560.8195432987245
1790973800.1995618,14327,"(-111.8018528, 41.7495105)",in_transit,1612.0358202925333
1790973810.466089,14327,"(-111.8018528, 41.7495105)",in_transit,1612.0358202925333
1790973820.719083,14327,"(-111.8020816, 41.7495973)",Lundstrum,1633.959244390503
1790973830.9890888,14327,"(-111.802087, 41.749592)",Lundstrum,1634.4014488353196
1790973841.2576122,14327,"(-111.8023386, 41.7494961)",in_transit,1660.3510853463745
1790973851.5561388,14327,"(-111.8024825, 41.7494198)",in_transit,1673.7159005399114
1790973861.8494897,14327,"(-111.8027331, 41.7493638)",in_transit,1508.5403468063269
1790973872.109165,14327,"(-111.8037745, 41.7493523)",in_transit,1421.8717322011464
1790973882.3697128,14327,"(-111.8042803, 41.7495053)",in_transit,1838.0262813395889
1790973892.6721585,14327,"(-111.8043486, 41.7503435)",in_transit,1933.5077219602765
1790973902.9421568,14327,"(-111.804351, 41.7506331)",in_transit,1966.0674958036668
1790973913.2577815,14327,"(-111.8043465, 41.7507843)",Aggie Village 1,1982.8472683847488
1790973923.5217586,14327,"(-111.8043706, 41.7509706)",in_transit,2003.5811094742999
1790973933.804921,14327,"(-111.8043925, 41.7516538)",in_transit,2079.5616720952667
1790973944.0764532,14327,"(-111.8044126, 41.752786)",in_transit,2205.3178589673903
1790973954.3361204,14327,"(-111.804419, 41.7529748)",in_transit,2226.289221676444
1790973964.5924106,14327,"(-111.8049546, 41.7530503)",in_transit,2277.8089872225046
1790973974.8569431,14327,"(-111.8056211, 41.7530425)",in_transit,2333.2678379651375
1790973985.1404397,14327,"(-111.805888, 41.7530423)",Aggie Village 2,2355.4658419382463
1790973995.3993874,14327,"(-111.8060338, 41.7530448)",Aggie Village 2,2367.5910078144934
1790974005.7003152,14327,"(-111.8060323, 41.7530501)",Aggie Village 2,2367.4642582044303
1790974015.9639504,14327,"(-111.8069273, 41.7529658)",in_transit,2442.8008021054397
1790974026.2177393,14327,"(-111.8080421, 41.7526933)",in_transit,2540.4297729608797
1790974036.4952412,14327,"(-111.8087981, 41.75248)",in_transit,2606.19905538707
1790974046.754237,14327,"(-111.8093051, 41.7517761)",in_transit,2691.122611572574
1790974057.016539,14327,"(-111.8093106, 41.7515958)",Aggie Village 3,2711.156154705179
1790974067.2996526,14327,"(-111.8092966, 41.7515931)",Aggie Village 3,2711.4351693711224
1790974077.5530858,14327,"(-111.809285, 41.7511633)",in_transit,2759.147879744899
1790974087.8253007,14327,"(-111.809296, 41.7506076)",in_transit,2820.8907751962324
1790974098.1005495,14327,"(-111.8093128, 41.7501845)",in_transit,2867.8824697726914
1790974108.352802,14327,"(-111.8095525, 41.7501231)",in_transit,2905.8486788272803
1790974118.614807,14327,"(-111.811478, 41.750146)",in_transit,3066.017839013528
1790974128.8767207,14327,"(-111.8126835, 41.750146)",in_transit,3166.2616237377742
1790974139.1359882,14327,"(-111.8135688, 41.7501365)",in_transit,3239.8565941296847
1790974149.4306242,14327,"(-111.8139745, 41.7496821)",in_transit,3321.4138150299414
1790974159.7042403,14327,"(-111.8140875, 41.7487123)",800 E 900 N,3429.361454219572
1790974169.9666476,14327,"(-111.8140811, 41.7485521)",800 E 900 N,3447.130871899838
1790974180.263328,14327,"(-111.8140523, 41.7485451)",800 E 900 N,3447.836893011631
1790974190.5171947,14327,"(-111.814027, 41.748355)",in_transit,3468.8791054117196
1790974200.7715795,14327,"(-111.8140386, 41.7475496)",in_transit,3558.3223284040405
1790974211.0528295,14327,"(-111.814101, 41.7464043)",in_transit,3685.6260975764053
1790974221.3237772,14327,"(-111.8141315, 41.7456046)",in_transit,3774.483188106832
1790974231.589678,14327,"(-111.814144, 41.7447075)",in_transit,3874.1089930428907
1790974241.8559504,14327,"(-111.8141578, 41.7445926)",in_transit,3886.902448978105
1790974252.1144881,14327,"(-111.8139176, 41.7444875)",in_transit,19.24943398569296
1790974262.3728325,14327,"(-111.8135166, 41.744436)",Field House,53.337679246346674
1790974272.6225471,14327,"(-111.8134838, 41.74444)",Field House,55.94261975237775
1790974282.8868415,14327,"(-111.8134885, 41.7444456)",Field House,55.53298314947964
1790974293.1567094,14327,"(-111.813473, 41.7444358)",Field House,56.854710117016545
1790974303.449503,14327,"(-111.813466, 41.7444386)",Field House,57.42727561533622
1790974313.7167957,14327,"(-111.8134681, 41.7444476)",Field House,57.22235525898815
1790974323.9627886,14327,"(-111.8134596, 41.7444481)",Field House,57.92738326489238
1790974334.23246,14327,"(-111.8134576, 41.7444483)",Field House,58.09299475918233
1790974344.4941807,14327,"(-111.8134588, 41.7444455)",Field House,58.00265674711622
1790974354.7721295,14327,"(-111.8132163, 41.7444606)",in_transit,78.11387201949253
1790974365.0249896,14327,"(-111.812123, 41.7444525)",in_transit,169.03394278606908
1790974375.2790687,14327,"(-111.8114175, 41.7444516)",in_transit,228.67700914149341
1790974385.52251,14327,"(-111.8110793, 41.7444506)",Veterinary Science,256.7987878185731
1790974395.8123324,14327,"(-111.8109085, 41.7444591)",Veterinary Science,270.97011626876093
1790974406.0639915,14327,"(-111.8109001, 41.7444896)",Veterinary Science,271.56378522602904
1790974416.3440857,14327,"(-111.8103391, 41.7444838)",in_transit,318.21557079415186
1790974426.6149964,14327,"(-111.8090565, 41.744428)",in_transit,425.05532559316003
1790974436.8769884,14327,"(-111.8082306, 41.7444055)",Industrial Science,493.8235490631053
1790974447.1302319,14327,"(-111.8080878, 41.74442)",in_transit,505.6574393176513
1790974457.4140253,14327,"(-111.8080941, 41.7444333)",in_transit,505.0963426488665
1790974467.6709552,14327,"(-111.8079143, 41.7444305)",in_transit,520.055363441076
1790974477.9261112,14327,"(-111.8065766, 41.7443768)",in_transit,631.4640813874856
1790974488.1796033,14327,"(-111.8050623, 41.7442805)",in_transit,757.6755372916139
1790974498.4661968,14327,"(-111.8050623, 41.7442805)",in_transit,757.6755372916139
1790974508.7461705,14327,"(-111.8045761, 41.7443233)",in_transit,797.9819272761139
1790974519.0057695,14327,"(-111.8045781, 41.7443265)",in_transit,797.8064436584464
1790974529.2636888,14327,"(-111.8045801, 41.744329)",in_transit,797.6329675068174
1790974539.5410888,14327,"(-111.804472, 41.7443303)",in_transit,806.618115258881
1790974549.7922301,14327,"(-111.8042815, 41.7447416)",in_transit,866.63781054932
1790974560.0485694,14327,"(-111.8042665, 41.7456661)",in_transit,969.2640518996474
1790974570.2940211,14327,"(-111.8042665, 41.7456661)",in_transit,969.2640518996474
1790974580.5925684,14327,"(-111.8042518, 41.745672)",in_transit,969.8911019426192
1790974590.858691,14327,"(-111.8042746, 41.746118)",in_transit,1020.2532909688962
1790974601.117977,14327,"(-111.8041935, 41.7465338)",in_transit,1068.5529776381434
1790974611.3771424,14327,"(-111.8042813, 41.7475056)",in_transit,1177.6656649081358
1790974621.6293929,14327,"(-111.8043076, 41.748799)",in_transit,1321.3923416949513
1790974631.883278,14327,"(-111.804329, 41.7490855)",in_transit,1353.6850953065345
1790974642.1595,14327,"(-111.8040005, 41.7493068)",in_transit,1402.6048176996985
1790974652.4545348,14327,"(-111.802918, 41.7493133)",in_transit,1493.1015751514112
1790974662.7257671,14327,"(-111.8018893, 41.7493295)",in_transit,1578.6959432477486
1790974673.0271301,14327,"(-111.8018611, 41.7495133)",in_transit,1612.7113940795887
1790974683.2881649,14327,"(-111.8019345, 41.749568)",Lundstrum,1621.0316481830348
1790974693.5511467,14327,"(-111.8019353, 41.7495731)",Lundstrum,1621.3384489980651
1790974703.8170128,14327,"(-111.8019371, 41.7495763)",Lundstrum,1621.6281179936473
1790974714.0635834,14327,"(-111.8019526, 41.7495863)",Lundstrum,1623.2725402904218
1790974724.3240974,14327,"(-111.8021975, 41.7495981)",Lundstrum,1643.6142955356554
1790974734.5858924,14327,"(-111.8024056, 41.7494493)",in_transit,1667.9229415801774
1790974744.8560395,14327,"(-111.802671, 41.7493608)",in_transit,1513.703833733149
1790974755.1247706,14327,"(-111.803591, 41.7493456)",in_transit,1437.1413794660746
1790974765.3883278,14327,"(-111.8039021, 41.749354)",in_transit,1800.3792979884756
1790974775.6484451,14327,"(-111.8043346, 41.749582)",in_transit,1847.716015025277
1790974785.8971457,14327,"(-111.8043445, 41.7503531)",in_transit,1934.5696285127285
1790974796.166362,14327,"(-111.8043626, 41.7507958)",Aggie Village 1,1984.1561003891
1790974806.4212394,14327,"(-111.8043673, 41.7509093)",Aggie Village 1,1996.768040681183
1790974816.663924,14327,"(-111.8043778, 41.7516421)",in_transit,2078.257911048112
1790974826.927747,14327,"(-111.8043801, 41.7528541)",in_transit,2212.872089778516
1790974837.2089212,14327,"(-111.8047581, 41.753032)",in_transit,2261.5036992811856
1790974847.4670782,14327,"(-111.8059275, 41.7530361)",Aggie Village 2,2358.7533690167334
1790974857.7681208,14327,"(-111.8060251, 41.7530381)",Aggie Village 2,2366.869956009148
1790974868.0198386,14327,"(-111.8060101, 41.7530368)",Aggie Village 2,2365.62290345433
1790974878.321425,14327,"(-111.8062516, 41.7530243)",in_transit,2385.7130390600723
1790974889.5947316,14327,"(-111.807444, 41.7528145)",in_transit,2489.072998335802
1790974899.881979,14327,"(-111.8087895, 41.7523921)",in_transit,2611.5231746054155
1790974910.173808,14327,"(-111.8092471, 41.751665)",Aggie Village 3,2703.37704589124
1790974920.4839242,14327,"(-111.8092411, 41.7515648)",Aggie Village 3,2714.4953473602363
1790974930.7328432,14327,"(-111.8092426, 41.751559)",Aggie Village 3,2715.141669098817
1790974940.9911828,14327,"(-111.8092371, 41.7515545)",Aggie Village 3,2715.633214843573
1790974951.2463725,14327,"(-111.8092113, 41.7513951)",in_transit,2733.296239440426
1790974961.5219953,14327,"(-111.8092063, 41.7508508)",in_transit,2793.737441576354
1790974971.7932034,14327,"(-111.809208, 41.750279)",in_transit,2857.2345540890637
1790974982.046838,14327,"(-111.8094898, 41.7500835)",in_transit,2900.54230459624
1790974992.3393276,14327,"(-111.810744, 41.75011)",in_transit,3004.897590474059
1790975002.6129923,14327,"(-111.8126606, 41.7501258)",in_transit,3164.3098643361345
1790975012.8741603,14327,"(-111.8135123, 41.7501248)",in_transit,3235.1311061913125
1790975023.1194105,14327,"(-111.8136028, 41.7501241)",in_transit,3242.6550454532257
1790975033.3737235,14327,"(-111.8136041, 41.7501223)",in_transit,3242.758962089033
1790975043.637913,14327,"(-111.8136, 41.7501168)",in_transit,3242.4052359336815
1790975053.8894463,14327,"(-111.813684, 41.750119)",in_transit,3249.3954088380888
1790975064.1583672,14327,"(-111.8137538, 41.7501176)",in_transit,3255.195025671362
1790975074.400445,14327,"(-111.8137931, 41.7501203)",in_transit,3258.4694111528747
1790975084.6567874,14327,"(-111.8139393, 41.7499343)",in_transit,3293.3299664190235
1790975094.9117298,14327,"(-111.8140076, 41.7487153)",800 E 900 N,3428.8311135563563
1790975105.179505,14327,"(-111.814095, 41.7485518)",800 E 900 N,3447.1984981151427
1790975115.4452693,14327,"(-111.8141071, 41.7485711)",800 E 900 N,3445.0857103430008
1790975125.7533438,14327,"(-111.8140885, 41.7484886)",800 E 900 N,3454.198840103069
1790975136.0464435,14327,"(-111.8140495, 41.7475703)",in_transit,3556.0511726426535
1790975146.3237908,14327,"(-111.8140485, 41.7467818)",in_transit,3643.5870210243456
1790975156.5859833,14327,"(-111.8140961, 41.7455396)",in_transit,3781.612037767885
1790975166.8623028,14327,"(-111.8140891, 41.7447571)",in_transit,3868.466774700172
1790975177.1467445,14327,"(-111.813767, 41.7444448)",in_transit,31.93247448471274
1790975187.404243,14327,"(-111.8135528, 41.74444)",Field House,50.30770649055665
1790975197.6679351,14327,"(-111.8132993, 41.7445053)",Field House,71.06243137662662
1790975207.9326391,14327,"(-111.8124688, 41.744478)",in_transit,140.2533871646764
1790975218.192489,14327,"(-111.8114801, 41.7444691)",in_transit,223.42085621238925
1790975228.4651775,14327,"(-111.8108946, 41.7444483)",Veterinary Science,272.16285843807026
1790975238.7305896,14327,"(-111.8108603, 41.744452)",Veterinary Science,275.0018969958385
1790975618.6525657,14327,"(-111.8058765, 41.7530371)",Aggie Village 2,2354.5113498987016
1790959947.136381,14327,"(-111.8141625, 41.7434576)",in_transit,4.152587780736678
1790959957.4045599,14327,"(-111.8141618, 41.743454)",in_transit,4.22898506852468
1790959967.6757565,14327,"(-111.8141578, 41.7434505)",in_transit,4.579091749507643
1790959977.9371498,14327,"(-111.8141575, 41.7434491)",in_transit,4.611110029872584
1790959988.204239,14327,"(-111.8141605, 41.743453)",in_transit,4.342073438270109
1790959998.528664,14327,"(-111.8141606, 41.7434615)",in_transit,4.290720073852999
1790960008.7982266,14327,"(-111.814159, 41.7434691)",in_transit,4.385186924056481
1790960019.078128,14327,"(-111.8141548, 41.7434728)",in_transit,4.715451994961336
1790960029.3642647,14327,"(-111.8141551, 41.7434723)",in_transit,4.693055287882482
1790960039.6333187,14327,"(-111.8141651, 41.7434688)",in_transit,3.879822535332351
1790960049.8895547,14327,"(-111.8141808, 41.74347)",in_transit,2.5691437767641756
1790960060.1547444,14327,"(-111.8141876, 41.7434706)",in_transit,2.0010548639879246
1790960070.426365,14327,"(-111.8141935, 41.7434695)",in_transit,1.5163607470062161
1790960080.690297,14327,"(-111.8141966, 41.7434665)",in_transit,1.2739559606801951
1790960090.9488347,14327,"(-111.8140423, 41.7436896)",in_transit,12.423499356433819
1790960101.204823,14327,"(-111.8141515, 41.7440613)",in_transit,2.0095106215514096
1790960111.4721367,14327,"(-111.8141063, 41.7444055)",in_transit,4.02235574568127
1790960121.7292526,14327,"(-111.8138585, 41.7444645)",in_transit,24.250537619559687
1790960131.983546,14327,"(-111.8134641, 41.7443966)",Field House,57.726743825151885
1790960142.2373726,14327,"(-111.8134611, 41.7443825)",Field House,58.02367463357156
1790960152.5060086,14327,"(-111.8134516, 41.7443706)",Field House,58.85362161894567
1790960162.8049548,14327,"(-111.8134425, 41.7443666)",Field House,59.62369662775983
1790960173.1027565,14327,"(-111.8134276, 41.7443715)",Field House,60.84601536550804
1790960183.397333,14327,"(-111.8128508, 41.7444146)",in_transit,108.65750796747139
1790960193.6538095,14327,"(-111.8122003, 41.7444148)",in_transit,162.62950058237593
1790960203.9273965,14327,"(-111.81165, 41.7444215)",in_transit,209.49317816198226
1790960214.1854582,14327,"(-111.8115928, 41.7444258)",in_transit,214.23025970128015
1790960224.487795,14327,"(-111.8115943, 41.7444363)",in_transit,214.06252993755308
1790960234.7453449,14327,"(-111.8111411, 41.7444216)",Veterinary Science,251.7602211609673
1790960245.0611749,14327,"(-111.8108966, 41.7444093)",Veterinary Science,272.13047637906465
1790960255.3243065,14327,"(-111.810862, 41.7444008)",Veterinary Science,275.03634631529167
1790960265.5844162,14327,"(-111.8108728, 41.7444015)",Veterinary Science,274.1360176809976
1790960275.849515,14327,"(-111.8098998, 41.744408)",in_transit,354.9785891353248
1790960286.1143804,14327,"(-111.8091003, 41.7443925)",in_transit,421.50379373557206
1790960296.3916793,14327,"(-111.8088591, 41.7443903)",in_transit,441.56735399988236
1790960306.699715,14327,"(-111.8088471, 41.7443941)",in_transit,442.55553747155807
1790960316.9705603,14327,"(-111.8088393, 41.7443961)",in_transit,443.1990593160442
1790960327.2538497,14327,"(-111.8086471, 41.744385)",in_transit,458.9801515764858
1790960337.5516303,14327,"(-111.8080588, 41.7443618)",in_transit,508.2318094894303
1790960347.8418407,14327,"(-111.8080495, 41.7443781)",in_transit,508.95952730274587
1790960358.1068516,14327,"(-111.8080395, 41.7443871)",in_transit,509.7658841261358
1790960368.3701425,14327,"(-111.8079291, 41.7443756)",in_transit,518.9783379834315
1790960378.65536,14327,"(-111.8067351, 41.7443188)",in_transit,618.675122332814
1790960388.9117844,14327,"(-111.805632, 41.7442996)",in_transit,710.2486397545465
1790960399.1709738,14327,"(-111.8047926, 41.7443121)",in_transit,780.0113428983694
1790960409.4286284,14327,"(-111.8043055, 41.7443238)",in_transit,820.482060822224
1790960419.724021,14327,"(-111.8042751, 41.7449958)",in_transit,894.8515209561764
1790960429.996702,14327,"(-111.8042713, 41.7456398)",in_transit,966.3529096916478
1790960440.2476952,14327,"(-111.8042646, 41.7456768)",in_transit,970.4485339114112
1790960450.5042963,14327,"(-111.8042698, 41.7461228)",in_transit,1020.8237108092706
1790960460.7664435,14327,"(-111.804198, 41.7465596)",in_transit,1071.2826423888478
1790960471.022754,14327,"(-111.8043005, 41.7477168)",in_transit,1201.1529068416078
1790960481.2917414,14327,"(-111.804308, 41.7486475)",in_transit,1304.5676253811923
1790960491.5523882,14327,"(-111.8043313, 41.7491218)",in_transit,1357.6820197435945
1790960501.8127713,14327,"(-111.8039416, 41.7492911)",in_transit,1406.9680436874503
1790960512.0962687,14327,"(-111.8029551, 41.7493056)",in_transit,1489.9969839023327
1790960522.3497396,14327,"(-111.8020646, 41.7493208)",in_transit,1564.102298431048
1790960532.6431086,14327,"(-111.8018656, 41.7495061)",in_transit,1612.3241605429178
1790960542.9205267,14327,"(-111.8021005, 41.7496243)",Lundstrum,1635.566312678799
1790960553.1883984,14327,"(-111.8020838, 41.7496345)",Lundstrum,1634.1906883596212
1790960563.471008,14327,"(-111.802272, 41.7495743)",in_transit,1650.3152694454016
1790960573.7305377,14327,"(-111.8027156, 41.7493425)",in_transit,1509.984534569934
1790960583.998264,14327,"(-111.8037996, 41.7493478)",in_transit,1419.789523170863
1790960594.2574224,14327,"(-111.8043176, 41.7495655)",in_transit,1845.470214319142
1790960604.5319037,14327,"(-111.8043533, 41.7505868)",in_transit,1960.9310732020185
1790960614.825962,14327,"(-111.8043451, 41.750791)",Aggie Village 1,1983.5884366600621
1790960625.1008239,14327,"(-111.8043446, 41.7508133)",Aggie Village 1,1986.0635557172902
1790960635.411831,14327,"(-111.804381, 41.7517105)",in_transit,2085.8558401676114
1790960645.6565564,14327,"(-111.8043921, 41.752617)",in_transit,2186.541529326958
1790960655.9468853,14327,"(-111.8043896, 41.752896)",in_transit,2217.5285709531013
1790960666.2080057,14327,"(-111.8050355, 41.753044)",in_transit,2284.5663478470483
1790960676.47339,14327,"(-111.805778, 41.7530498)",in_transit,2346.3143801271362
1790960686.7312284,14327,"(-111.8060185, 41.7530605)",Aggie Village 2,2366.31260444126
1790960696.9974942,14327,"(-111.8060455, 41.7530595)",Aggie Village 2,2368.558555712216
1790960707.2439504,14327,"(-111.8067, 41.7530225)",in_transit,2422.992488317145
1790960717.52198,14327,"(-111.8080568, 41.7526786)",in_transit,2542.135640565452
1790960727.7858868,14327,"(-111.8088771, 41.752379)",in_transit,2617.583728500821
1790960738.0844302,14327,"(-111.8092768, 41.7516921)",Aggie Village 3,2700.411757603802
1790960748.3396006,14327,"(-111.8092876, 41.7515855)",Aggie Village 3,2712.265765650399
1790960758.5977054,14327,"(-111.8092923, 41.751548)",Aggie Village 3,2716.4371361128574
1790960768.8660142,14327,"(-111.8092651, 41.7510395)",in_transit,2772.8651770950405
1790960779.1308234,14327,"(-111.8092636, 41.750238)",in_transit,2861.870280121766
1790960789.430646,14327,"(-111.8093591, 41.7501088)",in_transit,2889.7598061076937
1790960799.6764674,14327,"(-111.8106396, 41.750135)",in_transit,2996.27456220792
1790960809.9328265,14327,"(-111.8118491, 41.7501611)",in_transit,3096.9115515807994
1790960820.254209,14327,"(-111.8133641, 41.7501573)",in_transit,3222.8830512563386
1790960830.5202174,14327,"(-111.8136355, 41.7501551)",in_transit,3245.446309479714
1790960840.7851245,14327,"(-111.813677, 41.7501475)",in_transit,3248.879587417143
1790960851.0444646,14327,"(-111.8136758, 41.7501486)",in_transit,3248.7823585900383
1790960861.312341,14327,"(-111.8136678, 41.750147)",in_transit,3248.1133950754684
1790960871.567786,14327,"(-111.8136686, 41.7501445)",in_transit,3248.174106507661
1790960881.8402271,14327,"(-111.8139635, 41.7499593)",in_transit,3290.612232655517
1790960892.0945156,14327,"(-111.8140276, 41.7489241)",in_transit,3405.6997597894074
1790960902.3670895,14327,"(-111.8140958, 41.7486745)",800 E 900 N,3433.578460388322
1790960912.6300497,14327,"(-111.8141255, 41.7485586)",800 E 900 N,3446.518876994044
1790960922.890166,14327,"(-111.8141416, 41.748557)",800 E 900 N,3446.736259044623
1790960933.1506457,14327,"(-111.8141518, 41.7485668)",800 E 900 N,3445.6734585991576
1790960943.4475543,14327,"(-111.8140908, 41.7477876)",in_transit,3532.0288431014433
1790960953.7086973,14327,"(-111.8141168, 41.7470491)",in_transit,3614.0800398565634
1790960963.9643638,14327,"(-111.8141518, 41.7457756)",in_transit,3755.5493996724053
1790960974.215608,14327,"(-111.8141518, 41.7457756)",in_transit,3755.5493996724053
1790960984.5013914,14327,"(-111.8141561, 41.7448151)",in_transit,3862.193296825708
1790960994.7748225,14327,"(-111.8139203, 41.7444646)",in_transit,19.112628550099362
1790961005.0234158,14327,"(-111.8139203, 41.7444646)",in_transit,19.112628550099362
1790961015.2863755,14327,"(-111.813489, 41.744427)",Field House,55.55407426035102
1790961025.5481253,14327,"(-111.8132388, 41.7444628)",in_transit,76.23575060160854
1790961035.812691,14327,"(-111.8120656, 41.7444595)",in_transit,173.80373653333598
1790961046.0751562,14327,"(-111.8118248, 41.7444608)",in_transit,194.80195972502503
1790961056.328058,14327,"(-111.8110028, 41.7444391)",Veterinary Science,263.19856923184454
1790961066.6056585,14327,"(-111.8108891, 41.7444371)",Veterinary Science,272.6585883908265
1790961076.8664799,14327,"(-111.81089, 41.7444383)",Veterinary Science,272.57964130640323
1790961087.1510265,14327,"(-111.8107361, 41.7444406)",in_transit,285.3671717005062
1790961097.4183404,14327,"(-111.809969, 41.7444238)",in_transit,349.2106206419156
1790961107.6796823,14327,"(-111.8085066, 41.7443895)",in_transit,470.9176589007842
1790961117.9265463,14327,"(-111.8081706, 41.7443763)",Industrial Science,498.89454291963466
1790961128.1921375,14327,"(-111.8080708, 41.7443801)",in_transit,507.1827368661243
1790961138.4582436,14327,"(-111.8080751, 41.744379)",in_transit,506.828250730036
1790961148.716391,14327,"(-111.8080785, 41.7443788)",Industrial Science,506.5460848494632
1790961158.9758763,14327,"(-111.8070153, 41.7443363)",in_transit,595.2943370367319
1790961169.2591019,14327,"(-111.8059455, 41.7443208)",in_transit,684.1196317827088
1790961179.537602,14327,"(-111.8046666, 41.7443225)",in_transit,790.4588432742147
1790961189.7867599,14327,"(-111.804553, 41.7443206)",in_transit,799.9105127337244
1790961200.0528092,14327,"(-111.8044726, 41.7443193)",in_transit,806.5997704051724
1790961210.3753014,14327,"(-111.804274, 41.7445133)",in_transit,841.2734272237375
1790961220.634248,14327,"(-111.8042951, 41.7456536)",in_transit,967.9306975597885
1790961230.9041576,14327,"(-111.8042968, 41.7457063)",in_transit,973.7856686465783
1790961241.202316,14327,"(-111.8042958, 41.7458958)",in_transit,994.8165647426555
1790961251.472997,14327,"(-111.8042253, 41.7466076)",in_transit,1076.409492291697
1790961261.7348902,14327,"(-111.8043041, 41.7468908)",in_transit,1109.1951564712624
1790961272.0281749,14327,"(-111.8043391, 41.7485998)",in_transit,1299.3058377172279
1790961282.2848365,14327,"(-111.8043551, 41.7491741)",in_transit,1363.2834927601489
1790961292.5414345,14327,"(-111.8032686, 41.749302)",in_transit,1464.007262911217
1790961302.8316588,14327,"(-111.8021503, 41.7492978)",in_transit,1556.935825363845
1790961313.082881,14327,"(-111.8019125, 41.7495326)",in_transit,1617.0644929936466
1790961323.3486195,14327,"(-111.8021211, 41.74963)",Lundstrum,1637.28701250146
1790961333.641501,14327,"(-111.8021203, 41.7496485)",Lundstrum,1637.244582982959
1790961343.908654,14327,"(-111.8021198, 41.7496583)",Lundstrum,1637.2157680302864
1790961354.192808,14327,"(-111.8021188, 41.7496558)",Lundstrum,1637.1293420086101
1790961364.4572427,14327,"(-111.8021573, 41.7496591)",Lundstrum,1640.3356305729815
1790961374.7352188,14327,"(-111.8024015, 41.7494995)",in_transit,1663.3713271946915
1790961385.0019689,14327,"(-111.803362, 41.7493478)",in_transit,1456.1846637691065
1790961395.2923281,14327,"(-111.8039798, 41.7493731)",in_transit,1808.102133582284
1790961405.5613782,14327,"(-111.8041475, 41.7494301)",in_transit,1823.828573358476
1790961415.83819,14327,"(-111.8043705, 41.7499308)",in_transit,1887.2112725295208
1790961426.0937095,14327,"(-111.8043671, 41.7507705)",Aggie Village 1,1981.3558014181344
1790961436.360016,14327,"(-111.8043671, 41.7507705)",Aggie Village 1,1981.3558014181344
1790961446.6452515,14327,"(-111.8043818, 41.7510133)",in_transit,2008.3445624028207
1790961456.8972347,14327,"(-111.8043918, 41.7516846)",in_transit,2082.9823392707276
1790961467.1912403,14327,"(-111.8043996, 41.7529105)",in_transit,2219.1419542826916
1790961477.4602184,14327,"(-111.8051845, 41.7530518)",in_transit,2296.958668570026
1790961487.734333,14327,"(-111.8058551, 41.7530523)",in_transit,2352.725804038544
1790961497.9835017,14327,"(-111.806048, 41.7530603)",Aggie Village 2,2368.7661780913086
1790961508.248404,14327,"(-111.8060371, 41.7530713)",Aggie Village 2,2367.855489723199
1790961518.5179043,14327,"(-111.8062108, 41.753054)",Aggie Village 2,2382.3085355376616
1790961528.7719717,14327,"(-111.8075243, 41.7528216)",in_transit,2495.088110653608
1790961539.0287948,14327,"(-111.8085036, 41.7525668)",in_transit,2581.303440997618
1790961549.2940528,14327,"(-111.8092486, 41.7518203)",in_transit,2686.1317979387823
1790961559.5771756,14327,"(-111.8092681, 41.7516391)",Aggie Village 3,2706.284476812312
1790961569.844949,14327,"(-111.8092916, 41.751596)",Aggie Village 3,2711.105687913111
1790961580.092614,14327,"(-111.809302, 41.751582)",Aggie Village 3,2712.675856913176
1790961590.4344215,14327,"(-111.8092783, 41.750752)",in_transit,2804.800453485387
1790961600.7209482,14327,"(-111.8092728, 41.7502425)",in_transit,2861.3842338125723
1790961610.9722776,14327,"(-111.8094015, 41.750101)",in_transit,2893.2405881008963
1790961621.226375,14327,"(-111.8105355, 41.7501533)",in_transit,2987.660839396851
1790961631.4868014,14327,"(-111.8124148, 41.7501928)",in_transit,3144.0220166963827
1790961641.750909,14327,"(-111.8134293, 41.7501851)",in_transit,3228.3694306396
1790961652.0265539,14327,"(-111.8136715, 41.7501978)",in_transit,3248.5391879306353
1790961662.2817924,14327,"(-111.8136898, 41.750205)",in_transit,3250.0776716850805
1790961672.562651,14327,"(-111.8136921, 41.7502115)",in_transit,3250.2840422889303
1790961682.837281,14327,"(-111.8139856, 41.7499975)",in_transit,3286.423990520706
1790961693.101513,14327,"(-111.8140455, 41.7488918)",in_transit,3409.3298665679395
1790961703.354421,14327,"(-111.8141078, 41.7486476)",800 E 900 N,3436.594496584843
1790961713.6211736,14327,"(-111.814118, 41.748563)",800 E 900 N,3446.0118760104565
1790961723.8780022,14327,"(-111.8141363, 41.7485581)",800 E 900 N,3446.6010523115556
1790961734.161465,14327,"(-111.8141585, 41.7485608)",800 E 900 N,3446.356114278603
1790961744.42779,14327,"(-111.8141263, 41.748367)",in_transit,3467.7920632622145
1790961754.6817033,14327,"(-111.8141211, 41.7474475)",in_transit,3569.861184578831
1790961764.9779353,14327,"(-111.814155, 41.7467018)",in_transit,3652.7310919886377
1790961775.2346327,14327,"(-111.8141791, 41.7458738)",in_transit,3744.714916996039
1790961785.4977345,14327,"(-111.8141578, 41.7445543)",in_transit,3891.154067068026
1790961795.7596538,14327,"(-111.813873, 41.7444601)",in_transit,23.061972191865376
1790961806.026082,14327,"(-111.8135293, 41.7444456)",Field House,52.227985298828145
1790961816.2816184,14327,"(-111.813529, 41.7444403)",Field House,52.28309818784599
1790961826.5537064,14327,"(-111.8135343, 41.7444276)",Field House,51.91516495311114
1790961836.820076,14327,"(-111.8135348, 41.7444178)",Field House,51.92945485400638
1790961847.0823119,14327,"(-111.8135301, 41.7444131)",Field House,52.34666437649518
1790961857.3350928,14327,"(-111.8129725, 41.7444508)",in_transit,98.41706484226327
1790961867.590639,14327,"(-111.8119751, 41.7444455)",in_transit,181.08453501782074
1790961877.915848,14327,"(-111.8109248, 41.7444436)",Veterinary Science,269.6681316431465
1790961888.1778042,14327,"(-111.8108868, 41.7444433)",Veterinary Science,272.82852632273807
1790961898.4442084,14327,"(-111.8108878, 41.744444)",Veterinary Science,272.7429818006551
1790961908.7079978,14327,"(-111.8107113, 41.7444518)",in_transit,287.39061675212656
1790961918.9618173,14327,"(-111.8100761, 41.7444538)",in_transit,340.1932525590262
1790961929.2147,14327,"(-111.8100178, 41.7444468)",in_transit,345.0664417857275
1790961939.4776487,14327,"(-111.8089863, 41.7444206)",in_transit,430.91201247104743
1790961949.7493043,14327,"(-111.8081971, 41.7444056)",Industrial Science,496.60894717425873
1790961960.0266924,14327,"(-111.8080255, 41.7444116)",in_transit,510.86147742711023
1790961970.289548,14327,"(-111.8080281, 41.7443916)",in_transit,510.70125176146615
1790961980.5481439,14327,"(-111.8080328, 41.7443735)",in_transit,510.36108356694706
1790961990.8256466,14327,"(-111.8074608, 41.7443811)",in_transit,557.903089191014
1790962001.0860448,14327,"(-111.8064505, 41.7443448)",in_transit,641.985549049216
1790962011.373115,14327,"(-111.804918, 41.7443365)",in_transit,769.5139469099581
1790962021.655639,14327,"(-111.804655, 41.7443405)",in_transit,791.371803741808
1790962031.91036,14327,"(-111.8045513, 41.7443403)",in_transit,799.9953773370642
1790962042.1663263,14327,"(-111.8045458, 41.7443393)",in_transit,800.4555884593786
1790962052.4172788,14327,"(-111.8045465, 41.7443418)",in_transit,800.3902115599705
1790962062.685806,14327,"(-111.8044135, 41.7443325)",in_transit,811.4762555144167
1790962072.9435658,14327,"(-111.8042591, 41.744866)",in_transit,880.4060341086899
1790962083.2173767,14327,"(-111.804271, 41.7455728)",in_transit,958.9127635203162
1790962093.4701955,14327,"(-111.8042721, 41.7457003)",in_transit,973.0722613542124
1790962103.7361875,14327,"(-111.8042908, 41.7457023)",in_transit,973.3300549978227
1790962113.9905384,14327,"(-111.8042931, 41.7459091)",in_transit,996.2876788276997
1790962124.2558293,14327,"(-111.8043223, 41.7463826)",in_transit,1049.023095243396
1790962134.547237,14327,"(-111.8043068, 41.7472486)",in_transit,1148.8418352864032
1790962144.7987542,14327,"(-111.8043168, 41.7481938)",in_transit,1254.1493107004233
1790962155.0680473,14327,"(-111.8043071, 41.7492656)",in_transit,1374.5491640221123
1790962165.3238764,14327,"(-111.803378, 41.7493128)",in_transit,1454.8956139958539
1790962175.5771687,14327,"(-111.8018886, 41.74936)",in_transit,1578.8061879827812
1790962185.857831,14327,"(-111.8018868, 41.7495441)",in_transit,1616.7159509766118
1790962196.1660938,14327,"(-111.8021108, 41.7496505)",Lundstrum,1636.4570877592646
1790962206.4281688,14327,"(-111.802116, 41.7496726)",Lundstrum,1636.9183604403763
1790962216.7224824,14327,"(-111.8021228, 41.7496758)",Lundstrum,1637.488075938101
1790962226.999854,14327,"(-111.8021886, 41.7496631)",Lundstrum,1641.5682825753788
1790962237.2581503,14327,"(-111.8024235, 41.749478)",in_transit,1666.1453938632603
1790962247.5499678,14327,"(-111.8033975, 41.7493875)",in_transit,1453.184870229129
1790962257.8226,14327,"(-111.8040943, 41.7494118)",in_transit,1819.0177466450605
1790962268.1096537,14327,"(-111.8041696, 41.7494343)",in_transit,1825.6181403818457
1790962278.409023,14327,"(-111.804176, 41.7494315)",in_transit,1825.8897523933158
1790962288.737976,14327,"(-111.8043851, 41.7498695)",in_transit,1880.3865210240283
1790962298.9939184,14327,"(-111.8043568, 41.750634)",in_transit,1966.1789255639974
1790962309.28669,14327,"(-111.8043473, 41.7508123)",Aggie Village 1,1985.957871433915
1790962319.554445,14327,"(-111.8043496, 41.7508155)",Aggie Village 1,1986.3177468525246
1790962329.814604,14327,"(-111.8043918, 41.7516863)",in_transit,2083.1711535664244
1790962340.0924268,14327,"(-111.8044018, 41.7525863)",in_transit,2183.1345849091103
1790962350.3640409,14327,"(-111.804654, 41.7530501)",in_transit,2252.8122321070846
1790962360.6207528,14327,"(-111.8056675, 41.7530668)",in_transit,2337.117763386229
1790962370.875769,14327,"(-111.8059981, 41.7530826)",Aggie Village 2,2364.6076283712277
1790962381.1451313,14327,"(-111.8060748, 41.7530953)",Aggie Village 2,2370.9819397226433
1790962391.4325438,14327,"(-111.8066653, 41.7530725)",in_transit,2418.9983597023897
1790962401.7017746,14327,"(-111.8075011, 41.7528671)",in_transit,2491.558742204046
1790962411.9948277,14327,"(-111.8088025, 41.7524593)",in_transit,2607.878863184439
1790962422.2637086,14327,"(-111.8092735, 41.751746)",Aggie Village 3,2694.4191759233763
1790962432.5168004,14327,"(-111.8092856, 41.7515918)",Aggie Village 3,2711.5631752820505
1790962442.7751167,14327,"(-111.8092881, 41.7515836)",Aggie Village 3,2712.4775045384154
1790962453.0383248,14327,"(-111.8092851, 41.7515378)",Aggie Village 3,2717.559139700307
1790962463.3398204,14327,"(-111.8092661, 41.7509213)",in_transit,2785.9834419043787
1790962473.5897088,14327,"(-111.809272, 41.7502933)",in_transit,2855.74169870232
1790962483.8443384,14327,"(-111.8095455, 41.7500926)",in_transit,2905.1953199863647
1790962494.1541018,14327,"(-111.8105911, 41.7501458)",in_transit,2992.2667548048485
1790962504.4255526,14327,"(-111.8122515, 41.7501811)",in_transit,3130.419823488385
1790962514.6915321,14327,"(-111.813218, 41.7501893)",in_transit,3210.8084724308674
1790962524.9610815,14327,"(-111.8135555, 41.7501858)",in_transit,3238.865264448955
1790962535.2899563,14327,"(-111.8137106, 41.7501865)",in_transit,3251.7642882431674
1790962545.5373077,14327,"(-111.8139846, 41.7499121)",in_transit,3295.9028818696233
1790962555.7960587,14327,"(-111.8140215, 41.7489851)",in_transit,3398.912547476025
1790962566.0669045,14327,"(-111.8140903, 41.7487078)",800 E 900 N,3429.8679525395964
1790962576.3246124,14327,"(-111.8141193, 41.7485438)",800 E 900 N,3448.1466477207496
1790962586.5770836,14327,"(-111.8141378, 41.7485471)",800 E 900 N,3447.825963249793
1790962596.8623433,14327,"(-111.8141525, 41.7485558)",800 E 900 N,3446.896394294117
1790962607.1232297,14327,"(-111.8141003, 41.7483091)",in_transit,3474.1558578750546
1790962617.3883848,14327,"(-111.8141168, 41.7473848)",in_transit,3576.811435362287
1790962627.6830733,14327,"(-111.8141498, 41.7465991)",in_transit,3664.119917142008
1790962637.9474928,14327,"(-111.8141498, 41.7465991)",in_transit,3664.119917142008
1790962648.255918,14327,"(-111.813936, 41.7444356)",in_transit,17.918460710073074
1790962658.5251868,14327,"(-111.8136838, 41.7444213)",in_transit,42.3580872799702
1790962668.7857816,14327,"(-111.813489, 41.7444295)",Field House,55.545651889978
1790962679.0713537,14327,"(-111.8134943, 41.7444505)",Field House,55.034247964471795
1790962689.3360422,14327,"(-111.8134868, 41.7444705)",Field House,55.59043877467032
1790962699.6017907,14327,"(-111.813474, 41.7444856)",Field House,56.60379288025485
1790962709.8493047,14327,"(-111.8134765, 41.7444968)",Field House,56.35820398450032
1790962720.1095502,14327,"(-111.8134865, 41.7445043)",Field House,55.50151100231443
1790962730.3717027,14327,"(-111.8135006, 41.7445098)",Field House,54.310671555279875
1790962740.6278543,14327,"(-111.8135131, 41.744512)",Field House,53.19549373272089
1790962750.8773835,14327,"(-111.8135165, 41.7445163)",Field House,52.88855607617288
1790962761.1552067,14327,"(-111.8123483, 41.744517)",in_transit,150.25030954251037
1790962771.40764,14327,"(-111.8116406, 41.744509)",in_transit,209.91585696848966
1790962781.6649632,14327,"(-111.8111073, 41.7444851)",Veterinary Science,254.35239403246712
1790962791.9215262,14327,"(-111.8108968, 41.7444873)",Veterinary Science,271.84604759417067
1790962802.177419,14327,"(-111.8108995, 41.7445025)",Veterinary Science,271.56937984905585
1790962812.44438,14327,"(-111.8103576, 41.744497)",in_transit,316.627514985283
1790962822.704795,14327,"(-111.8091551, 41.7444701)",in_transit,416.74815053192015
1790962832.9898462,14327,"(-111.8083815, 41.7444526)",Industrial Science,481.1437220517475
1790962843.24275,14327,"(-111.8080993, 41.7444453)",in_transit,504.6303544905933
1790962853.503717,14327,"(-111.8080953, 41.7444546)",in_transit,504.9369444168655
1790962863.807245,14327,"(-111.807598, 41.744445)",in_transit,546.3178953507824
1790962874.0647197,14327,"(-111.8067316, 41.744402)",in_transit,618.430562314756
1790962884.3247528,14327,"(-111.8052388, 41.744359)",in_transit,742.7737670616132
1790962894.6022182,14327,"(-111.804625, 41.744368)",in_transit,793.7875410685205
1790962904.863565,14327,"(-111.8045715, 41.7443685)",in_transit,798.2348082890659
1790962915.124566,14327,"(-111.8042801, 41.7445741)",in_transit,848.0361968115442
1790962925.3923593,14327,"(-111.8042633, 41.7453573)",in_transit,934.9694016056376
1790962935.658477,14327,"(-111.8042745, 41.746136)",in_transit,1022.2432972620234
1790962945.9198027,14327,"(-111.8042718, 41.7468578)",in_transit,1105.4954259697704
1790962956.1815405,14327,"(-111.8042905, 41.747653)",in_transit,1194.0499349149768
1790962966.4379573,14327,"(-111.8043261, 41.7489576)",in_transit,1339.562341445338
1790962976.693142,14327,"(-111.8043501, 41.7491466)",in_transit,1360.2805133769716
1790962986.951908,14327,"(-111.8034468, 41.7493031)",in_transit,1762.4514604835883
1790962997.227881,14327,"(-111.801967, 41.7493316)",in_transit,1572.2376153508671
1790963007.4882565,14327,"(-111.80186, 41.7495131)",in_transit,1612.6366471309268
1790963017.741523,14327,"(-111.8020823, 41.7496185)",Lundstrum,1634.045086867869
1790963027.9991927,14327,"(-111.802074, 41.7496131)",Lundstrum,1633.3477511112133
1790963038.2828572,14327,"(-111.8020706, 41.7495995)",Lundstrum,1633.0472563392168
1790963048.57025,14327,"(-111.8023118, 41.7495331)",in_transit,1655.7588880116953
1790963058.8262005,14327,"(-111.8027545, 41.7493516)",in_transit,1506.753927549436
1790963069.0856493,14327,"(-111.8039763, 41.7493821)",in_transit,1808.2051498702692
1790963079.3595233,14327,"(-111.8042171, 41.7494548)",in_transit,1830.1690232097
1790963089.6165998,14327,"(-111.8043571, 41.7499913)",in_transit,1894.4448922682725
1790963099.8774874,14327,"(-111.804343, 41.7507575)",Aggie Village 1,1979.864556908065
1790963110.145118,14327,"(-111.804327, 41.7508233)",Aggie Village 1,1987.1390317823464
1790963120.429298,14327,"(-111.8043616, 41.7512191)",in_transit,2031.270303132619
1790963130.7082732,14327,"(-111.8043801, 41.7524785)",in_transit,2171.1552240511583
1790963140.9766397,14327,"(-111.804391, 41.7530013)",in_transit,2229.224362403829
1790963151.2371187,14327,"(-111.8051608, 41.7530591)",in_transit,2294.9875420466133
1790963161.5219738,14327,"(-111.8059055, 41.7530738)",Aggie Village 2,2356.909452970668
1790963171.7839272,14327,"(-111.8060645, 41.7530883)",Aggie Village 2,2370.1279307527275
1790963182.0846827,14327,"(-111.8061051, 41.7530933)",Aggie Village 2,2373.502725440352
1790963192.3425584,14327,"(-111.8070665, 41.7529831)",in_transit,2453.044529492164
1790963202.6029527,14327,"(-111.8082156, 41.752659)",in_transit,2555.2942799824527
1790963212.8607101,14327,"(-111.8089025, 41.7523721)",in_transit,2619.393356740748
1790963223.1364965,14327,"(-111.8092703, 41.7517283)",Aggie Village 3,2696.3801109761935
1790963233.45079,14327,"(-111.8092835, 41.7515965)",Aggie Village 3,2711.0381164287646
1790963243.710973,14327,"(-111.8093013, 41.7515841)",Aggie Village 3,2712.4416105620494
1790963254.0103695,14327,"(-111.809276, 41.7511431)",in_transit,2761.3764456919903
1790963264.2643645,14327,"(-111.8092835, 41.7502683)",in_transit,2858.5350503462114
1790963274.524832,14327,"(-111.8093761, 41.750102)",in_transit,2891.1515036215515
1790963284.7786388,14327,"(-111.810057, 41.7501486)",in_transit,2947.8600801897974
1790963295.0279658,14327,"(-111.81202, 41.7501775)",in_transit,3111.1609852630495
1790963305.2907028,14327,"(-111.8131865, 41.7501806)",in_transit,3208.168844792248
1790963315.5487115,14327,"(-111.8136626, 41.7501885)",in_transit,3247.7774813224387
1790963325.8046656,14327,"(-111.8136636, 41.7501956)",in_transit,3247.8771453456366
1790963336.059011,14327,"(-111.8138403, 41.750194)",in_transit,3262.5691666920075
1790963346.3304439,14327,"(-111.8138648, 41.7502056)",in_transit,3264.633975143719
1790963356.5879004,14327,"(-111.8139698, 41.7501848)",in_transit,3269.423160297213
1790963366.8713353,14327,"(-111.8139698, 41.7501848)",in_transit,3269.423160297213
1790963377.1606755,14327,"(-111.8141115, 41.7487065)",800 E 900 N,3430.064621692093
1790963387.419311,14327,"(-111.8141196, 41.7485486)",800 E 900 N,3447.6144979663095
1790963397.6998749,14327,"(-111.8141256, 41.7485345)",800 E 900 N,3449.194678178511
1790963407.9672155,14327,"(-111.8140801, 41.7481058)",in_transit,3496.6762360483253
1790963418.2200031,14327,"(-111.814102, 41.7474603)",in_transit,3568.3929526000893
1790963428.4771698,14327,"(-111.8141476, 41.7463046)",in_transit,3696.8101868684616
1790963438.75366,14327,"(-111.814196, 41.7451215)",in_transit,3828.275807501899
1790963449.061446,14327,"(-111.8141953, 41.7447101)",in_transit,3873.9471391338584
1790963459.3197434,14327,"(-111.8142091, 41.744675)",in_transit,3877.8780005871004
1790963469.5790937,14327,"(-111.8142233, 41.7446851)",in_transit,3876.7918090597095
1790963479.8390143,14327,"(-111.8142176, 41.7445963)",in_transit,3886.6543049997945
1790963490.1588564,14327,"(-111.814219, 41.7445701)",in_transit,3889.566529010527
1790963500.4463372,14327,"(-111.8140658, 41.7445005)",in_transit,6.906592403895471
1790963510.7039013,14327,"(-111.8136231, 41.744463)",Field House,45.336467426275924
1790963521.01118,14327,"(-111.813532, 41.7444671)",Field House,51.88121769876129
1790963531.3045871,14327,"(-111.8135453, 41.7444755)",Field House,50.72851736373027
1790963541.5859444,14327,"(-111.8135538, 41.7444968)",Field House,49.90107557402968
1790963551.843907,14327,"(-111.8135648, 41.7445095)",Field House,48.91494536380424
1790963562.1059668,14327,"(-111.8135733, 41.744524)",Field House,48.12624028471144
1790963572.3959239,14327,"(-111.8135626, 41.7445328)",Field House,48.96497489584348
1790963582.6558468,14327,"(-111.8135555, 41.7445321)",Field House,49.5587689243206
1790963592.9236197,14327,"(-111.8135616, 41.7445181)",Field House,49.13178418962097
1790963603.1751444,14327,"(-111.8135653, 41.7445006)",Field House,48.924108126974346
1790963613.436343,14327,"(-111.813557, 41.744496)",Field House,49.63980431574495
1790963623.7287588,14327,"(-111.8135483, 41.7444996)",Field House,50.34201805040662
1790963634.014001,14327,"(-111.813549, 41.7445158)",Field House,50.19158518001236
1790963644.2645764,14327,"(-111.8135545, 41.7445246)",Field House,49.68456377813858
1790963654.516508,14327,"(-111.8135526, 41.7445145)",Field House,49.89993369816673
1790963664.78443,14327,"(-111.8135478, 41.7445166)",Field House,50.286713629621175
1790963675.0714264,14327,"(-111.8135361, 41.744507)",Field House,51.3133348429633
1790963685.3234425,14327,"(-111.8135111, 41.7444863)",Field House,53.50803712267542
1790963695.5870552,14327,"(-111.8128856, 41.744495)",in_transit,105.49321757419318
1790963705.8536742,14327,"(-111.8117685, 41.7444923)",in_transit,199.35273116892847
1790963716.1097398,14327,"(-111.8115275, 41.7444795)",in_transit,219.43813410795147
1790963726.3683136,14327,"(-111.8110335, 41.7444691)",Veterinary Science,260.543139892852
1790963736.643201,14327,"(-111.8108723, 41.7444711)",Veterinary Science,273.93862563376473
1790963746.9323587,14327,"(-111.8108845, 41.7444985)",Veterinary Science,272.8302297736134
1790963757.2011101,14327,"(-111.8103408, 41.7444938)",in_transit,318.0362845822171
1790963767.464371,14327,"(-111.8091655, 41.7444653)",in_transit,415.89557919080136
1790963777.728874,14327,"(-111.8083815, 41.7444375)",Industrial Science,481.1859772462593
1790963787.9815066,14327,"(-111.8081276, 41.7444221)",Industrial Science,502.342011187187
1790963798.2563074,14327,"(-111.8080661, 41.7444283)",in_transit,507.43866322138524
1790963808.507006,14327,"(-111.807884, 41.7444353)",in_transit,522.5615104338387
1790963818.7609313,14327,"(-111.8070656, 41.7443876)",in_transit,590.7873736115192
1790963829.0654023,14327,"(-111.8057205, 41.7443571)",in_transit,702.7243389351032
1790963839.343507,14327,"(-111.8048436, 41.7443533)",in_transit,775.6523822089529
1790963849.6340747,14327,"(-111.8042586, 41.7445516)",in_transit,845.4968382709974
1790963859.9016905,14327,"(-111.8042716, 41.745194)",Aggie Ice Cream,916.8526612384022
1790963870.161417,14327,"(-111.8042731, 41.7456643)",in_transit,969.076788637314
1790963880.4170907,14327,"(-111.8042606, 41.7457043)",in_transit,973.4944502643435
1790963890.6794543,14327,"(-111.8042598, 41.7461358)",in_transit,1022.3436144492061
1790963900.9470787,14327,"(-111.8041821, 41.7465483)",in_transit,1070.322567442884
1790963911.2537928,14327,"(-111.804293, 41.7475143)",in_transit,1178.65348010666
1790963921.5042393,14327,"(-111.80431, 41.7484023)",in_transit,1277.3386793915608
1790963931.7549062,14327,"(-111.8042796, 41.7492875)",in_transit,1377.8342766089404
1790963942.0484118,14327,"(-111.803524, 41.7493071)",in_transit,1442.7595897281135
1790963952.309344,14327,"(-111.8025823, 41.7493226)",in_transit,1521.0609877475877
1790963962.5923884,14327,"(-111.801912, 41.7493331)",in_transit,1576.8142419468888
1790963972.86156,14327,"(-111.8018471, 41.749515)",in_transit,1612.1270067013613
1790963983.1248662,14327,"(-111.8021151, 41.749621)",Lundstrum,1636.7762740737826
1790963993.4063876,14327,"(-111.8021188, 41.7496366)",Lundstrum,1637.1043245372516
1790964003.674082,14327,"(-111.802124, 41.749641)",Lundstrum,1637.5425342213625
1790964013.9338284,14327,"(-111.8021286, 41.7496445)",Lundstrum,1637.929670031754
1790964024.191861,14327,"(-111.8023696, 41.7494886)",in_transit,1662.6284139003249
1790964034.4764862,14327,"(-111.802687, 41.7493916)",in_transit,1512.3894682415764
1790964044.7431886,14327,"(-111.8034423, 41.74937)",in_transit,1449.4796945567332
1790964054.9895935,14327,"(-111.8040913, 41.7493955)",in_transit,1817.8088728157597
1790964065.2445955,14327,"(-111.8043745, 41.7498263)",in_transit,1875.7506072953242
1790964075.5000215,14327,"(-111.8043438, 41.7506115)",in_transit,1963.6548390210974
1790964085.770015,14327,"(-111.8043468, 41.7507933)",Aggie Village 1,1983.847190027807
1790964096.0543747,14327,"(-111.8043398, 41.7507986)",Aggie Village 1,1984.421806915089
1790964106.3452327,14327,"(-111.8043738, 41.7513456)",in_transit,2045.3241061092444
1790964116.637914,14327,"(-111.8043933, 41.7525516)",in_transit,2179.2780791606274
1790964126.8987775,14327,"(-111.8043958, 41.7528683)",in_transit,2214.453810264797
1790964137.1539388,14327,"(-111.8044068, 41.7530085)",in_transit,2230.0286412369455
1790964147.4129608,14327,"(-111.8044183, 41.7530155)",in_transit,2230.8094563837135
1790964157.6654932,14327,"(-111.804977, 41.7530515)",in_transit,2279.669409046436
1790964167.9262166,14327,"(-111.8059453, 41.753058)",Aggie Village 2,2360.225542713316
1790964178.2183378,14327,"(-111.8060285, 41.7530521)",Aggie Village 2,2367.1474613181535
1790964188.4797192,14327,"(-111.8060398, 41.7530473)",Aggie Village 2,2368.089083284782
1790964198.7419279,14327,"(-111.8065785, 41.7530365)",in_transit,2412.7869213558115
1790964209.0095716,14327,"(-111.8073798, 41.7528781)",in_transit,2481.653910420146
1790964219.26964,14327,"(-111.808355, 41.7526068)",in_transit,2568.170094512177
1790964229.5213394,14327,"(-111.8089725, 41.7523181)",in_transit,2627.68331844604
1790964239.7801933,14327,"(-111.8092723, 41.7516773)",Aggie Village 3,2702.048607368101
1790964250.0388305,14327,"(-111.809278, 41.751604)",Aggie Village 3,2710.197060610316
1790964260.3000786,14327,"(-111.8092906, 41.751607)",Aggie Village 3,2709.882649056226
1790964270.5684726,14327,"(-111.809277, 41.7515445)",Aggie Village 3,2716.803057242597
1790964280.8228507,14327,"(-111.809279, 41.750832)",in_transit,2795.9169262761434
1790964291.0871248,14327,"(-111.8092793, 41.7504093)",in_transit,2842.870329973338
1790964301.3741057,14327,"(-111.8092786, 41.750229)",in_transit,2862.89203408272
1790964311.641472,14327,"(-111.8092843, 41.7502173)",in_transit,2864.199795435523
1790964321.905777,14327,"(-111.8092898, 41.7502105)",in_transit,2864.9631138530767
1790964332.1636777,14327,"(-111.8101313, 41.7501385)",in_transit,2954.014920204603
1790964342.4340725,14327,"(-111.8120228, 41.7501393)",in_transit,3111.304874033829
1790964352.7009068,14327,"(-111.8131426, 41.7501425)",in_transit,3204.4297105107453
1790964362.969685,14327,"(-111.813471, 41.750146)",in_transit,3231.7460854550345
1790964373.230176,14327,"(-111.8136645, 41.7501408)",in_transit,3247.824566211401
1790964383.4876783,14327,"(-111.8137148, 41.750142)",in_transit,3252.0100738508672
1790964393.7647142,14327,"(-111.813843, 41.7501413)",in_transit,3262.668652989483
1790964404.0517437,14327,"(-111.8139745, 41.7500188)",in_transit,3284.0327025835295
1790964414.3092184,14327,"(-111.8139985, 41.7491271)",in_transit,3383.0884084037807
1790964424.5692751,14327,"(-111.8141075, 41.7485755)",800 E 900 N,3444.5982150366467
1790964434.837022,14327,"(-111.8141031, 41.7485328)",800 E 900 N,3449.3278559072287
1790964445.09828,14327,"(-111.8140968, 41.7485318)",800 E 900 N,3449.4233194576927
1790964455.400574,14327,"(-111.8140546, 41.7480973)",in_transit,3497.556889993326
1790964465.6577003,14327,"(-111.8140803, 41.7474166)",in_transit,3573.190855084523
1790964475.9618797,14327,"(-111.8141335, 41.7462318)",in_transit,3704.857455783884
1790964486.2368333,14327,"(-111.8141803, 41.7454181)",in_transit,3795.3086334909494
1790964496.4976714,14327,"(-111.8141918, 41.744601)",in_transit,3886.0624202496274
1790964506.7460015,14327,"(-111.813944, 41.7444896)",in_transit,17.046725621061885
1790964517.0400436,14327,"(-111.8135093, 41.7444565)",Field House,53.827322114494145
1790964527.3022077,14327,"(-111.8134376, 41.7444256)",Field House,59.83232428574823
1790964537.5718973,14327,"(-111.8132665, 41.7444206)",Field House,74.07488159765569
1790964547.827483,14327,"(-111.8125143, 41.7444196)",in_transit,136.59478626494862
1790964558.0838456,14327,"(-111.8117816, 41.7444166)",in_transit,198.57410817968469
1790964568.3488083,14327,"(-111.811576, 41.7444128)",in_transit,215.6800395669349
1790964578.600548,14327,"(-111.8115935, 41.744403)",in_transit,214.26553829749028
1790965030.429423,14327,"(-111.8043666, 41.7504161)",in_transit,1941.5680095335433
1790968049.8086233,14327,"(-111.8050733, 41.7530701)",in_transit,2287.7101767388763
1790968060.0692637,14327,"(-111.8057948, 41.7530795)",in_transit,2347.7004539846994
1790968070.3261898,14327,"(-111.8060988, 41.7530908)",Aggie Village 2,2372.9796997143385
1790968080.5980446,14327,"(-111.8061096, 41.7530856)",Aggie Village 2,2373.8798874870245
1790968090.8668592,14327,"(-111.806352, 41.7530711)",in_transit,2394.0451327550322
1790968101.1335347,14327,"(-111.8072321, 41.7529345)",in_transit,2467.973125308879
1790968111.3966796,14327,"(-111.8078426, 41.7527648)",in_transit,2522.13159088464
1790968121.6640368,14327,"(-111.8087658, 41.7524725)",in_transit,2604.560441262248
1790968131.927851,14327,"(-111.8091813, 41.7519711)",in_transit,2669.2990149058114
1790968142.1846879,14327,"(-111.8092613, 41.751783)",in_transit,2690.292509101913
1790968152.440372,14327,"(-111.8092873, 41.751604)",Aggie Village 3,2710.210891713998
1790968162.7063746,14327,"(-111.809284, 41.7515921)",Aggie Village 3,2711.527480696785
1790968172.9626975,14327,"(-111.8092805, 41.7515771)",Aggie Village 3,2713.188027678824
1790968183.2155008,14327,"(-111.8092768, 41.7515661)",Aggie Village 3,2714.4040765980044
1790968193.4652016,14327,"(-111.8092853, 41.7515605)",Aggie Village 3,2715.03859878391
1790968203.7289565,14327,"(-111.8092716, 41.7509168)",in_transit,2786.4901233285923
1790968214.0360043,14327,"(-111.809272, 41.7502295)",in_transit,2862.8266957447763
1790968224.3044138,14327,"(-111.809276, 41.7501708)",in_transit,2869.350235754996
1790968234.5729153,14327,"(-111.809288, 41.7501628)",in_transit,2870.2561303972225
1790968244.8287828,14327,"(-111.8092923, 41.750163)",in_transit,2870.2401868095303
1790968255.0988297,14327,"(-111.8092963, 41.7501683)",in_transit,2869.6574468991057
1790968265.363855,14327,"(-111.8095483, 41.750099)",in_transit,2905.4431102375547
1790968275.6231732,14327,"(-111.8111938, 41.7501448)",in_transit,3042.381928723432
1790968285.893062,14327,"(-111.8122366, 41.7501638)",in_transit,3129.140532078656
1790968296.165093,14327,"(-111.8135476, 41.7501783)",in_transit,3238.1908972789997
1790968306.4829473,14327,"(-111.8137186, 41.7501696)",in_transit,3252.39023703267
1790968316.785509,14327,"(-111.8137125, 41.7501591)",in_transit,3251.858575634852
1790968327.0469537,14327,"(-111.8136966, 41.7501518)",in_transit,3250.5194314647074
1790968337.2982142,14327,"(-111.8137198, 41.7501488)",in_transit,3252.4416615646373
1790968347.5624542,14327,"(-111.8138663, 41.7501593)",in_transit,3264.648861322582
1790968357.8136258,14327,"(-111.8138845, 41.7501515)",in_transit,3266.1437707112837
1790968368.0939705,14327,"(-111.8139201, 41.7501425)",in_transit,3270.1657663708193
1790968378.3816063,14327,"(-111.814002, 41.7493476)",in_transit,3358.6164366390626
1790968388.6530805,14327,"(-111.8140856, 41.7487053)",800 E 900 N,3430.1338949062283
1790968398.899724,14327,"(-111.8141081, 41.7485496)",800 E 900 N,3447.4750846923203
1790968409.184509,14327,"(-111.8141351, 41.7485523)",800 E 900 N,3447.2419987708017
1790968419.4848697,14327,"(-111.8141473, 41.7485555)",800 E 900 N,3446.9168609096305
1790968429.777032,14327,"(-111.8141526, 41.748557)",800 E 900 N,3446.763418577755
1790968440.020834,14327,"(-111.8140925, 41.7481176)",in_transit,3495.396852375267
1790968450.2961257,14327,"(-111.814108, 41.7471431)",in_transit,3603.6225640840585
1790968460.5889962,14327,"(-111.8141291, 41.746367)",in_transit,3689.8368587149657
1790968470.8450973,14327,"(-111.8141438, 41.7451585)",in_transit,3824.039100077002
1790968481.1493502,14327,"(-111.8141616, 41.7446536)",in_transit,3880.136397256073
1790968491.4415178,14327,"(-111.8137531, 41.7444435)",in_transit,33.09297855351871
1790968501.6952076,14327,"(-111.8134805, 41.7444166)",Field House,56.295824162946836
1790968511.936995,14327,"(-111.8134783, 41.7444148)",Field House,56.48480220598687
1790968522.2007196,14327,"(-111.8134655, 41.7444205)",Field House,57.529825450182756
1790968532.4953384,14327,"(-111.8134611, 41.74442)",Field House,57.89733774159788
1790968542.7559447,14327,"(-111.813466, 41.7444225)",Field House,57.481516154033685
1790968553.067646,14327,"(-111.8134831, 41.7444255)",Field House,56.04966947124242
1790968563.3393703,14327,"(-111.8134933, 41.744433)",Field House,55.17634710608786
1790968573.604022,14327,"(-111.8134978, 41.7444356)",Field House,54.79344587130749
1790968583.8910208,14327,"(-111.8135031, 41.7444371)",Field House,54.34773635916701
1790968594.157105,14327,"(-111.8135151, 41.7444388)",Field House,53.44633618276799
1790968604.4250867,14327,"(-111.8135115, 41.7444283)",Field House,53.8052069190377
1790968614.7250714,14327,"(-111.813504, 41.7444193)",Field House,54.33287490172531
1790968624.9911945,14327,"(-111.8134826, 41.7444145)",Field House,56.12829932795494
1790968635.2456338,14327,"(-111.813469, 41.7444138)",Field House,57.26139818914671
1790968645.5033197,14327,"(-111.8134568, 41.7444166)",Field House,58.26630583785248
1790968655.7674274,14327,"(-111.8134623, 41.7444221)",Field House,57.79049166022338
1790968666.0582223,14327,"(-111.8134803, 41.7444243)",Field House,56.28651171462718
1790968676.3144047,14327,"(-111.8134908, 41.7444225)",Field House,55.41957770459885
1790968686.5727892,14327,"(-111.8134746, 41.7444198)",Field House,56.775585321968556
1790968696.8589976,14327,"(-111.8134603, 41.7444193)",Field House,57.96621017628942
1790968707.121349,14327,"(-111.8134761, 41.7444226)",Field House,56.64143819739389
1790968717.4008186,14327,"(-111.8134935, 41.744425)",Field House,55.186670111499055
1790968727.6640992,14327,"(-111.8134946, 41.7444255)",Field House,55.09352869748538
1790968737.9188921,14327,"(-111.8134895, 41.7444171)",Field House,55.54585550373789
1790968748.1915193,14327,"(-111.8134758, 41.7444081)",Field House,56.71523099344917
1790968758.4460964,14327,"(-111.8132628, 41.7444333)",Field House,74.33972018441818
1790968768.7143857,14327,"(-111.8124825, 41.7444333)",in_transit,139.14384097523876
1790968778.986048,14327,"(-111.8118126, 41.744437)",in_transit,195.91363371288907
1790968789.2691402,14327,"(-111.8115996, 41.7444355)",in_transit,213.6252508465812
1790968799.5302908,14327,"(-111.8115836, 41.7444321)",in_transit,214.96917691914595
1790968809.7968857,14327,"(-111.8110761, 41.7444188)",Veterinary Science,257.1740125053422
1790968820.0684643,14327,"(-111.8108721, 41.744425)",Veterinary Science,274.11353230328007
1790968830.402695,14327,"(-111.8108728, 41.7444245)",Veterinary Science,274.05705015008056
1790968840.7074797,14327,"(-111.8105585, 41.7444248)",in_transit,300.18729741906947
1790968850.9706175,14327,"(-111.809813, 41.7444075)",in_transit,362.1980619210608
1790968861.2261224,14327,"(-111.8090851, 41.7443875)",in_transit,422.78060192636104
1790968871.4884014,14327,"(-111.8088573, 41.7443793)",in_transit,441.7451869928383
1790968881.7473772,14327,"(-111.8082746, 41.744367)",Industrial Science,490.2724901162188
1790968892.0080507,14327,"(-111.8080625, 41.7443646)",in_transit,507.9163008601904
1790968902.2640595,14327,"(-111.8080661, 41.7443595)",in_transit,507.63121792344606
1790968912.556719,14327,"(-111.808049, 41.7443613)",in_transit,509.0481241397356
1790968922.8020275,14327,"(-111.807523, 41.7443535)",in_transit,552.8069695951261
1790968933.0686893,14327,"(-111.8068188, 41.7443175)",in_transit,611.7329146193581
1790968943.3345158,14327,"(-111.8067331, 41.7443083)",in_transit,618.9087491404
1790968953.6003447,14327,"(-111.8056288, 41.744289)",in_transit,710.5451925189706
1790968963.8636143,14327,"(-111.8049281, 41.7442998)",in_transit,768.7793295730102
1790968974.133261,14327,"(-111.8046828, 41.7443026)",in_transit,789.1688252872268
1790968984.430432,14327,"(-111.8043763, 41.744318)",in_transit,814.611757604126
1790968994.6895092,14327,"(-111.8042693, 41.7448591)",in_transit,879.6597276728706
1790969004.9493523,14327,"(-111.8042645, 41.7454873)",in_transit,949.4065651833007
1790969015.2055278,14327,"(-111.804263, 41.7456868)",in_transit,971.5558620380676
1790969025.4956853,14327,"(-111.8042721, 41.7457416)",in_transit,977.6581476754656
1790969035.7547069,14327,"(-111.804272, 41.7461295)",in_transit,1021.5458041702241
1790969046.0250642,14327,"(-111.8042255, 41.7465048)",in_transit,1065.1770878671057
1790969056.273245,14327,"(-111.8042891, 41.7475635)",in_transit,1184.109390939208
1790969066.5293288,14327,"(-111.8043033, 41.7484406)",in_transit,1281.5844932750883
1790969076.7774832,14327,"(-111.8043346, 41.7491135)",in_transit,1356.7387680196596
1790969087.034146,14327,"(-111.8042643, 41.7492943)",in_transit,1380.7383158781045
1790969097.2923408,14327,"(-111.8038986, 41.749295)",in_transit,1411.618529021784
1790969107.5551229,14327,"(-111.8025601, 41.7493068)",in_transit,1522.8990273137463
1790969117.8019876,14327,"(-111.8018926, 41.7493435)",in_transit,1578.4453815569314
1790969128.057768,14327,"(-111.8018968, 41.7495281)",in_transit,1615.8554323650746
1790969138.315373,14327,"(-111.8021053, 41.7496233)",Lundstrum,1635.9642188587952
1790969148.573071,14327,"(-111.8021036, 41.749619)",Lundstrum,1635.817229313462
1790969158.818791,14327,"(-111.802102, 41.7496178)",Lundstrum,1635.6825959553792
1790969169.0907252,14327,"(-111.802327, 41.7495185)",in_transit,1657.81450570657
1790969179.3591287,14327,"(-111.802857, 41.7493565)",in_transit,1498.2839785612205
1790969189.6127517,14327,"(-111.803888, 41.74936)",in_transit,1799.21374193925
1790969199.8674977,14327,"(-111.8041276, 41.7494071)",in_transit,1821.037000857304
1790969210.1239822,14327,"(-111.8042985, 41.749557)",in_transit,1843.9683666041499
1790969220.3955376,14327,"(-111.8043361, 41.7503121)",in_transit,1930.007470649591
1790969230.6562078,14327,"(-111.8043335, 41.7508081)",Aggie Village 1,1985.4641640033428
1790969240.9414632,14327,"(-111.8043223, 41.75082)",Aggie Village 1,1986.763295455451
1790969251.2204473,14327,"(-111.80436, 41.7512545)",in_transit,2035.2015787314656
1790969261.4925025,14327,"(-111.8043813, 41.752433)",in_transit,2166.1020126479225
1790969271.7526221,14327,"(-111.8043846, 41.75294)",in_transit,2222.4140772562932
1790969282.0145965,14327,"(-111.8043885, 41.7530111)",in_transit,2230.312094803804
1790969292.3010538,14327,"(-111.8043798, 41.7530031)",in_transit,2229.421026849435
1790969302.5699396,14327,"(-111.8043786, 41.7529955)",in_transit,2228.576566601438
1790969312.8380406,14327,"(-111.804387, 41.752995)",in_transit,2228.523475434931
1790969323.1045332,14327,"(-111.8043858, 41.7530036)",in_transit,2229.478305111817
1790969333.4164367,14327,"(-111.8045293, 41.753064)",in_transit,2242.1763673918213
1790969343.6692855,14327,"(-111.8057491, 41.7530476)",in_transit,2343.9116105147905
1790969353.9470017,14327,"(-111.8059906, 41.7530501)",Aggie Village 2,2363.9960921880083
1790969364.2410054,14327,"(-111.8060225, 41.7530543)",Aggie Village 2,2366.647616378213
1790969374.5019028,14327,"(-111.8062856, 41.7530393)",in_transit,2388.5351491240076
1790969384.8094416,14327,"(-111.8071105, 41.7529313)",in_transit,2458.5522596921746
1790969395.0700178,14327,"(-111.8077536, 41.7527695)",in_transit,2514.9912329192466
1790969405.3529968,14327,"(-111.8087763, 41.7524585)",in_transit,2606.195406443876
1790969415.6122458,14327,"(-111.809202, 41.751935)",in_transit,2673.446945703621
1790969425.880144,14327,"(-111.8092658, 41.751719)",Aggie Village 3,2697.4081490120598
1790969436.1418288,14327,"(-111.8092571, 41.7515618)",Aggie Village 3,2714.852293779314
1790969446.3904383,14327,"(-111.8092556, 41.7511026)",in_transit,2765.843874027207
1790969456.6497822,14327,"(-111.8092561, 41.7503708)",in_transit,2847.1116737400826
1790969466.9035738,14327,"(-111.8092533, 41.7501966)",in_transit,2866.452439771112
1790969477.1599755,14327,"(-111.8094093, 41.7501106)",in_transit,2893.9116341431154
1790969487.4097772,14327,"(-111.8104751, 41.7501385)",in_transit,2982.603696137773
1790969497.6627789,14327,"(-111.8110823, 41.7501505)",in_transit,3033.1235893745625
1790969507.9270365,14327,"(-111.8126413, 41.7501581)",in_transit,3162.780942620466
1790969518.2210116,14327,"(-111.8134121, 41.750142)",in_transit,3226.8389300799017
1790969528.4791818,14327,"(-111.8136353, 41.7501296)",in_transit,3245.3703857859227
1790969538.7605019,14327,"(-111.8136763, 41.7501276)",in_transit,3248.7751081824035
1790969549.0071073,14327,"(-111.8137673, 41.7501101)",in_transit,3256.299819530785
1790969559.2610354,14327,"(-111.8137595, 41.7500971)",in_transit,3255.6203688543524
1790969569.5341198,14327,"(-111.8137595, 41.7500971)",in_transit,3255.6203688543524
1790969579.805638,14327,"(-111.8140113, 41.7488626)",in_transit,3412.487172293887
1790969590.0686848,14327,"(-111.8140815, 41.7486703)",800 E 900 N,3434.0094314383196
1790969600.3239522,14327,"(-111.8140801, 41.7485635)",800 E 900 N,3445.8627879152223
1790969610.6063793,14327,"(-111.8140775, 41.7485606)",800 E 900 N,3446.1783228818267
1790969620.8630674,14327,"(-111.8140631, 41.747928)",in_transit,3516.373368307497
1790969631.132183,14327,"(-111.8140893, 41.7472658)",in_transit,3589.9544374992624
1790969641.3894246,14327,"(-111.8141133, 41.7460796)",in_transit,3721.7045070413214
1790969651.684514,14327,"(-111.8141133, 41.7460796)",in_transit,3721.7045070413214
1790969661.9466455,14327,"(-111.8141251, 41.7447966)",in_transit,3864.170520050393
1790969672.2144957,14327,"(-111.814151, 41.7447615)",in_transit,3868.131289355245
1790969682.471966,14327,"(-111.8141521, 41.7446715)",in_transit,3878.1256834883816
1790969692.7384288,14327,"(-111.8135283, 41.7444516)",Field House,52.27687773478707
1790969702.9991605,14327,"(-111.813474, 41.7444476)",Field House,56.73181364063422
1790969713.2631195,14327,"(-111.813464, 41.7444446)",Field House,57.573347052293784
1790969723.5286024,14327,"(-111.8134636, 41.7444441)",Field House,57.60828860213249
1790969733.801918,14327,"(-111.8134746, 41.7444478)",Field House,56.68125425791303
1790969744.0568671,14327,"(-111.8134675, 41.7444416)",Field House,57.29245470118492
1790969754.3155713,14327,"(-111.8134436, 41.744433)",Field House,59.308537593840335
1790969764.6285024,14327,"(-111.813422, 41.7444236)",Field House,61.13608806950859
1790969774.8730135,14327,"(-111.8134151, 41.7444166)",Field House,61.7333558334354
1790969785.1339827,14327,"(-111.8134103, 41.7444111)",Field House,62.15097048960643
1790969795.404614,14327,"(-111.8133826, 41.7444045)",Field House,64.47625900411819
1790969805.6572378,14327,"(-111.8122831, 41.744393)",in_transit,155.75688455637675
1790969815.9528832,14327,"(-111.8116261, 41.7443978)",in_transit,211.5770025051736
1790969826.2091613,14327,"(-111.8115563, 41.7443863)",in_transit,217.42622257463933
1790969836.4636636,14327,"(-111.8115485, 41.7443733)",in_transit,218.12788482095047
1790969846.7300358,14327,"(-111.8114996, 41.7443681)",in_transit,222.2139822998344
1790969856.9863102,14327,"(-111.8109893, 41.74436)",Veterinary Science,264.5925430816815
1790969867.2496607,14327,"(-111.8108458, 41.744364)",in_transit,276.509583539716
1790969877.5122101,14327,"(-111.8108323, 41.7443718)",in_transit,277.6052100597035
1790969887.7677348,14327,"(-111.8108123, 41.7443715)",in_transit,279.26906539208784
1790969898.0524654,14327,"(-111.8107845, 41.7443695)",in_transit,281.58725951432075
1790969908.3168952,14327,"(-111.8098595, 41.7443565)",in_transit,358.4616064168084
1790969918.5891802,14327,"(-111.8085418, 41.7443276)",in_transit,468.163822814669
1790969928.8623447,14327,"(-111.8081685, 41.7443221)",Industrial Science,499.2208532936295
1790969939.174747,14327,"(-111.8079668, 41.7443246)",in_transit,515.9861528745197
1790969949.462044,14327,"(-111.8079626, 41.7443418)",in_transit,516.2872615134155
1790969959.778518,14327,"(-111.8079613, 41.7443503)",in_transit,516.3715719477706
1790969970.0616481,14327,"(-111.807536, 41.7443418)",in_transit,551.7582273613724
1790969980.325371,14327,"(-111.806281, 41.7443083)",in_transit,656.2578418673913
1790969990.6223795,14327,"(-111.8048868, 41.7443005)",in_transit,772.2115572686705
1790970000.889014,14327,"(-111.8046075, 41.7443)",in_transit,795.4377307006389
1790970011.1760156,14327,"(-111.8045331, 41.7442943)",in_transit,801.6406887525321
1790970021.4407432,14327,"(-111.8044043, 41.7442806)",in_transit,812.3924117813685
1790970031.7002935,14327,"(-111.8042328, 41.7443878)",in_transit,827.2584346228278
1790970041.9517457,14327,"(-111.804268, 41.7456048)",in_transit,962.4602625330299
1790970052.2150218,14327,"(-111.8042673, 41.7457048)",in_transit,973.5627662941081
1790970062.475233,14327,"(-111.8042696, 41.7457906)",in_transit,983.0942548845983
1790970072.729327,14327,"(-111.8042411, 41.7464761)",in_transit,1062.3884740889234
1790970082.9812095,14327,"(-111.80427, 41.7471371)",in_transit,1136.1365798824108
1790970093.2450294,14327,"(-111.8042881, 41.7480771)",in_transit,1241.1374962541863
1790970103.4893034,14327,"(-111.8043171, 41.7489341)",in_transit,1337.0324299705715
1790970113.75733,14327,"(-111.8043368, 41.7491403)",in_transit,1359.6858143792617
1790949584.7801452,14327,"(-111.8092575, 41.7444216)",in_transit,408.3567646530094
1790949595.0238507,14327,"(-111.8082468, 41.744404)",Industrial Science,492.4806428731459
1790957935.3507373,14327,"(-111.8141675, 41.7434691)",in_transit,3.6788737381013363
1790957945.611066,14327,"(-111.8141675, 41.7434691)",in_transit,3.6788737381013363
1790957955.8750904,14327,"(-111.8141675, 41.7434691)",in_transit,3.6788737381013363
1790957966.1447294,14327,"(-111.8141675, 41.7434691)",in_transit,3.6788737381013363
1790957976.4377053,14327,"(-111.8141675, 41.7434691)",in_transit,3.6788737381013363
1790975248.9989557,14327,"(-111.8108666, 41.7444593)",Veterinary Science,274.4530439996989
1790975259.2578945,14327,"(-111.8098705, 41.7444486)",in_transit,357.3113101808029
1790975269.5350394,14327,"(-111.8089155, 41.7444215)",in_transit,436.7973583729199
1790975279.7959998,14327,"(-111.8081138, 41.7443973)",Industrial Science,503.5589516195671
1790975290.06667,14327,"(-111.8080385, 41.7443946)",in_transit,509.82804774705994
1790975300.3354676,14327,"(-111.8080466, 41.7443918)",in_transit,509.16233227897493
1790975310.597037,14327,"(-111.8077905, 41.7443893)",in_transit,530.4652171405477
1790975320.906374,14327,"(-111.8070051, 41.7443598)",in_transit,595.99019831347
1790975331.170007,14327,"(-111.805541, 41.7443368)",in_transit,717.7086768472774
1790975341.4443796,14327,"(-111.8047358, 41.7443453)",in_transit,784.6392503047758
1790975351.6910758,14327,"(-111.8042773, 41.7445291)",in_transit,843.0341270031687
1790975361.9424365,14327,"(-111.8042673, 41.7454136)",in_transit,941.2284993066972
1790975372.198823,14327,"(-111.8042588, 41.7456921)",in_transit,972.1363437263044
1790975382.4611022,14327,"(-111.804262, 41.745769)",in_transit,980.6813093884583
1790975392.7201416,14327,"(-111.8042895, 41.7463125)",in_transit,1041.6233323489278
1790975402.975686,14327,"(-111.8042743, 41.7469273)",in_transit,1113.2166796870913
1790975413.230619,14327,"(-111.8043015, 41.7482133)",in_transit,1256.286092805357
1790975423.50591,14327,"(-111.8043358, 41.7490366)",in_transit,1348.224863061543
1790975433.769586,14327,"(-111.8040343, 41.7493268)",in_transit,1400.383136209858
1790975444.0689232,14327,"(-111.8023533, 41.7493413)",in_transit,1540.1275809469696
1790975454.3271601,14327,"(-111.8018666, 41.7495316)",in_transit,1614.5803787286764
1790975464.582622,14327,"(-111.8018666, 41.7495316)",in_transit,1614.5803787286764
1790975474.858486,14327,"(-111.8021171, 41.7496241)",Lundstrum,1636.9466505318517
1790975485.131768,14327,"(-111.8021091, 41.7496223)",Lundstrum,1636.2789564670238
1790975495.4047918,14327,"(-111.8020975, 41.7496263)",Lundstrum,1635.3194129758663
1790975505.6873643,14327,"(-111.8023575, 41.7494931)",in_transit,1661.6043295512834
1790975515.9852524,14327,"(-111.8032843, 41.7493638)",in_transit,1462.6279131488009
1790975526.27465,14327,"(-111.8040263, 41.749365)",in_transit,1811.3544847472874
1790975536.5421784,14327,"(-111.804351, 41.7497983)",in_transit,1872.6896033269777
1790975546.7913299,14327,"(-111.8043456, 41.7504581)",in_transit,1945.6867863588861
1790975557.0459125,14327,"(-111.8043735, 41.7508223)",Aggie Village 1,1987.1201697913561
1790975567.3046374,14327,"(-111.8043803, 41.7509695)",in_transit,2003.4781974576374
1790975577.5933497,14327,"(-111.8043821, 41.7517095)",in_transit,2085.745092787236
1790975587.8742003,14327,"(-111.8043886, 41.7528586)",in_transit,2213.374364083258
1790975598.1320162,14327,"(-111.8047041, 41.7530361)",in_transit,2257.0053174046034
1790975608.3889215,14327,"(-111.805529, 41.7530266)",in_transit,2325.6107137577296
1790975628.9120152,14327,"(-111.8060211, 41.7530363)",Aggie Village 2,2366.5379558184914
1790975639.2206442,14327,"(-111.8062725, 41.7530175)",in_transit,2387.453843471124
1790975649.4781442,14327,"(-111.8069636, 41.7529463)",in_transit,2446.5699583349824
1790975659.7731864,14327,"(-111.8082555, 41.7525841)",in_transit,2561.2494236770603
1790975670.0610821,14327,"(-111.8092108, 41.7518926)",in_transit,2678.0477145650075
1790975680.325203,14327,"(-111.8092591, 41.7516546)",Aggie Village 3,2704.5498143747773
1790975690.5878317,14327,"(-111.8092558, 41.7515908)",Aggie Village 3,2711.6299060606425
1790975700.843072,14327,"(-111.80921, 41.7513718)",in_transit,2735.8818144181155
1790975711.1311173,14327,"(-111.8092066, 41.750381)",in_transit,2845.905361035652
1790975721.390975,14327,"(-111.8092035, 41.7501815)",in_transit,2868.0563313242733
1790975731.6503837,14327,"(-111.810169, 41.7501095)",in_transit,2957.082129369983
1790975741.9373045,14327,"(-111.8120643, 41.7501405)",in_transit,3114.7586158802164
1790975752.1950283,14327,"(-111.8132713, 41.7501296)",in_transit,3215.1018101815034
1790975762.4587662,14327,"(-111.8139578, 41.7497648)",in_transit,3312.192396609454
1790975772.7234478,14327,"(-111.81397, 41.7489125)",in_transit,3406.8453539723696
1790975783.0153544,14327,"(-111.8140928, 41.7485621)",800 E 900 N,3446.0495719539895
1790975793.2864385,14327,"(-111.8141056, 41.7485675)",800 E 900 N,3445.4816745711114
1790975803.5410407,14327,"(-111.8141178, 41.7485705)",800 E 900 N,3445.1787408206874
1790975813.838421,14327,"(-111.8141133, 41.7485603)",800 E 900 N,3446.3000222352875
1790975824.0955057,14327,"(-111.8140786, 41.7481523)",in_transit,3491.510157206896
1790975834.3599384,14327,"(-111.8141098, 41.7471256)",in_transit,3605.5698332421007
1790975844.62657,14327,"(-111.8141296, 41.7462973)",in_transit,3697.57609052976
1790975854.8860435,14327,"(-111.8141538, 41.7450676)",in_transit,3834.1554097705857
1790975865.1659153,14327,"(-111.8140813, 41.7446318)",in_transit,3882.3581273817827
1790975875.4604228,14327,"(-111.8140491, 41.744482)",in_transit,8.387954229789171
1790975885.7308264,14327,"(-111.8138061, 41.7444605)",in_transit,28.621938340756394
1790975895.9948785,14327,"(-111.813552, 41.7444648)",Field House,50.232891158281944
1790975906.2588046,14327,"(-111.8135786, 41.7445105)",Field House,47.762864038640494
1790975916.5260012,14327,"(-111.8136005, 41.744555)",in_transit,43.30431627801008
1790975926.816736,14327,"(-111.8136223, 41.7445926)",in_transit,40.07515885281363
1790975937.077614,14327,"(-111.8125698, 41.7445593)",in_transit,131.58923618364557
1790975947.361735,14327,"(-111.8113116, 41.7445003)",in_transit,237.3144821306241
1790975957.6298065,14327,"(-111.8109778, 41.7444885)",Veterinary Science,265.1074969294489
1790975967.8781178,14327,"(-111.810885, 41.7444738)",Veterinary Science,272.87346309952665
1790975978.1283846,14327,"(-111.810642, 41.7444598)",in_transit,293.12482970065514
1790975988.384894,14327,"(-111.809894, 41.7444453)",in_transit,355.3655165491116
1790975998.6258535,14327,"(-111.8088261, 41.7444106)",in_transit,444.1747778209623
1790976008.8830745,14327,"(-111.8081576, 41.744394)",Industrial Science,499.92601676352734
1790976019.1328318,14327,"(-111.808047, 41.7443876)",in_transit,509.1408253419948
1790976029.4004986,14327,"(-111.8080523, 41.7443836)",in_transit,508.71130115187225
1790976039.6660333,14327,"(-111.807454, 41.7443736)",in_transit,558.4892371222473
1790976049.9241626,14327,"(-111.8065148, 41.7443358)",in_transit,636.6385230335484
1790976060.2242184,14327,"(-111.805116, 41.7443218)",in_transit,753.0917523429517
1790976070.5190132,14327,"(-111.8045508, 41.744336)",in_transit,800.049285637793
1790976080.7875397,14327,"(-111.8042646, 41.7445635)",in_transit,846.8296359237933
1790976091.0626652,14327,"(-111.8042778, 41.7456463)",in_transit,967.0870742419585
1790976101.3320305,14327,"(-111.8042766, 41.7457005)",in_transit,973.103063964115
1790976111.6047533,14327,"(-111.804278, 41.7457138)",in_transit,974.5825487848311
1790976121.8630524,14327,"(-111.8042855, 41.746109)",in_transit,1019.167930955343
1790976132.1466365,14327,"(-111.8042371, 41.7465228)",in_transit,1066.4571538917135
1790976142.397263,14327,"(-111.8043046, 41.7472483)",in_transit,1148.7811126495149
1790976152.6574798,14327,"(-111.8043178, 41.748134)",in_transit,1247.510985235789
1790976162.934261,14327,"(-111.8043611, 41.7491875)",in_transit,1364.6325823552854
1790976173.1944788,14327,"(-111.8042485, 41.749317)",in_transit,1382.0398994817942
1790976183.4575448,14327,"(-111.8033958, 41.7493143)",in_transit,1453.4134035752236
1790976193.7250013,14327,"(-111.8020308, 41.7493283)",in_transit,1566.9260668364107
1790976203.9848862,14327,"(-111.8018778, 41.749515)",in_transit,1613.7306859838443
1790976214.2400913,14327,"(-111.8021081, 41.7496211)",Lundstrum,1636.1942242753487
1790976224.5314019,14327,"(-111.802114, 41.7495913)",Lundstrum,1636.6460895476516
1790976234.7876906,14327,"(-111.802119, 41.7495756)",Lundstrum,1637.041475676462
1790976245.033706,14327,"(-111.8021195, 41.7495686)",Lundstrum,1637.0739390508732
1790976255.3048687,14327,"(-111.8021168, 41.7495761)",Lundstrum,1636.8591561566918
1790976265.5810077,14327,"(-111.8021093, 41.7495928)",Lundstrum,1636.2571515244556
1790976275.8464143,14327,"(-111.8020993, 41.749613)",Lundstrum,1635.4517862754037
1790976286.1002438,14327,"(-111.8023078, 41.7495181)",in_transit,1656.8377535821237
1790976296.3792207,14327,"(-111.8031125, 41.749343)",in_transit,1476.9412647236422
1790976306.6400962,14327,"(-111.8039183, 41.749348)",in_transit,1802.3160300615903
1790976316.896805,14327,"(-111.804351, 41.7499071)",in_transit,1885.1485712491356
1790976327.1584811,14327,"(-111.8043695, 41.7507381)",Aggie Village 1,1977.76298181082
1790976337.4451876,14327,"(-111.8043781, 41.7508283)",Aggie Village 1,1987.7955062101773
1790976347.713776,14327,"(-111.8043836, 41.7508276)",Aggie Village 1,1987.7286832777486
1790976357.9684844,14327,"(-111.8043935, 41.7513035)",in_transit,2040.6543385434793
1790976368.2792056,14327,"(-111.8044056, 41.7525563)",in_transit,2179.803671997374
1790976378.5444987,14327,"(-111.8045225, 41.7530768)",in_transit,2241.4511934199923
1790976388.8236983,14327,"(-111.8054035, 41.7530681)",in_transit,2315.172878497686
1790976399.0935078,14327,"(-111.8060353, 41.7530665)",Aggie Village 2,2367.707591962237
1790976409.3564687,14327,"(-111.8060275, 41.7530613)",Aggie Village 2,2367.0608281691952
1790976419.6602597,14327,"(-111.806025, 41.7530601)",Aggie Village 2,2366.853356367718
1790976429.9180918,14327,"(-111.8060978, 41.753047)",Aggie Village 2,2372.9130244884163
1790976440.2180731,14327,"(-111.8066088, 41.7530238)",in_transit,2415.5480980891007
1790976450.4782648,14327,"(-111.8076065, 41.752791)",in_transit,2502.672232219991
1790976460.745599,14327,"(-111.8084468, 41.7525651)",in_transit,2576.9265615485465
1790976471.0055704,14327,"(-111.8091085, 41.7521001)",in_transit,2653.7539122910307
1790976481.2683434,14327,"(-111.8092906, 41.751658)",Aggie Village 3,2704.2190913426684
1790976491.5226467,14327,"(-111.8093025, 41.7516108)",Aggie Village 3,2709.4783561870495
1790976501.79079,14327,"(-111.8092741, 41.7509876)",in_transit,2778.6419775115105
1790976512.05146,14327,"(-111.809264, 41.7503466)",in_transit,2849.810832784126
1790976522.3252378,14327,"(-111.8095278, 41.7501245)",in_transit,2903.7980155099954
1790976532.5800304,14327,"(-111.8109001, 41.750152)",in_transit,3017.9762051608304
1790976542.872514,14327,"(-111.8122338, 41.7501576)",in_transit,3128.893262513826
1790976553.129129,14327,"(-111.8135118, 41.7501451)",in_transit,3235.136733248818
1790976563.3937936,14327,"(-111.8135286, 41.7501431)",in_transit,3236.529093446095
1790976573.6581745,14327,"(-111.8135311, 41.7501445)",in_transit,3236.7402374434914
1790976583.9642322,14327,"(-111.8136318, 41.750146)",in_transit,3245.117475138509
1790976594.2292793,14327,"(-111.8139538, 41.7499488)",in_transit,3291.754789462925
1790976604.4885447,14327,"(-111.8139878, 41.7491975)",in_transit,3375.2468861050593
1790976614.7475436,14327,"(-111.814097, 41.7486528)",800 E 900 N,3435.990532404101
1790976625.0117059,14327,"(-111.8141156, 41.7485545)",800 E 900 N,3446.9496104482105
1790976635.2777593,14327,"(-111.814072, 41.7483465)",in_transit,3469.9338772842166
1790976645.582707,14327,"(-111.8140605, 41.7477998)",in_transit,3530.5995487516366
1790976655.8460286,14327,"(-111.8140605, 41.7477998)",in_transit,3530.5995487516366
1790976666.164007,14327,"(-111.8141136, 41.7466833)",in_transit,3654.6828794417506
1790976676.4170375,14327,"(-111.814152, 41.7449985)",in_transit,3841.8223479042326
1790976686.681112,14327,"(-111.8141401, 41.7446683)",in_transit,3878.451283231777
1790976696.950036,14327,"(-111.8141435, 41.7446591)",in_transit,3879.4810580971925
1790976707.2224038,14327,"(-111.8141666, 41.7446596)",in_transit,3879.4826437524735
1790976717.4862103,14327,"(-111.8141693, 41.7446273)",in_transit,3883.0752183489294
1790976727.7965817,14327,"(-111.8141706, 41.744592)",in_transit,3887.0038554315997
1790976738.0531118,14327,"(-111.8139203, 41.7444678)",in_transit,19.100380581916358
1790976748.3461657,14327,"(-111.8135558, 41.7444418)",Field House,50.04823848016323
1790976758.6005266,14327,"(-111.813558, 41.744465)",Field House,49.73332331678794
1790976768.8708875,14327,"(-111.8135556, 41.74449)",Field House,49.7902830582524
1790976779.1401227,14327,"(-111.8135501, 41.7445371)",Field House,49.97887178269979
1790976789.3855886,14327,"(-111.813447, 41.7445515)",Field House,58.62662580807977
1790976799.6328669,14327,"(-111.8122358, 41.7444836)",in_transit,159.63041711489603
1790976809.8975167,14327,"(-111.8116486, 41.7444725)",in_transit,209.40048797936936
1790976820.1843646,14327,"(-111.8115865, 41.7444661)",in_transit,214.5887377346557
1790976830.4526906,14327,"(-111.8115775, 41.7444625)",in_transit,215.3516135299481
1790976840.7262208,14327,"(-111.8110073, 41.7444508)",Veterinary Science,262.784265473458
1790976850.9841352,14327,"(-111.810838, 41.7444495)",Veterinary Science,276.8645284734209
1790976861.2462153,14327,"(-111.810835, 41.744455)",in_transit,277.0950681667582
1790976871.512727,14327,"(-111.8097406, 41.744425)",in_transit,368.1740079544559
1790976881.7764244,14327,"(-111.8089715, 41.7444083)",in_transit,432.17423552161677
1790976892.0705547,14327,"(-111.8081365, 41.7444018)",Industrial Science,501.6587487602445
1790976902.377817,14327,"(-111.808065, 41.7443891)",in_transit,507.6398446640857
1790976912.6240778,14327,"(-111.8080645, 41.7443958)",in_transit,507.66267024903914
1790976922.872516,14327,"(-111.8079405, 41.7443963)",in_transit,517.9724379102445
1790976933.1221683,14327,"(-111.806668, 41.7443516)",in_transit,624.036206990255
1790976943.3879604,14327,"(-111.8056785, 41.7443351)",in_transit,706.2799952349135
1790976953.6467476,14327,"(-111.8047905, 41.7443461)",in_transit,780.0884694132193
1790976963.903144,14327,"(-111.80455, 41.7443425)",in_transit,800.097167448662
1790976974.162696,14327,"(-111.804548, 41.7443471)",in_transit,800.2502820950799
1790976984.4188533,14327,"(-111.8045453, 41.7443523)",in_transit,800.459883336865
1790976994.6904638,14327,"(-111.8042711, 41.7446066)",in_transit,851.6277872649368
1790977004.9577157,14327,"(-111.8042705, 41.745672)",in_transit,969.9268184221348
1790977015.2138908,14327,"(-111.8042688, 41.7457026)",in_transit,973.3213467596931
1790977025.4896667,14327,"(-111.8042635, 41.745776)",in_transit,981.4614432280257
1790977035.7771723,14327,"(-111.8042121, 41.7465383)",in_transit,1068.7279112227945
1790977046.0550625,14327,"(-111.8042843, 41.7469528)",in_transit,1116.0594441306623
1790977056.321672,14327,"(-111.804311, 41.7485033)",in_transit,1288.5566076401724
1790977066.5827384,14327,"(-111.8043496, 41.7491653)",in_transit,1362.3524622220966
1790977076.8374546,14327,"(-111.8034333, 41.7493273)",in_transit,1450.2790555557906
1790977087.1046495,14327,"(-111.8020741, 41.7493306)",in_transit,1563.3289520160317
1790977097.4042752,14327,"(-111.8018333, 41.7494133)",in_transit,1602.0009572805923
1790977107.6846688,14327,"(-111.8021148, 41.7496258)",Lundstrum,1636.7575778909068
1790977117.9762487,14327,"(-111.8021071, 41.7496211)",Lundstrum,1636.1110556895185
1790977128.2755458,14327,"(-111.8021068, 41.7496181)",Lundstrum,1636.0821960885276
1790977138.5504074,14327,"(-111.8021098, 41.7496151)",Lundstrum,1636.3277928411546
1790977148.8130434,14327,"(-111.8021175, 41.7496158)",Lundstrum,1636.9691031058153
1790977159.0742033,14327,"(-111.8021251, 41.7496151)",Lundstrum,1637.6002723190707
1790977169.3447378,14327,"(-111.8023556, 41.7495125)",in_transit,1659.8364895260072
1790977179.6014726,14327,"(-111.8026098, 41.7493491)",in_transit,1518.7878294230138
1790977189.864783,14327,"(-111.8038001, 41.7493438)",in_transit,1791.883832661224
1790977200.1308823,14327,"(-111.8040455, 41.7493535)",in_transit,1812.3593104746142
1790977210.405974,14327,"(-111.804349, 41.750097)",in_transit,1906.124871487513
1790977220.674923,14327,"(-111.8043606, 41.7507213)",Aggie Village 1,1975.8799293879254
1790977230.9356408,14327,"(-111.804364, 41.750817)",Aggie Village 1,1986.5128457502178
1790977241.2135303,14327,"(-111.8043673, 41.7511916)",in_transit,2028.217739260143
1790977251.4822035,14327,"(-111.804378, 41.7519056)",in_transit,2107.5241856782513
1790977261.7458663,14327,"(-111.8043836, 41.7529761)",in_transit,2226.4233152293605
1790977272.0597599,14327,"(-111.8051535, 41.7530726)",in_transit,2294.3804030608844
1790977282.3214488,14327,"(-111.8059425, 41.7530733)",Aggie Village 2,2359.986909658522
1790977292.6049323,14327,"(-111.8060576, 41.7530763)",Aggie Village 2,2369.558580228756
1790977302.8718936,14327,"(-111.8061098, 41.7530756)",Aggie Village 2,2373.9002873142367
1790977313.1308856,14327,"(-111.8071991, 41.7529401)",in_transit,2465.0552952293547
1790977323.3910513,14327,"(-111.8080585, 41.7526971)",in_transit,2541.5682527709787
1790977333.6923132,14327,"(-111.8091071, 41.7521183)",in_transit,2651.8715252758
1790977343.9546676,14327,"(-111.8092735, 41.751737)",Aggie Village 3,2695.418633575414
1790977354.214402,14327,"(-111.8092763, 41.7516018)",Aggie Village 3,2710.438842662828
1790977364.479833,14327,"(-111.8092708, 41.7515976)",Aggie Village 3,2710.897073560486
1790977374.7717855,14327,"(-111.8092568, 41.7508808)",in_transit,2790.4694506647256
1790977385.047103,14327,"(-111.8092606, 41.750322)",in_transit,2852.5376101971738
1790977395.3164191,14327,"(-111.809263, 41.7501845)",in_transit,2867.8098940189275
1790977405.584933,14327,"(-111.8095073, 41.7501076)",in_transit,2902.0538402394004
1790977415.8533044,14327,"(-111.811595, 41.7501688)",in_transit,3075.800354663391
1790977426.1448953,14327,"(-111.8129323, 41.7501723)",in_transit,3187.0124335974415
1790977436.4083135,14327,"(-111.8135371, 41.7501605)",in_transit,3237.276375120744
1790977446.6755555,14327,"(-111.8137808, 41.7501501)",in_transit,3257.517311513644
1790977456.9690967,14327,"(-111.8139596, 41.7495008)",in_transit,3341.5065067521336
1790977467.233929,14327,"(-111.8140238, 41.7488191)",in_transit,3417.3473570595875
1790977477.499369,14327,"(-111.8140821, 41.7486333)",800 E 900 N,3438.1186104185554
1790977487.7545342,14327,"(-111.814101, 41.7485523)",800 E 900 N,3447.1578032651496
1790977498.0203388,14327,"(-111.8141103, 41.7484943)",800 E 900 N,3453.6198589820488
1790977508.290144,14327,"(-111.8140768, 41.7479838)",in_transit,3510.212371583103
1790977518.5527623,14327,"(-111.8141048, 41.746887)",in_transit,3632.046627146966
1790977528.8372142,14327,"(-111.814136, 41.7460226)",in_transit,3728.088725585681
1790977539.1016877,14327,"(-111.814136, 41.7460226)",in_transit,3728.088725585681
1790977549.370184,14327,"(-111.8141526, 41.7447293)",in_transit,3871.710043413699
1790977559.628971,14327,"(-111.8141356, 41.7446586)",in_transit,3879.517041303772
1790977569.8914938,14327,"(-111.814126, 41.7446526)",in_transit,3880.159424972475
1790977580.1485915,14327,"(-111.8138683, 41.7444511)",in_transit,23.487138244674853
1790977590.4130538,14327,"(-111.8138683, 41.7444511)",in_transit,23.487138244674853
1790977600.670053,14327,"(-111.8135216, 41.7444493)",Field House,52.84655835778924
1790977610.9263616,14327,"(-111.8135235, 41.7444548)",Field House,52.6573918221935
1790977621.1853566,14327,"(-111.8135295, 41.7444628)",Field House,52.11339120194224
1790977631.4454317,14327,"(-111.813544, 41.7444723)",Field House,50.854738940620734
1790977641.7287414,14327,"(-111.8135626, 41.7444861)",Field House,49.23099949498107
1790977651.9908805,14327,"(-111.8135805, 41.744499)",Field House,47.67053744713276
1790977662.2460625,14327,"(-111.813583, 41.7445001)",Field House,47.45659291561539
1790977672.5355678,14327,"(-111.8133355, 41.744505)",Field House,68.0536811226298
1790977682.811373,14327,"(-111.8121593, 41.7444661)",in_transit,166.00539427500655
1790977693.0907671,14327,"(-111.8119531, 41.7444573)",in_transit,183.1150749846603
1790977703.3439772,14327,"(-111.8119345, 41.7444513)",in_transit,184.52227411173263
1790977713.6077216,14327,"(-111.8114283, 41.7444421)",in_transit,227.81169467214085
1790977723.8633754,14327,"(-111.810922, 41.7444316)",Veterinary Science,269.94212663250914
1790977734.1232402,14327,"(-111.8108671, 41.744421)",Veterinary Science,274.54297180822033
1790977744.3985698,14327,"(-111.8108788, 41.7444015)",Veterinary Science,273.6371703099462
1790977754.6629484,14327,"(-111.8103795, 41.7443903)",in_transit,315.211960699242
1790977764.9746451,14327,"(-111.8095503, 41.7443751)",in_transit,384.12678540326255
1790977775.2280083,14327,"(-111.8088231, 41.7443521)",in_transit,444.2451400926789
1790977785.4824464,14327,"(-111.8081596, 41.7443363)",Industrial Science,499.92118917351024
1790977795.7419193,14327,"(-111.8080558, 41.7443418)",in_transit,508.5372488108583
1790977806.0089648,14327,"(-111.8080605, 41.7443503)",in_transit,508.1226324633792
1790977816.2707953,14327,"(-111.8075215, 41.74434)",in_transit,552.9689463964486
1790977826.538932,14327,"(-111.8062221, 41.74431)",in_transit,661.1506533303768
1790977836.8326485,14327,"(-111.8053926, 41.7442898)",in_transit,730.1836963067527
1790977847.093968,14327,"(-111.8051225, 41.7443115)",in_transit,752.5807956606535
1790977857.3605819,14327,"(-111.8049676, 41.7443093)",in_transit,765.4675315015866
1790977867.6183639,14327,"(-111.804743, 41.7443041)",in_transit,784.1586905451627
1790977877.885206,14327,"(-111.8046333, 41.7442981)",in_transit,793.2978221749622
1790977888.1491199,14327,"(-111.8046326, 41.7443018)",in_transit,793.3454189851935
1790977898.443488,14327,"(-111.8046411, 41.7443)",in_transit,792.6437771510954
1790977908.6943064,14327,"(-111.8044428, 41.7442973)",in_transit,809.1424029646864
1790977918.9671655,14327,"(-111.8042765, 41.7444798)",in_transit,837.5584051696311
1790977929.2343826,14327,"(-111.8042708, 41.7456643)",in_transit,969.0723956773768
1790977939.4984763,14327,"(-111.8042723, 41.7456876)",in_transit,971.6624555583091
1790977949.7679486,14327,"(-111.8042756, 41.7461186)",in_transit,1020.3112689264981
1790977960.0273166,14327,"(-111.8042075, 41.7465576)",in_transit,1070.9045424979226
1790977970.2831664,14327,"(-111.8042966, 41.7476766)",in_transit,1196.6818383266414
1790977980.5287793,14327,"(-111.8043058, 41.7484611)",in_transit,1283.8640320704244
1790977990.7967722,14327,"(-111.8042721, 41.7493058)",in_transit,1380.0831980138444
1790978001.0839753,14327,"(-111.803362, 41.749315)",in_transit,1456.2237136014883
1790978011.3434622,14327,"(-111.802403, 41.7493046)",in_transit,1535.9316580455938
1790978021.6267312,14327,"(-111.801835, 41.749483)",in_transit,1608.7291569078538
1790978031.8964555,14327,"(-111.8021, 41.7496083)",Lundstrum,1635.5038801108892
1790978042.1599824,14327,"(-111.8020953, 41.7496208)",Lundstrum,1635.1292754750255
1790978052.445524,14327,"(-111.802084, 41.7496283)",Lundstrum,1634.1992432387378
1790978062.742596,14327,"(-111.8020791, 41.7496318)",Lundstrum,1633.7962778704793
1790978073.0076084,14327,"(-111.802078, 41.7496346)",Lundstrum,1633.7084409688903
1790978083.263365,14327,"(-111.8022958, 41.7495501)",in_transit,1653.350017690048
1790978093.5258784,14327,"(-111.802537, 41.7493861)",in_transit,1524.8625851798722
1790978103.8142073,14327,"(-111.8036965, 41.7493628)",in_transit,1428.3464864947875
1790978114.0817695,14327,"(-111.8040285, 41.7493736)",in_transit,1811.8807542771335
1790978124.3732367,14327,"(-111.8043813, 41.7497131)",in_transit,1862.9347816356392
1790978134.640598,14327,"(-111.8043483, 41.750621)",in_transit,1964.71860420941
1790978144.9135911,14327,"(-111.8043515, 41.7508206)",Aggie Village 1,1986.8877984040416
1790978155.177764,14327,"(-111.8043618, 41.7510151)",in_transit,2008.5047826369043
1790978165.4820914,14327,"(-111.8043673, 41.7521335)",in_transit,2132.833299431082
1790978175.7470374,14327,"(-111.8043656, 41.752869)",in_transit,2214.5227761295528
1790978185.9971974,14327,"(-111.8046453, 41.7530866)",in_transit,2252.0186448526924
1790978196.2491283,14327,"(-111.8057535, 41.75307)",in_transit,2344.2691305895396
1790978206.5158975,14327,"(-111.8060186, 41.7530785)",Aggie Village 2,2366.314144781413
1790978216.7904916,14327,"(-111.8060591, 41.7530788)",Aggie Village 2,2369.682393026584
1790978227.053051,14327,"(-111.8060653, 41.7530741)",Aggie Village 2,2370.199813107668
1790978237.3244147,14327,"(-111.806071, 41.7530711)",Aggie Village 2,2370.6750084255273
1790978247.5950875,14327,"(-111.8060733, 41.7530721)",Aggie Village 2,2370.8659215468547
1790978257.849185,14327,"(-111.8063576, 41.7530616)",in_transit,2394.5145827528972
1790978268.1155717,14327,"(-111.8075353, 41.7528335)",in_transit,2495.5004064604527
1790978278.3878052,14327,"(-111.8088138, 41.7524101)",in_transit,2611.9272784117334
1790978288.6638682,14327,"(-111.8090743, 41.7521448)",in_transit,2648.052950245771
1790978298.9563184,14327,"(-111.8092566, 41.7516088)",Aggie Village 3,2709.6321931698044
1790978309.2150173,14327,"(-111.8092506, 41.7516123)",Aggie Village 3,2709.2345941867534
1790978319.4738662,14327,"(-111.809237, 41.751616)",Aggie Village 3,2708.803482000033
1790978329.7589996,14327,"(-111.8092371, 41.7516213)",Aggie Village 3,2708.215064933678
1790978340.0151408,14327,"(-111.8092291, 41.7515251)",Aggie Village 3,2718.885741339188
1790978350.2669024,14327,"(-111.8092296, 41.7509125)",in_transit,2786.9147139283
1790978360.5349104,14327,"(-111.8092301, 41.750371)",in_transit,2847.0508046083214
1790978370.7971964,14327,"(-111.8094855, 41.750129)",in_transit,2900.2910641270964
1790978381.0629132,14327,"(-111.8116628, 41.7501671)",in_transit,3081.434352793796
1790978391.3190758,14327,"(-111.8129801, 41.7501661)",in_transit,3190.9726608885794
1790978401.6193075,14327,"(-111.8134841, 41.7501631)",in_transit,3232.8751855195496
1790978411.8828738,14327,"(-111.813851, 41.7501566)",in_transit,3263.3701895254603
1790978422.1589093,14327,"(-111.8139761, 41.7497728)",in_transit,3311.3479412403276
1790978432.4574618,14327,"(-111.8140688, 41.7487588)",in_transit,3424.152905165237
1790978442.7163017,14327,"(-111.8140965, 41.7485771)",800 E 900 N,3444.3934248783053
1790978452.9838686,14327,"(-111.814096, 41.7485585)",800 E 900 N,3446.457140926295
1790978463.2430387,14327,"(-111.8141061, 41.7485623)",800 E 900 N,3446.060207132693
1790978473.5038977,14327,"(-111.8140586, 41.7481665)",in_transit,3489.8842746503924
1790978483.7591765,14327,"(-111.8140868, 41.7471385)",in_transit,3604.080986796124
1790978494.0680616,14327,"(-111.814124, 41.745942)",in_transit,3737.007133660786
1790978504.3227563,14327,"(-111.814146, 41.7451393)",in_transit,3826.176095370147
1790978514.5859098,14327,"(-111.813812, 41.744458)",in_transit,28.141031583588877
1790978524.8811274,14327,"(-111.813812, 41.744458)",in_transit,28.141031583588877
1790978535.1344843,14327,"(-111.8135578, 41.7444295)",Field House,49.95216208184421
1790978545.4353948,14327,"(-111.8135623, 41.744427)",Field House,49.59258161293349
1790978555.6955965,14327,"(-111.8135583, 41.7444221)",Field House,49.95278017803278
1790978565.9551275,14327,"(-111.8124761, 41.744438)",in_transit,139.67303370002492
1790978576.2192097,14327,"(-111.8121198, 41.7444378)",in_transit,169.30999307855757
1790978586.512913,14327,"(-111.8119436, 41.7444403)",in_transit,183.5638163142854
1790978596.7709177,14327,"(-111.8110815, 41.7444353)",Veterinary Science,256.66840373631743
1790978607.0439322,14327,"(-111.810859, 41.744425)",Veterinary Science,275.2026820006182
1790978617.3323038,14327,"(-111.8108426, 41.744427)",Veterinary Science,276.5593308240965
1790978627.5927846,14327,"(-111.8102033, 41.7444221)",in_transit,329.73916595309055
1790978637.8535094,14327,"(-111.8089985, 41.7444013)",in_transit,429.94685571995916
1790978648.1091223,14327,"(-111.808183, 41.7443835)",Industrial Science,497.84327584733626
1790978658.3721313,14327,"(-111.8080358, 41.7443841)",in_transit,510.0819524901486
1790978668.6761224,14327,"(-111.8080428, 41.7443806)",in_transit,509.50966613004465
1790978678.9465442,14327,"(-111.8080408, 41.7443846)",in_transit,509.664780147461
1790978689.1975498,14327,"(-111.807373, 41.744389)",in_transit,565.1823321037047
1790978699.4488313,14327,"(-111.8059153, 41.7443368)",in_transit,686.5846994253212
1790978709.7060697,14327,"(-111.8049151, 41.7443445)",in_transit,769.7321527375277
1790978719.978556,14327,"(-111.8042458, 41.7446001)",in_transit,850.857799275836
1790978730.2463582,14327,"(-111.8042695, 41.7455433)",in_transit,955.6342656318013
1790978740.5075727,14327,"(-111.8042695, 41.7455433)",in_transit,955.6342656318013
1790978750.7659695,14327,"(-111.8042786, 41.7456721)",in_transit,969.9533931411014
1790978761.045367,14327,"(-111.8043013, 41.7463645)",in_transit,1047.3659252257094
1790978771.308265,14327,"(-111.8042891, 41.746885)",in_transit,1108.53485526595
1790978781.582412,14327,"(-111.8043218, 41.7480726)",in_transit,1240.7005836319631
1790978791.8481915,14327,"(-111.8043595, 41.7491838)",in_transit,1364.2663272198984
1790978802.1060624,14327,"(-111.8043595, 41.7491838)",in_transit,1364.2663272198984
1790978812.3706095,14327,"(-111.8030391, 41.7492985)",in_transit,1482.9940534745351
1790978822.6453178,14327,"(-111.8020883, 41.7493103)",in_transit,1562.113376369077
1790978832.9300048,14327,"(-111.8018605, 41.7495268)",in_transit,1613.8468653828268
1790978843.1738663,14327,"(-111.8021013, 41.749624)",Lundstrum,1635.6324566398494
1790978853.4533143,14327,"(-111.802093, 41.7496425)",Lundstrum,1634.9662633965713
1790978863.7364802,14327,"(-111.8020938, 41.7496483)",Lundstrum,1635.040355789097
1790978874.0763032,14327,"(-111.8020938, 41.749652)",Lundstrum,1635.0451769825222
1790978884.39146,14327,"(-111.8020956, 41.7496511)",Lundstrum,1635.1937076455076
1790978894.6447933,14327,"(-111.8021025, 41.7496478)",Lundstrum,1635.763270674192
1790978904.9016542,14327,"(-111.8021031, 41.7496491)",Lundstrum,1635.8148657213324
1790978915.1519291,14327,"(-111.8023431, 41.7495351)",in_transit,1657.235319142553
1790978925.4128854,14327,"(-111.8031791, 41.7493648)",in_transit,1471.3761914876154
1790978935.665737,14327,"(-111.8037613, 41.7493691)",in_transit,1422.9495820395725
1790978945.9198568,14327,"(-111.8041176, 41.7494043)",in_transit,1820.1720020929
1790978956.1887772,14327,"(-111.804157, 41.749419)",in_transit,1823.8053430290088
1790978966.4588058,14327,"(-111.8043741, 41.7499055)",in_transit,1884.432057093887
1790978976.711743,14327,"(-111.804381, 41.750726)",Aggie Village 1,1976.4422383604483
1790978986.9773595,14327,"(-111.804381, 41.750726)",Aggie Village 1,1976.4422383604483
1790978997.2555048,14327,"(-111.8044063, 41.751064)",in_transit,2014.0226705736563
1790979007.5277984,14327,"(-111.8044246, 41.7522675)",in_transit,2147.7329730967194
1790979017.7934124,14327,"(-111.804424, 41.752913)",in_transit,2219.426717962982
1790979028.0842593,14327,"(-111.8044338, 41.7529951)",in_transit,2228.5481914634356
1790979038.3420775,14327,"(-111.8052831, 41.753027)",in_transit,2305.159224667308
1790979048.6086981,14327,"(-111.8059766, 41.7530406)",Aggie Village 2,2362.8352959336707
1790979058.8716197,14327,"(-111.8060653, 41.7530515)",Aggie Village 2,2370.208322859776
1790979069.136479,14327,"(-111.8060616, 41.7530581)",Aggie Village 2,2369.8981107899826
1790979079.4087012,14327,"(-111.8065976, 41.7530401)",in_transit,2414.2551344090552
1790979089.6653852,14327,"(-111.8078216, 41.752746)",in_transit,2521.196869492761
1790979099.9268708,14327,"(-111.8086213, 41.7525128)",in_transit,2592.315854952727
1790979110.194989,14327,"(-111.8092605, 41.7517085)",Aggie Village 3,2698.566293297756
1790979120.4791074,14327,"(-111.8092696, 41.7515993)",Aggie Village 3,2710.7065036319
1790979130.7495582,14327,"(-111.8092676, 41.7516028)",Aggie Village 3,2710.314853652466
1790979141.017592,14327,"(-111.8092596, 41.7515756)",Aggie Village 3,2713.323519830847
1790979151.2865534,14327,"(-111.8092591, 41.7507105)",in_transit,2809.4003232006257
1790979161.5441725,14327,"(-111.8092691, 41.7502141)",in_transit,2864.532555509163
1790979171.816465,14327,"(-111.8095028, 41.7501076)",in_transit,2901.6796414957553
1790979182.0881343,14327,"(-111.8108343, 41.7501373)",in_transit,3012.4702633345714
1790979192.3735876,14327,"(-111.8126675, 41.7501601)",in_transit,3164.9643068507703
1790979202.7161222,14327,"(-111.8134818, 41.7501503)",in_transit,3232.6541630561787
1790979212.9600887,14327,"(-111.813655, 41.750151)",in_transit,3247.058306536169
1790979223.2183828,14327,"(-111.8136755, 41.7501481)",in_transit,3248.7562493936475
1790979233.505626,14327,"(-111.8139751, 41.7498965)",in_transit,3297.612128951395
1790979243.7683177,14327,"(-111.8140606, 41.7487721)",in_transit,3422.656107611872
1790979254.02991,14327,"(-111.8140766, 41.748577)",800 E 900 N,3444.355391561692
1790979264.3311443,14327,"(-111.81408, 41.7485501)",800 E 900 N,3447.350193571375
1790979274.5939384,14327,"(-111.8140771, 41.7485521)",800 E 900 N,3447.1209954445208
1790979284.906867,14327,"(-111.8140558, 41.7477391)",in_transit,3537.326774163765
1790979295.1709375,14327,"(-111.8140901, 41.7469833)",in_transit,3621.3192628849274
1790979305.4252148,14327,"(-111.8141123, 41.7461656)",in_transit,3712.154436103493
1790979315.686041,14327,"(-111.8141123, 41.7461656)",in_transit,3712.154436103493
1790979325.9403872,14327,"(-111.8141435, 41.7446748)",in_transit,3877.7380658801058
1790979336.1994576,14327,"(-111.8141433, 41.744676)",in_transit,3877.604349212088
1790979346.4741116,14327,"(-111.8141448, 41.7446791)",in_transit,3877.2638989912502
1790979356.742972,14327,"(-111.8141411, 41.744618)",in_transit,3884.0379910561505
1790979366.9972925,14327,"(-111.8141398, 41.7446106)",in_transit,3884.855359651079
1790979377.251789,14327,"(-111.8140833, 41.7444983)",in_transit,5.463582276287309
1790979387.5471897,14327,"(-111.8138415, 41.7444551)",in_transit,25.69975234445483
1790979397.8202088,14327,"(-111.813516, 41.7444395)",Field House,53.36758430954625
1790979408.1127076,14327,"(-111.8134976, 41.74445)",Field House,54.761561707842624
1790979418.3798115,14327,"(-111.8134805, 41.7444603)",Field House,56.14860065277768
1790979428.6422575,14327,"(-111.8127976, 41.7444881)",in_transit,112.83301542575245
1790979438.8995066,14327,"(-111.8114658, 41.7444638)",in_transit,224.63125998984063
1790979449.1972675,14327,"(-111.8108486, 41.744439)",Veterinary Science,276.01928283180615
1790979459.4411094,14327,"(-111.8108261, 41.7444368)",in_transit,277.89751291735615
1790979469.7147408,14327,"(-111.8108153, 41.7444403)",in_transit,278.7834206251158
1790979479.9842432,14327,"(-111.8097735, 41.7444163)",in_transit,365.46033185890394
1790979490.2545872,14327,"(-111.8084201, 41.7443885)",Industrial Science,478.1133294786327
1790979500.5199978,14327,"(-111.8080918, 41.7443795)",Industrial Science,505.4381695970119
1790979510.7891133,14327,"(-111.8080083, 41.7443746)",in_transit,512.3952926112627
1790979521.093618,14327,"(-111.8080043, 41.7443725)",in_transit,512.7337885766906
1790979531.346434,14327,"(-111.8079978, 41.7443753)",in_transit,513.2664567253003
1790979541.5951097,14327,"(-111.8069285, 41.744342)",in_transit,602.4656694457777
1790979551.85256,14327,"(-111.8059408, 41.7443158)",in_transit,684.5248738851266
1790979562.1765437,14327,"(-111.8045641, 41.7443145)",in_transit,799.0050041470915
1790979572.4402854,14327,"(-111.8042543, 41.7445195)",in_transit,841.9243048289318
1790979582.7212372,14327,"(-111.804287, 41.7454043)",in_transit,940.2334336912413
1790979592.9848335,14327,"(-111.8042881, 41.7456358)",in_transit,965.9408439120219
1790979603.2502322,14327,"(-111.8042863, 41.745666)",in_transit,969.2907658011093
1790979613.5079432,14327,"(-111.8043356, 41.7463245)",in_transit,1042.565538230342
1790979623.833913,14327,"(-111.8042893, 41.7467531)",in_transit,1093.8868374665003
1790979634.1275058,14327,"(-111.8043255, 41.7476378)",in_transit,1192.4273170885795
1790979644.4098196,14327,"(-111.804352, 41.7488765)",in_transit,1330.0501660660436
1790979654.6839252,14327,"(-111.804123, 41.749307)",in_transit,1392.4837295003392
1790979664.9478877,14327,"(-111.8028205, 41.7493006)",in_transit,1710.4599182432753
1790979675.2352228,14327,"(-111.801943, 41.7493021)",in_transit,1574.183246679051
1790979685.4967024,14327,"(-111.8018468, 41.7494851)",in_transit,1609.5270592768645
1790979695.7684991,14327,"(-111.802121, 41.749615)",Lundstrum,1637.259150788121
1790979706.0677757,14327,"(-111.8021211, 41.749629)",Lundstrum,1637.2857095111526
1790979716.3549333,14327,"(-111.8021168, 41.7496358)",Lundstrum,1636.9369450082202
1790979726.6253114,14327,"(-111.8021145, 41.7496411)",Lundstrum,1636.7525631990773
1790979736.8983748,14327,"(-111.8023578, 41.749509)",in_transit,1660.25323722496
1790979747.2054248,14327,"(-111.802397, 41.7494435)",in_transit,1668.0467379639656
1790979757.4557116,14327,"(-111.8034465, 41.7493615)",in_transit,1449.1404998785322
1790979767.699389,14327,"(-111.8038581, 41.7493696)",in_transit,1414.8981448636466
1790979777.959133,14327,"(-111.8040623, 41.7493805)",in_transit,1814.7749381033486
1790979788.2157476,14327,"(-111.8041113, 41.7493901)",in_transit,1818.8633779717397
1790979798.5328836,14327,"(-111.8041278, 41.7493923)",in_transit,1820.1420178606088
1790979808.8015294,14327,"(-111.8043746, 41.7497576)",in_transit,1867.838131521691
1790979819.0743878,14327,"(-111.8043783, 41.750744)",Aggie Village 1,1978.4355401101157
1790979829.3331308,14327,"(-111.8043783, 41.750744)",Aggie Village 1,1978.4355401101157
1790979839.5965548,14327,"(-111.8043925, 41.7512985)",in_transit,2040.0986903893552
1790979849.8600264,14327,"(-111.8044075, 41.7521968)",in_transit,2139.8755456230883
1790979860.1714976,14327,"(-111.8044166, 41.7529286)",in_transit,2221.1572155073786
1790979870.457122,14327,"(-111.8050956, 41.7530488)",in_transit,2289.5648617555084
1790979880.7206972,14327,"(-111.8058876, 41.7530515)",Aggie Village 2,2355.429112099031
1790979890.9848785,14327,"(-111.8060601, 41.7530551)",Aggie Village 2,2369.7744862239583
1790979901.2597487,14327,"(-111.806061, 41.7530553)",Aggie Village 2,2369.84926341607
1790979911.5214853,14327,"(-111.8060583, 41.7530546)",Aggie Village 2,2369.6249694932917
1790979921.7852142,14327,"(-111.8060505, 41.7530483)",Aggie Village 2,2368.9786199056925
1790979932.0813735,14327,"(-111.8062931, 41.75302)",in_transit,2389.1661928845274
1790979942.3356774,14327,"(-111.807015, 41.75295)",in_transit,2450.399596551801
1790979952.6326492,14327,"(-111.8082856, 41.7525921)",in_transit,2563.300126105789
1790979962.9001272,14327,"(-111.808993, 41.7522513)",in_transit,2634.64569738745
1790979973.164654,14327,"(-111.8092683, 41.7516738)",Aggie Village 3,2702.431333998604
1790979983.4409091,14327,"(-111.809276, 41.751595)",Aggie Village 3,2711.1935375165954
1790979993.700472,14327,"(-111.8092745, 41.7516058)",Aggie Village 3,2709.9919650664506
1790980003.9727159,14327,"(-111.809257, 41.7507971)",in_transit,2799.765016475805
1790980014.2338185,14327,"(-111.8092581, 41.7502643)",in_transit,2858.941484426423
1790980024.5281367,14327,"(-111.8095743, 41.7501306)",in_transit,2907.678989078402
1790980034.799237,14327,"(-111.8109415, 41.750152)",in_transit,3021.418832429569
1790980045.0836024,14327,"(-111.8129536, 41.7501598)",in_transit,3188.7542390586805
1790980055.3508759,14327,"(-111.8134135, 41.750154)",in_transit,3226.98325346376
1790980065.6192234,14327,"(-111.8134135, 41.750154)",in_transit,3226.98325346376
1790980075.8947995,14327,"(-111.813989, 41.7494256)",in_transit,3349.9256490720554
1790980086.1859672,14327,"(-111.8140585, 41.7487566)",in_transit,3424.371714702167
1790980096.45364,14327,"(-111.8140723, 41.7485748)",800 E 900 N,3444.5890158247194
1790980106.7307222,14327,"(-111.8140786, 41.7485683)",800 E 900 N,3445.3261937725706
1790980116.990627,14327,"(-111.8140448, 41.748125)",in_transit,3494.4574561417307
1790980127.2545276,14327,"(-111.8140711, 41.747422)",in_transit,3572.568622301147
1790980137.5320828,14327,"(-111.814116, 41.746191)",in_transit,3709.3437182966018
1790980147.7868574,14327,"(-111.8141565, 41.7453128)",in_transit,3806.9401707972083
1790980158.0532901,14327,"(-111.8138961, 41.7444798)",in_transit,21.066232395050573
1790980168.3133163,14327,"(-111.813633, 41.744455)",Field House,44.89994338052186
1790980178.589226,14327,"(-111.8135271, 41.7444281)",Field House,52.51043129330572
1790980188.888755,14327,"(-111.813518, 41.7444)",Field House,53.426453741546055
1790980199.1544333,14327,"(-111.8135173, 41.7443851)",Field House,53.56948188235421
1790980209.441632,14327,"(-111.8125036, 41.744419)",in_transit,137.48621770844596
1790980219.6973946,14327,"(-111.8117746, 41.744422)",in_transit,199.13384288573218
1790980229.9688563,14327,"(-111.8115808, 41.744423)",in_transit,215.2392292579326
1790980240.2286947,14327,"(-111.8113111, 41.7444218)",in_transit,237.62552835307466
1790980250.4905202,14327,"(-111.8110208, 41.7444141)",Veterinary Science,261.78785745727924
1790980260.7576592,14327,"(-111.8108495, 41.7444078)",Veterinary Science,276.05157787086307
1790980271.0416665,14327,"(-111.8108408, 41.7444151)",Veterinary Science,276.7498425754357
1790980281.3023226,14327,"(-111.8101835, 41.7444056)",in_transit,331.4478260213113
1790980291.554335,14327,"(-111.8091683, 41.7443771)",in_transit,415.88838671699693
1790980301.8075254,14327,"(-111.8082211, 41.744357)",Industrial Science,494.74924770917085
1790980312.0694528,14327,"(-111.8080091, 41.7443496)",in_transit,512.3987397551541
1790980322.330333,14327,"(-111.807996, 41.7443525)",in_transit,513.4799487778384
1790980332.5917506,14327,"(-111.8079913, 41.7443508)",in_transit,513.8755335873946
1790980342.886901,14327,"(-111.80775, 41.7443483)",in_transit,533.9477432062039
1790980353.1567914,14327,"(-111.8064035, 41.7442988)",in_transit,646.0989908510561
1790980363.4240167,14327,"(-111.8053805, 41.7442753)",in_transit,731.2315256197039
1790980373.6873229,14327,"(-111.8045936, 41.7442893)",in_transit,796.6242477838254
1790980383.9921584,14327,"(-111.8045301, 41.7442986)",in_transit,801.8778171547933
1790980394.2460191,14327,"(-111.804514, 41.7443011)",in_transit,803.2094168780135
1790980404.497052,14327,"(-111.8045095, 41.7443011)",in_transit,803.5836070672008
1790980414.748008,14327,"(-111.8044578, 41.7442981)",in_transit,807.8927854019121
1790980425.0050626,14327,"(-111.8042671, 41.74496)",in_transit,890.8610790637473
1790980435.2656405,14327,"(-111.8042843, 41.745627)",in_transit,964.9564479503638
1790980445.5265553,14327,"(-111.8042843, 41.745627)",in_transit,964.9564479503638
1790980455.7900229,14327,"(-111.8043001, 41.745872)",in_transit,992.1829377296535
1790980466.0566943,14327,"(-111.8042311, 41.7466028)",in_transit,1076.1089931794143
1790980476.3167698,14327,"(-111.8043298, 41.7476141)",in_transit,1189.803680145152
1790980486.571208,14327,"(-111.8043493, 41.7485515)",in_transit,1293.9534627244914
1790980496.8540323,14327,"(-111.8043783, 41.7491173)",in_transit,1356.823736506371
1790980507.1094096,14327,"(-111.8040078, 41.7493121)",in_transit,1402.1501597256754
1790980517.419099,14327,"(-111.8021355, 41.749306)",in_transit,1558.180656801262
1790980527.6745613,14327,"(-111.8018621, 41.7493235)",in_transit,1580.947792678031
1790980537.9650764,14327,"(-111.8021316, 41.7496086)",Lundstrum,1638.132398826351
1790980548.2567503,14327,"(-111.8021275, 41.7496188)",Lundstrum,1637.8046979771966
1790980558.5058498,14327,"(-111.8021186, 41.7496215)",Lundstrum,1637.0680156218978
1790980568.7787426,14327,"(-111.8021216, 41.7496185)",Lundstrum,1637.313612408137
1790980579.0277002,14327,"(-111.802128, 41.7496225)",Lundstrum,1637.8511033033426
1790980589.292038,14327,"(-111.8021368, 41.7496376)",Lundstrum,1638.602661694273
1790980599.5508432,14327,"(-111.8021406, 41.7496365)",Lundstrum,1638.91726897913
1790980609.8121798,14327,"(-111.8021505, 41.7496328)",Lundstrum,1639.7358168592825
1790980620.0726697,14327,"(-111.8021503, 41.7496341)",Lundstrum,1639.7208769843492
1790980630.3796854,14327,"(-111.8021483, 41.7496378)",Lundstrum,1639.5593607816634
1790980640.6499588,14327,"(-111.8021423, 41.749644)",Lundstrum,1639.068427766342
1790980650.9150708,14327,"(-111.8021423, 41.749657)",Lundstrum,1639.0853662888135
1790980661.1703532,14327,"(-111.8021336, 41.7496625)",Lundstrum,1638.3689663496896
1790980671.4266524,14327,"(-111.8021268, 41.7496566)",Lundstrum,1637.7957327254055
1790980681.681462,14327,"(-111.8021265, 41.7496523)",Lundstrum,1637.7651793349653
1790980691.9524088,14327,"(-111.8021236, 41.7496481)",Lundstrum,1637.5185180057645
1790980702.219439,14327,"(-111.8021255, 41.7496453)",Lundstrum,1637.672889895585
1790980712.4765785,14327,"(-111.8021291, 41.7496463)",Lundstrum,1637.9735996730003
1790980722.7422535,14327,"(-111.8023386, 41.7495433)",in_transit,1656.293395933944
1790980733.0390966,14327,"(-111.802905, 41.7493573)",in_transit,1494.2946849746654
1790980743.301247,14327,"(-111.8040573, 41.7493803)",in_transit,1814.3808264770905
1790980753.5634828,14327,"(-111.8042973, 41.7495156)",in_transit,1839.773213685965
1790980763.8211653,14327,"(-111.8043673, 41.7504296)",in_transit,1943.0385886781407
1790980774.0740745,14327,"(-111.804379, 41.750721)",Aggie Village 1,1975.883092176072
1790980784.3293917,14327,"(-111.8043733, 41.7508118)",Aggie Village 1,1985.953891867954
1790980794.594775,14327,"(-111.804387, 41.7516798)",in_transit,2082.44782080002
1790980804.9069366,14327,"(-111.8043863, 41.7524821)",in_transit,2171.5568689858483
1790980815.1741061,14327,"(-111.8046941, 41.7530686)",in_transit,2256.111307291017
1790980825.4281034,14327,"(-111.8056776, 41.7530603)",in_transit,2337.9602188891135
1790980835.6991646,14327,"(-111.8059871, 41.7530695)",Aggie Village 2,2363.6976962243193
1790980845.9542582,14327,"(-111.8060611, 41.7530701)",Aggie Village 2,2369.85200768151
1790980856.213539,14327,"(-111.8067236, 41.753031)",in_transit,2424.711535945137
1790980866.4706993,14327,"(-111.8076453, 41.7527893)",in_transit,2505.771959790314
1790980876.731358,14327,"(-111.8089825, 41.7522876)",in_transit,2630.894130900515
1790980886.9909837,14327,"(-111.8092696, 41.7516678)",Aggie Village 3,2703.099568306673
1790980897.3042102,14327,"(-111.8092788, 41.751595)",Aggie Village 3,2711.197701733844
1790980907.5953074,14327,"(-111.8092735, 41.7514701)",Aggie Village 3,2725.058598204958
1790980917.8553693,14327,"(-111.8092686, 41.7504946)",in_transit,2833.381925327876
1790980928.120216,14327,"(-111.8092701, 41.750275)",in_transit,2857.7710906966195
1790980938.417681,14327,"(-111.8102098, 41.7501381)",in_transit,2960.5416729688477
1790980948.6816764,14327,"(-111.8114446, 41.750162)",in_transit,3063.2779055930087
1790980958.947559,14327,"(-111.8134133, 41.7501615)",in_transit,3226.984063515934
1790980969.2458627,14327,"(-111.8137211, 41.7501593)",in_transit,3252.574177050037
1790980979.5054288,14327,"(-111.8139873, 41.7494846)",in_transit,3343.3712416565145
1790980989.7573035,14327,"(-111.814053, 41.74883)",in_transit,3416.209350480258
1790981000.0261166,14327,"(-111.8140763, 41.7486215)",800 E 900 N,3439.41431201682
1790981010.2862344,14327,"(-111.8140683, 41.7485673)",800 E 900 N,3445.4117807030334
1790981020.5524979,14327,"(-111.8140601, 41.748562)",800 E 900 N,3445.979933749738
1790981030.8073952,14327,"(-111.8140395, 41.7480901)",in_transit,3498.318915623852
1790981041.0640972,14327,"(-111.814073, 41.747017)",in_transit,3617.5357674014035
1790981051.3894246,14327,"(-111.8141043, 41.746157)",in_transit,3713.089403552561
1790981061.6502483,14327,"(-111.8141148, 41.7457131)",in_transit,3762.3964322945485
1790981071.9114437,14327,"(-111.8141216, 41.7453035)",in_transit,3807.8865086426986
1790981082.1867177,14327,"(-111.813866, 41.7444751)",in_transit,23.586479291223107
1790981092.4823103,14327,"(-111.8134803, 41.7444338)",Field House,56.25450660144116
1790981102.7358913,14327,"(-111.8134606, 41.74441)",Field House,57.97259892723515
1790981113.0209987,14327,"(-111.8134531, 41.7444001)",Field House,58.6295221781777
1790981123.3306818,14327,"(-111.8134423, 41.7444031)",Field House,59.5173563920131
1790981133.5917184,14327,"(-111.8134305, 41.7444168)",Field House,60.45228467515601
1790981143.9020667,14327,"(-111.813312, 41.7444448)",Field House,70.21035580367571
1790981154.162897,14327,"(-111.812466, 41.744435)",in_transit,140.51516001600334
1790981164.409558,14327,"(-111.8116781, 41.7444433)",in_transit,207.06802198232722
1790981174.6919408,14327,"(-111.811556, 41.7444313)",in_transit,217.26668616043838
1790981184.9490645,14327,"(-111.81157, 41.7444208)",in_transit,216.14599012053336
1790981195.2549803,14327,"(-111.8110528, 41.7444055)",Veterinary Science,259.15686351926786
1790981205.5124009,14327,"(-111.810859, 41.7444033)",Veterinary Science,275.2771865319024
1790981215.7699528,14327,"(-111.8104343, 41.7443901)",in_transit,310.6325903201781
1790981226.0249631,14327,"(-111.8093923, 41.7443803)",in_transit,397.25259730931407
1790981236.2721465,14327,"(-111.8080663, 41.7443525)",in_transit,507.63417831894395
1790981246.5372353,14327,"(-111.8080663, 41.7443525)",in_transit,507.63417831894395
1790981256.7918365,14327,"(-111.808049, 41.744359)",in_transit,509.05456133838527
1790981267.0590777,14327,"(-111.8069038, 41.7443121)",in_transit,604.7091257177572
1790981277.3579004,14327,"(-111.8059203, 41.7442911)",in_transit,686.3007607178388
1790981287.6302617,14327,"(-111.8045831, 41.7443026)",in_transit,797.459216910482
1790981297.9038298,14327,"(-111.8045243, 41.7443015)",in_transit,802.3517899685364
1790981308.1588755,14327,"(-111.8045241, 41.7443003)",in_transit,802.3718620723569
1790981318.4287593,14327,"(-111.8045245, 41.7443016)",in_transit,802.3348725071575
1790981328.7052276,14327,"(-111.8044876, 41.7443061)",in_transit,805.390326461854
1790981338.9648283,14327,"(-111.804234, 41.7445421)",in_transit,844.3950697709965
1790981349.217982,14327,"(-111.8042658, 41.745642)",in_transit,966.5866892955498
1790981359.4853475,14327,"(-111.8042603, 41.7456678)",in_transit,969.4409753519811
1790981369.786249,14327,"(-111.804279, 41.7461496)",in_transit,1023.7087531795345
1790981380.0619836,14327,"(-111.8042346, 41.7466918)",in_transit,1086.6598916027713
1790981390.3867838,14327,"(-111.804306, 41.7476538)",in_transit,1194.1676360582676
1790981400.6436636,14327,"(-111.804333, 41.7489376)",in_transit,1337.297515744245
1790981410.900098,14327,"(-111.8043533, 41.749196)",in_transit,1365.7060802850451
1790981421.1595793,14327,"(-111.8038973, 41.7493021)",in_transit,1799.9183288661782
1790981431.4201708,14327,"(-111.8024805, 41.7493103)",in_transit,1529.4961065101606
1790981441.709731,14327,"(-111.8018045, 41.7493716)",in_transit,1596.787676610457
1790981451.9935358,14327,"(-111.8018895, 41.7495545)",in_transit,1617.7558695334556
1790981462.2599797,14327,"(-111.8021166, 41.7496198)",Lundstrum,1636.8994633586356
1790981472.520008,14327,"(-111.8021225, 41.7496261)",Lundstrum,1637.3983668507842
1790981482.7813296,14327,"(-111.802122, 41.7496281)",Lundstrum,1637.3593885393962
1790981493.0473,14327,"(-111.8021186, 41.7496331)",Lundstrum,1637.0831303470018
1790981503.3064766,14327,"(-111.8021143, 41.7496385)",Lundstrum,1636.732541688792
1790981513.5681577,14327,"(-111.8023193, 41.7495493)",in_transit,1654.7611829365344
1790981523.8300893,14327,"(-111.8025653, 41.7493708)",in_transit,1522.500619736654
1790981534.0889075,14327,"(-111.8037701, 41.7493581)",in_transit,1422.2307775400873
1790981544.3652337,14327,"(-111.8043341, 41.7495628)",in_transit,1845.7457689924497
1790981554.6316202,14327,"(-111.8043621, 41.7505286)",in_transit,1954.4862031680739
1790981564.8920152,14327,"(-111.8043758, 41.750769)",Aggie Village 1,1981.206492637678
1790981575.1664686,14327,"(-111.8043888, 41.7509946)",in_transit,2006.2820588054751
1790981585.420115,14327,"(-111.804395, 41.7517125)",in_transit,2086.0820455712883
1790981595.692307,14327,"(-111.8043946, 41.7529068)",in_transit,2218.7295514357247
1790981605.9578643,14327,"(-111.8051721, 41.753057)",in_transit,2295.927361920329
1790981616.2733433,14327,"(-111.8059886, 41.7530733)",Aggie Village 2,2363.821019890237
1790981626.534333,14327,"(-111.8060841, 41.7530746)",Aggie Village 2,2371.76320988585
1790981636.8003335,14327,"(-111.8060853, 41.7530736)",Aggie Village 2,2371.863389749822
1790981647.0516076,14327,"(-111.8062191, 41.7530536)",Aggie Village 2,2382.9989926110115
1790981657.3575923,14327,"(-111.8074045, 41.752877)",in_transit,2483.627859569695
1790981667.610757,14327,"(-111.8082401, 41.7526346)",in_transit,2558.1336121324975
1790981677.8775318,14327,"(-111.8091815, 41.7519843)",in_transit,2667.9763479715057
1790981688.1397877,14327,"(-111.8092765, 41.7516751)",Aggie Village 3,2702.2991640345163
1790981698.394861,14327,"(-111.8092988, 41.7515985)",Aggie Village 3,2710.8387704032557
1790981708.655504,14327,"(-111.8092875, 41.7513943)",in_transit,2733.496755463376
1790981718.920018,14327,"(-111.8092835, 41.7504958)",in_transit,2833.2706820156345
1790981729.175746,14327,"(-111.8092781, 41.7502645)",in_transit,2858.949011749877
1790981739.444618,14327,"(-111.8103231, 41.7501476)",in_transit,2969.9853531402105
1790981749.7052717,14327,"(-111.8122445, 41.7501725)",in_transit,3129.817714172046
1790981759.9701505,14327,"(-111.8134095, 41.750173)",in_transit,3226.6948161761006
1790981770.2309933,14327,"(-111.8136533, 41.7501715)",in_transit,3246.9646084892993
1790981780.4942238,14327,"(-111.8136675, 41.750171)",in_transit,3248.144252278463
1790981790.743776,14327,"(-111.8139135, 41.7501476)",in_transit,3268.5460032775336
1790981801.0354745,14327,"(-111.8139811, 41.7493845)",in_transit,3354.469766620785
1790981811.3049686,14327,"(-111.8140878, 41.7487045)",800 E 900 N,3430.228142011575
1790981821.5752187,14327,"(-111.8141156, 41.7485721)",800 E 900 N,3444.9956786916036
1790981831.8384051,14327,"(-111.8141335, 41.7485686)",800 E 900 N,3445.428441011367
1790981842.1020532,14327,"(-111.8140635, 41.7483186)",in_transit,3473.0103152824695
1790981852.398222,14327,"(-111.8140801, 41.7477783)",in_transit,3533.034879943809
1790981862.655924,14327,"(-111.8141193, 41.7466635)",in_transit,3656.895106563002
1790981872.9262528,14327,"(-111.8141528, 41.7458261)",in_transit,3749.9454364646654
1790981883.2298899,14327,"(-111.8141735, 41.7448333)",in_transit,3860.2157642804505
1790981893.5054824,14327,"(-111.8141483, 41.7447621)",in_transit,3868.0580047439507
1790981903.8370974,14327,"(-111.8141365, 41.7447381)",in_transit,3870.6932860266206
1790981914.1103172,14327,"(-111.8141258, 41.7447218)",in_transit,3872.4764426405945
1790981924.4095895,14327,"(-111.8141363, 41.7446223)",in_transit,3883.5487470611206
1790981934.7121384,14327,"(-111.813888, 41.7444551)",in_transit,21.83413736030792
1790981944.964609,14327,"(-111.813542, 41.744429)",Field House,51.26753954455704
1790981955.2211268,14327,"(-111.8135466, 41.7444213)",Field House,50.92927366774575
1790981965.4778981,14327,"(-111.8135485, 41.7444101)",Field House,50.83523838668174
1790981975.7310934,14327,"(-111.8135421, 41.744409)",Field House,51.373162081237865
1790981985.9963446,14327,"(-111.8129278, 41.744434)",in_transit,102.19015068718016
1790981996.26674,14327,"(-111.8118016, 41.744415)",in_transit,196.91818089542295
1790982006.5621505,14327,"(-111.8115926, 41.74441)",in_transit,214.31165458702637
1790982016.8228395,14327,"(-111.8115288, 41.7443965)",in_transit,219.67032704272972
1790982027.08343,14327,"(-111.8109358, 41.7443805)",Veterinary Science,268.97021932956073
1790982037.36352,14327,"(-111.8108543, 41.7443933)",Veterinary Science,275.70228423685705
1790982047.626259,14327,"(-111.8102103, 41.7443845)",in_transit,329.2999803998938
1790982057.9207664,14327,"(-111.8092948, 41.7443576)",in_transit,405.41866642025036
1790982068.1820178,14327,"(-111.808102, 41.7443165)",Industrial Science,504.7663117105532
1790982078.4406953,14327,"(-111.8080508, 41.7443205)",in_transit,509.01263603694866
1790982088.6921344,14327,"(-111.8079398, 41.7443278)",in_transit,518.2223722366014
1790982098.955561,14327,"(-111.8066563, 41.7442836)",in_transit,625.4452252879835
1790982109.2514033,14327,"(-111.8056511, 41.7442556)",in_transit,708.7868585626228
1790982119.507812,14327,"(-111.8047701, 41.744277)",in_transit,781.9829444156071
1790982129.767177,14327,"(-111.8042825, 41.744347)",in_transit,822.8236498579777
1790982140.030678,14327,"(-111.8042781, 41.7454381)",in_transit,943.969550173284
1790982150.3107784,14327,"(-111.8042803, 41.7456505)",in_transit,967.5582105276948
1790982160.567204,14327,"(-111.804288, 41.7456646)",in_transit,969.1385590245394
1790982170.839759,14327,"(-111.8043266, 41.7463376)",in_transit,1044.0881644038604
1790982181.138239,14327,"(-111.804277, 41.7467565)",in_transit,1094.1609135976394
1790982191.3909056,14327,"(-111.8043118, 41.7479755)",in_transit,1229.8999812498557
1790982201.6584284,14327,"(-111.8043313, 41.7488356)",in_transit,1325.4841996568994
1790982211.924482,14327,"(-111.8042281, 41.749313)",in_transit,1383.7388557218776
1790982222.179588,14327,"(-111.8034746, 41.7493013)",in_transit,1764.7614420525915
1790982232.456558,14327,"(-111.8020756, 41.7493083)",in_transit,1563.1661582735346
1790982242.7048361,14327,"(-111.8018711, 41.7495393)",in_transit,1615.480961511741
1790982252.959805,14327,"(-111.8021055, 41.7496133)",Lundstrum,1635.967822472121
1790982263.216176,14327,"(-111.8021066, 41.7496111)",Lundstrum,1636.056441307794
1790982273.509692,14327,"(-111.8021091, 41.7496103)",Lundstrum,1636.2633203988105
1790982283.8029115,14327,"(-111.8023518, 41.7495023)",in_transit,1660.5132419507654
1790982294.0587418,14327,"(-111.8024501, 41.7493775)",in_transit,1676.745164674593
1790982304.3250613,14327,"(-111.803474, 41.7493361)",in_transit,1446.883564798302
1790982314.5814948,14327,"(-111.8039425, 41.7493563)",in_transit,1804.5274751495515
1790982324.8499134,14327,"(-111.8043401, 41.7495783)",in_transit,1847.5229708303848
1790982335.1194973,14327,"(-111.8043531, 41.7504826)",in_transit,1948.478273376881
1790982345.383283,14327,"(-111.804365, 41.7507481)",Aggie Village 1,1978.864424909784
1790982355.642175,14327,"(-111.8043628, 41.7507953)",Aggie Village 1,1984.1009786739037
1790982365.915114,14327,"(-111.8043825, 41.7517101)",in_transit,2085.8118494357846
1790982376.176994,14327,"(-111.8043868, 41.752613)",in_transit,2186.0957191370208
1790982386.4453332,14327,"(-111.8043878, 41.7529143)",in_transit,2219.560578712931
1790982396.7177114,14327,"(-111.805147, 41.753054)",in_transit,2293.839796650396
1790982406.9897587,14327,"(-111.8059431, 41.753062)",Aggie Village 2,2360.0410644202098
1790982417.2989745,14327,"(-111.8060561, 41.7530663)",Aggie Village 2,2369.4375913649224
1790982427.5698054,14327,"(-111.8060525, 41.7530721)",Aggie Village 2,2369.1359976004214
1790982437.8190737,14327,"(-111.806047, 41.7530763)",Aggie Village 2,2368.6769844273026
1790982448.08378,14327,"(-111.8063018, 41.7530593)",in_transit,2389.874957605009
1790982458.349674,14327,"(-111.8075481, 41.7528396)",in_transit,2496.272048600829
1790982468.5987306,14327,"(-111.8085328, 41.7525636)",in_transit,2583.707746660569
1790982478.8665245,14327,"(-111.8091445, 41.7520315)",in_transit,2661.9254536128233
1790982489.1208222,14327,"(-111.809261, 41.7516563)",Aggie Village 3,2704.3638548664885
1790982499.41779,14327,"(-111.8092755, 41.7515965)",Aggie Village 3,2711.026218679731
1790982509.7050817,14327,"(-111.8092653, 41.751143)",in_transit,2761.371756360274
1790982519.978693,14327,"(-111.8092783, 41.7502345)",in_transit,2862.280812425037
1790982530.274811,14327,"(-111.8094953, 41.7500986)",in_transit,2901.034945253363
1790982540.575082,14327,"(-111.8109288, 41.7501448)",in_transit,3020.3459486285965
1790982550.842565,14327,"(-111.8122905, 41.7501728)",in_transit,3133.6435578016153
1790982561.0972803,14327,"(-111.8137055, 41.7501668)",in_transit,3251.2943912240744
1790982571.3635097,14327,"(-111.8139648, 41.7498833)",in_transit,3299.0530118013858
1790982581.622907,14327,"(-111.814001, 41.7490843)",in_transit,3387.846123433542
1790982591.8886878,14327,"(-111.8140808, 41.7485715)",800 E 900 N,3444.9763655057136
1790982602.1574533,14327,"(-111.8140721, 41.7485405)",800 E 900 N,3448.3964684872863
1790982612.41536,14327,"(-111.8140651, 41.748138)",in_transit,3493.0643697712694
1790982622.6780503,14327,"(-111.8141011, 41.7474496)",in_transit,3569.57862943278
1790982632.9228714,14327,"(-111.8141468, 41.7462303)",in_transit,3705.0568878189574
1790982643.183478,14327,"(-111.8141715, 41.7449811)",in_transit,3843.8022686548575
1790982653.4453747,14327,"(-111.8141283, 41.7445133)",in_transit,1.6483761286970873
1790982663.71148,14327,"(-111.8138601, 41.744458)",in_transit,24.14240641586169
1790982673.9722486,14327,"(-111.8135265, 41.7444393)",Field House,52.49647332978991
1790982684.295823,14327,"(-111.8135343, 41.7444423)",Field House,51.831426488157256
1790982694.559997,14327,"(-111.8135458, 41.7444543)",Field House,50.80774702657209
1790982704.8974864,14327,"(-111.8127968, 41.7444636)",in_transit,112.98209038371479
1790982715.150461,14327,"(-111.8119466, 41.7444461)",in_transit,183.43046999483676
1790982725.4121618,14327,"(-111.8116773, 41.7444531)",in_transit,207.09434862825083
1790982735.664733,14327,"(-111.8115848, 41.7444383)",in_transit,214.84401165065017
1790982745.9131906,14327,"(-111.8110736, 41.744419)",Veterinary Science,257.38117891289505
1790982756.2178414,14327,"(-111.8108678, 41.744424)",Veterinary Science,274.4744728341252
1790982766.504173,14327,"(-111.8108493, 41.74443)",Veterinary Science,275.9919846136032
1790982776.7913406,14327,"(-111.8105865, 41.744427)",in_transit,297.8517898847221
1790982787.048495,14327,"(-111.8094226, 41.7443958)",in_transit,394.6932309497092
1790982797.3153007,14327,"(-111.8085521, 41.7443683)",in_transit,467.19344541008553
1790982807.5756376,14327,"(-111.8081935, 41.7443578)",Industrial Science,497.0420765667558
1790982817.8838403,14327,"(-111.80805, 41.7443323)",in_transit,509.04613416294467
1790982828.1537225,14327,"(-111.808053, 41.7443245)",in_transit,508.81850065407366
1790982838.4187868,14327,"(-111.8080681, 41.7443261)",in_transit,507.558387184767
1790982848.6746874,14327,"(-111.8080245, 41.7443251)",in_transit,511.18672933386955
1790982858.950694,14327,"(-111.8072478, 41.7443075)",in_transit,576.1724426925176
1790982869.2131422,14327,"(-111.8057065, 41.7442843)",in_transit,704.0976893195007
1790982879.508958,14327,"(-111.8047703, 41.744301)",in_transit,781.8974927201525
1790982889.7691867,14327,"(-111.8045446, 41.7443015)",in_transit,800.6637764484268
1790982900.026764,14327,"(-111.804545, 41.7443206)",in_transit,800.5757395435375
1790982910.332285,14327,"(-111.8045366, 41.744325)",in_transit,801.2616091939456
1790982920.5918689,14327,"(-111.8045283, 41.7443231)",in_transit,801.9572308772412
1790982930.8459282,14327,"(-111.8042555, 41.7445386)",in_transit,844.0474275741834
1790982941.1214266,14327,"(-111.8042625, 41.7453178)",in_transit,930.581856242461
1790982951.3756688,14327,"(-111.8042646, 41.7456095)",in_transit,962.9756491129901
1790982961.666594,14327,"(-111.8042621, 41.7456881)",in_transit,971.6984929928117
1790982971.9297802,14327,"(-111.804291, 41.7463165)",in_transit,1042.052879263437
1790982982.1936023,14327,"(-111.804276, 41.746948)",in_transit,1115.5174206693878
1790982992.4406984,14327,"(-111.804297, 41.7480665)",in_transit,1239.977049352819
1790983002.6957557,14327,"(-111.8043305, 41.7491861)",in_transit,1365.100654687764
1790983012.9838421,14327,"(-111.8037746, 41.7493108)",in_transit,1421.9128008912567
1790983023.3020926,14327,"(-111.8023036, 41.7493211)",in_transit,1544.2264044981594
1790983033.597901,14327,"(-111.801845, 41.7495118)",in_transit,1611.7407307246096
1790983043.8603985,14327,"(-111.801845, 41.7495118)",in_transit,1611.7407307246096
1790983054.1279101,14327,"(-111.8020995, 41.7496226)",Lundstrum,1635.4809289665945
1790983064.3994899,14327,"(-111.802102, 41.7496301)",Lundstrum,1635.6986230369396
1790983074.6722765,14327,"(-111.8020986, 41.7496283)",Lundstrum,1635.4135044498344
1790983084.9422119,14327,"(-111.8020928, 41.7496355)",Lundstrum,1634.9405084996122
1790983095.2116902,14327,"(-111.8025533, 41.7493745)",in_transit,1688.1358559023904
1790983105.4704404,14327,"(-111.8033306, 41.7493481)",in_transit,1458.7958408310744
1790983115.7572482,14327,"(-111.8042925, 41.7495258)",in_transit,1840.4750368513912
1790983126.0194552,14327,"(-111.804347, 41.750456)",in_transit,1945.487738806298
1790983136.2764,14327,"(-111.8043518, 41.7507485)",Aggie Village 1,1978.8826736895046
1790983146.5678942,14327,"(-111.8043601, 41.7508101)",Aggie Village 1,1985.7389642748751
1790983156.8321922,14327,"(-111.8043735, 41.7513098)",in_transit,2041.3478096785298
1790983167.0997925,14327,"(-111.8043761, 41.75263)",in_transit,2187.980751410504
1790983177.3576355,14327,"(-111.8043763, 41.7529285)",in_transit,2221.1343901880805
1790983187.6213913,14327,"(-111.8048773, 41.7530641)",in_transit,2271.3543998179816
1790983197.8754134,14327,"(-111.8060295, 41.753073)",Aggie Village 2,2367.2227620819494
1790983208.168362,14327,"(-111.806048, 41.7530746)",Aggie Village 2,2368.7607939182885
1790983218.4339633,14327,"(-111.8060351, 41.753086)",Aggie Village 2,2367.6836163433813
1790983228.7017553,14327,"(-111.8061133, 41.7530801)",Aggie Village 2,2374.18968557431
1790983238.9670167,14327,"(-111.8070646, 41.752974)",in_transit,2453.2665103747804
1790983249.2336833,14327,"(-111.8077786, 41.752775)",in_transit,2516.739996264839
1790983259.5259228,14327,"(-111.8089225, 41.7523608)",in_transit,2621.3947273904355
1790983269.7848651,14327,"(-111.8092791, 41.7516833)",Aggie Village 3,2701.392419550445
1790983280.0598392,14327,"(-111.8092746, 41.7515968)",Aggie Village 3,2710.991565135385
1790983290.3215744,14327,"(-111.809268, 41.7515948)",Aggie Village 3,2711.2038497396693
1790983300.582784,14327,"(-111.8092428, 41.7511121)",in_transit,2764.7700007942317
1790983310.8505335,14327,"(-111.809273, 41.7504741)",in_transit,2835.6649589587523
1790983321.1055565,14327,"(-111.8092838, 41.7502695)",in_transit,2858.402236268298
1790983331.3843303,14327,"(-111.8092891, 41.750182)",in_transit,2868.1255580192965
1790983341.646657,14327,"(-111.809291, 41.7501798)",in_transit,2868.3726387429815
1790983351.906281,14327,"(-111.8102588, 41.7501211)",in_transit,2964.5765704125515
1790983362.1670322,14327,"(-111.8116291, 41.7501583)",in_transit,3078.6114204298683
1790983372.4290173,14327,"(-111.8134866, 41.7501671)",in_transit,3233.0923755460235
1790983382.7315671,14327,"(-111.813654, 41.7501775)",in_transit,3247.0367683137974
1790983392.9837875,14327,"(-111.8136511, 41.7501758)",in_transit,3246.791664933273
1790983403.2441046,14327,"(-111.813644, 41.7501776)",in_transit,3246.2054471307088
1790983413.4960806,14327,"(-111.8137455, 41.7501768)",in_transit,3254.6453014922927
1790983423.7495363,14327,"(-111.8138108, 41.7501675)",in_transit,3260.0532334900195
1790983434.009789,14327,"(-111.8139588, 41.7499796)",in_transit,3288.347256863041
1790983444.3250628,14327,"(-111.814009, 41.7489706)",in_transit,3400.491456475893
1790983454.6255522,14327,"(-111.8140843, 41.748707)",800 E 900 N,3429.9419530207297
1790983464.903582,14327,"(-111.8141058, 41.7485671)",800 E 900 N,3445.526575927504
1790983475.1575541,14327,"(-111.8141046, 41.7485745)",800 E 900 N,3444.702073535359
1790983485.4051125,14327,"(-111.8140661, 41.7484561)",in_transit,3457.7516443161167
1790983495.679477,14327,"(-111.8140736, 41.7478995)",in_transit,3519.5633464558855
1790983505.948431,14327,"(-111.8141118, 41.7467598)",in_transit,3646.1854933273316
1790983516.218731,14327,"(-111.8141378, 41.745935)",in_transit,3737.8184050491664
1790983526.4691682,14327,"(-111.8141758, 41.744965)",in_transit,3845.600296454686
1790983536.7291684,14327,"(-111.814193, 41.744731)",in_transit,3871.621165361902
1790983546.988514,14327,"(-111.8142085, 41.7446593)",in_transit,3879.61950988679
1790983557.2869692,14327,"(-111.8142168, 41.74446)",in_transit,0.0
1790983567.549563,14327,"(-111.8142186, 41.7438036)",in_transit,0.0
1790983577.8092074,14327,"(-111.8143173, 41.7436195)",in_transit,0.0
1790983588.0842412,14327,"(-111.8141243, 41.7435075)",in_transit,7.074148146041545
1790983598.3400319,14327,"(-111.8139996, 41.7436933)",in_transit,15.472365496132086
1790983608.604153,14327,"(-111.8140345, 41.7438033)",in_transit,12.423499356433819
1790983618.8522732,14327,"(-111.8140361, 41.7438066)",in_transit,12.423499356433819
1790983629.1399434,14327,"(-111.8140315, 41.7438093)",in_transit,12.423499356433819
1790983639.4166396,14327,"(-111.8140273, 41.7438031)",in_transit,12.749352412610385
1790983649.6805673,14327,"(-111.814023, 41.7437928)",in_transit,13.146243275789516
1790964588.8867457,14327,"(-111.8110068, 41.7443913)",Veterinary Science,263.0301114410705
1790964599.1447449,14327,"(-111.810845, 41.7443966)",Veterinary Science,276.46416751148945
1790964609.42874,14327,"(-111.8108465, 41.7444038)",Veterinary Science,276.3147351488526
1790964619.6943462,14327,"(-111.8102, 41.7444056)",in_transit,330.07614188939675
1790964629.96593,14327,"(-111.8093708, 41.7443888)",in_transit,399.0187702272686
1790964640.250093,14327,"(-111.8081905, 41.7443653)",Industrial Science,497.27055093756934
1790964650.5188484,14327,"(-111.8080746, 41.7443836)",in_transit,506.85695378166787
1790964660.80517,14327,"(-111.8080888, 41.7444056)",Industrial Science,505.61458650216304
1790964671.0773294,14327,"(-111.8080895, 41.744411)",in_transit,505.54126516448514
1790964681.373494,14327,"(-111.807521, 41.744395)",in_transit,552.8587903291526
1790964691.6387136,14327,"(-111.8062306, 41.7443456)",in_transit,660.3411747089234
1790964701.8966827,14327,"(-111.8052666, 41.7443225)",in_transit,740.5670194793901
1790964712.1906977,14327,"(-111.8046396, 41.7443288)",in_transit,792.6859171954144
1790964722.460932,14327,"(-111.8045553, 41.7443298)",in_transit,799.6928761096341
1790964732.72297,14327,"(-111.8045548, 41.7443321)",in_transit,799.7278567992856
1790964742.979107,14327,"(-111.8045515, 41.7443388)",in_transit,799.9830484048281
1790964753.2220833,14327,"(-111.8044805, 41.744334)",in_transit,805.900700617625
1790964763.4788158,14327,"(-111.8042765, 41.7449231)",in_transit,886.7842399400192
1790964773.7405117,14327,"(-111.8042855, 41.7455378)",in_transit,955.0541142791601
1790964784.02465,14327,"(-111.8042853, 41.7456986)",in_transit,972.9087079032632
1790964794.2950983,14327,"(-111.8042943, 41.7457681)",in_transit,980.6430673517538
1790964804.583429,14327,"(-111.8042841, 41.746455)",in_transit,1057.5097161196773
1790964814.8357258,14327,"(-111.8042998, 41.7468528)",in_transit,1104.970303397716
1790964825.0919986,14327,"(-111.804321, 41.7478716)",in_transit,1218.3800684652847
1790964835.3550487,14327,"(-111.804349, 41.749016)",in_transit,1345.8453437653081
1790964845.619851,14327,"(-111.8043548, 41.7492165)",in_transit,1367.8842895759353
1790964855.9299712,14327,"(-111.8035821, 41.749317)",in_transit,1437.9156329487273
1790964866.1813042,14327,"(-111.802552, 41.7493291)",in_transit,1688.0519161741693
1790964876.44028,14327,"(-111.8019108, 41.749344)",in_transit,1576.9326341823892
1790964886.7024062,14327,"(-111.8021133, 41.7496201)",Lundstrum,1636.6253979202452
1790964896.9675095,14327,"(-111.8021253, 41.7496205)",Lundstrum,1637.6239421572927
1790964907.2239075,14327,"(-111.8021251, 41.7496216)",Lundstrum,1637.608741723057
1790964917.4922736,14327,"(-111.802128, 41.7496225)",Lundstrum,1637.8511033033426
1790964927.7416904,14327,"(-111.8021256, 41.7496163)",Lundstrum,1637.6434201974016
1790964938.0027559,14327,"(-111.8021236, 41.7496145)",Lundstrum,1637.4747376372154
1790964948.2818506,14327,"(-111.8021226, 41.7496126)",Lundstrum,1637.3890933657544
1790964958.5530837,14327,"(-111.8021178, 41.7496078)",Lundstrum,1636.9836297285672
1790964968.8114045,14327,"(-111.802121, 41.749614)",Lundstrum,1637.2578477976178
1790964979.074935,14327,"(-111.8023606, 41.7494873)",in_transit,1662.2662008628774
1790964989.373246,14327,"(-111.803276, 41.7493398)",in_transit,1463.3467986658256
1790964999.634273,14327,"(-111.8039403, 41.749358)",in_transit,1804.4281868186795
1790965009.9030225,14327,"(-111.8041488, 41.7494046)",in_transit,1822.3527572617745
1790965020.158182,14327,"(-111.804382, 41.749837)",in_transit,1876.8609453804506
1790965040.6794426,14327,"(-111.8043691, 41.7507003)",Aggie Village 1,1973.56501574163
1790965050.9433362,14327,"(-111.8044055, 41.751018)",in_transit,2008.9134132130653
1790965061.2436497,14327,"(-111.8044206, 41.7517035)",in_transit,2085.0898849645873
1790965071.5129862,14327,"(-111.8044278, 41.7528485)",in_transit,2212.2639837946163
1790965081.8312054,14327,"(-111.8044198, 41.753026)",in_transit,2231.976099037146
1790965092.0915554,14327,"(-111.8044105, 41.753025)",in_transit,2231.8623273024878
1790965102.3487341,14327,"(-111.804413, 41.7530306)",in_transit,2232.485031072141
1790965112.5977638,14327,"(-111.8044096, 41.7530306)",in_transit,2232.4840423594524
1790965122.8811402,14327,"(-111.8046531, 41.7530776)",in_transit,2252.684562120589
1790965133.1347387,14327,"(-111.8057275, 41.7530675)",in_transit,2342.1076658238753
1790965143.3869865,14327,"(-111.8059783, 41.7530723)",Aggie Village 2,2362.964751298554
1790965153.6595151,14327,"(-111.8060875, 41.7530695)",Aggie Village 2,2372.0479063908247
1790965163.924817,14327,"(-111.8063423, 41.7530556)",in_transit,2393.2444285546726
1790965174.1826572,14327,"(-111.8069515, 41.7529915)",in_transit,2443.990859243172
1790965184.466614,14327,"(-111.8079526, 41.752712)",in_transit,2532.7271696692364
1790965194.7359686,14327,"(-111.808911, 41.7523508)",in_transit,2621.71120476816
1790965204.9762383,14327,"(-111.8092001, 41.7519381)",in_transit,2673.0775602087447
1790965215.2268102,14327,"(-111.8092828, 41.751587)",Aggie Village 3,2712.092051798885
1790965225.5023444,14327,"(-111.8092906, 41.7515848)",Aggie Village 3,2712.3479623803723
1790965235.8299608,14327,"(-111.80928, 41.751442)",in_transit,2728.1886476633936
1790965246.1339562,14327,"(-111.8092851, 41.750882)",in_transit,2790.3718597979823
1790965256.4360151,14327,"(-111.8092873, 41.750392)",in_transit,2844.8038013769224
1790965266.6972778,14327,"(-111.8092893, 41.7502101)",in_transit,2865.0067904737098
1790965276.9650407,14327,"(-111.810038, 41.7501188)",in_transit,2946.2105131952176
1790965287.2291627,14327,"(-111.8110575, 41.7501371)",in_transit,3031.030052030159
1790965297.5138474,14327,"(-111.8116816, 41.7501425)",in_transit,3082.9400718020415
1790965307.772029,14327,"(-111.8128088, 41.7501465)",in_transit,3176.6821198116468
1790965318.04743,14327,"(-111.8133455, 41.750142)",in_transit,3221.3007797648693
1790965328.2959127,14327,"(-111.8134646, 41.7501408)",in_transit,3231.2017986729124
1790965338.562691,14327,"(-111.8135605, 41.7501433)",in_transit,3239.1822161500922
1790965348.8285153,14327,"(-111.8137533, 41.7501488)",in_transit,3255.227474118944
1790965359.0919354,14327,"(-111.8139993, 41.7498585)",in_transit,3301.888781487628
1790965369.3342316,14327,"(-111.8140715, 41.7485265)",800 E 900 N,3449.9492508728763
1790965379.6123343,14327,"(-111.8140715, 41.7485265)",800 E 900 N,3449.9492508728763
1790965389.8837883,14327,"(-111.814099, 41.7483823)",in_transit,3466.0260688525013
1790965400.1937551,14327,"(-111.8140968, 41.7483815)",in_transit,3466.109451902921
1790965410.4619439,14327,"(-111.814095, 41.7483786)",in_transit,3466.426962157802
1790965420.733417,14327,"(-111.8140578, 41.7481085)",in_transit,3496.321386442453
1790965431.0075357,14327,"(-111.8140731, 41.7475625)",in_transit,3556.975430504549
1790965441.2639322,14327,"(-111.8141153, 41.7465241)",in_transit,3672.3612843190795
1790965451.5523198,14327,"(-111.8141518, 41.7456915)",in_transit,3764.8857575860998
1790965461.8130908,14327,"(-111.8141803, 41.745137)",in_transit,3826.516214697428
1790965472.0693414,14327,"(-111.8141745, 41.7449733)",in_transit,3844.675628772903
1790965482.3742814,14327,"(-111.8141816, 41.7449381)",in_transit,3848.6010327813474
1790965492.6378896,14327,"(-111.8141791, 41.7446833)",in_transit,3876.882397925511
1790965502.9167726,14327,"(-111.8138716, 41.744461)",in_transit,23.17491149287836
1790965513.1816046,14327,"(-111.8138716, 41.744461)",in_transit,23.17491149287836
1790965523.4429433,14327,"(-111.813425, 41.7444198)",Field House,60.89946235397339
1790965533.767861,14327,"(-111.8134076, 41.7444113)",Field House,62.374781947909895
1790965544.0627074,14327,"(-111.8133938, 41.7444083)",Field House,63.53225829971188
1790965554.3664253,14327,"(-111.8133801, 41.7444041)",Field House,64.68546338680612
1790965564.6347926,14327,"(-111.8125438, 41.7444245)",in_transit,134.12802923683412
1790965574.897546,14327,"(-111.8119198, 41.744421)",in_transit,185.09119262760197
1790965585.1568155,14327,"(-111.8116811, 41.7444288)",in_transit,206.87808843108837
1790965595.4160364,14327,"(-111.8113163, 41.7444136)",in_transit,237.2213430273905
1790965605.6937127,14327,"(-111.8110103, 41.7444078)",Veterinary Science,262.682469360425
1790965615.9471343,14327,"(-111.8108356, 41.7444116)",in_transit,277.1941938313212
1790965626.216763,14327,"(-111.8108458, 41.744418)",Veterinary Science,276.3241796492759
1790965636.4842143,14327,"(-111.810854, 41.7444223)",Veterinary Science,275.6276581550844
1790965646.7900171,14327,"(-111.810586, 41.744417)",in_transit,297.92769785080765
1790965657.056218,14327,"(-111.8096641, 41.7443945)",in_transit,374.6136755264202
1790965667.322955,14327,"(-111.8089775, 41.7443768)",in_transit,431.7558799059383
1790965677.56955,14327,"(-111.8084731, 41.7443741)",in_transit,473.74643067629285
1790965687.848871,14327,"(-111.8082215, 41.7443641)",Industrial Science,494.69611607000866
1790965698.1211967,14327,"(-111.80801, 41.7443565)",in_transit,512.3045886464126
1790965708.3778937,14327,"(-111.8079986, 41.744351)",in_transit,513.2679450129845
1790965718.6371665,14327,"(-111.8079976, 41.7443505)",in_transit,513.3524990678937
1790965728.9005105,14327,"(-111.8077406, 41.74435)",in_transit,534.7246381107199
1790965739.1686945,14327,"(-111.8070451, 41.7443211)",in_transit,592.917473571596
1790965749.4312246,14327,"(-111.8058393, 41.7442963)",in_transit,693.0204505883265
1790965759.69233,14327,"(-111.8048108, 41.7442975)",in_transit,778.5398169537871
1790965769.9587338,14327,"(-111.8046236, 41.7442926)",in_transit,794.1201824939952
1790965780.236354,14327,"(-111.8046263, 41.744294)",in_transit,793.8916535277642
1790965790.4985788,14327,"(-111.8045736, 41.7442943)",in_transit,798.2729766603564
1790965800.8205383,14327,"(-111.804436, 41.7442948)",in_transit,809.7151209525983
1790965811.0916114,14327,"(-111.8042293, 41.744485)",in_transit,838.0458120279932
1790965821.3531363,14327,"(-111.8042528, 41.7453928)",in_transit,938.8912304883735
1790965831.6198382,14327,"(-111.804259, 41.7456196)",in_transit,964.086441156535
1790965841.8816545,14327,"(-111.8042675, 41.7456806)",in_transit,970.8760187969625
1790965852.1285758,14327,"(-111.804282, 41.7460261)",in_transit,1009.2554085203196
1790965862.3875206,14327,"(-111.8042171, 41.7466425)",in_transit,1079.7053761960349
1790965872.6455252,14327,"(-111.8043123, 41.7471815)",in_transit,1141.54509624427
1790965882.933755,14327,"(-111.8043383, 41.748354)",in_transit,1271.9779531858128
1790965893.2053163,14327,"(-111.8043646, 41.7490785)",in_transit,1352.6377929076334
1790965903.4792268,14327,"(-111.8041056, 41.749342)",in_transit,1395.00364623458
1790965913.7695894,14327,"(-111.8025815, 41.7492966)",in_transit,1521.113674718336
1790965924.0753493,14327,"(-111.8018885, 41.7492963)",in_transit,1578.7058399492134
1790965934.3309748,14327,"(-111.8018266, 41.7494786)",in_transit,1608.0474909359982
1790965944.5846264,14327,"(-111.8018266, 41.7494786)",in_transit,1608.0474909359982
1790965954.8474345,14327,"(-111.8020991, 41.749604)",Lundstrum,1635.423425390455
1790965965.1049888,14327,"(-111.8021181, 41.7496251)",Lundstrum,1637.0311221081733
1790965975.3892477,14327,"(-111.8023616, 41.749484)",in_transit,1662.6025588074165
1790965985.6551378,14327,"(-111.8026051, 41.7493633)",in_transit,1519.1863115737083
1790965995.927048,14327,"(-111.8036858, 41.7493421)",in_transit,1429.2610397324372
1790966006.1990705,14327,"(-111.8039725, 41.7493485)",in_transit,1806.5190540156793
1790966016.4723353,14327,"(-111.8043813, 41.7497983)",in_transit,1872.5507043555187
1790966026.7279825,14327,"(-111.8043586, 41.7502621)",in_transit,1924.4778985045036
1790966036.9949386,14327,"(-111.8043645, 41.7507666)",Aggie Village 1,1980.9176058575858
1790966047.2663178,14327,"(-111.8043651, 41.7508258)",Aggie Village 1,1987.4921459487618
1790966057.5328226,14327,"(-111.8043618, 41.7508228)",Aggie Village 1,1987.1524955079149
1790966067.7939525,14327,"(-111.8044135, 41.7516648)",in_transit,2080.7895183502105
1790966078.0543118,14327,"(-111.8044183, 41.7524641)",in_transit,2169.566963624615
1790966088.3156283,14327,"(-111.8044295, 41.7530106)",in_transit,2230.26848378375
1790966098.5801833,14327,"(-111.8050961, 41.7530761)",in_transit,2289.606451542201
1790966108.8490946,14327,"(-111.8059573, 41.7530493)",Aggie Village 2,2361.226850657422
1790966119.1072826,14327,"(-111.8060421, 41.7530285)",Aggie Village 2,2368.2874513765864
1790966129.3764913,14327,"(-111.8060383, 41.7530296)",Aggie Village 2,2367.970993212289
1790966139.652717,14327,"(-111.8065791, 41.7530088)",in_transit,2413.4856885973813
1790966149.9195356,14327,"(-111.807252, 41.7528726)",in_transit,2471.8621577359154
1790966160.1789267,14327,"(-111.8081026, 41.7526353)",in_transit,2547.3558865498185
1790966170.493841,14327,"(-111.808719, 41.7524458)",in_transit,2603.2479457560057
1790966180.760084,14327,"(-111.809221, 41.7518338)",in_transit,2684.5923749286835
1790966191.0169227,14327,"(-111.8092743, 41.7516488)",Aggie Village 3,2705.2165111449403
1790966201.2680206,14327,"(-111.809278, 41.7515745)",Aggie Village 3,2713.473040016686
1790966211.5257263,14327,"(-111.8092721, 41.7510633)",in_transit,2770.2325105025398
1790966221.821287,14327,"(-111.809267, 41.750538)",in_transit,2828.5599763774408
1790966232.0961514,14327,"(-111.8092708, 41.7503336)",in_transit,2851.264594944885
1790966242.3461866,14327,"(-111.8095288, 41.750113)",in_transit,2903.854297455945
1790966252.6381128,14327,"(-111.8110696, 41.7501421)",in_transit,3032.047904998963
1790966262.905987,14327,"(-111.8123321, 41.7501436)",in_transit,3137.0348408837335
1790966273.1724746,14327,"(-111.813289, 41.7501233)",in_transit,3216.5590096351502
1790966283.423675,14327,"(-111.8137518, 41.7501223)",in_transit,3255.0398676119503
1790966293.7488315,14327,"(-111.8138283, 41.7501265)",in_transit,3261.4111660061153
1790966304.015314,14327,"(-111.8139688, 41.7499435)",in_transit,3292.3790428015295
1790966314.2933812,14327,"(-111.8139736, 41.7491338)",in_transit,3382.285039131101
1790966324.5607285,14327,"(-111.8140858, 41.7486081)",800 E 900 N,3440.9254211508933
1790966334.8137877,14327,"(-111.8140968, 41.7485543)",800 E 900 N,3446.9253953690786
1790966345.0688038,14327,"(-111.8140936, 41.74856)",800 E 900 N,3446.28468681754
1790966355.3370714,14327,"(-111.8140911, 41.7485643)",800 E 900 N,3445.8011330164395
1790966365.6108553,14327,"(-111.8140555, 41.748301)",in_transit,3474.9444937068843
1790966375.8744264,14327,"(-111.8140616, 41.7474425)",in_transit,3570.2692652009882
1790966386.1441083,14327,"(-111.8140913, 41.7467101)",in_transit,3651.6525954449753
1790966396.4044547,14327,"(-111.8141393, 41.7455423)",in_transit,3781.4189095679485
1790966406.676579,14327,"(-111.8141561, 41.7447466)",in_transit,3869.7980721062786
1790966416.9647622,14327,"(-111.8141633, 41.7445593)",in_transit,3890.6139793258963
1790966427.2252162,14327,"(-111.8135225, 41.7444361)",Field House,52.84698798217611
1790966437.4831488,14327,"(-111.8134683, 41.7444321)",Field House,57.2579458367202
1790966447.741974,14327,"(-111.8134591, 41.744428)",Field House,58.03667121443669
1790966458.0067525,14327,"(-111.8134436, 41.7444171)",Field House,59.362104791910944
1790966468.2667506,14327,"(-111.8127856, 41.744433)",in_transit,114.01640489535077
1790966478.5431938,14327,"(-111.8117663, 41.7444395)",in_transit,199.75203937299352
1790966488.801504,14327,"(-111.8110991, 41.744422)",Veterinary Science,255.25077875040338
1790966499.07369,14327,"(-111.8108348, 41.7444176)",in_transit,277.24010628675995
1790966509.3737116,14327,"(-111.8108318, 41.744419)",in_transit,277.48472311411285
1790966519.6374233,14327,"(-111.8108133, 41.7444141)",in_transit,279.0396592888861
1790966529.9099362,14327,"(-111.8102806, 41.7444091)",in_transit,323.36238586958046
1790966540.166502,14327,"(-111.8091131, 41.7443893)",in_transit,420.44754671153015
1790966550.472637,14327,"(-111.8080896, 41.7443713)",Industrial Science,505.64405929588213
1790966560.74803,14327,"(-111.8080401, 41.744363)",in_transit,509.78344229699275
1790966571.0634208,14327,"(-111.8080473, 41.7443568)",in_transit,509.2020815206566
1790966581.318162,14327,"(-111.807482, 41.744354)",in_transit,556.2149606613484
1790966591.5827734,14327,"(-111.8067286, 41.744319)",in_transit,619.2136052509002
1790966601.8446634,14327,"(-111.8053806, 41.7442876)",in_transit,731.1878585995129
1790966612.1238105,14327,"(-111.8046423, 41.7443083)",in_transit,792.5201911376749
1790966622.3881643,14327,"(-111.8045276, 41.7443071)",in_transit,802.0613238573469
1790966632.6764944,14327,"(-111.8045265, 41.7443078)",in_transit,802.1507850646315
1790966642.934944,14327,"(-111.8045111, 41.7443036)",in_transit,803.4433919830473
1790966653.2010448,14327,"(-111.8043436, 41.7443021)",in_transit,817.3771522439688
1790966663.4585698,14327,"(-111.8042553, 41.7449245)",in_transit,886.9005442727029
1790966673.7327418,14327,"(-111.8042598, 41.7455528)",in_transit,956.6706036685788
1790966684.0365794,14327,"(-111.8042581, 41.7456891)",in_transit,971.8018915191567
1790966694.309495,14327,"(-111.8042803, 41.7461235)",in_transit,1020.8136253948123
1790966704.566361,14327,"(-111.8043115, 41.7463206)",in_transit,1042.335249436628
1790966714.8285987,14327,"(-111.8042316, 41.7466898)",in_transit,1086.4140550655802
1790966725.0965037,14327,"(-111.8043096, 41.747943)",in_transit,1226.2870860864643
1790966735.35265,14327,"(-111.8043416, 41.749067)",in_transit,1351.542427442171
1790966745.622873,14327,"(-111.80433, 41.7492006)",in_transit,1366.6729106790724
1790966755.8794127,14327,"(-111.8041525, 41.749333)",in_transit,1390.0157160122167
1790966766.1462183,14327,"(-111.803935, 41.7493181)",in_transit,1408.195328626185
1790966776.4151967,14327,"(-111.8030406, 41.7493235)",in_transit,1482.9330349968293
1790966786.7240994,14327,"(-111.801922, 41.7493133)",in_transit,1575.9488160246751
1790966796.9783778,14327,"(-111.8018685, 41.7493136)",in_transit,1580.3986494975425
1790966807.2413096,14327,"(-111.801837, 41.7495021)",in_transit,1610.484456612953
1790966817.502513,14327,"(-111.802077, 41.7496065)",Lundstrum,1633.5886567879772
1790966827.7703764,14327,"(-111.8021348, 41.749621)",Lundstrum,1638.4146952159394
1790966838.0279446,14327,"(-111.8021613, 41.7496433)",Lundstrum,1640.6477182864166
1790966848.29084,14327,"(-111.8023166, 41.7495901)",in_transit,1652.708232625787
1790966858.6170142,14327,"(-111.8024535, 41.7494416)",in_transit,1670.4793244607176
1790966868.8851085,14327,"(-111.8027078, 41.749373)",in_transit,1510.6495438977372
1790966879.1633868,14327,"(-111.8038963, 41.7493793)",in_transit,1411.7095146485515
1790966889.4263353,14327,"(-111.8040115, 41.749385)",in_transit,1811.0415449850154
1790966899.6904652,14327,"(-111.80416, 41.749413)",in_transit,1823.6448095159735
1790966909.9884923,14327,"(-111.8041611, 41.7494003)",in_transit,1822.9411595641268
1790966920.2391276,14327,"(-111.804343, 41.749594)",in_transit,1849.2200406885204
1790966930.5432236,14327,"(-111.8043455, 41.7502685)",in_transit,1925.1750606932994
1790966940.8348265,14327,"(-111.8043495, 41.7507763)",Aggie Village 1,1981.9649244745199
1790966951.080267,14327,"(-111.8043558, 41.7508286)",Aggie Village 1,1987.7846127182545
1790966961.3480837,14327,"(-111.8043876, 41.7517001)",in_transit,2084.7026600831286
1790966971.6024973,14327,"(-111.8043965, 41.7525338)",in_transit,2177.3020123869824
1790966981.8704877,14327,"(-111.8043966, 41.7530208)",in_transit,2231.3918027385953
1790966992.1406689,14327,"(-111.8049583, 41.7530703)",in_transit,2278.0782415537046
1790967002.4073129,14327,"(-111.8058961, 41.7530736)",Aggie Village 2,2356.12773569706
1790967012.6595507,14327,"(-111.8060705, 41.7530751)",Aggie Village 2,2370.631917537102
1790967022.9414454,14327,"(-111.8060858, 41.7530781)",Aggie Village 2,2371.903279920619
1790967033.2034874,14327,"(-111.8061005, 41.7530738)",Aggie Village 2,2373.1274895944316
1790967043.4945815,14327,"(-111.8061113, 41.7530685)",Aggie Village 2,2374.027715272715
1790967053.7591414,14327,"(-111.806125, 41.7530668)",Aggie Village 2,2375.1677766385988
1790967064.024329,14327,"(-111.806984, 41.7529966)",in_transit,2446.1093202086868
1790967074.2865012,14327,"(-111.8076, 41.752816)",in_transit,2501.22179559919
1790967084.543265,14327,"(-111.8085846, 41.7525355)",in_transit,2588.3659185323186
1790967094.8398216,14327,"(-111.8091376, 41.7520458)",in_transit,2660.243230747843
1790967105.0955925,14327,"(-111.8092796, 41.7516335)",Aggie Village 3,2706.9234607239914
1790967115.36337,14327,"(-111.8092745, 41.7515868)",Aggie Village 3,2712.1019179058053
1790967125.6206605,14327,"(-111.809268, 41.7513608)",in_transit,2737.1883745821706
1790967135.8926013,14327,"(-111.8092715, 41.7508446)",in_transit,2794.508177184932
1790967146.1864166,14327,"(-111.8092763, 41.7503775)",in_transit,2846.397672678041
1790967156.445548,14327,"(-111.8092798, 41.7502283)",in_transit,2862.971553388181
1790967166.7508256,14327,"(-111.8092818, 41.750177)",in_transit,2868.6701734134813
1790967177.0152216,14327,"(-111.8095355, 41.750124)",in_transit,2904.437142574593
1790967187.2764652,14327,"(-111.8105211, 41.750135)",in_transit,2986.42066355363
1790967197.5291781,14327,"(-111.811984, 41.7501533)",in_transit,3108.1110445196146
1790967207.7839823,14327,"(-111.8130568, 41.750147)",in_transit,3197.30544358332
1790967218.0506058,14327,"(-111.8133838, 41.7501313)",in_transit,3224.4607488779743
1790967228.3326948,14327,"(-111.8135578, 41.7501286)",in_transit,3238.9235146339124
1790967238.6041615,14327,"(-111.8136976, 41.7501305)",in_transit,3250.5530617927197
1790967248.8753242,14327,"(-111.813725, 41.7501306)",in_transit,3252.831015007573
1790967259.1754832,14327,"(-111.8139701, 41.7499045)",in_transit,3296.7120073168126
1790967269.4308536,14327,"(-111.8140716, 41.748774)",in_transit,3422.4723320795356
1790967279.698664,14327,"(-111.8141051, 41.7485903)",800 E 900 N,3442.9492102487106
1790967289.9626873,14327,"(-111.8141051, 41.7485606)",800 E 900 N,3446.246470088848
1790967300.2071676,14327,"(-111.8141105, 41.7485658)",800 E 900 N,3445.6825051339165
1790967310.4672005,14327,"(-111.814102, 41.7485606)",800 E 900 N,3446.2388159097745
1790967320.7534118,14327,"(-111.8140933, 41.7485561)",800 E 900 N,3446.716919596701
1790967331.016579,14327,"(-111.814081, 41.7485445)",800 E 900 N,3447.974368232707
1790967341.2823524,14327,"(-111.8140545, 41.7480546)",in_transit,3502.297144129986
1790967351.5490375,14327,"(-111.8141073, 41.7470766)",in_transit,3611.0035985064387
1790967361.8475814,14327,"(-111.8141356, 41.7462735)",in_transit,3700.2331766415414
1790967372.1043053,14327,"(-111.8141356, 41.7462735)",in_transit,3700.2331766415414
1790967382.3719265,14327,"(-111.8141715, 41.7449388)",in_transit,3848.498356461535
1790967392.6299758,14327,"(-111.8141445, 41.7448628)",in_transit,3856.869037657504
1790967402.932763,14327,"(-111.8141338, 41.7448485)",in_transit,3858.4301572462073
1790967413.2228222,14327,"(-111.8141315, 41.7448295)",in_transit,3860.533826183766
1790967423.4922245,14327,"(-111.8138951, 41.744475)",in_transit,21.16773597665473
1790967433.7521815,14327,"(-111.8135021, 41.7444385)",Field House,54.42616251800352
1790967444.0201707,14327,"(-111.8134283, 41.7444415)",Field House,60.55198364670919
1790967454.3042405,14327,"(-111.8134311, 41.7444416)",Field House,60.318847313711935
1790967464.5644314,14327,"(-111.813461, 41.7444415)",Field House,57.833218854728884
1790967474.8429873,14327,"(-111.8134793, 41.7444406)",Field House,56.314740333848995
1790967485.1128328,14327,"(-111.8134773, 41.7444375)",Field House,56.49146943180264
1790967495.4045458,14327,"(-111.8134675, 41.74443)",Field House,57.33153481869971
1790967505.701128,14327,"(-111.8134525, 41.7444211)",Field House,58.60865891212053
1790967515.9868898,14327,"(-111.8134166, 41.7444176)",Field House,61.60527276555689
1790967526.2440848,14327,"(-111.8133891, 41.7444113)",Field House,63.912921740300526
1790967536.504785,14327,"(-111.8131293, 41.7444363)",in_transit,85.42915673190129
1790967546.7613647,14327,"(-111.812246, 41.7444325)",in_transit,158.81631111791526
1790967557.0191772,14327,"(-111.8117068, 41.7444408)",in_transit,204.6926039265658
1790967567.3130927,14327,"(-111.8115485, 41.7444496)",in_transit,217.8150986632123
1790967577.5852501,14327,"(-111.811522, 41.7444606)",in_transit,219.97279700345868
1790967587.8518422,14327,"(-111.8110168, 41.744441)",Veterinary Science,262.0280695939184
1790967598.1104681,14327,"(-111.8108456, 41.7444296)",Veterinary Science,276.3009803844499
1790967608.4079163,14327,"(-111.810847, 41.744422)",Veterinary Science,276.2106765858325
1790967618.6796856,14327,"(-111.8104285, 41.7444101)",in_transit,311.0461306827162
1790967628.9634624,14327,"(-111.8094861, 41.7443946)",in_transit,389.41570890825966
1790967639.215993,14327,"(-111.8088888, 41.7443701)",in_transit,439.1492213449309
1790967649.4714053,14327,"(-111.8079531, 41.744355)",in_transit,517.0402850664108
1790967659.743429,14327,"(-111.8078756, 41.744356)",in_transit,523.4819693907547
1790967670.0391135,14327,"(-111.8078571, 41.744362)",in_transit,525.0035357170765
1790967680.2911508,14327,"(-111.8077701, 41.7443566)",in_transit,532.2531023265093
1790967690.5584984,14327,"(-111.8066821, 41.744322)",in_transit,623.0557344649014
1790967700.813536,14327,"(-111.805786, 41.7443006)",in_transit,697.4401634458283
1790967711.0793657,14327,"(-111.8046941, 41.7443148)",in_transit,788.1942069153226
1790967721.3312962,14327,"(-111.8045068, 41.7443146)",in_transit,803.7694048148235
1790967731.5935946,14327,"(-111.8045098, 41.7443046)",in_transit,803.5486234914742
1790967741.8835516,14327,"(-111.8044911, 41.7443085)",in_transit,805.0924067140103
1790967752.1323235,14327,"(-111.8042355, 41.7445523)",in_transit,845.5305221056807
1790967762.3842037,14327,"(-111.8042511, 41.7452188)",Aggie Ice Cream,919.5672963111475
1790967772.6382608,14327,"(-111.8042436, 41.7456825)",in_transit,971.041343574143
1790967782.9056392,14327,"(-111.804222, 41.7456961)",in_transit,972.5102111445341
1790967793.1683378,14327,"(-111.8042083, 41.7457016)",in_transit,973.0947563986297
1790967803.4368892,14327,"(-111.8042586, 41.7463426)",in_transit,1045.6237392364585
1790967813.6931207,14327,"(-111.8042321, 41.746729)",in_transit,1090.7504861663522
1790967823.9516592,14327,"(-111.8042713, 41.7479501)",in_transit,1227.0041352781113
1790967834.2384336,14327,"(-111.8042851, 41.7487686)",in_transit,1317.990414568217
1790967844.5215895,14327,"(-111.804023, 41.7493196)",in_transit,1401.1127010082455
1790967854.7966516,14327,"(-111.802949, 41.7493171)",in_transit,1490.5335216926483
1790967865.089473,14327,"(-111.8020985, 41.7493175)",in_transit,1561.2773787254148
1790967875.3453841,14327,"(-111.8018563, 41.7493181)",in_transit,1581.4209374522761
1790967885.6109736,14327,"(-111.8018486, 41.7493111)",in_transit,1582.0493662787458
1790967895.911459,14327,"(-111.8018256, 41.7494946)",in_transit,1609.2407237360683
1790967906.156826,14327,"(-111.802072, 41.7496015)",Lundstrum,1633.1662985028338
1790967916.4089134,14327,"(-111.8020705, 41.7495986)",Lundstrum,1633.0377667285982
1790967926.6733603,14327,"(-111.8020638, 41.749593)",Lundstrum,1632.4732398602066
1790967936.9364018,14327,"(-111.8023058, 41.7494996)",in_transit,1658.3228339835202
1790967947.1928048,14327,"(-111.8032716, 41.749345)",in_transit,1463.7065547517539
1790967957.462803,14327,"(-111.8039606, 41.7493688)",in_transit,1806.442327848812
1790967967.720179,14327,"(-111.8041433, 41.749404)",in_transit,1821.934731769219
1790967977.978579,14327,"(-111.8043676, 41.7497823)",in_transit,1870.8391224088896
1790967988.239374,14327,"(-111.8043445, 41.750521)",in_transit,1952.4527210855533
1790967998.4903948,14327,"(-111.8043445, 41.7508155)",Aggie Village 1,1986.307637423466
1790968008.7530177,14327,"(-111.8043715, 41.7510076)",in_transit,2007.6912379676135
1790968019.0251467,14327,"(-111.8043691, 41.752021)",in_transit,2120.3387575959373
1790968029.2798123,14327,"(-111.804372, 41.752761)",in_transit,2202.529371482782
1790968039.5442195,14327,"(-111.8043765, 41.7529438)",in_transit,2222.8337776858416
1790949605.3172624,14327,"(-111.8082468, 41.744404)",Industrial Science,492.4806428731459
1790949615.603141,14327,"(-111.8079951, 41.7444041)",in_transit,513.4103672371264
1790949625.89358,14327,"(-111.8072433, 41.7443775)",in_transit,576.0958823830113
1790949636.2219386,14327,"(-111.8061591, 41.7443441)",in_transit,666.2909407038107
1790949646.4828658,14327,"(-111.8046398, 41.7443525)",in_transit,792.6013218235585
1790949656.7719123,14327,"(-111.8046398, 41.7443525)",in_transit,792.6013218235585
1790949667.02992,14327,"(-111.8045651, 41.744349)",in_transit,798.8229115342298
1790949677.2809315,14327,"(-111.8045681, 41.7443508)",in_transit,798.5682895480188
1790949687.545149,14327,"(-111.8045716, 41.7443443)",in_transit,798.2958936263594
1790949697.8185337,14327,"(-111.804543, 41.7443428)",in_transit,800.6783803628301
1790949708.0855849,14327,"(-111.80428, 41.7450703)",Aggie Ice Cream,903.1332350125426
1790949718.382519,14327,"(-111.8042791, 41.7456955)",in_transit,972.552646887264
1790949728.6527202,14327,"(-111.8042815, 41.7457361)",in_transit,977.0653902794562
1790949738.9112358,14327,"(-111.8042838, 41.7461516)",in_transit,1023.8897989451906
1790949749.1595209,14327,"(-111.8042128, 41.7465916)",in_transit,1074.4675439803138
1790949759.4259472,14327,"(-111.804281, 41.7468238)",in_transit,1101.6318291232642
1790949769.7107213,14327,"(-111.804314, 41.7485836)",in_transit,1297.477943255107
1790949779.9785783,14327,"(-111.8043435, 41.7492096)",in_transit,1367.3694727131506
1790949790.243871,14327,"(-111.8033736, 41.7493301)",in_transit,1455.240965517192
1790949800.5441444,14327,"(-111.802193, 41.7493361)",in_transit,1553.4500338926707
1790949810.8095706,14327,"(-111.8019073, 41.7495621)",Lundstrum,1619.3425625542934
1790949821.0749536,14327,"(-111.8019073, 41.7495621)",Lundstrum,1619.3425625542934
1790949831.3319116,14327,"(-111.8020943, 41.7496261)",Lundstrum,1635.0530129182314
1790949841.598191,14327,"(-111.8020916, 41.749628)",Lundstrum,1634.8309335089339
1790949851.855879,14327,"(-111.8020875, 41.7496303)",Lundstrum,1634.4929393217037
1790949862.1695373,14327,"(-111.8020835, 41.7496216)",Lundstrum,1634.1489285931689
1790949872.4682937,14327,"(-111.8020871, 41.7496241)",Lundstrum,1634.4515930823386
1790949882.73553,14327,"(-111.8020916, 41.7496246)",Lundstrum,1634.8265032135353
1790949892.9907918,14327,"(-111.8023375, 41.7495113)",in_transit,1658.9864419668584
1790949903.2905395,14327,"(-111.8029651, 41.7493398)",in_transit,1489.252608748839
1790949913.5642867,14327,"(-111.8038946, 41.749359)",in_transit,1411.8750576044954
1790949923.8411748,14327,"(-111.8043315, 41.7496001)",in_transit,1849.492928411758
1790949934.110814,14327,"(-111.8043483, 41.7506081)",in_transit,1963.2862356286737
1790949944.3693497,14327,"(-111.8043591, 41.7508136)",Aggie Village 1,1986.1256091797225
1790949954.8855457,14327,"(-111.8043531, 41.7508311)",Aggie Village 1,1988.056851477075
1790949965.157771,14327,"(-111.8043638, 41.7512326)",in_transit,2032.7703967571742
1790949975.4343376,14327,"(-111.8043721, 41.7522096)",in_transit,2141.2869127901454
1790949985.712929,14327,"(-111.8043635, 41.7528521)",in_transit,2212.6451286023744
1790949995.9741032,14327,"(-111.8046203, 41.7531055)",in_transit,2249.9034022484984
1790950006.2440298,14327,"(-111.8056316, 41.7530783)",in_transit,2334.1276570888294
1790950016.504274,14327,"(-111.8059545, 41.7530903)",Aggie Village 2,2360.9785439575
1790950026.7683654,14327,"(-111.8060626, 41.7530876)",Aggie Village 2,2369.9701724672277
1790950037.0325472,14327,"(-111.8066045, 41.75304)",in_transit,2414.818399818222
1790950047.2937803,14327,"(-111.8072763, 41.7528901)",in_transit,2473.104059233865
1790950057.5542974,14327,"(-111.8083803, 41.7525708)",in_transit,2571.5111027854064
1790950067.8276768,14327,"(-111.8090226, 41.7521768)",in_transit,2642.7462523164636
1790950078.0941072,14327,"(-111.8092441, 41.751792)",in_transit,2689.2679767976233
1790950088.3623044,14327,"(-111.8092695, 41.7516183)",Aggie Village 3,2708.5964020634815
1790950098.627401,14327,"(-111.8092648, 41.7516296)",Aggie Village 3,2707.3345453840943
1790950108.9081013,14327,"(-111.8092251, 41.7514356)",in_transit,2728.818912971255
1790950119.156911,14327,"(-111.8092286, 41.7505733)",in_transit,2824.5831563764223
1790950129.4238663,14327,"(-111.8092286, 41.750297)",in_transit,2855.2662825430007
1790950139.6901684,14327,"(-111.8095475, 41.7501188)",in_transit,2905.4228543616687
1790950149.9491732,14327,"(-111.811433, 41.7501603)",in_transit,3062.3093268751873
1790950160.2128026,14327,"(-111.8125816, 41.7501738)",in_transit,3157.853518651543
1790950170.4953368,14327,"(-111.813548, 41.7501643)",in_transit,3238.19160505512
1790950180.7461784,14327,"(-111.813675, 41.7501613)",in_transit,3248.7453636673035
1790950191.0138679,14327,"(-111.8136706, 41.7501646)",in_transit,3248.3871529576777
1790950201.2767975,14327,"(-111.8136706, 41.7501603)",in_transit,3248.3771547891574
1790950211.529857,14327,"(-111.8136678, 41.750151)",in_transit,3248.1226957116623
1790950221.8004332,14327,"(-111.8137915, 41.7501495)",in_transit,3258.405642771084
1790950232.0558398,14327,"(-111.8139676, 41.7497266)",in_transit,3316.4568507531158
1790950242.3178976,14327,"(-111.8140635, 41.7486638)",800 E 900 N,3434.6866098953983
1790950252.6165996,14327,"(-111.814082, 41.7485878)",800 E 900 N,3443.1697211949545
1790950262.9117932,14327,"(-111.8140795, 41.7485903)",800 E 900 N,3442.8860012983423
1790950273.165619,14327,"(-111.814081, 41.7485886)",800 E 900 N,3443.0784370079045
1790950283.4875176,14327,"(-111.814091, 41.748593)",800 E 900 N,3442.6146451236923
1790950293.7406223,14327,"(-111.8140916, 41.7485885)",800 E 900 N,3443.115711409654
1790950304.0132918,14327,"(-111.814044, 41.7482121)",in_transit,3484.7857448901677
1790950314.292672,14327,"(-111.814061, 41.7476248)",in_transit,3550.0290655809877
1790950324.5559092,14327,"(-111.8140983, 41.7465521)",in_transit,3669.2108439056847
1790950334.8242755,14327,"(-111.8141171, 41.745731)",in_transit,3760.4149787227843
1790950345.0884671,14327,"(-111.8141425, 41.7447866)",in_transit,3865.323713079193
1790950355.3394635,14327,"(-111.8141388, 41.7447376)",in_transit,3870.7544801441754
1790950365.5983126,14327,"(-111.8141178, 41.7447376)",in_transit,3870.702575158195
1790950375.847349,14327,"(-111.8140958, 41.744735)",in_transit,3870.9368464492554
1790950386.1105487,14327,"(-111.813826, 41.7444553)",in_transit,26.987525134179492
1790950396.3715184,14327,"(-111.813826, 41.7444553)",in_transit,26.987525134179492
1790950406.641305,14327,"(-111.8134446, 41.7444116)",Field House,59.29749163412846
1790950416.9076967,14327,"(-111.8134491, 41.7444086)",Field House,58.93345651504319
1790950427.1870704,14327,"(-111.8134328, 41.7444113)",Field House,60.279586107317954
1790950437.4474163,14327,"(-111.8134173, 41.7444058)",Field House,61.58682755611336
1790950447.7031708,14327,"(-111.8134043, 41.7443965)",Field House,62.699014863889495
1790950457.9703722,14327,"(-111.8134118, 41.7443981)",Field House,62.070054060106585
1790950468.2327435,14327,"(-111.813419, 41.7444006)",Field House,61.463003963032826
1790950478.500757,14327,"(-111.813395, 41.7443925)",Field House,63.48571834370476
1790950488.7498658,14327,"(-111.8131805, 41.744414)",in_transit,81.24738926142379
1790950498.9938197,14327,"(-111.8125768, 41.7444305)",in_transit,131.3671569000802
1790950509.252537,14327,"(-111.8116245, 41.7444311)",in_transit,211.5734937691093
1790950519.517407,14327,"(-111.8115873, 41.744438)",in_transit,214.63743081999044
1790950529.7803943,14327,"(-111.8115861, 41.7444331)",in_transit,214.75726687866617
1790950540.0523813,14327,"(-111.8115383, 41.7444341)",in_transit,218.72650722360086
1790950550.3197353,14327,"(-111.8110018, 41.744428)",Veterinary Science,263.31981900443856
1790950560.5852172,14327,"(-111.8109045, 41.744419)",Veterinary Science,271.44035744191166
1790950570.8809183,14327,"(-111.8108983, 41.7444096)",Veterinary Science,271.9881063048079
1790950581.1790714,14327,"(-111.8105995, 41.744405)",in_transit,296.8464962876746
1790950591.446313,14327,"(-111.8098981, 41.7443973)",in_transit,355.1473243619452
1790950601.7400947,14327,"(-111.8088076, 41.7443765)",in_transit,445.60865159562763
1790950612.003656,14327,"(-111.8081881, 41.7443633)",Industrial Science,497.47571922692856
1790950622.2552397,14327,"(-111.8080606, 41.7443615)",in_transit,508.0829708066019
1790950632.545248,14327,"(-111.8080668, 41.7443638)",in_transit,507.5609750226346
1790950642.8122025,14327,"(-111.808075, 41.7443581)",Industrial Science,506.89506003965676
1790950653.0725179,14327,"(-111.8075775, 41.744356)",in_transit,548.2681046375459
1790950663.3846018,14327,"(-111.8064696, 41.7443165)",in_transit,640.4015412779154
1790950673.65912,14327,"(-111.8050843, 41.7442941)",in_transit,755.8071574930235
1790950683.9134316,14327,"(-111.8043375, 41.7443133)",in_transit,817.85176268232
1790950694.190601,14327,"(-111.8042626, 41.745077)",Aggie Ice Cream,903.8439894113404
1790950704.4521139,14327,"(-111.8042506, 41.7456571)",in_transit,968.2343377080251
1790950714.7165241,14327,"(-111.8042713, 41.7463398)",in_transit,1045.1248964387296
1790950724.9838362,14327,"(-111.8042608, 41.7468435)",in_transit,1103.8954385105392
1790950735.2517455,14327,"(-111.804296, 41.748237)",in_transit,1258.9074954584
1790950745.5102549,14327,"(-111.8043123, 41.748963)",in_transit,1340.2654320628158
1790950755.7737854,14327,"(-111.8042576, 41.7493331)",in_transit,1381.274110563574
1790950766.0457728,14327,"(-111.8033718, 41.7493238)",in_transit,1756.23835913468
1790950776.317127,14327,"(-111.8021455, 41.749323)",in_transit,1557.3780133591163
1790950786.5775695,14327,"(-111.8019541, 41.7495693)",Lundstrum,1622.5617729011376
1790950796.8400156,14327,"(-111.8020828, 41.7496275)",Lundstrum,1634.0983985159994
1790950807.115326,14327,"(-111.8020816, 41.7496316)",Lundstrum,1634.0039386909998
1790950817.3725467,14327,"(-111.8020811, 41.7496355)",Lundstrum,1633.9674362666888
1790950827.6250215,14327,"(-111.8020861, 41.7496371)",Lundstrum,1634.3853639566346
1790950837.9252126,14327,"(-111.8021325, 41.7496351)",Lundstrum,1638.2417794266232
1790950848.2407384,14327,"(-111.8023738, 41.7494678)",in_transit,1664.7293800124546
1790950858.4982557,14327,"(-111.80334, 41.749336)",in_transit,1458.0284498800243
1790950868.7584171,14327,"(-111.8042688, 41.7495018)",in_transit,1837.1617114490396
1790950879.0315104,14327,"(-111.804336, 41.7500233)",in_transit,1897.8803612928189
1790950889.2944512,14327,"(-111.8043455, 41.7506603)",in_transit,1969.0767814859396
1790950899.5573182,14327,"(-111.8043498, 41.7510275)",in_transit,2009.8578463178544
1790950909.8266253,14327,"(-111.8043655, 41.7516543)",in_transit,2079.6093548409917
1790950920.0677075,14327,"(-111.8043593, 41.7527841)",in_transit,2205.0913328655797
1790950930.337819,14327,"(-111.8046043, 41.7530915)",in_transit,2248.599777110578
1790950940.6237998,14327,"(-111.8055975, 41.7530638)",in_transit,2331.3078530249836
1790950950.8760643,14327,"(-111.805926, 41.753072)",Aggie Village 2,2358.6151035051284
1790950961.135088,14327,"(-111.8060576, 41.753063)",Aggie Village 2,2369.5635880493437
1790950971.3965278,14327,"(-111.8063108, 41.7530323)",in_transit,2390.6336575201476
1790950981.6495588,14327,"(-111.80717, 41.752905)",in_transit,2464.2258333830932
1790950991.916424,14327,"(-111.8085985, 41.7524831)",in_transit,2592.6996496218644
1790951002.1803362,14327,"(-111.8091421, 41.7519843)",in_transit,2666.595959936538
1790951012.4418387,14327,"(-111.8092508, 41.7517155)",Aggie Village 3,2697.7745160072213
1790951022.714494,14327,"(-111.8092476, 41.7516018)",Aggie Village 3,2710.39615900996
1790951032.9865081,14327,"(-111.809239, 41.7511046)",in_transit,2765.5972694354914
1790951043.241028,14327,"(-111.8092321, 41.7505033)",in_transit,2832.3618520122986
1790951053.5095055,14327,"(-111.8092196, 41.7501936)",in_transit,2866.7354815913245
1790951063.7705233,14327,"(-111.8092066, 41.7501915)",in_transit,2866.949356835544
1790951074.0588272,14327,"(-111.8092006, 41.750173)",in_transit,2868.9960366138307
1790951084.332489,14327,"(-111.8094476, 41.7501031)",in_transit,2897.0789541691593
1790951094.6054063,14327,"(-111.8110586, 41.7501483)",in_transit,3031.1476731991443
1790951104.862046,14327,"(-111.8126353, 41.7502076)",in_transit,3162.3984378477853
1790951115.131887,14327,"(-111.8128291, 41.7502298)",in_transit,3178.5660688658
1790951125.3980324,14327,"(-111.8128226, 41.7502296)",in_transit,3178.025091763647
1790951135.6712008,14327,"(-111.8130631, 41.7501685)",in_transit,3197.8793301204223
1790951145.927344,14327,"(-111.813741, 41.7501518)",in_transit,3254.2117897708627
1790951156.198038,14327,"(-111.81398, 41.7498668)",in_transit,3300.9211894061264
1790951166.4817662,14327,"(-111.8140583, 41.7487738)",in_transit,3422.461696570274
1790951176.7709029,14327,"(-111.8140901, 41.748591)",800 E 900 N,3442.8344606326045
1790951187.0700474,14327,"(-111.8141015, 41.7485335)",800 E 900 N,3449.2461921635854
1790951197.3493004,14327,"(-111.814101, 41.7485141)",800 E 900 N,3451.3987232665654
1790951207.6056716,14327,"(-111.8141038, 41.748524)",800 E 900 N,3450.306550133421
1790951217.8697433,14327,"(-111.814112, 41.748531)",800 E 900 N,3449.549664710152
1790951228.1401744,14327,"(-111.814063, 41.747859)",in_transit,3524.033415499878
1790951238.4004958,14327,"(-111.8140658, 41.7471938)",in_transit,3597.8898670535846
1790951248.6934638,14327,"(-111.8141113, 41.746015)",in_transit,3728.871358337502
1790951258.9543777,14327,"(-111.814134, 41.7449323)",in_transit,3849.1272911935325
1790951269.2764947,14327,"(-111.8141321, 41.744742)",in_transit,3870.249438122414
1790951279.52858,14327,"(-111.814124, 41.7446743)",in_transit,3877.7453777530773
1790951289.7957277,14327,"(-111.8141271, 41.7446698)",in_transit,3878.2526236886606
1790951300.0517182,14327,"(-111.8141143, 41.7446718)",in_transit,3877.9989490153775
1790951310.3126788,14327,"(-111.8141036, 41.7446288)",in_transit,3882.7463022171223
1790951320.586029,14327,"(-111.8138511, 41.744458)",in_transit,24.89058992481748
1790951330.8445039,14327,"(-111.8134643, 41.7444196)",Field House,57.63262874983089
1790951341.1344457,14327,"(-111.8134613, 41.7444153)",Field House,57.89654342716578
1790951351.397363,14327,"(-111.813233, 41.7444421)",in_transit,76.78772179995836
1790951361.6554523,14327,"(-111.812525, 41.7444573)",in_transit,135.5996562194082
1790951371.9063752,14327,"(-111.8113611, 41.7444593)",in_transit,233.33973952512954
1790951382.1614268,14327,"(-111.8110435, 41.744451)",Veterinary Science,259.7738684901426
1790951392.425903,14327,"(-111.8109288, 41.7444525)",Veterinary Science,269.30501057315666
1790951402.683227,14327,"(-111.8109395, 41.7444531)",Veterinary Science,268.41334013522004
1790951412.9494274,14327,"(-111.8109475, 41.7444553)",Veterinary Science,267.74065761281673
1790951423.2110467,14327,"(-111.8098608, 41.7444475)",in_transit,358.1207644581838
1790951433.461508,14327,"(-111.8089326, 41.7444266)",in_transit,435.36229208459673
1790951443.7344077,14327,"(-111.808183, 41.744409)",Industrial Science,497.77191127097745
1790951454.0270767,14327,"(-111.808099, 41.7444045)",Industrial Science,504.7694885462216
1790951464.2911491,14327,"(-111.8080965, 41.7444031)",Industrial Science,504.9812931676867
1790951474.550752,14327,"(-111.8072983, 41.7443838)",in_transit,571.4880829378333
1790951484.8094773,14327,"(-111.8060748, 41.7443425)",in_transit,673.3053537070437
1790951495.075707,14327,"(-111.80515, 41.7443205)",in_transit,750.2682668498513
1790951505.3683763,14327,"(-111.8047721, 41.7443418)",in_transit,781.6308210057597
1790951515.6330173,14327,"(-111.8045786, 41.7443408)",in_transit,797.7238576296924
1790951525.92246,14327,"(-111.8045826, 41.7443423)",in_transit,797.386942651292
1790951537.2157578,14327,"(-111.804322, 41.7443746)",in_transit,825.9642508889171
1790951547.5065827,14327,"(-111.8042801, 41.7450283)",Aggie Ice Cream,898.4698113757229
1790951557.7624881,14327,"(-111.8042675, 41.7456526)",in_transit,967.7669433739311
1790951568.0442708,14327,"(-111.8042623, 41.7460705)",in_transit,1014.1442404902671
1790951578.3093991,14327,"(-111.804261, 41.7469203)",in_transit,1112.424940481307
1790951588.5670042,14327,"(-111.8042885, 41.7478981)",in_transit,1221.262094229206
1790951598.8266644,14327,"(-111.8043233, 41.749098)",in_transit,1355.1112570546761
1790951609.0892253,14327,"(-111.8040313, 41.7493288)",in_transit,1400.6772505703047
1790951619.3776271,14327,"(-111.8028243, 41.7493298)",in_transit,1500.9350379357106
1790951629.7293668,14327,"(-111.8020275, 41.7493425)",in_transit,1567.2247369201496
1790951639.991373,14327,"(-111.8018693, 41.7495268)",in_transit,1614.306551885476
1790951650.246166,14327,"(-111.8020881, 41.7496341)",Lundstrum,1634.547791989422
1790951660.520208,14327,"(-111.8023211, 41.7495403)",in_transit,1655.629689040742
1790951670.7905805,14327,"(-111.8028091, 41.7493428)",in_transit,1502.2079528093634
1790951681.0600162,14327,"(-111.8039241, 41.7493551)",in_transit,1803.057909626218
1790951691.3124642,14327,"(-111.8043666, 41.7496656)",in_transit,1857.4420780045373
1790951701.5709693,14327,"(-111.8043483, 41.7506731)",in_transit,1970.5035967439571
1790951711.8389568,14327,"(-111.8043468, 41.7508585)",Aggie Village 1,1991.086758851441
1790951722.0935304,14327,"(-111.8043553, 41.7514513)",in_transit,2057.058117816242
1790951732.3807218,14327,"(-111.8043588, 41.7526823)",in_transit,2193.7845393873113
1790951742.6422958,14327,"(-111.8046081, 41.7530776)",in_transit,2248.942476836488
1790951752.9168823,14327,"(-111.8055796, 41.7530593)",in_transit,2329.8191118834807
1790951763.174415,14327,"(-111.805896, 41.7530678)",Aggie Village 2,2356.1216014199563
1790951773.4413798,14327,"(-111.8060486, 41.7530585)",Aggie Village 2,2368.816757482142
1790951783.7060225,14327,"(-111.8066773, 41.7530216)",in_transit,2421.1682654187066
1790951793.971489,14327,"(-111.8076238, 41.752776)",in_transit,2504.5908994249003
1790951804.2852879,14327,"(-111.8089385, 41.7522783)",in_transit,2629.5292591902776
1790951814.5471177,14327,"(-111.8092506, 41.7516433)",Aggie Village 3,2705.7920395321053
1790951824.8137605,14327,"(-111.809263, 41.7516008)",Aggie Village 3,2710.5301126837894
1790951835.0791798,14327,"(-111.8092411, 41.7511013)",in_transit,2765.9668356338398
1790951845.329788,14327,"(-111.8092423, 41.7504401)",in_transit,2839.395305742674
1790951855.5990818,14327,"(-111.8092405, 41.7502333)",in_transit,2862.3578686301244
1790951865.894872,14327,"(-111.8092263, 41.7501753)",in_transit,2868.7780753532925
1790951876.1650002,14327,"(-111.8099798, 41.7501143)",in_transit,2941.3603633085468
1790951886.4841058,14327,"(-111.8121646, 41.7501528)",in_transit,3123.127736813758
1790951896.7420895,14327,"(-111.8132933, 41.750146)",in_transit,3216.969369968196
1790951907.0444264,14327,"(-111.8135681, 41.7501478)",in_transit,3239.8246610719816
1790951917.306842,14327,"(-111.8136515, 41.7501496)",in_transit,3246.7640073696784
1790951927.5822911,14327,"(-111.813936, 41.75011)",in_transit,3273.8223901033825
1790951937.8509219,14327,"(-111.8139686, 41.7494553)",in_transit,3346.5795320287225
1790951948.102057,14327,"(-111.8140748, 41.7486141)",800 E 900 N,3440.2321478359736
1790951958.370692,14327,"(-111.814091, 41.7485373)",800 E 900 N,3448.7983950143
1790951968.6278262,14327,"(-111.8140861, 41.7485321)",800 E 900 N,3449.36359440542
1790951978.9167445,14327,"(-111.8140483, 41.7480781)",in_transit,3499.672884087124
1790951989.1846507,14327,"(-111.8140791, 41.7469715)",in_transit,3622.6021678665247
1790951999.4847069,14327,"(-111.8141061, 41.7462078)",in_transit,3707.454113427717
1790952009.754645,14327,"(-111.8141258, 41.7451241)",in_transit,3827.8136513308955
1790952020.0430071,14327,"(-111.8141305, 41.7446443)",in_transit,3881.0920019607565
1790952030.3070893,14327,"(-111.8137971, 41.7444303)",in_transit,29.485716756637558
1790952040.553653,14327,"(-111.813494, 41.7444276)",Field House,55.13633952542995
1790952050.8209383,14327,"(-111.813491, 41.7444363)",Field House,55.356457718398055
1790952061.0877643,14327,"(-111.812907, 41.7444695)",in_transit,103.79989371825792
1790952071.3726287,14327,"(-111.8121681, 41.7444715)",in_transit,165.26978809006584
1790952081.6385422,14327,"(-111.8116601, 41.7444845)",in_transit,208.39536809753787
1790952091.9181464,14327,"(-111.8111371, 41.7444711)",Veterinary Science,251.9228508559144
1790952102.1699412,14327,"(-111.8108953, 41.7444703)",Veterinary Science,272.0291260909444
1790952112.4390438,14327,"(-111.8106423, 41.7444861)",in_transit,293.0095819546673
1790952122.704917,14327,"(-111.8095881, 41.744465)",in_transit,380.7534236662531
1790952132.9634943,14327,"(-111.8087616, 41.7444515)",in_transit,449.6631158766677
1790952143.2589674,14327,"(-111.808053, 41.7444308)",in_transit,508.52099066649095
1790952153.531375,14327,"(-111.807449, 41.7444166)",in_transit,558.786381703692
1790952163.7941222,14327,"(-111.806042, 41.74437)",in_transit,675.9534498654502
1790952174.0488203,14327,"(-111.8051213, 41.744357)",in_transit,752.5500870730489
1790952184.3058622,14327,"(-111.8047828, 41.7443718)",in_transit,780.6550545873586
1790952194.6069248,14327,"(-111.8045856, 41.7443655)",in_transit,797.0709502241198
1790952204.8586087,14327,"(-111.8043378, 41.7443655)",in_transit,824.984187096346
1790952215.158134,14327,"(-111.8042808, 41.7449815)",in_transit,893.2745482480866
1790952225.4253426,14327,"(-111.8043008, 41.746019)",in_transit,1008.5062291875427
1790952235.6866932,14327,"(-111.8042271, 41.7465503)",in_transit,1069.779326148728
1790952245.9833386,14327,"(-111.80431, 41.7478695)",in_transit,1218.1263966871354
1790952256.2517614,14327,"(-111.8043381, 41.7487828)",in_transit,1319.6281697028555
1790952266.5138993,14327,"(-111.8040783, 41.7493245)",in_transit,1396.763517296601
1790952276.775172,14327,"(-111.8029075, 41.7493345)",in_transit,1494.0287027590393
1790952287.0360057,14327,"(-111.8020571, 41.74935)",in_transit,1564.7758529992254
1790952297.2947319,14327,"(-111.8021306, 41.7496375)",Lundstrum,1638.0868862955597
1790952307.5410569,14327,"(-111.8021825, 41.7496316)",Lundstrum,1641.5682825753788
1790952317.7996423,14327,"(-111.8021765, 41.7496358)",Lundstrum,1641.5682825753788
1790952328.069344,14327,"(-111.802171, 41.7496385)",Lundstrum,1641.448199250317
1790952338.3348367,14327,"(-111.8021671, 41.7496401)",Lundstrum,1641.1259265419003
1790952348.6029549,14327,"(-111.8021688, 41.7496495)",Lundstrum,1641.2795606336379
1790952358.8613064,14327,"(-111.8023441, 41.7495426)",in_transit,1656.643222608325
1790952369.1338844,14327,"(-111.8028335, 41.7493658)",in_transit,1500.2617662395708
1790952379.3972993,14327,"(-111.803687, 41.7493636)",in_transit,1782.5008827196434
1790952389.6533525,14327,"(-111.8042503, 41.749504)",in_transit,1836.4855115055384
1790952399.9203591,14327,"(-111.8043455, 41.7503936)",in_transit,1938.7245670593713
1790952410.2474747,14327,"(-111.804356, 41.7506546)",in_transit,1968.4646880504883
1790952420.525664,14327,"(-111.804399, 41.7512916)",in_transit,2039.3343591859552
1790952430.8070312,14327,"(-111.8044143, 41.7520956)",in_transit,2128.637517513047
1790952441.068472,14327,"(-111.8044723, 41.7530396)",in_transit,2237.778498342757
1790952451.329193,14327,"(-111.8053825, 41.7530575)",in_transit,2313.4263125292578
1790952461.5898976,14327,"(-111.806018, 41.7530673)",Aggie Village 2,2366.268459678089
1790952471.8774714,14327,"(-111.8060375, 41.7530613)",Aggie Village 2,2367.892522514975
1790952482.1810484,14327,"(-111.8060561, 41.7530476)",Aggie Village 2,2369.444632400083
1790952492.4343708,14327,"(-111.8072025, 41.7528976)",in_transit,2467.042325735091
1790952502.705881,14327,"(-111.8086326, 41.7524975)",in_transit,2594.070445589247
1790952512.9985943,14327,"(-111.8091806, 41.7519411)",in_transit,2672.296476532708
1790952523.258417,14327,"(-111.8092591, 41.7516426)",Aggie Village 3,2705.882416188781
1790952533.5333455,14327,"(-111.8092616, 41.7508321)",in_transit,2795.8838861118184
1790952543.7941494,14327,"(-111.8092598, 41.7502873)",in_transit,2856.3898595723253
1790952554.0580318,14327,"(-111.8092466, 41.7501056)",in_transit,2876.547901411744
1790952564.3153486,14327,"(-111.8106036, 41.7500933)",in_transit,2993.1835850296247
1790952574.5874562,14327,"(-111.8119133, 41.750128)",in_transit,3102.1730484886866
1790952584.878247,14327,"(-111.8134848, 41.7501376)",in_transit,3232.8740967702297
1790952595.1709428,14327,"(-111.8137266, 41.750142)",in_transit,3252.991110766524
1790952605.4607334,14327,"(-111.8139586, 41.7493715)",in_transit,3355.859266576662
1790952615.7213042,14327,"(-111.8140725, 41.7485675)",800 E 900 N,3445.3999472415717
1790952625.9853082,14327,"(-111.8141096, 41.7485158)",800 E 900 N,3451.2312253994205
1790952636.2404215,14327,"(-111.8141368, 41.7484843)",800 E 900 N,3454.7954779041
1790952646.497749,14327,"(-111.8141318, 41.748459)",in_transit,3457.591909421196
1790952656.761671,14327,"(-111.8140625, 41.7480856)",in_transit,3498.875328978206
1790952667.0141878,14327,"(-111.8140551, 41.747443)",in_transit,3570.1976953726107
1790952677.2880158,14327,"(-111.8141045, 41.7462815)",in_transit,3699.268086158507
1790952687.555202,14327,"(-111.8141623, 41.7450935)",in_transit,3831.301036109253
1790952697.8074806,14327,"(-111.814165, 41.7448146)",in_transit,3862.2708036624226
1790952708.1015544,14327,"(-111.8141393, 41.7446416)",in_transit,3881.413502847562
1790952718.3638966,14327,"(-111.8141295, 41.7446513)",in_transit,3880.3124000138378
1790952728.6200519,14327,"(-111.8141483, 41.7445921)",in_transit,3886.9321238153816
1790952738.8917403,14327,"(-111.8141588, 41.7445546)",in_transit,3891.123483446824
1790952749.1427317,14327,"(-111.813915, 41.7444351)",in_transit,19.66613662864976
1790952759.4042547,14327,"(-111.8135201, 41.744414)",Field House,53.17225240797001
1790952769.6684198,14327,"(-111.8135265, 41.7444165)",Field House,52.62635362462741
1790952779.948109,14327,"(-111.813375, 41.7444411)",Field House,64.98483468747378
1790952790.199569,14327,"(-111.8124093, 41.7444528)",in_transit,145.2194806314708
1790952800.4683843,14327,"(-111.812166, 41.7444536)",in_transit,165.456489869959
1790952810.7253273,14327,"(-111.8116738, 41.7444706)",in_transit,207.31354632947003
1790952821.0054743,14327,"(-111.8109308, 41.7444618)",Veterinary Science,269.1067985828102
1790952831.2691112,14327,"(-111.8108923, 41.7444648)",Veterinary Science,272.2974329165965
1790952841.544709,14327,"(-111.8108801, 41.7444685)",Veterinary Science,273.2990514841213
1790952851.835391,14327,"(-111.809865, 41.7444448)",in_transit,357.778402535672
1790952862.1037023,14327,"(-111.8090836, 41.7444276)",in_transit,422.8027435167128
1790952872.3607283,14327,"(-111.8085763, 41.7444143)",in_transit,465.05239056999983
1790952882.6186256,14327,"(-111.808292, 41.7444043)",Industrial Science,488.72121679056437
1790952892.8961165,14327,"(-111.8081243, 41.7444005)",Industrial Science,502.6768727927515
1790952903.1589887,14327,"(-111.8081235, 41.7444055)",Industrial Science,502.72940301549335
1790952913.412156,14327,"(-111.8071333, 41.7443713)",in_transit,585.2703170776128
1790952923.6660802,14327,"(-111.8058213, 41.7443383)",in_transit,694.3965200344588
1790952933.9758992,14327,"(-111.8050285, 41.7443506)",in_transit,760.2850691547168
1790952944.2367492,14327,"(-111.8042801, 41.7445458)",in_transit,844.8938080923797
1790952954.5029998,14327,"(-111.804297, 41.7453881)",in_transit,938.4536931504028
1790952964.7641141,14327,"(-111.804292, 41.7456253)",in_transit,964.7823896544618
1790952975.0203404,14327,"(-111.8042783, 41.7456896)",in_transit,971.8959922876181
1790952985.3195,14327,"(-111.8043128, 41.7463828)",in_transit,1049.1893734102482
1790952995.5732105,14327,"(-111.8043235, 41.7473585)",in_transit,1161.4101978775245
1790953005.8519466,14327,"(-111.804344, 41.7483016)",in_transit,1266.1700769607462
1790953016.1383002,14327,"(-111.8043423, 41.7492745)",in_transit,1373.786711535446
1790953026.3956387,14327,"(-111.8032991, 41.7493196)",in_transit,1461.4496248175408
1790953036.651755,14327,"(-111.8022596, 41.7493505)",in_transit,1547.9358258498182
1790953046.9085045,14327,"(-111.8018963, 41.7495626)",in_transit,1618.8111697385439
1790953057.1656258,14327,"(-111.8021221, 41.7496468)",Lundstrum,1637.392071293704
1790953067.4242215,14327,"(-111.8021246, 41.7496438)",Lundstrum,1637.5960837179712
1790953077.6867442,14327,"(-111.8021255, 41.7496398)",Lundstrum,1637.6657234795478
1790953087.9423158,14327,"(-111.8021958, 41.749623)",Lundstrum,1642.1493335950208
1790953098.211656,14327,"(-111.8024333, 41.7494385)",in_transit,1670.0477997916892
1790953108.4814017,14327,"(-111.8034213, 41.749342)",in_transit,1760.3769362609107
1790953118.7581856,14327,"(-111.8043556, 41.7496365)",in_transit,1854.0830601063738
1790953129.029148,14327,"(-111.8043556, 41.750413)",in_transit,1941.0169014731807
1790953139.2784328,14327,"(-111.804364, 41.7506836)",Aggie Village 1,1971.7005995518014
1790953149.5438714,14327,"(-111.8043661, 41.750848)",Aggie Village 1,1989.9591347636433
1790953159.802941,14327,"(-111.8043791, 41.7516)",in_transit,2073.582358683152
1790953170.0887184,14327,"(-111.8043938, 41.7524678)",in_transit,2169.97078800626
1790953181.3717139,14327,"(-111.8046788, 41.7531093)",in_transit,2254.7608109864223
1790953191.6181347,14327,"(-111.8058455, 41.7530855)",in_transit,2351.914885627224
1790953201.8954725,14327,"(-111.8060798, 41.7530878)",Aggie Village 2,2371.4006108482695
1790953212.166863,14327,"(-111.8066726, 41.7530361)",in_transit,2420.4459401629383
1790953222.4531915,14327,"(-111.8082146, 41.7526471)",in_transit,2555.666562492731
1790953232.7194922,14327,"(-111.8092213, 41.7518965)",in_transit,2677.629923768033
1790953242.9801655,14327,"(-111.8092771, 41.7516236)",Aggie Village 3,2708.019139167911
1790953253.249563,14327,"(-111.8092565, 41.751601)",Aggie Village 3,2710.4982356106925
1790953263.508478,14327,"(-111.8092451, 41.7515938)",Aggie Village 3,2711.280842076233
1790953273.784212,14327,"(-111.8092326, 41.7513953)",in_transit,2733.3052462477117
1790953284.0379457,14327,"(-111.8092286, 41.7507406)",in_transit,2806.0049602525214
1790953294.3259282,14327,"(-111.8092313, 41.7501908)",in_transit,2867.063818733912
1790953304.5881283,14327,"(-111.8100141, 41.750118)",in_transit,2944.221233232519
1790953314.8548665,14327,"(-111.8112375, 41.7501495)",in_transit,3046.0267693862515
1790953325.1195877,14327,"(-111.8131138, 41.7501613)",in_transit,3202.0785611596266
1790953335.3781173,14327,"(-111.8134775, 41.7501613)",in_transit,3232.3221742531687
1790953345.6456952,14327,"(-111.8137091, 41.7501658)",in_transit,3251.5914255037687
1790953355.9269774,14327,"(-111.814016, 41.7499668)",in_transit,3289.904994297185
1790953366.1827064,14327,"(-111.814018, 41.7490426)",in_transit,3392.5163755510084
1790953376.4386785,14327,"(-111.8141133, 41.7485675)",800 E 900 N,3445.5006865182904
1790953386.6973894,14327,"(-111.8141045, 41.748571)",800 E 900 N,3445.0903926005512
1790953396.9530232,14327,"(-111.8140955, 41.7485776)",800 E 900 N,3444.3354463572077
1790953407.2471998,14327,"(-111.8140871, 41.7485791)",800 E 900 N,3444.1481776333167
1790953417.5188036,14327,"(-111.814072, 41.7485311)",800 E 900 N,3449.4397987377997
1790953427.773619,14327,"(-111.814069, 41.747786)",in_transit,3532.1526095317154
1790953438.0401587,14327,"(-111.8141043, 41.74676)",in_transit,3646.144799722695
1790953448.316031,14327,"(-111.8141276, 41.746038)",in_transit,3726.358257953234
1790953458.5758944,14327,"(-111.8141461, 41.745)",in_transit,3841.641237312838
1790953468.8245447,14327,"(-111.814046, 41.7444855)",in_transit,8.62782234440876
1790953479.099038,14327,"(-111.8137375, 41.7444411)",in_transit,34.39901673884255
1790953489.346325,14327,"(-111.8135205, 41.7444481)",Field House,52.94477276042475
1790953499.6178682,14327,"(-111.8135175, 41.7444655)",Field House,53.09486771931632
1790953509.913544,14327,"(-111.8135013, 41.7444743)",Field House,54.372068862295265
1790953520.1771145,14327,"(-111.8132565, 41.7445096)",in_transit,74.6064455264043
1790953530.447371,14327,"(-111.8120526, 41.744501)",in_transit,174.85718308719714
1790953540.7398095,14327,"(-111.811779, 41.7445086)",in_transit,198.41311128309306
1790953551.0044658,14327,"(-111.8113625, 41.7444806)",in_transit,233.15022441269443
1790953561.3120317,14327,"(-111.8111156, 41.7444785)",Veterinary Science,253.68498086667057
1790953571.5761683,14327,"(-111.8109061, 41.7444831)",Veterinary Science,271.08725516047
1790953581.826741,14327,"(-111.8109138, 41.7444831)",Veterinary Science,270.4470684957555
1790953592.0933008,14327,"(-111.810266, 41.7444818)",in_transit,324.3001325813067
1790953602.3429093,14327,"(-111.8095105, 41.7444636)",in_transit,387.2101306129734
1790953612.6141267,14327,"(-111.8083403, 41.7444406)",Industrial Science,484.60326876783944
1790953622.8807645,14327,"(-111.8080995, 41.74443)",in_transit,504.6565439671851
1790953633.1323743,14327,"(-111.8080538, 41.7444195)",in_transit,508.4860932110842
1790953643.4135523,14327,"(-111.8080556, 41.7444118)",in_transit,508.3579655869041
1790953653.6823611,14327,"(-111.8074265, 41.7444043)",in_transit,560.6913105277251
1790953663.9513936,14327,"(-111.8064973, 41.7443731)",in_transit,638.0879326603681
1790953674.2009091,14327,"(-111.8049823, 41.7443506)",in_transit,764.1267585642886
1790953684.4629102,14327,"(-111.8042788, 41.7446356)",in_transit,854.8625842032966
1790953694.7104995,14327,"(-111.8042825, 41.7454963)",in_transit,950.4402906016006
1790953704.9709387,14327,"(-111.8043028, 41.746216)",in_transit,1030.848391821852
1790953715.239488,14327,"(-111.804255, 41.7467468)",in_transit,1092.9070168940034
1790953725.5087078,14327,"(-111.804315, 41.7481386)",in_transit,1248.0165538287472
1790953735.7623472,14327,"(-111.804346, 41.7490461)",in_transit,1349.1972483630998
1790953746.0285473,14327,"(-111.804099, 41.7493178)",in_transit,1394.9164144184142
1790953756.2778273,14327,"(-111.8026428, 41.7493256)",in_transit,1516.0305753904222
1790953766.5375822,14327,"(-111.8019701, 41.7493388)",in_transit,1571.992087344531
1790953776.8029318,14327,"(-111.8019121, 41.749337)",in_transit,1576.8125785086875
1790953787.1243875,14327,"(-111.8018516, 41.7495178)",in_transit,1612.6040794500568
1790953797.393737,14327,"(-111.8020846, 41.7496145)",Lundstrum,1634.2311624737106
1790953807.6414797,14327,"(-111.8020716, 41.7495998)",Lundstrum,1633.1308158694171
1790953817.9150174,14327,"(-111.8020663, 41.749592)",Lundstrum,1632.679858353045
1790953828.1690075,14327,"(-111.8020715, 41.7495883)",Lundstrum,1633.1075138893636
1790953838.4274123,14327,"(-111.80207, 41.7495953)",Lundstrum,1632.9918823378289
1790953848.6901453,14327,"(-111.8021923, 41.7495843)",Lundstrum,1643.9794381312718
1790953858.9606276,14327,"(-111.8026856, 41.7493395)",in_transit,1512.4781471027945
1790953869.21656,14327,"(-111.8037518, 41.7493566)",in_transit,1423.75457125179
1790953879.502678,14327,"(-111.8042863, 41.7495156)",in_transit,1839.2505946997558
1790953889.7679086,14327,"(-111.804358, 41.7504061)",in_transit,1940.3195713542755
1790953900.0263402,14327,"(-111.8043665, 41.7506915)",Aggie Village 1,1972.5827421823406
1790953910.2955189,14327,"(-111.8043605, 41.7508278)",Aggie Village 1,1987.705100234337
1790953920.545243,14327,"(-111.8043593, 41.7514816)",in_transit,2060.428971155363
1790953930.8158069,14327,"(-111.804373, 41.7523348)",in_transit,2155.1927945976868
1790953941.0706203,14327,"(-111.8046186, 41.753101)",in_transit,2249.7706790666034
1790953951.3290381,14327,"(-111.805334, 41.7530895)",in_transit,2309.392567470373
1790953961.5828488,14327,"(-111.8060013, 41.7530898)",Aggie Village 2,2364.8710599928017
1790953971.857478,14327,"(-111.8060748, 41.7530755)",Aggie Village 2,2370.9893954097192
1790953982.1542673,14327,"(-111.8063716, 41.7530543)",in_transit,2395.6817987391773
1790953992.4242425,14327,"(-111.8073023, 41.7529006)",in_transit,2474.7426904994736
1790954002.6812193,14327,"(-111.8087868, 41.7524178)",in_transit,2609.6207944758203
1790954012.9537556,14327,"(-111.809273, 41.7516276)",Aggie Village 3,2707.5688409546315
1790954023.210505,14327,"(-111.8093023, 41.7516073)",Aggie Village 3,2709.866734275396
1790954033.5169399,14327,"(-111.809324, 41.75161)",Aggie Village 3,2709.5991708066017
1790954043.784906,14327,"(-111.8093011, 41.751157)",in_transit,2759.8715827899846
1790954054.0544734,14327,"(-111.809293, 41.7504623)",in_transit,2837.0049059593325
1790954064.3138433,14327,"(-111.8092898, 41.7502486)",in_transit,2860.7321046773673
1790954074.5661821,14327,"(-111.8104063, 41.7501288)",in_transit,2976.8599583745836
1790954084.872895,14327,"(-111.812109, 41.750152)",in_transit,3118.50243652702
1790954095.1503356,14327,"(-111.8130593, 41.7501573)",in_transit,3197.5372892247606
1790954105.439199,14327,"(-111.8136123, 41.7501596)",in_transit,3243.527567773942
1790954115.7103133,14327,"(-111.8136685, 41.7501635)",in_transit,3248.2099689714273
1790954125.9708207,14327,"(-111.8139181, 41.7501366)",in_transit,3270.8143894331934
1790954136.2368703,14327,"(-111.8140071, 41.7493413)",in_transit,3359.328066085246
1790954146.5313804,14327,"(-111.8141066, 41.7487245)",800 E 900 N,3428.0541838142954
1790954156.791393,14327,"(-111.8141028, 41.748544)",800 E 900 N,3448.083704074065
1790954167.0564063,14327,"(-111.8140835, 41.7485351)",800 E 900 N,3449.0241181809474
1790954177.3462057,14327,"(-111.814079, 41.748535)",800 E 900 N,3449.024109058587
1790954187.6035542,14327,"(-111.8140868, 41.7485318)",800 E 900 N,3449.3986284346174
1790954197.891513,14327,"(-111.814087, 41.7485393)",800 E 900 N,3448.5664808979664
1790954208.161259,14327,"(-111.8140978, 41.7485525)",800 E 900 N,3447.1276983926246
1790954218.4609969,14327,"(-111.8140758, 41.7483815)",in_transit,3466.0576005242706
1790954228.7099195,14327,"(-111.8140693, 41.7479065)",in_transit,3518.775590664616
1790954238.9720485,14327,"(-111.8141138, 41.7470275)",in_transit,3616.4706532381124
1790954249.2259839,14327,"(-111.8141405, 41.74635)",in_transit,3691.752378125332
1790954259.490202,14327,"(-111.8141923, 41.7453863)",in_transit,3798.8686473652915
1790954269.7401278,14327,"(-111.8141976, 41.7449701)",in_transit,3845.0879823735686
1790954279.9915285,14327,"(-111.8141833, 41.7449273)",in_transit,3849.804235646766
1790954290.2670467,14327,"(-111.8141736, 41.7449078)",in_transit,3851.9451241680217
1790954300.5337865,14327,"(-111.8141605, 41.7448806)",in_transit,3854.9324524202275
1790954310.801057,14327,"(-111.8141515, 41.7448315)",in_transit,3860.361221942714
1790954321.0635548,14327,"(-111.8140481, 41.7444573)",in_transit,8.596132400438568
1790954331.3261933,14327,"(-111.8137816, 41.744444)",in_transit,30.721816496173435
1790954341.59253,14327,"(-111.8135028, 41.7444341)",Field House,54.38278595081508
1790954351.8534694,14327,"(-111.813494, 41.7444418)",Field House,55.08850055201741
1790954362.1181412,14327,"(-111.813491, 41.7444353)",Field House,55.35982666408027
1790954372.3899379,14327,"(-111.8132258, 41.7444706)",in_transit,77.29032425236643
1790954382.6467717,14327,"(-111.8123468, 41.7444585)",in_transit,150.41436491293268
1790954392.9037297,14327,"(-111.811737, 41.7444696)",in_transit,202.06419478530447
1790954403.1646771,14327,"(-111.8116383, 41.7444666)",in_transit,210.2808533351542
1790954413.4367466,14327,"(-111.8113686, 41.7444493)",in_transit,232.75050813271864
1790954423.7025461,14327,"(-111.8108788, 41.7444323)",Veterinary Science,273.5314227218696
1790954433.9621239,14327,"(-111.8108708, 41.7444216)",Veterinary Science,274.233289330716
1790954444.2563188,14327,"(-111.8108698, 41.7444206)",Veterinary Science,274.3198639074764
1790954454.5109677,14327,"(-111.8108581, 41.744425)",Veterinary Science,275.2775090772143
1790954464.797264,14327,"(-111.8108578, 41.744433)",Veterinary Science,275.2749843174376
1790954475.0528908,14327,"(-111.8103248, 41.7444255)",in_transit,319.6256781484075
1790954485.3259294,14327,"(-111.809835, 41.744416)",in_transit,360.3468264589344
1790954495.5755718,14327,"(-111.8091238, 41.7444026)",in_transit,419.52371853791914
1790954505.8669515,14327,"(-111.8088818, 41.7443868)",in_transit,439.6886023010793
1790954516.123889,14327,"(-111.8081786, 41.7443738)",Industrial Science,498.2363026381663
1790954526.3876886,14327,"(-111.8080788, 41.7443688)",Industrial Science,506.5491259093848
1790954536.6564524,14327,"(-111.8080806, 41.744379)",Industrial Science,506.3709004476852
1790954546.914665,14327,"(-111.8080805, 41.7443893)",Industrial Science,506.3503888656483
1790954557.177138,14327,"(-111.8080786, 41.744396)",in_transit,506.4896309892055
1790954567.4385953,14327,"(-111.8080255, 41.7443948)",in_transit,510.9084974702572
1790954577.6909206,14327,"(-111.806985, 41.7443516)",in_transit,597.7120767680809
1790954587.939745,14327,"(-111.8061601, 41.7443313)",in_transit,666.244706688421
1790954598.2647946,14327,"(-111.8048393, 41.7443285)",in_transit,776.0810543314234
1790954608.5278356,14327,"(-111.8042631, 41.744503)",in_transit,840.1089485152474
1790954618.822134,14327,"(-111.804287, 41.7453476)",in_transit,933.9375535123155
1790954629.0799444,14327,"(-111.8042863, 41.7455333)",in_transit,954.5559694685027
1790954639.3310008,14327,"(-111.8043073, 41.746173)",in_transit,1026.0590020050915
1790954649.576867,14327,"(-111.8042388, 41.7466513)",in_transit,1081.046296639103
1790954659.849378,14327,"(-111.8043425, 41.7477508)",in_transit,1205.0064911231796
1790954670.1269464,14327,"(-111.8043483, 41.7489846)",in_transit,1342.3780551089983
1790954680.3899412,14327,"(-111.804086, 41.7493023)",in_transit,1395.570449891872
1790954690.6555493,14327,"(-111.8027168, 41.7493185)",in_transit,1509.8719354934115
1790954700.9015868,14327,"(-111.801875, 41.7495345)",in_transit,1615.2698192032922
1790954711.2001996,14327,"(-111.801875, 41.7495345)",in_transit,1615.2698192032922
1790954721.5126073,14327,"(-111.8020926, 41.749624)",Lundstrum,1634.9088899775923
1790954731.763332,14327,"(-111.8020968, 41.7496228)",Lundstrum,1635.2566343959727
1790954742.0194414,14327,"(-111.8020948, 41.7496175)",Lundstrum,1635.083391202883
1790954752.2841861,14327,"(-111.8020883, 41.7496151)",Lundstrum,1634.5396680896406
1790954762.547732,14327,"(-111.8020841, 41.7496128)",Lundstrum,1634.1873630127434
1790954772.816356,14327,"(-111.8020815, 41.7496071)",Lundstrum,1633.963697330429
1790954783.0729353,14327,"(-111.8020836, 41.7496048)",Lundstrum,1634.1353544094954
1790954793.3450334,14327,"(-111.8020871, 41.7496028)",Lundstrum,1634.4238384623538
1790954803.6185665,14327,"(-111.8021341, 41.7495978)",Lundstrum,1638.3262482154455
1790954813.8885348,14327,"(-111.8024418, 41.7494216)",in_transit,1672.0442873239826
1790954824.1508787,14327,"(-111.8029473, 41.7493425)",in_transit,1490.7396085606867
1790954834.4386146,14327,"(-111.8037638, 41.749352)",in_transit,1422.7620069134703
1790954844.7090123,14327,"(-111.8042556, 41.7494796)",in_transit,1834.5099343986524
1790954854.9603813,14327,"(-111.804357, 41.7504378)",in_transit,1943.7206559516985
1790954865.224147,14327,"(-111.804363, 41.7506981)",Aggie Village 1,1973.308644023789
1790954875.4929705,14327,"(-111.8043726, 41.7508155)",Aggie Village 1,1986.363338704963
1790954885.7543387,14327,"(-111.8043753, 41.7510581)",in_transit,2013.3061056405272
1790954896.0218592,14327,"(-111.8043753, 41.7522763)",in_transit,2148.6960289671724
1790954906.3207939,14327,"(-111.804385, 41.7529636)",in_transit,2225.0353813268384
1790954916.6351032,14327,"(-111.8053788, 41.7530595)",in_transit,2313.1185834677117
1790954926.8885386,14327,"(-111.8060246, 41.7530735)",Aggie Village 2,2366.8150436848077
1790954937.1870308,14327,"(-111.8060335, 41.7530775)",Aggie Village 2,2367.553745523474
1790954947.438302,14327,"(-111.806509, 41.7530405)",in_transit,2407.114431362461
1790954957.6945765,14327,"(-111.807508, 41.7528311)",in_transit,2493.4548982067017
1790954967.9606843,14327,"(-111.8089786, 41.7522726)",in_transit,2632.033920535827
1790954978.2198944,14327,"(-111.8092133, 41.7519328)",in_transit,2673.878691123746
1790954988.4853091,14327,"(-111.8093045, 41.7515853)",Aggie Village 3,2712.313109409283
1790954998.7418275,14327,"(-111.8092753, 41.7511343)",in_transit,2762.3526559170145
1790955009.0095806,14327,"(-111.809288, 41.7502955)",in_transit,2855.521178140338
1790955019.2841194,14327,"(-111.8093338, 41.7501116)",in_transit,2887.6653027138364
1790955029.546511,14327,"(-111.810094, 41.7501186)",in_transit,2950.8667412804625
1790955039.8178837,14327,"(-111.812178, 41.750142)",in_transit,3124.2168736252543
1790955050.1044192,14327,"(-111.813261, 41.7501375)",in_transit,3214.263682180524
1790955060.360255,14327,"(-111.8137291, 41.7501353)",in_transit,3253.1831006539683
1790955070.618654,14327,"(-111.8139173, 41.7501176)",in_transit,3272.920715656532
1790955080.8767214,14327,"(-111.8140026, 41.7493758)",in_transit,3355.487051992707
1790955091.1645064,14327,"(-111.8140826, 41.7487463)",in_transit,3425.5747145618916
1790955101.4448948,14327,"(-111.8141036, 41.748564)",800 E 900 N,3445.865302366631
1790955111.69904,14327,"(-111.8140921, 41.7485596)",800 E 900 N,3446.325390705092
1790955121.9715185,14327,"(-111.8140881, 41.7485893)",800 E 900 N,3443.018254472665
1790955132.2656841,14327,"(-111.8140811, 41.7486063)",800 E 900 N,3441.1136502763447
1790955142.5487964,14327,"(-111.8140358, 41.7480581)",in_transit,3501.8623739529303
1790955152.8746462,14327,"(-111.8140818, 41.7470131)",in_transit,3617.99043617758
1790955163.1465397,14327,"(-111.8141255, 41.746206)",in_transit,3707.701942892236
1790955173.443948,14327,"(-111.814168, 41.7450141)",in_transit,3840.130003352934
1790955183.7062025,14327,"(-111.8141618, 41.7447751)",in_transit,3866.648129856445
1790955193.9758754,14327,"(-111.8141655, 41.7446786)",in_transit,3877.370571298253
1790955204.2616756,14327,"(-111.8141755, 41.7446758)",in_transit,3877.7061396957915
1790955214.5199034,14327,"(-111.8141928, 41.7446711)",in_transit,3878.2706861241113
1790955224.7974317,14327,"(-111.814201, 41.7446396)",in_transit,3881.7880396200917
1790955235.077577,14327,"(-111.8139568, 41.7444638)",in_transit,16.081390926237596
1790955245.3333135,14327,"(-111.8135466, 41.7444335)",Field House,50.859776630108364
1790955255.5961814,14327,"(-111.8135466, 41.7444295)",Field House,50.882562544199374
1790955265.8607783,14327,"(-111.8135461, 41.7444355)",Field House,50.889919403003184
1790955276.12714,14327,"(-111.813489, 41.744448)",Field House,55.48332634855954
1790955286.392879,14327,"(-111.813489, 41.744448)",Field House,55.48332634855954
1790955296.6571686,14327,"(-111.811959, 41.7444726)",in_transit,182.92825797787648
1790955306.9089463,14327,"(-111.8117876, 41.744484)",in_transit,197.79908173546323
1790955317.2076902,14327,"(-111.811264, 41.7444785)",in_transit,241.34683577271835
1790955327.4743865,14327,"(-111.8109986, 41.744477)",Veterinary Science,263.41764353707003
1790955337.7497401,14327,"(-111.8108715, 41.7444738)",Veterinary Science,273.9958684388242
1790955348.0184326,14327,"(-111.8108683, 41.7444608)",Veterinary Science,274.3065539720649
1790955358.2817895,14327,"(-111.8102116, 41.7444506)",in_transit,328.94097291708187
1790955368.540908,14327,"(-111.809425, 41.7444366)",in_transit,394.3892795662346
1790955378.798203,14327,"(-111.8082365, 41.7444033)",Industrial Science,493.33909391269685
1790955389.0489502,14327,"(-111.8080113, 41.7443963)",in_transit,512.0850941920625
1790955399.3029945,14327,"(-111.8080085, 41.74443)",in_transit,512.2236062972664
1790955409.5744627,14327,"(-111.8079901, 41.7444211)",in_transit,513.7785594757069
1790955419.831049,14327,"(-111.807125, 41.7443636)",in_transit,586.0090891366516
1790955430.1095371,14327,"(-111.8062821, 41.7443346)",in_transit,656.0905206334843
1790955440.3748422,14327,"(-111.8050026, 41.7443273)",in_transit,762.5055529070119
1790955450.6164415,14327,"(-111.8047168, 41.7443395)",in_transit,786.2357956053236
1790955460.8624506,14327,"(-111.8042531, 41.7443876)",in_transit,827.275260031853
1790955471.1144671,14327,"(-111.80425, 41.7449775)",in_transit,892.7716211866107
1790955481.3805592,14327,"(-111.804251, 41.7455716)",in_transit,958.7413179371254
1790955491.635424,14327,"(-111.8042631, 41.7456925)",in_transit,972.1889719648485
1790955501.892275,14327,"(-111.8042738, 41.7458941)",in_transit,994.5819902087864
1790955512.1598113,14327,"(-111.8042041, 41.7465695)",in_transit,1071.9529404010898
1790955522.4213886,14327,"(-111.8042946, 41.747341)",in_transit,1158.8313693914156
1790955532.6749785,14327,"(-111.8043136, 41.7486528)",in_transit,1305.1626468742286
1790955542.9262185,14327,"(-111.8043328, 41.7491881)",in_transit,1365.269604065234
1790955553.2183423,14327,"(-111.8033233, 41.7493091)",in_transit,1459.4494140825377
1790955563.487456,14327,"(-111.8023683, 41.7493235)",in_transit,1538.8497326396412
1790955573.7392282,14327,"(-111.8018571, 41.7495143)",in_transit,1612.588876280563
1790955584.0012116,14327,"(-111.8018571, 41.7495143)",in_transit,1612.588876280563
1790955594.2616634,14327,"(-111.8020605, 41.7496185)",Lundstrum,1632.2320116393669
1790955604.526801,14327,"(-111.8020563, 41.7496186)",Lundstrum,1631.8828338770013
1790955614.7818606,14327,"(-111.8020521, 41.7496191)",Lundstrum,1631.5341773451182
1790955625.05402,14327,"(-111.8020523, 41.7496235)",Lundstrum,1631.556544607795
1790955635.3218539,14327,"(-111.8020561, 41.7496298)",Lundstrum,1631.8807945810076
1790955645.6051955,14327,"(-111.8025365, 41.7493858)",in_transit,1524.904012191835
1790955655.860353,14327,"(-111.803569, 41.749348)",in_transit,1438.9682602735088
1790955666.1168168,14327,"(-111.8042078, 41.749459)",in_transit,1829.7823967187367
1790955676.4385402,14327,"(-111.8043386, 41.7503103)",in_transit,1929.8101626621838
1790955686.687523,14327,"(-111.804354, 41.7507935)",Aggie Village 1,1983.8836694592264
1790955696.9619682,14327,"(-111.8043618, 41.7513033)",in_transit,2040.6222163945824
1790955707.216538,14327,"(-111.8043633, 41.7522088)",in_transit,2141.1955003054873
1790955717.4735835,14327,"(-111.8043735, 41.7529111)",in_transit,2219.20100543174
1790955727.7402294,14327,"(-111.8053133, 41.7530515)",in_transit,2307.670954868837
1790955737.991661,14327,"(-111.8059818, 41.7530625)",Aggie Village 2,2363.2595332931683
1790955748.263721,14327,"(-111.8060215, 41.7530555)",Aggie Village 2,2366.5639951564035
1790955758.5652266,14327,"(-111.8066063, 41.7530123)",in_transit,2415.614719101107
1790955768.8230693,14327,"(-111.8075428, 41.7527995)",in_transit,2497.368157215265
1790955779.130027,14327,"(-111.8089096, 41.7523185)",in_transit,2624.514177872149
1790955789.427062,14327,"(-111.8092815, 41.7516255)",Aggie Village 3,2707.8146876416085
1790955799.758336,14327,"(-111.8092806, 41.751583)",Aggie Village 3,2712.532980521431
1790955810.0145931,14327,"(-111.8092731, 41.7515888)",Aggie Village 3,2711.877735492806
1790955820.2854214,14327,"(-111.8092828, 41.751584)",Aggie Village 3,2712.425202245779
1790955830.5451908,14327,"(-111.809286, 41.7515793)",Aggie Village 3,2712.9518970350946
1790955840.820245,14327,"(-111.8092503, 41.7511225)",in_transit,2763.626147670296
1790955851.0833805,14327,"(-111.8092605, 41.7504496)",in_transit,2838.367221364806
1790955861.323106,14327,"(-111.8092563, 41.7502266)",in_transit,2863.125397170753
1790955871.6029882,14327,"(-111.8104411, 41.7501181)",in_transit,2979.7287703021216
1790955881.8683052,14327,"(-111.8124425, 41.7501508)",in_transit,3146.2303634058635
1790955892.118897,14327,"(-111.8133555, 41.7501436)",in_transit,3222.1360547538034
1790955902.375386,14327,"(-111.8136011, 41.7501353)",in_transit,3242.539723945053
1790955912.6951222,14327,"(-111.8139036, 41.7500648)",in_transit,3278.73839706524
1790955922.9618518,14327,"(-111.8139856, 41.7490683)",in_transit,3389.5856615090906
1790955933.2362053,14327,"(-111.8140913, 41.7485883)",800 E 900 N,3443.13717445087
1790955943.5326877,14327,"(-111.8140793, 41.7485595)",800 E 900 N,3446.304888019715
1790955953.7895436,14327,"(-111.8140796, 41.7485861)",800 E 900 N,3443.352527376364
1790955964.042368,14327,"(-111.814045, 41.7481261)",in_transit,3494.3358296644888
1790955974.2996447,14327,"(-111.8140675, 41.7470943)",in_transit,3608.940443544892
1790955984.5538282,14327,"(-111.8140923, 41.7463946)",in_transit,3686.681702003276
1790955994.8253598,14327,"(-111.8141206, 41.7453761)",in_transit,3799.824077373202
1790956005.0981011,14327,"(-111.8141233, 41.7447848)",in_transit,3865.476090721744
1790956015.3689206,14327,"(-111.813898, 41.744469)",in_transit,20.949619794043407
1790956025.621199,14327,"(-111.8135305, 41.7444341)",Field House,52.193809300414195
1790956035.8824768,14327,"(-111.8135048, 41.7444333)",Field House,54.219195761816074
1790956046.1467323,14327,"(-111.8134248, 41.7444381)",Field House,60.854437636291415
1790956056.4332995,14327,"(-111.8127093, 41.7444345)",in_transit,120.33799257444554
1790956066.6975834,14327,"(-111.8119175, 41.744419)",in_transit,185.09119262760197
1790956076.9444928,14327,"(-111.8116821, 41.744428)",in_transit,206.79824356262537
1790956087.2298887,14327,"(-111.8116953, 41.7444316)",in_transit,205.68624588665023
1790956097.5322683,14327,"(-111.8114601, 41.7444203)",in_transit,225.283397963299
1790956107.8287435,14327,"(-111.810903, 41.7444105)",Veterinary Science,271.5942525777321
1790956118.1180866,14327,"(-111.8108863, 41.7444128)",Veterinary Science,272.9748141967963
1790956128.3776593,14327,"(-111.8106018, 41.7444123)",in_transit,296.63020535598434
1790956138.6417127,14327,"(-111.8094001, 41.7443921)",in_transit,396.573771752173
1790956148.8947701,14327,"(-111.8085046, 41.744372)",in_transit,471.1329365860869
1790956159.1740918,14327,"(-111.8081725, 41.7443636)",Industrial Science,498.7720917016985
1790956169.4273944,14327,"(-111.8080591, 41.7443583)",in_transit,508.2166587963786
1790956179.685246,14327,"(-111.8074471, 41.7443395)",in_transit,559.1570871974864
1790956189.9362893,14327,"(-111.8065773, 41.744309)",in_transit,631.8421064809014
1790956200.201908,14327,"(-111.8052318, 41.74428)",in_transit,743.5829098953154
1790956210.461052,14327,"(-111.80462, 41.7443008)",in_transit,794.3960192732524
1790956220.7545328,14327,"(-111.8045465, 41.7443086)",in_transit,800.4854234550979
1790956231.0752301,14327,"(-111.8045561, 41.7443105)",in_transit,799.6817022850339
1790956241.3249538,14327,"(-111.8045393, 41.7443115)",in_transit,801.0758109652572
1790956251.5896313,14327,"(-111.8044338, 41.7443093)",in_transit,809.8558272323055
1790956261.885336,14327,"(-111.8042793, 41.7449645)",in_transit,891.384032465732
1790956272.1755261,14327,"(-111.804273, 41.745528)",in_transit,953.9420630129791
1790956282.4375737,14327,"(-111.8042683, 41.7456843)",in_transit,971.2883888879276
1790956292.6960468,14327,"(-111.804274, 41.7460208)",in_transit,1008.6502729903856
1790956302.9938617,14327,"(-111.8042043, 41.7465991)",in_transit,1075.2257650710467
1790956313.2517474,14327,"(-111.804303, 41.7478483)",in_transit,1215.7593126105364
1790956323.5258672,14327,"(-111.8043178, 41.7487281)",in_transit,1313.5300719223148
1790956333.7875235,14327,"(-111.8043171, 41.7492428)",in_transit,1371.48019507202
1790956344.0651717,14327,"(-111.8033211, 41.7493025)",in_transit,1459.6402458606046
1790956354.3217556,14327,"(-111.8020985, 41.7493025)",in_transit,1561.251786509159
1790956364.5845234,14327,"(-111.8018563, 41.7493636)",in_transit,1581.498553091979
1790956374.8566637,14327,"(-111.8019821, 41.7495956)",Lundstrum,1625.9310613089742
1790956385.1607442,14327,"(-111.8020015, 41.7496096)",Lundstrum,1628.061081990924
1790956395.4160461,14327,"(-111.8020095, 41.7496156)",Lundstrum,1628.9504215649288
1790956405.6647997,14327,"(-111.8020111, 41.7496145)",Lundstrum,1629.0169355310359
1790956415.9301615,14327,"(-111.8020165, 41.7496078)",Lundstrum,1629.096781135502
1790956426.1910958,14327,"(-111.802023, 41.7495983)",Lundstrum,1629.123407591608
1790956436.4425452,14327,"(-111.8020751, 41.7496041)",Lundstrum,1633.4275091230281
1790956446.7110138,14327,"(-111.8023158, 41.7495486)",in_transit,1654.637038338303
1790956456.9771993,14327,"(-111.8030956, 41.7493428)",in_transit,1733.289456888746
1790956467.2409112,14327,"(-111.8039188, 41.7493611)",in_transit,1802.8976673079767
1790956477.493758,14327,"(-111.8043615, 41.7498998)",in_transit,1884.1229775664058
1790956487.752885,14327,"(-111.8043515, 41.7504603)",in_transit,1946.040358104237
1790956498.0157146,14327,"(-111.8043578, 41.7506875)",Aggie Village 1,1972.1213512222444
1790956508.277029,14327,"(-111.804363, 41.7508075)",Aggie Village 1,1985.4560183557282
1790956518.529178,14327,"(-111.8043733, 41.7511061)",in_transit,2018.7233770497203
1790956528.7988734,14327,"(-111.8043828, 41.7517243)",in_transit,2087.3890913792793
1790956539.1099448,14327,"(-111.8043938, 41.7528553)",in_transit,2213.0093541281067
1790956549.3890543,14327,"(-111.8048528, 41.7530593)",in_transit,2269.3262641030433
1790956559.646402,14327,"(-111.8058271, 41.7530563)",in_transit,2350.3955546014977
1790956569.9120178,14327,"(-111.8060423, 41.7530656)",Aggie Village 2,2368.2901168144526
1790956580.1828868,14327,"(-111.806046, 41.7530685)",Aggie Village 2,2368.596751812371
1790956590.4355192,14327,"(-111.8067278, 41.7530013)",in_transit,2425.7498927681545
1790956600.696265,14327,"(-111.8082603, 41.752602)",in_transit,2560.9471358742367
1790956610.9965153,14327,"(-111.8090453, 41.7521596)",in_transit,2645.5460829515137
1790956621.2608588,14327,"(-111.8092728, 41.7516155)",Aggie Village 3,2708.91225032861
1790956631.5275393,14327,"(-111.8092675, 41.7515801)",Aggie Village 3,2712.835543316131
1790956641.7962594,14327,"(-111.809233, 41.7510265)",in_transit,2774.2614483514126
1790956652.065211,14327,"(-111.809252, 41.7503915)",in_transit,2844.8068401726446
1790956662.3273654,14327,"(-111.8092493, 41.7502846)",in_transit,2856.6740826323858
1790956672.5875013,14327,"(-111.8092418, 41.7502808)",in_transit,2857.08492138999
1790956682.8409371,14327,"(-111.8092533, 41.7502708)",in_transit,2858.2125216905283
1790956693.1376626,14327,"(-111.8092601, 41.7502628)",in_transit,2859.1110333428855
1790956703.4296067,14327,"(-111.8092123, 41.7502228)",in_transit,2863.481963958179
1790956713.6911685,14327,"(-111.809348, 41.7500955)",in_transit,2888.794568344367
1790956723.9558852,14327,"(-111.8104528, 41.7501335)",in_transit,2980.737655781641
1790956734.2120109,14327,"(-111.8113531, 41.7501525)",in_transit,3055.646973071221
1790956744.4735763,14327,"(-111.812391, 41.75016)",in_transit,3141.968639514428
1790956754.7308187,14327,"(-111.8129223, 41.750159)",in_transit,3186.1496069962386
1790956764.994765,14327,"(-111.8131636, 41.750161)",in_transit,3206.219001375775
1790956775.2522397,14327,"(-111.813349, 41.7501666)",in_transit,3221.6490326324747
1790956785.5177338,14327,"(-111.8133496, 41.7501796)",in_transit,3221.7291582132048
1790956795.8108864,14327,"(-111.813344, 41.7501835)",in_transit,3221.2725579236567
1790956806.0718884,14327,"(-111.813345, 41.750186)",in_transit,3221.3615272082743
1790956816.3319557,14327,"(-111.813349, 41.7501876)",in_transit,3221.6978695279786
1790956826.5929964,14327,"(-111.8134583, 41.7501886)",in_transit,3230.789074968098
1790956836.8692443,14327,"(-111.813604, 41.7501891)",in_transit,3242.905972615653
1790956847.1262708,14327,"(-111.8136066, 41.7501808)",in_transit,3243.102877067496
1790956857.3852024,14327,"(-111.8136125, 41.7501725)",in_transit,3243.5741943153944
1790956867.6459696,14327,"(-111.813617, 41.7501628)",in_transit,3243.9258388337394
1790956877.9115512,14327,"(-111.8138593, 41.7501728)",in_transit,3264.0988073766584
1790956888.1817353,14327,"(-111.8140003, 41.7495316)",in_transit,3338.18426573094
1790956898.4464831,14327,"(-111.8140971, 41.7486303)",800 E 900 N,3438.488703481479
1790956908.7042017,14327,"(-111.8141008, 41.7485641)",800 E 900 N,3445.847287026874
1790956918.9535332,14327,"(-111.8141115, 41.7485573)",800 E 900 N,3446.6286344380924
1790956929.2129788,14327,"(-111.8141246, 41.748553)",800 E 900 N,3447.138360393547
1790956939.4711583,14327,"(-111.8141213, 41.7485218)",800 E 900 N,3450.5940005479233
1790956949.7646658,14327,"(-111.8140628, 41.7478126)",in_transit,3529.1841915870637
1790956960.0133772,14327,"(-111.8140976, 41.7471416)",in_transit,3603.763453397686
1790956970.2705286,14327,"(-111.8141476, 41.746029)",in_transit,3727.4069052134246
1790956980.5331903,14327,"(-111.8141703, 41.7453108)",in_transit,3807.196267835282
1790956990.7821443,14327,"(-111.8142066, 41.7448596)",in_transit,3857.377784601471
1790957001.0448716,14327,"(-111.8142178, 41.7442636)",in_transit,0.0
1790957011.339979,14327,"(-111.8142636, 41.743748)",in_transit,0.0
1790957021.5787332,14327,"(-111.8142636, 41.743748)",in_transit,0.0
1790957031.8402398,14327,"(-111.814157, 41.743485)",in_transit,4.4708609700510085
1790957042.1125124,14327,"(-111.814141, 41.7434975)",in_transit,5.737091325249175
1790957052.3742309,14327,"(-111.8141353, 41.7434945)",in_transit,6.225928451915535
1790957062.6305044,14327,"(-111.814134, 41.743486)",in_transit,6.376996863752894
1790957072.9365048,14327,"(-111.814148, 41.74348)",in_transit,5.244041764817648
1790957083.2093587,14327,"(-111.8141566, 41.7434745)",in_transit,4.55727103173152
1790957093.4686491,14327,"(-111.8141675, 41.7434691)",in_transit,3.6788737381013363
1790957103.7362695,14327,"(-111.8141675, 41.7434691)",in_transit,3.6788737381013363
1790957113.9998302,14327,"(-111.8141675, 41.7434691)",in_transit,3.6788737381013363
1790957124.2643352,14327,"(-111.8141675, 41.7434691)",in_transit,3.6788737381013363
1790957134.521136,14327,"(-111.8141675, 41.7434691)",in_transit,3.6788737381013363
1790957144.8009188,14327,"(-111.8141675, 41.7434691)",in_transit,3.6788737381013363
1790957155.0552797,14327,"(-111.8141675, 41.7434691)",in_transit,3.6788737381013363
1790957165.3169086,14327,"(-111.8141675, 41.7434691)",in_transit,3.6788737381013363
1790957175.5790894,14327,"(-111.8141675, 41.7434691)",in_transit,3.6788737381013363
1790957185.8638465,14327,"(-111.8141675, 41.7434691)",in_transit,3.6788737381013363
1790957196.168611,14327,"(-111.8141675, 41.7434691)",in_transit,3.6788737381013363
1790957206.4255269,14327,"(-111.8141675, 41.7434691)",in_transit,3.6788737381013363
1790957216.6944673,14327,"(-111.8141675, 41.7434691)",in_transit,3.6788737381013363
1790957226.951154,14327,"(-111.8141675, 41.7434691)",in_transit,3.6788737381013363
1790957237.204921,14327,"(-111.8141675, 41.7434691)",in_transit,3.6788737381013363
1790957247.504124,14327,"(-111.8141675, 41.7434691)",in_transit,3.6788737381013363
1790957257.7649603,14327,"(-111.8141675, 41.7434691)",in_transit,3.6788737381013363
1790957268.0362697,14327,"(-111.8141675, 41.7434691)",in_transit,3.6788737381013363
1790957278.3090725,14327,"(-111.8141675, 41.7434691)",in_transit,3.6788737381013363
1790957288.551139,14327,"(-111.8141675, 41.7434691)",in_transit,3.6788737381013363
1790957298.8129907,14327,"(-111.8141675, 41.7434691)",in_transit,3.6788737381013363
1790957309.1059897,14327,"(-111.8141675, 41.7434691)",in_transit,3.6788737381013363
1790957319.3621309,14327,"(-111.8141675, 41.7434691)",in_transit,3.6788737381013363
1790957329.6242487,14327,"(-111.8141675, 41.7434691)",in_transit,3.6788737381013363
1790957339.8902392,14327,"(-111.8141675, 41.7434691)",in_transit,3.6788737381013363
1790957350.1434057,14327,"(-111.8141675, 41.7434691)",in_transit,3.6788737381013363
1790957360.3961513,14327,"(-111.8141675, 41.7434691)",in_transit,3.6788737381013363
1790957370.6954415,14327,"(-111.8141675, 41.7434691)",in_transit,3.6788737381013363
1790957380.9578876,14327,"(-111.8141675, 41.7434691)",in_transit,3.6788737381013363
1790957391.2166657,14327,"(-111.8141675, 41.7434691)",in_transit,3.6788737381013363
1790957401.515217,14327,"(-111.8141675, 41.7434691)",in_transit,3.6788737381013363
1790957411.7756295,14327,"(-111.8141675, 41.7434691)",in_transit,3.6788737381013363
1790957422.0380805,14327,"(-111.8141675, 41.7434691)",in_transit,3.6788737381013363
1790957432.3083823,14327,"(-111.8141675, 41.7434691)",in_transit,3.6788737381013363
1790957442.5724287,14327,"(-111.8141675, 41.7434691)",in_transit,3.6788737381013363
1790957452.8305943,14327,"(-111.8141675, 41.7434691)",in_transit,3.6788737381013363
1790957463.0844128,14327,"(-111.8141675, 41.7434691)",in_transit,3.6788737381013363
1790957473.344768,14327,"(-111.8141675, 41.7434691)",in_transit,3.6788737381013363
1790957483.5964959,14327,"(-111.8141675, 41.7434691)",in_transit,3.6788737381013363
1790957493.851613,14327,"(-111.8141675, 41.7434691)",in_transit,3.6788737381013363
1790957504.1149902,14327,"(-111.8141675, 41.7434691)",in_transit,3.6788737381013363
1790957514.3746696,14327,"(-111.8141675, 41.7434691)",in_transit,3.6788737381013363
1790957524.6323385,14327,"(-111.8141675, 41.7434691)",in_transit,3.6788737381013363
1790957534.9030187,14327,"(-111.8141675, 41.7434691)",in_transit,3.6788737381013363
1790957545.173801,14327,"(-111.8141675, 41.7434691)",in_transit,3.6788737381013363
1790957555.4206169,14327,"(-111.8141675, 41.7434691)",in_transit,3.6788737381013363
1790957565.6745493,14327,"(-111.8141675, 41.7434691)",in_transit,3.6788737381013363
1790957575.934001,14327,"(-111.8141675, 41.7434691)",in_transit,3.6788737381013363
1790957586.1897297,14327,"(-111.8141675, 41.7434691)",in_transit,3.6788737381013363
1790957596.4439285,14327,"(-111.8141675, 41.7434691)",in_transit,3.6788737381013363
1790957606.703612,14327,"(-111.8141675, 41.7434691)",in_transit,3.6788737381013363
1790957616.968919,14327,"(-111.8141675, 41.7434691)",in_transit,3.6788737381013363
1790957627.2720215,14327,"(-111.8141675, 41.7434691)",in_transit,3.6788737381013363
1790957637.5650887,14327,"(-111.8141675, 41.7434691)",in_transit,3.6788737381013363
1790957647.8456519,14327,"(-111.8141675, 41.7434691)",in_transit,3.6788737381013363
1790957658.114049,14327,"(-111.8141675, 41.7434691)",in_transit,3.6788737381013363
1790957668.3821568,14327,"(-111.8141675, 41.7434691)",in_transit,3.6788737381013363
1790957678.6609442,14327,"(-111.8141675, 41.7434691)",in_transit,3.6788737381013363
1790957688.9274018,14327,"(-111.8141675, 41.7434691)",in_transit,3.6788737381013363
1790957699.1874626,14327,"(-111.8141675, 41.7434691)",in_transit,3.6788737381013363
1790957709.4551117,14327,"(-111.8141675, 41.7434691)",in_transit,3.6788737381013363
1790957719.7237291,14327,"(-111.8141675, 41.7434691)",in_transit,3.6788737381013363
1790957729.9741468,14327,"(-111.8141675, 41.7434691)",in_transit,3.6788737381013363
1790957740.2354562,14327,"(-111.8141675, 41.7434691)",in_transit,3.6788737381013363
1790957750.5257645,14327,"(-111.8141675, 41.7434691)",in_transit,3.6788737381013363
1790957760.8044207,14327,"(-111.8141675, 41.7434691)",in_transit,3.6788737381013363
1790957771.0632184,14327,"(-111.8141675, 41.7434691)",in_transit,3.6788737381013363
1790957781.3388786,14327,"(-111.8141675, 41.7434691)",in_transit,3.6788737381013363
1790957791.6255038,14327,"(-111.8141675, 41.7434691)",in_transit,3.6788737381013363
1790957801.8985293,14327,"(-111.8141675, 41.7434691)",in_transit,3.6788737381013363
1790957812.157037,14327,"(-111.8141675, 41.7434691)",in_transit,3.6788737381013363
1790957822.4258597,14327,"(-111.8141675, 41.7434691)",in_transit,3.6788737381013363
1790957832.6806376,14327,"(-111.8141675, 41.7434691)",in_transit,3.6788737381013363
1790957842.9442198,14327,"(-111.8141675, 41.7434691)",in_transit,3.6788737381013363
1790957853.1920822,14327,"(-111.8141675, 41.7434691)",in_transit,3.6788737381013363
1790957863.4470644,14327,"(-111.8141675, 41.7434691)",in_transit,3.6788737381013363
1790957873.700139,14327,"(-111.8141675, 41.7434691)",in_transit,3.6788737381013363
1790957883.9493644,14327,"(-111.8141675, 41.7434691)",in_transit,3.6788737381013363
1790957894.291571,14327,"(-111.8141675, 41.7434691)",in_transit,3.6788737381013363
1790957904.582677,14327,"(-111.8141675, 41.7434691)",in_transit,3.6788737381013363
1790957914.83847,14327,"(-111.8141675, 41.7434691)",in_transit,3.6788737381013363
1790957925.1000488,14327,"(-111.8141675, 41.7434691)",in_transit,3.6788737381013363
