timestamp,vehicle_id,coordinates,stop
1790903020.0515182,14327,"(-111.8126951, 41.7552911)",in_transit
1790903030.3047113,14327,"(-111.8126878, 41.7552878)",in_transit
1790903040.56234,14327,"(-111.8126721, 41.7552863)",in_transit
1790903050.821153,14327,"(-111.8126641, 41.7552763)",in_transit
1790903061.0863872,14327,"(-111.8126585, 41.7552676)",in_transit
1790903071.3530998,14327,"(-111.8126538, 41.7552603)",in_transit
1790903081.6231096,14327,"(-111.8126661, 41.7552548)",in_transit
1790903091.892225,14327,"(-111.812681, 41.7552511)",in_transit
1790903102.1676383,14327,"(-111.8126936, 41.7552463)",in_transit
1790903112.4330425,14327,"(-111.8127, 41.7552308)",in_transit
1790903122.753605,14327,"(-111.8127, 41.7552308)",in_transit
1790903132.9943295,14327,"(-111.8127, 41.7552308)",in_transit
1790903143.250644,14327,"(-111.8127, 41.7552308)",in_transit
1790903153.515745,14327,"(-111.8127, 41.7552308)",in_transit
1790903163.7620726,14327,"(-111.8127, 41.7552308)",in_transit
1790903174.0188332,14327,"(-111.8127, 41.7552308)",in_transit
1790903184.283845,14327,"(-111.8127, 41.7552308)",in_transit
1790903194.5363104,14327,"(-111.8127, 41.7552308)",in_transit
1790903204.7913818,14327,"(-111.8127, 41.7552308)",in_transit
1790903215.0772622,14327,"(-111.8127, 41.7552308)",in_transit
1790903225.3380246,14327,"(-111.8127, 41.7552308)",in_transit
1790903235.5952177,14327,"(-111.8127, 41.7552308)",in_transit
1790903245.8549826,14327,"(-111.8127, 41.7552308)",in_transit
1790903256.1413922,14327,"(-111.8127, 41.7552308)",in_transit
1790903266.391709,14327,"(-111.8127, 41.7552308)",in_transit
1790903276.647892,14327,"(-111.8127, 41.7552308)",in_transit
1790903286.9243555,14327,"(-111.8127, 41.7552308)",in_transit
1790903297.168775,14327,"(-111.8127, 41.7552308)",in_transit
1790903307.4144425,14327,"(-111.8127, 41.7552308)",in_transit
1790903317.6697876,14327,"(-111.8127, 41.7552308)",in_transit
1790903327.9159362,14327,"(-111.8127, 41.7552308)",in_transit
1790903338.1678143,14327,"(-111.8127, 41.7552308)",in_transit
1790903348.4251382,14327,"(-111.8127, 41.7552308)",in_transit
1790903358.6790311,14327,"(-111.8127, 41.7552308)",in_transit
1790903368.9278724,14327,"(-111.8127, 41.7552308)",in_transit
1790903379.1826077,14327,"(-111.8127, 41.7552308)",in_transit
1790903389.433605,14327,"(-111.8127, 41.7552308)",in_transit
1790903399.680443,14327,"(-111.8127, 41.7552308)",in_transit
1790903409.929251,14327,"(-111.8127, 41.7552308)",in_transit
1790903420.2354112,14327,"(-111.8127, 41.7552308)",in_transit
1790903430.500858,14327,"(-111.8127, 41.7552308)",in_transit
1790903440.801382,14327,"(-111.8127, 41.7552308)",in_transit
1790903451.1192226,14327,"(-111.8127, 41.7552308)",in_transit
1790903461.4156835,14327,"(-111.8127, 41.7552308)",in_transit
1790903471.6666582,14327,"(-111.8127, 41.7552308)",in_transit
1790903481.9195747,14327,"(-111.8127, 41.7552308)",in_transit
1790903492.177597,14327,"(-111.8127, 41.7552308)",in_transit
1790903502.4252012,14327,"(-111.8127, 41.7552308)",in_transit
1790903512.6751435,14327,"(-111.8127, 41.7552308)",in_transit
1790903522.9640508,14327,"(-111.8127, 41.7552308)",in_transit
1790903533.2066069,14327,"(-111.8127, 41.7552308)",in_transit
1790903543.4566,14327,"(-111.8127, 41.7552308)",in_transit
1790903553.7208478,14327,"(-111.8127, 41.7552308)",in_transit
1790903563.9765902,14327,"(-111.8127, 41.7552308)",in_transit
1790903574.2331889,14327,"(-111.8127, 41.7552308)",in_transit
1790903584.4936306,14327,"(-111.8127, 41.7552308)",in_transit
1790903594.7795455,14327,"(-111.8127, 41.7552308)",in_transit
1790903605.04076,14327,"(-111.8127, 41.7552308)",in_transit
1790903615.2878523,14327,"(-111.8127, 41.7552308)",in_transit
1790903625.5764332,14327,"(-111.8127, 41.7552308)",in_transit
1790903635.8416805,14327,"(-111.8127, 41.7552308)",in_transit
1790903646.1174045,14327,"(-111.8127, 41.7552308)",in_transit
1790903656.3842983,14327,"(-111.8127, 41.7552308)",in_transit
1790903666.642018,14327,"(-111.8127, 41.7552308)",in_transit
1790903676.898857,14327,"(-111.8127, 41.7552308)",in_transit
1790903687.1499615,14327,"(-111.8127, 41.7552308)",in_transit
1790903697.3977444,14327,"(-111.8127, 41.7552308)",in_transit
1790903707.6710606,14327,"(-111.8127, 41.7552308)",in_transit
1790903717.9327161,14327,"(-111.8127, 41.7552308)",in_transit
1790903728.1900282,14327,"(-111.8127, 41.7552308)",in_transit
1790903738.4441206,14327,"(-111.8127, 41.7552308)",in_transit
1790903748.6943662,14327,"(-111.8127, 41.7552308)",in_transit
1790903758.950694,14327,"(-111.8127, 41.7552308)",in_transit
1790903769.209567,14327,"(-111.8127, 41.7552308)",in_transit
1790903779.4580421,14327,"(-111.8127, 41.7552308)",in_transit
1790903789.7122235,14327,"(-111.8127, 41.7552308)",in_transit
1790903799.9693308,14327,"(-111.8127, 41.7552308)",in_transit
1790903810.2553835,14327,"(-111.8127, 41.7552308)",in_transit
1790903820.5064585,14327,"(-111.8127, 41.7552308)",in_transit
1790903830.7702928,14327,"(-111.8127, 41.7552308)",in_transit
1790903841.0196536,14327,"(-111.8127, 41.7552308)",in_transit
1790903851.3136535,14327,"(-111.8127, 41.7552308)",in_transit
1790903861.5662768,14327,"(-111.8127, 41.7552308)",in_transit
1790903871.815487,14327,"(-111.8127, 41.7552308)",in_transit
1790903882.119293,14327,"(-111.8127, 41.7552308)",in_transit
1790903892.4063163,14327,"(-111.8127, 41.7552308)",in_transit
1790903902.704516,14327,"(-111.8127, 41.7552308)",in_transit
1790903912.9653385,14327,"(-111.8127, 41.7552308)",in_transit
1790903923.2535992,14327,"(-111.8127, 41.7552308)",in_transit
1790903933.5012987,14327,"(-111.8127, 41.7552308)",in_transit
1790903943.8002272,14327,"(-111.8127, 41.7552308)",in_transit
1790903954.0774236,14327,"(-111.8127, 41.7552308)",in_transit
1790903964.3218086,14327,"(-111.8127, 41.7552308)",in_transit
1790903974.594511,14327,"(-111.8127, 41.7552308)",in_transit
1790903984.8441007,14327,"(-111.8127, 41.7552308)",in_transit
1790903995.108114,14327,"(-111.8127, 41.7552308)",in_transit
1790904005.3680634,14327,"(-111.8127, 41.7552308)",in_transit
1790881160.3051307,18512,"(-111.8042263, 41.74656)",in_transit
1790881170.5551813,18512,"(-111.804319, 41.747717)",in_transit
1790881180.8047056,18512,"(-111.8043438, 41.748857)",in_transit
1790881191.062879,18512,"(-111.80412, 41.7493035)",in_transit
1790881201.345726,18512,"(-111.8028193, 41.7493156)",in_transit
1790881211.5989883,18512,"(-111.80192, 41.749326)",in_transit
1790881221.8561962,18512,"(-111.8018353, 41.7495083)",in_transit
1790881232.1134515,18512,"(-111.8020928, 41.7496328)",Lundstrum
1790861012.606333,18512,"(-111.8121646, 41.7444601)",in_transit
1790881088.4746382,18512,"(-111.804314, 41.7443185)",in_transit
1790881098.7286022,18512,"(-111.8042591, 41.7448918)",in_transit
1790881108.98545,18512,"(-111.8042735, 41.745496)",in_transit
1790881119.268445,18512,"(-111.8042788, 41.7456723)",in_transit
1790881129.5313554,18512,"(-111.8042825, 41.7456818)",in_transit
1790881139.787971,18512,"(-111.804279, 41.7456865)",in_transit
1790881150.0557516,18512,"(-111.8043008, 41.7461333)",in_transit
1790881242.4092946,18512,"(-111.8021021, 41.7496358)",Lundstrum
1790881252.6613772,18512,"(-111.8021065, 41.7496346)",Lundstrum
1790881262.9525602,18512,"(-111.8021081, 41.7496331)",Lundstrum
1790881273.2106645,18512,"(-111.8021158, 41.7496331)",Lundstrum
1790881283.4709322,18512,"(-111.8023566, 41.7495158)",in_transit
1790881293.726902,18512,"(-111.8033501, 41.7493526)",in_transit
1790881303.977261,18512,"(-111.8040428, 41.7493766)",in_transit
1790881314.2389388,18512,"(-111.8043563, 41.7500675)",in_transit
1790881324.520311,18512,"(-111.8043675, 41.7507123)",Aggie Village 1
1790881334.793175,18512,"(-111.8043548, 41.7508071)",Aggie Village 1
1790881345.099151,18512,"(-111.8043461, 41.750811)",Aggie Village 1
1790881355.372211,18512,"(-111.804378, 41.7510213)",in_transit
1790881365.619116,18512,"(-111.8043973, 41.7517546)",in_transit
1790881375.9288719,18512,"(-111.8044006, 41.7529396)",in_transit
1790881386.1879876,18512,"(-111.8046503, 41.7530695)",in_transit
1790881396.4846582,18512,"(-111.8056378, 41.753063)",in_transit
1790881406.7428992,18512,"(-111.806071, 41.7530771)",Aggie Village 2
1790881417.0014417,18512,"(-111.8060758, 41.7530783)",Aggie Village 2
1790881427.2500594,18512,"(-111.8063336, 41.7530535)",in_transit
1790881437.5029023,18512,"(-111.8076265, 41.752806)",in_transit
1790881447.74484,18512,"(-111.8089948, 41.7522658)",in_transit
1790881457.9858181,18512,"(-111.8092776, 41.7516461)",Aggie Village 3
1790881468.2510924,18512,"(-111.8092855, 41.7515986)",Aggie Village 3
1790881478.5050046,18512,"(-111.8092883, 41.751599)",Aggie Village 3
1790881488.7496192,18512,"(-111.8092863, 41.7516005)",Aggie Village 3
1790881498.9995255,18512,"(-111.8092581, 41.7514413)",in_transit
1790881509.2989833,18512,"(-111.8092486, 41.7507746)",in_transit
1790881519.562988,18512,"(-111.809251, 41.7502473)",in_transit
1790881529.8252187,18512,"(-111.8092508, 41.7501838)",in_transit
1790881540.0695097,18512,"(-111.8100581, 41.7501225)",in_transit
1790881550.353536,18512,"(-111.8116636, 41.7501471)",in_transit
1790881560.6106908,18512,"(-111.8135335, 41.7501501)",in_transit
1790881570.858058,18512,"(-111.8137731, 41.7501493)",in_transit
1790881581.1112163,18512,"(-111.8138235, 41.7501501)",in_transit
1790881591.3685734,18512,"(-111.8139876, 41.7499146)",in_transit
1790881601.6268072,18512,"(-111.814007, 41.7490076)",in_transit
1790881611.916917,18512,"(-111.8140618, 41.7487058)",800 E 900 N
1790881622.2205596,18512,"(-111.8140825, 41.74855)",800 E 900 N
1790881632.484274,18512,"(-111.8140836, 41.748557)",800 E 900 N
1790881642.7578638,18512,"(-111.814074, 41.748558)",800 E 900 N
1790881653.0242348,18512,"(-111.814068, 41.748552)",800 E 900 N
1790881663.2811694,18512,"(-111.8140716, 41.7485628)",800 E 900 N
1790881673.5507057,18512,"(-111.8140726, 41.7485655)",800 E 900 N
1790881683.845668,18512,"(-111.8140796, 41.7485651)",800 E 900 N
1790881694.1342776,18512,"(-111.8140858, 41.7485651)",800 E 900 N
1790881704.4388926,18512,"(-111.8140861, 41.7485735)",800 E 900 N
1790881714.698727,18512,"(-111.8141005, 41.7485763)",800 E 900 N
1790881724.9686384,18512,"(-111.8141096, 41.748572)",800 E 900 N
1790881735.239453,18512,"(-111.814062, 41.7481893)",in_transit
1790881745.4839175,18512,"(-111.814062, 41.7476056)",in_transit
1790881755.750032,18512,"(-111.8140995, 41.7465611)",in_transit
1790881766.008075,18512,"(-111.8141195, 41.745669)",in_transit
1790881776.2642,18512,"(-111.8141281, 41.7447058)",in_transit
1790886971.9027169,18512,"(-111.8019188, 41.7495656)",Lundstrum
1790886982.1528473,18512,"(-111.8020976, 41.7496271)",Lundstrum
1790886992.4061043,18512,"(-111.8021015, 41.7496291)",Lundstrum
1790887002.6573057,18512,"(-111.8020995, 41.7496318)",Lundstrum
1790887012.916937,18512,"(-111.8025685, 41.7493731)",in_transit
1790887023.1688364,18512,"(-111.8030881, 41.7493445)",in_transit
1790887033.430509,18512,"(-111.803981, 41.7493678)",in_transit
1790887043.7282624,18512,"(-111.8041301, 41.7493981)",in_transit
1790887054.0020835,18512,"(-111.8041263, 41.749397)",in_transit
1790887064.3071978,18512,"(-111.8041675, 41.7494133)",in_transit
1790887074.5987768,18512,"(-111.804372, 41.7498135)",in_transit
1790887084.859706,18512,"(-111.8043668, 41.7507793)",Aggie Village 1
1790887095.11004,18512,"(-111.8043545, 41.7507911)",Aggie Village 1
1790887105.3701284,18512,"(-111.8043511, 41.7507943)",Aggie Village 1
1790887115.6333349,18512,"(-111.804381, 41.7512091)",in_transit
1790887125.8867304,18512,"(-111.8043908, 41.7522526)",in_transit
1790887136.1572537,18512,"(-111.8043931, 41.7528416)",in_transit
1790887146.4136028,18512,"(-111.804395, 41.7529436)",in_transit
1790887156.7109249,18512,"(-111.8043971, 41.7529455)",in_transit
1790887166.9579668,18512,"(-111.804396, 41.7529643)",in_transit
1790887177.2255876,18512,"(-111.8049591, 41.753059)",in_transit
1790887187.4848793,18512,"(-111.8059065, 41.7530721)",Aggie Village 2
1790887197.748755,18512,"(-111.8060488, 41.7530646)",Aggie Village 2
1790887208.0045931,18512,"(-111.8060561, 41.7530513)",Aggie Village 2
1790887218.2663536,18512,"(-111.8060563, 41.7530591)",Aggie Village 2
1790887228.5275908,18512,"(-111.8060855, 41.7530615)",Aggie Village 2
1790887238.7848194,18512,"(-111.8065885, 41.7530298)",in_transit
1790887249.0725808,18512,"(-111.8077035, 41.752781)",in_transit
1790887259.325527,18512,"(-111.8085161, 41.7525501)",in_transit
1790887269.5744932,18512,"(-111.8092141, 41.7518335)",in_transit
1790887279.8346105,18512,"(-111.8092661, 41.7516485)",Aggie Village 3
1790887290.1025982,18512,"(-111.809264, 41.7515736)",Aggie Village 3
1790887300.3658564,18512,"(-111.8092646, 41.7515686)",Aggie Village 3
1790887310.638551,18512,"(-111.8092508, 41.7513441)",in_transit
1790887320.8928807,18512,"(-111.8092605, 41.7505348)",in_transit
1790887331.1475992,18512,"(-111.80926, 41.7502918)",in_transit
1790887341.395596,18512,"(-111.8095411, 41.7501076)",in_transit
1790887351.6675575,18512,"(-111.8112225, 41.7501548)",in_transit
1790887361.9409637,18512,"(-111.8122653, 41.7501668)",in_transit
1790887372.1966848,18512,"(-111.8134588, 41.7501666)",in_transit
1790887382.5030348,18512,"(-111.8136706, 41.7501643)",in_transit
1790887392.7617326,18512,"(-111.8136641, 41.7501635)",in_transit
1790887403.0133686,18512,"(-111.8136626, 41.750173)",in_transit
1790887413.3015378,18512,"(-111.8136686, 41.7501775)",in_transit
1790887423.5843165,18512,"(-111.8137241, 41.7501711)",in_transit
1790887433.8435674,18512,"(-111.8140195, 41.7499061)",in_transit
1790887444.1060455,18512,"(-111.8139911, 41.7491678)",in_transit
1790887454.3586748,18512,"(-111.8140698, 41.7486973)",800 E 900 N
1790887464.6161766,18512,"(-111.8140963, 41.7485485)",800 E 900 N
1790887474.8852289,18512,"(-111.8141015, 41.7485363)",800 E 900 N
1790887485.140312,18512,"(-111.8141093, 41.7485303)",800 E 900 N
1790887495.401519,18512,"(-111.8141201, 41.7485361)",800 E 900 N
1790887505.669203,18512,"(-111.8141313, 41.748537)",800 E 900 N
1790887515.9383867,18512,"(-111.8140628, 41.7481661)",in_transit
1790887526.2078955,18512,"(-111.814063, 41.7475288)",in_transit
1790887536.4598389,18512,"(-111.8140985, 41.7465525)",in_transit
1790887546.7169034,18512,"(-111.8141298, 41.7457711)",in_transit
1790887556.9661338,18512,"(-111.8141503, 41.7447606)",in_transit
1790887567.2235887,18512,"(-111.8141538, 41.7446633)",in_transit
1790887577.4865017,18512,"(-111.8141535, 41.7446298)",in_transit
1790887587.7368286,18512,"(-111.8141416, 41.7445396)",in_transit
1790887597.9934008,18512,"(-111.8138961, 41.7444456)",in_transit
1790887608.3031547,18512,"(-111.8135161, 41.7444365)",Field House
1790887618.5729005,18512,"(-111.8134708, 41.7444375)",Field House
1790887628.8768804,18512,"(-111.813479, 41.7444436)",Field House
1790887639.142172,18512,"(-111.813482, 41.7444441)",Field House
1790887649.3989744,18512,"(-111.8134665, 41.7444378)",Field House
1790887659.6795533,18512,"(-111.8134641, 41.7444366)",Field House
1790887669.937677,18512,"(-111.8134248, 41.7444398)",Field House
1790887680.2496436,18512,"(-111.812673, 41.7444668)",in_transit
1790887690.5208514,18512,"(-111.8118553, 41.7444628)",in_transit
1790887700.777092,18512,"(-111.8112416, 41.7444583)",in_transit
1790887711.078262,18512,"(-111.8109791, 41.7444545)",Veterinary Science
1790887721.3597145,18512,"(-111.8108715, 41.744454)",Veterinary Science
1790887731.6134644,18512,"(-111.8108616, 41.7444505)",Veterinary Science
1790887741.8659458,18512,"(-111.81087, 41.7444543)",Veterinary Science
1790887752.1639678,18512,"(-111.81015, 41.7444433)",in_transit
1790887762.4706743,18512,"(-111.80936, 41.7444273)",in_transit
1790887772.7310753,18512,"(-111.8087705, 41.7444033)",in_transit
1790887782.9958892,18512,"(-111.8082388, 41.744397)",Industrial Science
1790887793.2588668,18512,"(-111.8080183, 41.7443941)",in_transit
1790887803.519395,18512,"(-111.8080338, 41.7444013)",in_transit
1790887813.766209,18512,"(-111.8080295, 41.7444005)",in_transit
1790887824.0147555,18512,"(-111.8080205, 41.7444001)",in_transit
1790887834.2755759,18512,"(-111.8076046, 41.744392)",in_transit
1790887844.5419555,18512,"(-111.807022, 41.7443623)",in_transit
1790887854.7919717,18512,"(-111.8067813, 41.7443553)",in_transit
1790887865.052641,18512,"(-111.8059641, 41.744339)",in_transit
1790887875.321927,18512,"(-111.8049051, 41.744328)",in_transit
1790887885.6214075,18512,"(-111.8046633, 41.7443355)",in_transit
1790887895.8895304,18512,"(-111.8045705, 41.7443343)",in_transit
1790887906.186254,18512,"(-111.8045671, 41.7443375)",in_transit
1790887916.4458413,18512,"(-111.8045693, 41.7443383)",in_transit
1790887926.715596,18512,"(-111.8045655, 41.7443383)",in_transit
1790887936.9730918,18512,"(-111.804562, 41.744343)",in_transit
1790887947.2216291,18512,"(-111.8044571, 41.744343)",in_transit
1790860622.3526652,18512,"(-111.8043611, 41.7507021)",Aggie Village 1
1790860632.597279,18512,"(-111.8043718, 41.7508546)",Aggie Village 1
1790860642.8928723,18512,"(-111.804403, 41.7519565)",in_transit
1790860653.2063394,18512,"(-111.8044148, 41.7529903)",in_transit
1790860663.4579391,18512,"(-111.8050666, 41.7530485)",in_transit
1790860673.7216175,18512,"(-111.8058776, 41.753058)",Aggie Village 2
1790860683.9779596,18512,"(-111.8060828, 41.7530625)",Aggie Village 2
1790860694.2411585,18512,"(-111.8060846, 41.7530635)",Aggie Village 2
1790860704.5455723,18512,"(-111.8066048, 41.7530338)",in_transit
1790860714.8139122,18512,"(-111.8074058, 41.7528641)",in_transit
1790860725.0700977,18512,"(-111.8087356, 41.7524471)",in_transit
1790860735.3366625,18512,"(-111.8091911, 41.7519066)",in_transit
1790860745.602998,18512,"(-111.8092635, 41.751688)",Aggie Village 3
1790860755.8541281,18512,"(-111.8092768, 41.7515846)",Aggie Village 3
1790860766.130301,18512,"(-111.8092371, 41.7511338)",in_transit
1790860776.412879,18512,"(-111.8092483, 41.7502023)",in_transit
1790860786.7306292,18512,"(-111.809461, 41.7500863)",in_transit
1790860797.0466619,18512,"(-111.8109886, 41.7501268)",in_transit
1790860807.343445,18512,"(-111.8124626, 41.7501423)",in_transit
1790860817.6036782,18512,"(-111.8138135, 41.7501435)",in_transit
1790860827.8710048,18512,"(-111.8139955, 41.749954)",in_transit
1790860838.1271026,18512,"(-111.8140251, 41.7489146)",in_transit
1790860848.3868828,18512,"(-111.8140793, 41.7486531)",800 E 900 N
1790860858.643675,18512,"(-111.8140955, 41.7485393)",800 E 900 N
1790860868.9371347,18512,"(-111.8140991, 41.7485296)",800 E 900 N
1790860879.198096,18512,"(-111.8141058, 41.7485226)",800 E 900 N
1790860889.4649823,18512,"(-111.8141061, 41.7485246)",800 E 900 N
1790860899.7463403,18512,"(-111.8140595, 41.7483345)",in_transit
1790860909.995482,18512,"(-111.8140661, 41.7474798)",in_transit
1790860920.241905,18512,"(-111.814107, 41.7463168)",in_transit
1790860930.5069964,18512,"(-111.8141363, 41.7454341)",in_transit
1790860940.7781916,18512,"(-111.8141333, 41.7447436)",in_transit
1790860951.0383413,18512,"(-111.8141445, 41.7445915)",in_transit
1790860961.30859,18512,"(-111.8138868, 41.7444476)",in_transit
1790860971.5686553,18512,"(-111.81345, 41.744422)",Field House
1790860981.8259902,18512,"(-111.813431, 41.7444211)",Field House
1790860992.0846758,18512,"(-111.8134273, 41.7444248)",Field House
1790861002.3402047,18512,"(-111.8124206, 41.7444598)",in_transit
1790861022.8767188,18512,"(-111.8112045, 41.7444593)",Veterinary Science
1790861033.174489,18512,"(-111.8109455, 41.7444528)",Veterinary Science
1790861043.4285316,18512,"(-111.8109296, 41.7444595)",Veterinary Science
1790861053.735494,18512,"(-111.8106831, 41.7444591)",in_transit
1790861063.9998562,18512,"(-111.809362, 41.7444238)",in_transit
1790861074.2757668,18512,"(-111.8089941, 41.7444113)",in_transit
1790861084.5358946,18512,"(-111.8086015, 41.744393)",in_transit
1790861094.7838144,18512,"(-111.8082786, 41.744386)",Industrial Science
1790861105.0448937,18512,"(-111.8080548, 41.744398)",in_transit
1790861115.3120484,18512,"(-111.8080618, 41.7444025)",in_transit
1790861125.5751677,18512,"(-111.8078168, 41.7444005)",in_transit
1790861135.8451624,18512,"(-111.8063436, 41.7443445)",in_transit
1790861146.099003,18512,"(-111.8048223, 41.7443425)",in_transit
1790861156.3619378,18512,"(-111.8042631, 41.7445441)",in_transit
1790861166.6194174,18512,"(-111.8042731, 41.7455336)",in_transit
1790861176.946605,18512,"(-111.8042721, 41.7456886)",in_transit
1790861187.193059,18512,"(-111.8042773, 41.7458146)",in_transit
1790861197.4500346,18512,"(-111.8042203, 41.7465438)",in_transit
1790861207.7460716,18512,"(-111.8043111, 41.747313)",in_transit
1790861218.017298,18512,"(-111.8043371, 41.7487601)",in_transit
1790861228.278971,18512,"(-111.8041058, 41.7492985)",in_transit
1790861238.5451431,18512,"(-111.8027531, 41.7493181)",in_transit
1790861248.8096628,18512,"(-111.8018903, 41.7493516)",in_transit
1790861259.0613565,18512,"(-111.8018766, 41.7495371)",in_transit
1790861269.3381393,18512,"(-111.8021143, 41.7496326)",Lundstrum
1790861279.6008644,18512,"(-111.8021138, 41.7496375)",Lundstrum
1790861289.8565533,18512,"(-111.8022151, 41.7496085)",Lundstrum
1790861300.1918635,18512,"(-111.8027106, 41.749364)",in_transit
1790861310.4645793,18512,"(-111.803886, 41.7493563)",in_transit
1790861320.7333736,18512,"(-111.804356, 41.7499583)",in_transit
1790861330.9930735,18512,"(-111.8043628, 41.7507496)",Aggie Village 1
1790861341.2839298,18512,"(-111.8043675, 41.7508006)",Aggie Village 1
1790861351.5406263,18512,"(-111.8043951, 41.7509981)",in_transit
1790861361.7918367,18512,"(-111.8044101, 41.7522183)",in_transit
1790861372.0614593,18512,"(-111.8044166, 41.7529486)",in_transit
1790861382.3166218,18512,"(-111.8051671, 41.7530553)",in_transit
1790861392.5623024,18512,"(-111.8059416, 41.7530611)",Aggie Village 2
1790861402.8147287,18512,"(-111.8060695, 41.753063)",Aggie Village 2
1790861413.077899,18512,"(-111.8065663, 41.7530365)",in_transit
1790861423.3473337,18512,"(-111.8074271, 41.7528561)",in_transit
1790861433.6080215,18512,"(-111.8087803, 41.7524453)",in_transit
1790861443.8722665,18512,"(-111.809271, 41.7516905)",Aggie Village 3
1790861454.1374779,18512,"(-111.809284, 41.7515888)",Aggie Village 3
1790861464.388013,18512,"(-111.8092803, 41.7514488)",in_transit
1790861474.6465516,18512,"(-111.8092633, 41.750737)",in_transit
1790861484.926197,18512,"(-111.8092628, 41.7502081)",in_transit
1790861495.2410703,18512,"(-111.8095091, 41.7501008)",in_transit
1790861505.5167572,18512,"(-111.8119043, 41.7501488)",in_transit
1790861515.76717,18512,"(-111.813237, 41.7501513)",in_transit
1790861526.029835,18512,"(-111.8139735, 41.749948)",in_transit
1790861536.3244407,18512,"(-111.814025, 41.7489215)",in_transit
1790861546.5947006,18512,"(-111.8140853, 41.7486418)",800 E 900 N
1790861556.8663814,18512,"(-111.814101, 41.7485338)",800 E 900 N
1790861567.1253486,18512,"(-111.8140683, 41.7483186)",in_transit
1790861577.3835986,18512,"(-111.8140786, 41.7473333)",in_transit
1790861587.676877,18512,"(-111.8141106, 41.746514)",in_transit
1790861597.9414914,18512,"(-111.8141461, 41.7452218)",in_transit
1790861608.2294438,18512,"(-111.814145, 41.7446051)",in_transit
1790861618.481747,18512,"(-111.8134486, 41.7444271)",Field House
1790861628.7487938,18512,"(-111.8134285, 41.7444298)",Field House
1790861639.0475447,18512,"(-111.8133038, 41.7444495)",Field House
1790861649.3388913,18512,"(-111.8120295, 41.7444483)",in_transit
1790861659.5855687,18512,"(-111.8117438, 41.7444635)",in_transit
1790861669.838766,18512,"(-111.8115761, 41.7444595)",in_transit
1790861680.0918832,18512,"(-111.8113228, 41.7444488)",in_transit
1790861690.3396485,18512,"(-111.811011, 41.7444426)",Veterinary Science
1790861700.6117942,18512,"(-111.8106821, 41.7444458)",in_transit
1790861710.881865,18512,"(-111.8097073, 41.7444235)",in_transit
1790861721.17128,18512,"(-111.808138, 41.7443848)",Industrial Science
1790861731.4493155,18512,"(-111.8070655, 41.7443443)",in_transit
1790861741.700993,18512,"(-111.805355, 41.7443018)",in_transit
1790861751.9949605,18512,"(-111.8044703, 41.7443251)",in_transit
1790861762.269029,18512,"(-111.8044703, 41.7443251)",in_transit
1790861772.531914,18512,"(-111.8042665, 41.7456395)",in_transit
1790861782.7926404,18512,"(-111.8042865, 41.7460333)",in_transit
1790861793.0455198,18512,"(-111.8042181, 41.746557)",in_transit
1790861803.301325,18512,"(-111.8043023, 41.7473063)",in_transit
1790861813.5692992,18512,"(-111.8043336, 41.7487401)",in_transit
1790861823.8341784,18512,"(-111.804354, 41.7490945)",in_transit
1790861834.087063,18512,"(-111.8033536, 41.7492983)",in_transit
1790861844.3434637,18512,"(-111.8018755, 41.7493365)",in_transit
1790861854.6014612,18512,"(-111.8018551, 41.7495245)",in_transit
1790861864.8698463,18512,"(-111.8020996, 41.7496243)",Lundstrum
1790861875.127978,18512,"(-111.802105, 41.7496226)",Lundstrum
1790861885.388961,18512,"(-111.802354, 41.7495061)",in_transit
1790861895.6472042,18512,"(-111.8033021, 41.7493493)",in_transit
1790861905.9111283,18512,"(-111.8040748, 41.7493843)",in_transit
1790861916.1658292,18512,"(-111.8043491, 41.7500781)",in_transit
1790861926.4590578,18512,"(-111.8043643, 41.7507141)",Aggie Village 1
1790861936.72719,18512,"(-111.8043856, 41.751122)",in_transit
1790861946.9806607,18512,"(-111.8044068, 41.751965)",in_transit
1790861957.2567148,18512,"(-111.8044423, 41.7530096)",in_transit
1790861967.5460925,18512,"(-111.8052065, 41.753059)",in_transit
1790861977.8117764,18512,"(-111.8059338, 41.7530633)",Aggie Village 2
1790861988.0735006,18512,"(-111.8060665, 41.7530665)",Aggie Village 2
1790861998.330283,18512,"(-111.8060801, 41.7530635)",Aggie Village 2
1790862008.5996177,18512,"(-111.8063586, 41.7530438)",in_transit
1790862018.8609972,18512,"(-111.8070751, 41.7529586)",in_transit
1790862029.10758,18512,"(-111.8085215, 41.752548)",in_transit
1790862039.3646898,18512,"(-111.8090755, 41.7521265)",in_transit
1790862049.6266928,18512,"(-111.809258, 41.7516951)",Aggie Village 3
1790862059.8884382,18512,"(-111.809275, 41.7515986)",Aggie Village 3
1790862070.1452303,18512,"(-111.809257, 41.7512371)",in_transit
1790862080.4049094,18512,"(-111.8092591, 41.7502541)",in_transit
1790862090.6635978,18512,"(-111.8094346, 41.7500991)",in_transit
1790862100.9303918,18512,"(-111.8108235, 41.7501345)",in_transit
1790862111.1907651,18512,"(-111.8130185, 41.750149)",in_transit
1790862121.445252,18512,"(-111.8138956, 41.7500896)",in_transit
1790862131.698926,18512,"(-111.8139835, 41.7493218)",in_transit
1790862141.9628747,18512,"(-111.8140738, 41.7486761)",800 E 900 N
1790862152.2511227,18512,"(-111.814095, 41.7485478)",800 E 900 N
1790862162.5136619,18512,"(-111.8141146, 41.7485385)",800 E 900 N
1790862172.7777011,18512,"(-111.8140695, 41.7481588)",in_transit
1790862183.034931,18512,"(-111.8140945, 41.7470761)",in_transit
1790862193.2820656,18512,"(-111.8141225, 41.7462131)",in_transit
1790862203.5467422,18512,"(-111.8141441, 41.7449)",in_transit
1790862213.8105717,18512,"(-111.8141375, 41.7446696)",in_transit
1790862224.1033785,18512,"(-111.8141303, 41.744629)",in_transit
1790862234.371324,18512,"(-111.8141345, 41.7446053)",in_transit
1790862244.6405098,18512,"(-111.8137463, 41.7444423)",in_transit
1790862254.9283118,18512,"(-111.8134465, 41.7444291)",Field House
1790862265.1953144,18512,"(-111.8134365, 41.7444318)",Field House
1790862275.4664285,18512,"(-111.8131978, 41.7444626)",in_transit
1790862285.7121248,18512,"(-111.812009, 41.7444545)",in_transit
1790862295.9687767,18512,"(-111.8117363, 41.7444638)",in_transit
1790862306.2474298,18512,"(-111.8115878, 41.7444618)",in_transit
1790862316.5223289,18512,"(-111.8110706, 41.744453)",Veterinary Science
1790862326.8143716,18512,"(-111.8108865, 41.7444463)",Veterinary Science
1790862337.140646,18512,"(-111.8107213, 41.744448)",in_transit
1790862347.403659,18512,"(-111.8092525, 41.7444218)",in_transit
1790862357.6828802,18512,"(-111.8083358, 41.7444003)",Industrial Science
1790862367.936876,18512,"(-111.8080986, 41.7443976)",Industrial Science
1790862378.1967268,18512,"(-111.8078156, 41.7443995)",in_transit
1790862388.466345,18512,"(-111.8070201, 41.7443621)",in_transit
1790862398.715395,18512,"(-111.8059131, 41.7443368)",in_transit
1790862408.9772239,18512,"(-111.8049335, 41.744342)",in_transit
1790862419.2801294,18512,"(-111.8046426, 41.744342)",in_transit
1790862429.5529032,18512,"(-111.8042568, 41.744533)",in_transit
1790862439.80315,18512,"(-111.8042721, 41.7453825)",in_transit
1790862450.064415,18512,"(-111.804272, 41.7456416)",in_transit
1790862460.318034,18512,"(-111.8042883, 41.7458813)",in_transit
1790862470.5815887,18512,"(-111.8042335, 41.7465111)",in_transit
1790862480.8485425,18512,"(-111.8043083, 41.747213)",in_transit
1790862491.1111975,18512,"(-111.804326, 41.7481003)",in_transit
1790862501.3652887,18512,"(-111.8043543, 41.7492078)",in_transit
1790862511.6649797,18512,"(-111.8043543, 41.7492078)",in_transit
1790862521.9238982,18512,"(-111.8034793, 41.749301)",in_transit
1790862532.1865034,18512,"(-111.8024451, 41.7493181)",in_transit
1790862542.4708786,18512,"(-111.8018503, 41.7495116)",in_transit
1790862552.7634606,18512,"(-111.8018503, 41.7495116)",in_transit
1790862563.0715432,18512,"(-111.8021048, 41.7496195)",Lundstrum
1790862573.3413334,18512,"(-111.8021095, 41.7496205)",Lundstrum
1790862583.5947313,18512,"(-111.8021205, 41.7496306)",Lundstrum
1790862593.8480015,18512,"(-111.8021223, 41.7496365)",Lundstrum
1790862604.106715,18512,"(-111.802121, 41.7496396)",Lundstrum
1790862614.3631945,18512,"(-111.8021268, 41.7496396)",Lundstrum
1790862624.6284366,18512,"(-111.8021231, 41.7496393)",Lundstrum
1790862634.886537,18512,"(-111.8023963, 41.7494851)",in_transit
1790862645.144661,18512,"(-111.802887, 41.7493496)",in_transit
1790862655.4076352,18512,"(-111.804023, 41.7493663)",in_transit
1790862665.727049,18512,"(-111.8041373, 41.7494023)",in_transit
1790862675.9803383,18512,"(-111.8043398, 41.7495938)",in_transit
1790862686.2493153,18512,"(-111.8043601, 41.7503508)",in_transit
1790862696.530038,18512,"(-111.8043678, 41.7506568)",in_transit
1790862706.7888799,18512,"(-111.8043745, 41.7507991)",Aggie Village 1
1790862717.0470223,18512,"(-111.8044126, 41.751667)",in_transit
1790862727.3102455,18512,"(-111.8044196, 41.7525445)",in_transit
1790862737.5694294,18512,"(-111.8044241, 41.7528823)",in_transit
1790862747.8144014,18512,"(-111.8044185, 41.7529966)",in_transit
1790862758.095688,18512,"(-111.8056288, 41.7530586)",in_transit
1790862768.40171,18512,"(-111.8059455, 41.7530625)",Aggie Village 2
1790862778.6451442,18512,"(-111.8060525, 41.753059)",Aggie Village 2
1790862788.9166028,18512,"(-111.8063096, 41.753033)",in_transit
1790862799.2521503,18512,"(-111.807512, 41.752824)",in_transit
1790862809.5056114,18512,"(-111.8084071, 41.752575)",in_transit
1790862819.7572088,18512,"(-111.8090668, 41.7521591)",in_transit
1790862830.0103903,18512,"(-111.809258, 41.7517141)",Aggie Village 3
1790862840.3184745,18512,"(-111.8092708, 41.7516096)",Aggie Village 3
1790862850.575149,18512,"(-111.809273, 41.7516048)",Aggie Village 3
1790862860.838565,18512,"(-111.8092505, 41.7508383)",in_transit
1790862871.123099,18512,"(-111.8092465, 41.7502486)",in_transit
1790862881.4377136,18512,"(-111.8094875, 41.7501195)",in_transit
1790862891.6990945,18512,"(-111.8116185, 41.7501483)",in_transit
1790862901.9587302,18512,"(-111.8129933, 41.7501506)",in_transit
1790862912.229951,18512,"(-111.8134331, 41.750147)",in_transit
1790862922.4837575,18512,"(-111.8136723, 41.7501535)",in_transit
1790862932.8115628,18512,"(-111.8138006, 41.7501486)",in_transit
1790862943.074606,18512,"(-111.813991, 41.7496901)",in_transit
1790862953.335666,18512,"(-111.8140405, 41.7488855)",in_transit
1790862963.6002505,18512,"(-111.8140981, 41.7485476)",800 E 900 N
1790862973.8975542,18512,"(-111.8141005, 41.7485378)",800 E 900 N
1790862984.156619,18512,"(-111.8141045, 41.7485191)",800 E 900 N
1790862994.4114747,18512,"(-111.8140863, 41.748467)",800 E 900 N
1790863004.672029,18512,"(-111.8140443, 41.7479873)",in_transit
1790863014.9212973,18512,"(-111.8140873, 41.7468908)",in_transit
1790863025.1916907,18512,"(-111.8141245, 41.7460058)",in_transit
1790863035.4493227,18512,"(-111.8141245, 41.7460058)",in_transit
1790863045.7135332,18512,"(-111.8141346, 41.7447305)",in_transit
1790863055.9827812,18512,"(-111.8141306, 41.7446796)",in_transit
1790863066.2641401,18512,"(-111.8141221, 41.7446865)",in_transit
1790863076.5243044,18512,"(-111.8141113, 41.744688)",in_transit
1790863086.7858121,18512,"(-111.8141263, 41.7446678)",in_transit
1790863097.0780659,18512,"(-111.8138796, 41.744467)",in_transit
1790863107.3415797,18512,"(-111.81346, 41.7444386)",Field House
1790863117.597515,18512,"(-111.813451, 41.7444381)",Field House
1790863127.8666995,18512,"(-111.8134491, 41.7444308)",Field House
1790863138.131126,18512,"(-111.8134486, 41.7444221)",Field House
1790863148.3879273,18512,"(-111.8134418, 41.7444176)",Field House
1790863158.665656,18512,"(-111.8134316, 41.7444148)",Field House
1790863168.9251094,18512,"(-111.8134333, 41.7444115)",Field House
1790863179.184424,18512,"(-111.8134446, 41.7444145)",Field House
1790863189.4402096,18512,"(-111.8134523, 41.7444161)",Field House
1790863199.7103226,18512,"(-111.8134515, 41.7444225)",Field House
1790863209.9753125,18512,"(-111.8130658, 41.7444675)",in_transit
1790863220.2671168,18512,"(-111.8119725, 41.74446)",in_transit
1790863230.5356412,18512,"(-111.8114878, 41.7444596)",in_transit
1790863240.781419,18512,"(-111.810921, 41.7444458)",Veterinary Science
1790863251.0397112,18512,"(-111.810907, 41.7444395)",Veterinary Science
1790863261.3661,18512,"(-111.8107628, 41.7444465)",in_transit
1790863271.635354,18512,"(-111.8100073, 41.7444355)",in_transit
1790863281.9455295,18512,"(-111.8086775, 41.7444063)",in_transit
1790863292.1968837,18512,"(-111.8083166, 41.7444006)",Industrial Science
1790863302.4438918,18512,"(-111.8081093, 41.7443946)",Industrial Science
1790863312.7259216,18512,"(-111.807851, 41.7443918)",in_transit
1790863322.9893174,18512,"(-111.8070363, 41.7443563)",in_transit
1790863333.2419024,18512,"(-111.8056683, 41.7443271)",in_transit
1790863343.5037878,18512,"(-111.8047195, 41.7443415)",in_transit
1790863353.7650225,18512,"(-111.8042788, 41.7445603)",in_transit
1790863364.0185268,18512,"(-111.8042973, 41.7455276)",in_transit
1790863374.2698112,18512,"(-111.8042981, 41.745658)",in_transit
1790863384.5266216,18512,"(-111.8043356, 41.7463186)",in_transit
1790863394.7848575,18512,"(-111.8042763, 41.7467168)",in_transit
1790863405.0386693,18512,"(-111.8043273, 41.7480771)",in_transit
1790863415.3201308,18512,"(-111.8043563, 41.7489133)",in_transit
1790863425.5764167,18512,"(-111.8041261, 41.7492853)",in_transit
1790863435.8292916,18512,"(-111.8028286, 41.7493001)",in_transit
1790863446.0763965,18512,"(-111.8020105, 41.7493145)",in_transit
1790863456.370891,18512,"(-111.8019458, 41.7493225)",in_transit
1790863466.6324983,18512,"(-111.8018385, 41.7494045)",in_transit
1790870265.054331,18512,"(-111.812004, 41.7501463)",in_transit
1790870347.194203,18512,"(-111.8140753, 41.7485665)",800 E 900 N
1790870357.458281,18512,"(-111.8140331, 41.7483741)",in_transit
1790870367.708319,18512,"(-111.814076, 41.7475165)",in_transit
1790870378.0046928,18512,"(-111.8141013, 41.7467955)",in_transit
1790870388.2541475,18512,"(-111.8141541, 41.7454896)",in_transit
1790870398.5586288,18512,"(-111.814164, 41.7449118)",in_transit
1790870408.8198872,18512,"(-111.8141571, 41.7448763)",in_transit
1790870419.0990574,18512,"(-111.8141365, 41.7448673)",in_transit
1790870429.3683956,18512,"(-111.8141028, 41.7445058)",in_transit
1790870439.6271396,18512,"(-111.8138505, 41.7444331)",in_transit
1790870449.915044,18512,"(-111.8135665, 41.744424)",Field House
1790870460.17244,18512,"(-111.8135688, 41.7444246)",Field House
1790870470.4524744,18512,"(-111.8135653, 41.7444351)",Field House
1790870480.7078018,18512,"(-111.8135588, 41.7444511)",Field House
1790870490.964384,18512,"(-111.813557, 41.7444578)",Field House
1790870501.2590408,18512,"(-111.8135503, 41.7444505)",Field House
1790870511.5433896,18512,"(-111.8135458, 41.744449)",Field House
1790870521.7874272,18512,"(-111.8135458, 41.7444578)",Field House
1790870532.037212,18512,"(-111.8135458, 41.7444766)",Field House
1790870542.2915792,18512,"(-111.8132306, 41.7444846)",in_transit
1790870552.5353868,18512,"(-111.8123171, 41.7444628)",in_transit
1790870562.7863832,18512,"(-111.8120705, 41.7444571)",in_transit
1790870573.0463395,18512,"(-111.8112671, 41.7444535)",in_transit
1790870583.3221278,18512,"(-111.8109891, 41.7444506)",Veterinary Science
1790870593.5758877,18512,"(-111.8108948, 41.7444396)",Veterinary Science
1790870603.8491776,18512,"(-111.810893, 41.7444326)",Veterinary Science
1790870614.1119344,18512,"(-111.810266, 41.7444263)",in_transit
1790870624.3617625,18512,"(-111.8096686, 41.7444155)",in_transit
1790870634.6213927,18512,"(-111.8085233, 41.7443876)",in_transit
1790870644.880314,18512,"(-111.8081975, 41.744385)",Industrial Science
1790870655.1481345,18512,"(-111.8080411, 41.7443783)",in_transit
1790870665.44508,18512,"(-111.808035, 41.744382)",in_transit
1790870675.7139208,18512,"(-111.8074866, 41.7443788)",in_transit
1790870686.0176966,18512,"(-111.8068293, 41.7443458)",in_transit
1790870696.264735,18512,"(-111.8057903, 41.7443208)",in_transit
1790870706.5266387,18512,"(-111.804966, 41.7443255)",in_transit
1790870716.8194191,18512,"(-111.8046881, 41.744328)",in_transit
1790870727.0850658,18512,"(-111.8045873, 41.744331)",in_transit
1790870737.3795047,18512,"(-111.8045938, 41.7443401)",in_transit
1790870747.655704,18512,"(-111.8043001, 41.7443606)",in_transit
1790870757.917358,18512,"(-111.8042705, 41.7449308)",in_transit
1790870768.1690836,18512,"(-111.8042821, 41.7454811)",in_transit
1790870778.4323838,18512,"(-111.8042786, 41.7456636)",in_transit
1790870788.700833,18512,"(-111.8042843, 41.7458456)",in_transit
1790870798.9595609,18512,"(-111.8043138, 41.7463338)",in_transit
1790870809.2536066,18512,"(-111.8043088, 41.7470911)",in_transit
1790870819.5140107,18512,"(-111.8043186, 41.7478615)",in_transit
1790870829.787937,18512,"(-111.8043508, 41.7489761)",in_transit
1790870840.0858018,18512,"(-111.8041155, 41.7492955)",in_transit
1790870850.3528228,18512,"(-111.8030725, 41.7493015)",in_transit
1790870860.6203673,18512,"(-111.8019083, 41.7493336)",in_transit
1790870870.8825712,18512,"(-111.8018688, 41.7495155)",in_transit
1790870881.139332,18512,"(-111.8019295, 41.7495695)",Lundstrum
1790870891.3984504,18512,"(-111.801932, 41.749568)",Lundstrum
1790870901.6959062,18512,"(-111.8019403, 41.7495668)",Lundstrum
1790870911.9372096,18512,"(-111.8019431, 41.7495643)",Lundstrum
1790870922.1959832,18512,"(-111.8019408, 41.7495631)",Lundstrum
1790870932.4585576,18512,"(-111.8019586, 41.7495723)",Lundstrum
1790870942.713258,18512,"(-111.8022065, 41.7495823)",Lundstrum
1790870952.9662673,18512,"(-111.8026991, 41.7493416)",in_transit
1790870963.2138355,18512,"(-111.8036291, 41.749341)",in_transit
1790870973.478808,18512,"(-111.804115, 41.7493851)",in_transit
1790870983.7426152,18512,"(-111.804377, 41.7497713)",in_transit
1790870994.0020578,18512,"(-111.8043675, 41.7506555)",in_transit
1790871004.2657444,18512,"(-111.8043775, 41.750779)",Aggie Village 1
1790871014.5281534,18512,"(-111.804393, 41.7509166)",Aggie Village 1
1790871024.8115814,18512,"(-111.8044016, 41.7515608)",in_transit
1790871035.0692258,18512,"(-111.8044041, 41.7526458)",in_transit
1790871045.3619692,18512,"(-111.8044048, 41.752853)",in_transit
1790871055.618762,18512,"(-111.804651, 41.7530578)",in_transit
1790871065.9129581,18512,"(-111.8051796, 41.7530518)",in_transit
1790871076.1654646,18512,"(-111.8060113, 41.753064)",Aggie Village 2
1790871086.5046349,18512,"(-111.8060366, 41.7530625)",Aggie Village 2
1790871096.7589054,18512,"(-111.806039, 41.753055)",Aggie Village 2
1790871107.0165112,18512,"(-111.8060418, 41.7530571)",Aggie Village 2
1790871117.2678576,18512,"(-111.8062346, 41.753042)",Aggie Village 2
1790871127.5559828,18512,"(-111.8071196, 41.7529426)",in_transit
1790871137.8430214,18512,"(-111.8077643, 41.7527578)",in_transit
1790871148.1063108,18512,"(-111.8087585, 41.7524485)",in_transit
1790871158.3683481,18512,"(-111.8092143, 41.7518828)",in_transit
1790871168.622397,18512,"(-111.8092648, 41.7516878)",Aggie Village 3
1790871178.8670619,18512,"(-111.8092821, 41.751594)",Aggie Village 3
1790871189.123651,18512,"(-111.8092765, 41.7514006)",in_transit
1790871199.3870258,18512,"(-111.8092676, 41.7509246)",in_transit
1790871209.6481957,18512,"(-111.8092865, 41.7501893)",in_transit
1790871219.903476,18512,"(-111.8093201, 41.7500991)",in_transit
1790871230.154477,18512,"(-111.8099143, 41.7501145)",in_transit
1790871240.429157,18512,"(-111.810972, 41.7501505)",in_transit
1790871250.6895745,18512,"(-111.8125756, 41.7501761)",in_transit
1790871260.954802,18512,"(-111.8134655, 41.7501733)",in_transit
1790871271.2165873,18512,"(-111.813616, 41.7501655)",in_transit
1790871281.4769278,18512,"(-111.8136135, 41.750168)",in_transit
1790871291.7317398,18512,"(-111.8136141, 41.7501765)",in_transit
1790871301.9871283,18512,"(-111.8139675, 41.7499756)",in_transit
1790871312.24411,18512,"(-111.8139675, 41.7499756)",in_transit
1790871322.529496,18512,"(-111.8140883, 41.7486798)",800 E 900 N
1790871332.786213,18512,"(-111.8141058, 41.7485393)",800 E 900 N
1790871343.036746,18512,"(-111.8141228, 41.7485276)",800 E 900 N
1790871353.299123,18512,"(-111.8141303, 41.7485376)",800 E 900 N
1790871363.6219034,18512,"(-111.8141068, 41.74855)",800 E 900 N
1790871373.8791397,18512,"(-111.8140741, 41.7485605)",800 E 900 N
1790871384.1393046,18512,"(-111.8140678, 41.748376)",in_transit
1790871394.3913107,18512,"(-111.8140728, 41.7476221)",in_transit
1790871404.6706526,18512,"(-111.8141056, 41.7466716)",in_transit
1790871414.927744,18512,"(-111.8141243, 41.7460136)",in_transit
1790871425.1930513,18512,"(-111.8141595, 41.7449965)",in_transit
1790871435.4925494,18512,"(-111.8141661, 41.744565)",in_transit
1790871445.8112063,18512,"(-111.8136551, 41.7444265)",in_transit
1790871456.0779219,18512,"(-111.8134753, 41.7444333)",Field House
1790871466.3468635,18512,"(-111.8134608, 41.7444503)",Field House
1790871476.5994532,18512,"(-111.8134591, 41.7444635)",Field House
1790871486.8906214,18512,"(-111.813482, 41.7444661)",Field House
1790871497.1542282,18512,"(-111.8134348, 41.7444685)",Field House
1790871507.4237454,18512,"(-111.812564, 41.744463)",in_transit
1790871517.6799262,18512,"(-111.811642, 41.7444593)",in_transit
1790871527.9356096,18512,"(-111.8110326, 41.7444418)",Veterinary Science
1790871538.1927903,18512,"(-111.8108711, 41.7444408)",Veterinary Science
1790871548.4591346,18512,"(-111.8108631, 41.7444426)",Veterinary Science
1790871558.7546341,18512,"(-111.8108618, 41.7444445)",Veterinary Science
1790871569.019162,18512,"(-111.8108626, 41.7444423)",Veterinary Science
1790871579.2655754,18512,"(-111.8103663, 41.7444345)",in_transit
1790871589.5298097,18512,"(-111.8093398, 41.7444118)",in_transit
1790871599.7962961,18512,"(-111.8086235, 41.7443916)",in_transit
1790871610.059718,18512,"(-111.8082813, 41.7443866)",Industrial Science
1790871620.312913,18512,"(-111.8080581, 41.7443875)",in_transit
1790871630.5690665,18512,"(-111.8080673, 41.7443873)",in_transit
1790871640.8922787,18512,"(-111.8080676, 41.7443888)",in_transit
1790871651.1444013,18512,"(-111.8072105, 41.7443628)",in_transit
1790871661.4399197,18512,"(-111.806114, 41.7443295)",in_transit
1790871671.6970785,18512,"(-111.8052425, 41.744311)",in_transit
1790871681.9668827,18512,"(-111.8046211, 41.7443295)",in_transit
1790871692.2195354,18512,"(-111.8046058, 41.7443253)",in_transit
1790871702.479105,18512,"(-111.8046088, 41.7443221)",in_transit
1790871712.7383533,18512,"(-111.8045976, 41.7443225)",in_transit
1790871722.9899116,18512,"(-111.8045355, 41.7443261)",in_transit
1790871733.2540367,18512,"(-111.8044533, 41.7443251)",in_transit
1790871743.5119402,18512,"(-111.804272, 41.7449131)",in_transit
1790871753.76711,18512,"(-111.8042851, 41.7454896)",in_transit
1790871764.0712886,18512,"(-111.8042983, 41.7456536)",in_transit
1790871774.3365817,18512,"(-111.8043023, 41.7456728)",in_transit
1790871784.6492639,18512,"(-111.8043346, 41.7462676)",in_transit
1790871794.9129503,18512,"(-111.8042643, 41.7466568)",in_transit
1790871805.204115,18512,"(-111.8043241, 41.7474038)",in_transit
1790871815.4749446,18512,"(-111.8043446, 41.7486031)",in_transit
1790871825.7402673,18512,"(-111.8043735, 41.7491191)",in_transit
1790871836.0149822,18512,"(-111.8038615, 41.749282)",in_transit
1790871846.297442,18512,"(-111.8031323, 41.7492996)",in_transit
1790871856.5514796,18512,"(-111.8019535, 41.7493196)",in_transit
1790871866.8367016,18512,"(-111.8018563, 41.7495008)",in_transit
1790871877.0969768,18512,"(-111.8021226, 41.7496305)",Lundstrum
1790871887.358092,18512,"(-111.8021116, 41.7496433)",Lundstrum
1790871897.6195545,18512,"(-111.8021095, 41.7496456)",Lundstrum
1790871907.8715098,18512,"(-111.8021933, 41.7496113)",Lundstrum
1790871918.1323497,18512,"(-111.8026791, 41.7493503)",in_transit
1790871928.3978167,18512,"(-111.803527, 41.7493541)",in_transit
1790871938.664617,18512,"(-111.8037796, 41.7493643)",in_transit
1790871948.9269588,18512,"(-111.8039406, 41.7493665)",in_transit
1790871959.1993525,18512,"(-111.8041093, 41.7493991)",in_transit
1790871969.4649482,18512,"(-111.8043626, 41.7498333)",in_transit
1790871979.7614186,18512,"(-111.8043631, 41.7507126)",Aggie Village 1
1790871990.0208483,18512,"(-111.8043638, 41.7507718)",Aggie Village 1
1790872000.266338,18512,"(-111.804356, 41.7507823)",Aggie Village 1
1790872010.530811,18512,"(-111.8043853, 41.750909)",Aggie Village 1
1790872020.7877145,18512,"(-111.804393, 41.7514368)",in_transit
1790872031.0746381,18512,"(-111.8043998, 41.7524918)",in_transit
1790872041.3701463,18512,"(-111.8044021, 41.7529598)",in_transit
1790872051.6271248,18512,"(-111.8050653, 41.7530468)",in_transit
1790872061.9187589,18512,"(-111.8059391, 41.7530638)",Aggie Village 2
1790872072.196736,18512,"(-111.806024, 41.7530655)",Aggie Village 2
1790872082.464375,18512,"(-111.8060223, 41.7530728)",Aggie Village 2
1790872092.726544,18512,"(-111.8060173, 41.753072)",Aggie Village 2
1790872103.033335,18512,"(-111.8060056, 41.7530686)",Aggie Village 2
1790872113.297407,18512,"(-111.8062491, 41.75305)",Aggie Village 2
1790872123.5421271,18512,"(-111.807014, 41.7529606)",in_transit
1790872133.8048315,18512,"(-111.8079218, 41.7527071)",in_transit
1790872144.0687144,18512,"(-111.8085893, 41.7525246)",in_transit
1790872154.3362498,18512,"(-111.8091475, 41.7519948)",in_transit
1790872164.6389713,18512,"(-111.8092308, 41.7518106)",in_transit
1790872174.9002023,18512,"(-111.8092573, 41.7516303)",Aggie Village 3
1790872185.1518505,18512,"(-111.8092506, 41.751622)",Aggie Village 3
1790872195.3981962,18512,"(-111.8092331, 41.7512066)",in_transit
1790872205.6667697,18512,"(-111.8092378, 41.750633)",in_transit
1790872215.924038,18512,"(-111.8092486, 41.7502031)",in_transit
1790872226.182102,18512,"(-111.8092553, 41.7502075)",in_transit
1790872236.4408915,18512,"(-111.8092595, 41.7502045)",in_transit
1790872246.6933796,18512,"(-111.8092595, 41.7502045)",in_transit
1790872256.9460058,18512,"(-111.8092595, 41.7502045)",in_transit
1790872267.2082932,18512,"(-111.8108701, 41.7501315)",in_transit
1790872277.4973652,18512,"(-111.8118813, 41.7501476)",in_transit
1790872287.742106,18512,"(-111.8130883, 41.750151)",in_transit
1790872298.0356665,18512,"(-111.8133321, 41.7501501)",in_transit
1790872308.3022397,18512,"(-111.8133905, 41.7501515)",in_transit
1790872318.5582623,18512,"(-111.8135676, 41.7501541)",in_transit
1790872328.817122,18512,"(-111.813755, 41.7501551)",in_transit
1790872339.0771954,18512,"(-111.813973, 41.7493765)",in_transit
1790872349.3349936,18512,"(-111.8140511, 41.7487451)",in_transit
1790872359.6036792,18512,"(-111.8140693, 41.7485638)",800 E 900 N
1790872369.8619597,18512,"(-111.8140631, 41.748562)",800 E 900 N
1790872380.1158042,18512,"(-111.8140555, 41.7485718)",800 E 900 N
1790872390.366083,18512,"(-111.8140371, 41.7483816)",in_transit
1790872400.6298168,18512,"(-111.8140333, 41.7479193)",in_transit
1790872410.8946626,18512,"(-111.8140711, 41.7469726)",in_transit
1790872421.187839,18512,"(-111.8141081, 41.7462331)",in_transit
1790872431.4374225,18512,"(-111.8141406, 41.745106)",in_transit
1790872441.6987295,18512,"(-111.814131, 41.7448271)",in_transit
1790872451.9465632,18512,"(-111.8141381, 41.7446715)",in_transit
1790872462.2047973,18512,"(-111.8141388, 41.7446673)",in_transit
1790872472.4802282,18512,"(-111.8141401, 41.7446631)",in_transit
1790872482.740109,18512,"(-111.8139935, 41.7444703)",in_transit
1790872492.9884076,18512,"(-111.813485, 41.7444243)",Field House
1790872503.2519271,18512,"(-111.813485, 41.7444141)",Field House
1790872513.5090787,18512,"(-111.8135021, 41.7444138)",Field House
1790872523.7667003,18512,"(-111.8129523, 41.7444501)",in_transit
1790872534.0627027,18512,"(-111.8119275, 41.7444525)",in_transit
1790872544.3111742,18512,"(-111.8116868, 41.7444633)",in_transit
1790872554.560124,18512,"(-111.8116038, 41.7444696)",in_transit
1790872564.826997,18512,"(-111.8113546, 41.7444596)",in_transit
1790872575.0956535,18512,"(-111.8111045, 41.7444543)",Veterinary Science
1790872585.3756626,18512,"(-111.8108863, 41.7444505)",Veterinary Science
1790872595.640211,18512,"(-111.8108875, 41.744454)",Veterinary Science
1790872605.9278307,18512,"(-111.8102565, 41.7444343)",in_transit
1790872616.1848598,18512,"(-111.809528, 41.7444183)",in_transit
1790872626.4324758,18512,"(-111.8084253, 41.7443953)",Industrial Science
1790872636.6890938,18512,"(-111.8081366, 41.7443918)",Industrial Science
1790872646.946993,18512,"(-111.8080403, 41.7443865)",in_transit
1790872657.206763,18512,"(-111.8080333, 41.7443968)",in_transit
1790872667.4890609,18512,"(-111.8080296, 41.7444048)",in_transit
1790872677.767929,18512,"(-111.8080378, 41.7444141)",in_transit
1790872688.0246384,18512,"(-111.8080466, 41.7444106)",in_transit
1790872698.278671,18512,"(-111.8077891, 41.7443891)",in_transit
1790872708.5318797,18512,"(-111.8069133, 41.7443426)",in_transit
1790872718.812008,18512,"(-111.806146, 41.7443316)",in_transit
1790872729.074419,18512,"(-111.8049365, 41.7443198)",in_transit
1790872739.4037235,18512,"(-111.8046613, 41.7443251)",in_transit
1790872749.681406,18512,"(-111.8045756, 41.7443145)",in_transit
1790872759.9785974,18512,"(-111.8045735, 41.7443095)",in_transit
1790872770.2401564,18512,"(-111.8042605, 41.7445195)",in_transit
1790872780.49967,18512,"(-111.8042833, 41.7455021)",in_transit
1790872790.7678812,18512,"(-111.804302, 41.745655)",in_transit
1790872801.0583642,18512,"(-111.8043103, 41.7456828)",in_transit
1790872811.3196683,18512,"(-111.804312, 41.7461238)",in_transit
1790872821.577225,18512,"(-111.8042575, 41.746496)",in_transit
1790872831.832703,18512,"(-111.8043103, 41.7470528)",in_transit
1790872842.1269064,18512,"(-111.8043266, 41.7477293)",in_transit
1790872852.3812187,18512,"(-111.80435, 41.7487141)",in_transit
1790872862.694565,18512,"(-111.8043668, 41.749159)",in_transit
1790872872.950753,18512,"(-111.8041173, 41.7492856)",in_transit
1790872883.2111917,18512,"(-111.8026538, 41.7493043)",in_transit
1790872893.4664052,18512,"(-111.8019606, 41.7493186)",in_transit
1790872903.7236288,18512,"(-111.801864, 41.7495003)",in_transit
1790872913.9963088,18512,"(-111.8021306, 41.749621)",Lundstrum
1790872924.2659833,18512,"(-111.8021173, 41.7496225)",Lundstrum
1790872934.52303,18512,"(-111.8021045, 41.7496218)",Lundstrum
1790872944.7760189,18512,"(-111.802347, 41.7495051)",in_transit
1790872955.0392036,18512,"(-111.8032428, 41.7493445)",in_transit
1790872965.294937,18512,"(-111.8038776, 41.7493575)",in_transit
1790872975.5673945,18512,"(-111.804371, 41.7497986)",in_transit
1790872985.8321676,18512,"(-111.8043596, 41.7504568)",in_transit
1790872996.097536,18512,"(-111.8043623, 41.7506945)",Aggie Village 1
1790873006.3545976,18512,"(-111.8043913, 41.7509745)",in_transit
1790873016.6135714,18512,"(-111.8043988, 41.7516375)",in_transit
1790873026.879749,18512,"(-111.8043991, 41.7527146)",in_transit
1790873037.174871,18512,"(-111.804397, 41.75293)",in_transit
1790873047.4545631,18512,"(-111.8051441, 41.7530531)",in_transit
1790873057.7114484,18512,"(-111.8057105, 41.7530555)",in_transit
1790873067.9614768,18512,"(-111.8060511, 41.7530711)",Aggie Village 2
1790873078.2733803,18512,"(-111.806056, 41.7530681)",Aggie Village 2
1790873088.5631902,18512,"(-111.8062528, 41.7530485)",in_transit
1790873098.848674,18512,"(-111.806811, 41.7530148)",in_transit
1790873109.147876,18512,"(-111.8078621, 41.752723)",in_transit
1790873119.4033341,18512,"(-111.808582, 41.7525175)",in_transit
1790873129.6607955,18512,"(-111.8091741, 41.7519616)",in_transit
1790873139.92812,18512,"(-111.8092618, 41.751742)",Aggie Village 3
1790873150.228353,18512,"(-111.8092701, 41.7515973)",Aggie Village 3
1790873160.4922235,18512,"(-111.8092458, 41.751026)",in_transit
1790873170.7455227,18512,"(-111.8092483, 41.7502808)",in_transit
1790873181.0059826,18512,"(-111.8092543, 41.7501715)",in_transit
1790873191.279893,18512,"(-111.8094971, 41.7501141)",in_transit
1790873201.5629468,18512,"(-111.810921, 41.7501348)",in_transit
1790873211.8155324,18512,"(-111.8119261, 41.7501465)",in_transit
1790873222.095705,18512,"(-111.8132695, 41.7501448)",in_transit
1790873232.3682835,18512,"(-111.8137855, 41.7501438)",in_transit
1790873242.6459017,18512,"(-111.8139838, 41.7493665)",in_transit
1790873252.9034846,18512,"(-111.8140461, 41.7487285)",800 E 900 N
1790873263.1588001,18512,"(-111.8140648, 41.7485586)",800 E 900 N
1790873273.45573,18512,"(-111.8140823, 41.7485573)",800 E 900 N
1790873283.734501,18512,"(-111.8140835, 41.7485493)",800 E 900 N
1790873294.0029473,18512,"(-111.8140583, 41.7481835)",in_transit
1790873304.2653122,18512,"(-111.8140548, 41.7476483)",in_transit
1790873314.5250552,18512,"(-111.8140858, 41.7466235)",in_transit
1790873324.780693,18512,"(-111.814124, 41.7455398)",in_transit
1790873335.0448167,18512,"(-111.8141233, 41.7448753)",in_transit
1790873345.3088129,18512,"(-111.8141215, 41.744691)",in_transit
1790873355.569821,18512,"(-111.813771, 41.7444541)",in_transit
1790873365.820989,18512,"(-111.8134776, 41.7444233)",Field House
1790873376.07868,18512,"(-111.8134776, 41.74442)",Field House
1790873386.3408237,18512,"(-111.8134763, 41.7444193)",Field House
1790873396.6041226,18512,"(-111.8133658, 41.7444408)",Field House
1790873406.8629837,18512,"(-111.8127635, 41.7444521)",in_transit
1790873417.1561098,18512,"(-111.8118535, 41.74446)",in_transit
1790873427.4000185,18512,"(-111.8116745, 41.7444613)",in_transit
1790873437.6718729,18512,"(-111.8111606, 41.7444496)",Veterinary Science
1790873447.93371,18512,"(-111.8109151, 41.7444426)",Veterinary Science
1790873458.179991,18512,"(-111.8108766, 41.7444426)",Veterinary Science
1790873468.4212842,18512,"(-111.8102038, 41.7444298)",in_transit
1790873478.676793,18512,"(-111.809158, 41.7444096)",in_transit
1790873488.9704654,18512,"(-111.8085356, 41.7443946)",in_transit
1790873499.2358372,18512,"(-111.8082188, 41.7443895)",Industrial Science
1790873509.4925826,18512,"(-111.808071, 41.7443838)",in_transit
1790873519.7410476,18512,"(-111.8078356, 41.7443808)",in_transit
1790873530.009822,18512,"(-111.8068816, 41.7443403)",in_transit
1790873540.3089745,18512,"(-111.8061875, 41.7443296)",in_transit
1790873550.5743198,18512,"(-111.8049991, 41.7443283)",in_transit
1790873560.8312266,18512,"(-111.8044135, 41.7443276)",in_transit
1790873571.1222963,18512,"(-111.8042676, 41.7449955)",in_transit
1790873581.3894515,18512,"(-111.8042783, 41.7455613)",in_transit
1790873591.639409,18512,"(-111.8042845, 41.7456918)",in_transit
1790873601.954348,18512,"(-111.8043018, 41.7461133)",in_transit
1790873612.2159076,18512,"(-111.8042536, 41.7464951)",in_transit
1790873622.5171149,18512,"(-111.8043026, 41.7471706)",in_transit
1790873632.7708132,18512,"(-111.8043148, 41.747951)",in_transit
1790873643.0416799,18512,"(-111.8043433, 41.7489913)",in_transit
1790873653.2976573,18512,"(-111.8041058, 41.7493075)",in_transit
1790873663.6267471,18512,"(-111.8030805, 41.7493095)",in_transit
1790873673.8895462,18512,"(-111.8022316, 41.7493113)",in_transit
1790873684.1493547,18512,"(-111.8018528, 41.7495113)",in_transit
1790873694.455605,18512,"(-111.8018528, 41.7495113)",in_transit
1790873704.709416,18512,"(-111.8020653, 41.7496161)",Lundstrum
1790873714.9905725,18512,"(-111.8020601, 41.7496131)",Lundstrum
1790873725.2486522,18512,"(-111.8020613, 41.7496141)",Lundstrum
1790873735.5119653,18512,"(-111.802357, 41.749507)",in_transit
1790873745.7739713,18512,"(-111.8025968, 41.7493603)",in_transit
1790873756.0693939,18512,"(-111.8036208, 41.7493453)",in_transit
1790873766.3256967,18512,"(-111.8039376, 41.7493576)",in_transit
1790873776.5774632,18512,"(-111.804349, 41.7495955)",in_transit
1790873786.8555307,18512,"(-111.8043605, 41.7502628)",in_transit
1790873797.1242814,18512,"(-111.8043623, 41.7507408)",Aggie Village 1
1790873807.3849187,18512,"(-111.8043665, 41.750778)",Aggie Village 1
1790873817.6537347,18512,"(-111.8043945, 41.7512038)",in_transit
1790873827.9464955,18512,"(-111.8044006, 41.7520291)",in_transit
1790873838.2052937,18512,"(-111.8044148, 41.7529788)",in_transit
1790873848.4734898,18512,"(-111.804659, 41.7530558)",in_transit
1790873858.735911,18512,"(-111.8057358, 41.7530446)",in_transit
1790873868.9940207,18512,"(-111.805976, 41.7530631)",Aggie Village 2
1790873879.2570205,18512,"(-111.8060473, 41.7530728)",Aggie Village 2
1790873889.5062814,18512,"(-111.8068186, 41.753005)",in_transit
1790873899.7719815,18512,"(-111.8074641, 41.7528476)",in_transit
1790873910.0384665,18512,"(-111.8085251, 41.7525585)",in_transit
1790873920.293366,18512,"(-111.8091696, 41.7520053)",in_transit
1790873930.5468438,18512,"(-111.8092685, 41.7517613)",in_transit
1790873940.8065875,18512,"(-111.809264, 41.7516161)",Aggie Village 3
1790873951.0615633,18512,"(-111.8092538, 41.7516246)",Aggie Village 3
1790873961.3246973,18512,"(-111.809254, 41.75163)",Aggie Village 3
1790873971.6187353,18512,"(-111.8092435, 41.7509738)",in_transit
1790879599.7670393,18512,"(-111.802122, 41.7496553)",Lundstrum
1790879610.07043,18512,"(-111.8021228, 41.7496665)",Lundstrum
1790879620.337702,18512,"(-111.8021201, 41.7496723)",Lundstrum
1790879630.5966368,18512,"(-111.8022645, 41.7496151)",Lundstrum
1790879640.8591194,18512,"(-111.8032026, 41.7493531)",in_transit
1790879651.1182725,18512,"(-111.8038233, 41.749366)",in_transit
1790879661.3751106,18512,"(-111.8043853, 41.7497836)",in_transit
1790879671.6450846,18512,"(-111.8043613, 41.7507215)",Aggie Village 1
1790879681.893469,18512,"(-111.8043613, 41.7507875)",Aggie Village 1
1790879692.1580079,18512,"(-111.8043675, 41.7507896)",Aggie Village 1
1790879702.4268339,18512,"(-111.804404, 41.750974)",in_transit
1790879712.7446566,18512,"(-111.8044115, 41.752106)",in_transit
1790879723.0095506,18512,"(-111.8043953, 41.7528683)",in_transit
1790879733.2621326,18512,"(-111.8048791, 41.753055)",in_transit
1790879743.5251896,18512,"(-111.805742, 41.7530615)",in_transit
1790879753.7868085,18512,"(-111.8059961, 41.7530785)",Aggie Village 2
1790879764.051526,18512,"(-111.8060658, 41.7530776)",Aggie Village 2
1790879774.318813,18512,"(-111.8068513, 41.7530151)",in_transit
1790879784.633291,18512,"(-111.8083506, 41.7526051)",in_transit
1790879794.9172554,18512,"(-111.8090613, 41.7521805)",in_transit
1790879805.2098322,18512,"(-111.8092728, 41.7517605)",in_transit
1790879815.519424,18512,"(-111.8092805, 41.7515998)",Aggie Village 3
1790879825.7784226,18512,"(-111.8092518, 41.751407)",in_transit
1790879836.0221367,18512,"(-111.8092575, 41.750399)",in_transit
1790879846.285551,18512,"(-111.8092555, 41.7502176)",in_transit
1790879856.5722983,18512,"(-111.8093728, 41.7500963)",in_transit
1790879866.829172,18512,"(-111.8109095, 41.7501378)",in_transit
1790879877.0947595,18512,"(-111.8123945, 41.7501555)",in_transit
1790879887.36592,18512,"(-111.8139145, 41.7501336)",in_transit
1790879897.6269932,18512,"(-111.8139806, 41.7494005)",in_transit
1790879907.8926442,18512,"(-111.8140728, 41.7486958)",800 E 900 N
1790879918.1487298,18512,"(-111.8140743, 41.748547)",800 E 900 N
1790879928.401124,18512,"(-111.8140753, 41.7485431)",800 E 900 N
1790879938.6671603,18512,"(-111.8140721, 41.7485385)",800 E 900 N
1790879948.9280105,18512,"(-111.8140518, 41.7481013)",in_transit
1790879959.1801887,18512,"(-111.81408, 41.7471936)",in_transit
1790879969.4665756,18512,"(-111.8141088, 41.7464105)",in_transit
1790879979.7086873,18512,"(-111.8141221, 41.7459338)",in_transit
1790879989.9983308,18512,"(-111.8141401, 41.7447826)",in_transit
1790880000.2577713,18512,"(-111.8141305, 41.7446875)",in_transit
1790880010.524361,18512,"(-111.8141121, 41.7446805)",in_transit
1790880020.8138342,18512,"(-111.8141145, 41.7446663)",in_transit
1790880031.0682957,18512,"(-111.8138775, 41.7444548)",in_transit
1790880041.3436453,18512,"(-111.8135438, 41.7444203)",Field House
1790880051.61854,18512,"(-111.8134886, 41.7444313)",Field House
1790880061.8615723,18512,"(-111.8134936, 41.7444403)",Field House
1790880072.1263154,18512,"(-111.8124311, 41.7444585)",in_transit
1790880082.3891563,18512,"(-111.8117713, 41.744468)",in_transit
1790880092.6459763,18512,"(-111.8112468, 41.7444646)",in_transit
1790880102.9083762,18512,"(-111.8109201, 41.7444523)",Veterinary Science
1790880113.168942,18512,"(-111.8109311, 41.7444431)",Veterinary Science
1790880123.4225948,18512,"(-111.8107985, 41.7444335)",in_transit
1790880133.6767752,18512,"(-111.8100398, 41.7444295)",in_transit
1790880143.9241817,18512,"(-111.8091605, 41.7444156)",in_transit
1790880154.1903415,18512,"(-111.8083158, 41.7443986)",Industrial Science
1790880164.4370036,18512,"(-111.8081073, 41.7443906)",Industrial Science
1790880174.7261736,18512,"(-111.8081001, 41.7443875)",Industrial Science
1790880184.99141,18512,"(-111.8069258, 41.7443555)",in_transit
1790880195.276796,18512,"(-111.8058045, 41.7443306)",in_transit
1790880205.558321,18512,"(-111.8046905, 41.7443358)",in_transit
1790880215.8268323,18512,"(-111.8046213, 41.7443333)",in_transit
1790880226.0825922,18512,"(-111.8045101, 41.7443363)",in_transit
1790880236.3365176,18512,"(-111.8042578, 41.7445591)",in_transit
1790880246.6168144,18512,"(-111.8042823, 41.7453571)",in_transit
1790880256.8826654,18512,"(-111.8042718, 41.7464535)",in_transit
1790880267.1456344,18512,"(-111.8043186, 41.7472918)",in_transit
1790880277.4108417,18512,"(-111.804333, 41.7482315)",in_transit
1790880287.727314,18512,"(-111.8042705, 41.749286)",in_transit
1790880297.994864,18512,"(-111.8034101, 41.749302)",in_transit
1790880308.2541356,18512,"(-111.8018728, 41.7493295)",in_transit
1790880318.5100944,18512,"(-111.8018395, 41.7495136)",in_transit
1790880328.7675934,18512,"(-111.8020798, 41.7496236)",Lundstrum
1790880339.0493631,18512,"(-111.802073, 41.7496308)",Lundstrum
1790880349.309849,18512,"(-111.8020826, 41.7496241)",Lundstrum
1790880359.5748186,18512,"(-111.8023228, 41.7495156)",in_transit
1790880369.8444257,18512,"(-111.803106, 41.749347)",in_transit
1790880380.0997825,18512,"(-111.8039086, 41.7493643)",in_transit
1790880390.360055,18512,"(-111.8043436, 41.749586)",in_transit
1790880400.6557775,18512,"(-111.8043571, 41.750153)",in_transit
1790880410.9156387,18512,"(-111.8043703, 41.750677)",Aggie Village 1
1790880421.1738074,18512,"(-111.8043735, 41.7507913)",Aggie Village 1
1790880431.4333172,18512,"(-111.8043995, 41.7509)",Aggie Village 1
1790880441.6739666,18512,"(-111.8044111, 41.75207)",in_transit
1790880451.929726,18512,"(-111.8044346, 41.7530503)",in_transit
1790880462.19705,18512,"(-111.8044346, 41.7530503)",in_transit
1790880472.4624362,18512,"(-111.8056076, 41.7530531)",in_transit
1790880482.712562,18512,"(-111.8059326, 41.753067)",Aggie Village 2
1790880492.9689581,18512,"(-111.806053, 41.7530731)",Aggie Village 2
1790880503.247333,18512,"(-111.8066835, 41.7530378)",in_transit
1790880513.5372133,18512,"(-111.8077441, 41.7527735)",in_transit
1790880523.8026927,18512,"(-111.8090216, 41.7522355)",in_transit
1790880534.0538504,18512,"(-111.8092756, 41.7516866)",Aggie Village 3
1790880544.3149493,18512,"(-111.8092766, 41.7516026)",Aggie Village 3
1790880554.5768738,18512,"(-111.8092841, 41.7516021)",Aggie Village 3
1790880564.8404846,18512,"(-111.8092893, 41.7516016)",Aggie Village 3
1790880575.0975149,18512,"(-111.809263, 41.751103)",in_transit
1790880585.3450503,18512,"(-111.8092631, 41.7504133)",in_transit
1790880595.6608677,18512,"(-111.8092603, 41.750233)",in_transit
1790880605.9753017,18512,"(-111.8094963, 41.750111)",in_transit
1790880616.2485907,18512,"(-111.8108698, 41.7501355)",in_transit
1790880626.494556,18512,"(-111.8123156, 41.7501511)",in_transit
1790880636.7465744,18512,"(-111.8134566, 41.7501483)",in_transit
1790880647.0038478,18512,"(-111.8136041, 41.7501453)",in_transit
1790880657.2503624,18512,"(-111.8136086, 41.7501425)",in_transit
1790880667.529568,18512,"(-111.8136198, 41.750147)",in_transit
1790880677.8152807,18512,"(-111.8136806, 41.7501456)",in_transit
1790880688.0868077,18512,"(-111.8139925, 41.7499288)",in_transit
1790880698.3379016,18512,"(-111.8139928, 41.7492158)",in_transit
1790880708.6264777,18512,"(-111.8140731, 41.7486583)",800 E 900 N
1790880718.8846846,18512,"(-111.8140806, 41.7485436)",800 E 900 N
1790880729.1422677,18512,"(-111.8140883, 41.7485425)",800 E 900 N
1790880739.3985732,18512,"(-111.8140801, 41.7485453)",800 E 900 N
1790880749.7183373,18512,"(-111.8140526, 41.7478636)",in_transit
1790880759.9689112,18512,"(-111.8140973, 41.7469236)",in_transit
1790880770.2258854,18512,"(-111.8141165, 41.7460938)",in_transit
1790880780.4796176,18512,"(-111.8141361, 41.7448821)",in_transit
1790880790.7323914,18512,"(-111.8141396, 41.7447008)",in_transit
1790880800.9953895,18512,"(-111.8141303, 41.7447148)",in_transit
1790880811.256372,18512,"(-111.8141333, 41.7446728)",in_transit
1790880821.502364,18512,"(-111.814142, 41.7445728)",in_transit
1790880831.7567315,18512,"(-111.8141383, 41.7445668)",in_transit
1790880842.0124805,18512,"(-111.8136473, 41.7444358)",in_transit
1790880852.2834198,18512,"(-111.8134746, 41.7444295)",Field House
1790880862.5475812,18512,"(-111.8134848, 41.7444335)",Field House
1790880872.8053617,18512,"(-111.813506, 41.7444406)",Field House
1790880883.0732539,18512,"(-111.8134736, 41.7444495)",Field House
1790880893.3354096,18512,"(-111.8124566, 41.7444506)",in_transit
1790880903.5837338,18512,"(-111.8118728, 41.7444613)",in_transit
1790880913.8418212,18512,"(-111.8117365, 41.7444638)",in_transit
1790880924.0971832,18512,"(-111.8117473, 41.7444621)",in_transit
1790880934.3890297,18512,"(-111.8112235, 41.7444436)",in_transit
1790880944.6514428,18512,"(-111.8109825, 41.744437)",Veterinary Science
1790880954.9134169,18512,"(-111.8109483, 41.7444376)",Veterinary Science
1790880965.172571,18512,"(-111.8109496, 41.7444385)",Veterinary Science
1790880975.4866738,18512,"(-111.8100608, 41.7444193)",in_transit
1790880985.7580981,18512,"(-111.8091293, 41.7443971)",in_transit
1790880996.035765,18512,"(-111.8082771, 41.744376)",Industrial Science
1790881006.2908437,18512,"(-111.8080561, 41.744376)",in_transit
1790881016.5477083,18512,"(-111.8080593, 41.7443875)",in_transit
1790881026.8030882,18512,"(-111.808063, 41.7443926)",in_transit
1790881037.0532887,18512,"(-111.8074776, 41.7443685)",in_transit
1790881047.3388805,18512,"(-111.8060708, 41.744321)",in_transit
1790881057.6300817,18512,"(-111.8051191, 41.7443056)",in_transit
1790881067.9376254,18512,"(-111.8047268, 41.7443298)",in_transit
1790881078.1897051,18512,"(-111.8045831, 41.7443221)",in_transit
1790894273.597108,18512,"(-111.8132191, 41.7444746)",in_transit
1790894283.8545244,18512,"(-111.8121618, 41.744459)",in_transit
1790894294.114062,18512,"(-111.8118656, 41.7444685)",in_transit
1790894304.3702757,18512,"(-111.8117128, 41.7444651)",in_transit
1790894314.6344697,18512,"(-111.8117103, 41.7444613)",in_transit
1790894324.8970718,18512,"(-111.8114586, 41.7444561)",in_transit
1790894335.1588771,18512,"(-111.8109636, 41.7444481)",Veterinary Science
1790894345.4327037,18512,"(-111.81088, 41.744454)",Veterinary Science
1790894355.6956618,18512,"(-111.8108806, 41.7444601)",Veterinary Science
1790894365.9392254,18512,"(-111.8105425, 41.7444403)",in_transit
1790894376.2101645,18512,"(-111.8097895, 41.7444286)",in_transit
1790894386.4964786,18512,"(-111.8085485, 41.7444016)",in_transit
1790894396.7599604,18512,"(-111.8081936, 41.7443901)",Industrial Science
1790894407.0234122,18512,"(-111.8080125, 41.744391)",in_transit
1790894417.2739801,18512,"(-111.808014, 41.7443976)",in_transit
1790894427.5376675,18512,"(-111.8077741, 41.7443871)",in_transit
1790894437.807688,18512,"(-111.8066455, 41.7443478)",in_transit
1790894448.0618262,18512,"(-111.8057346, 41.7443273)",in_transit
1790894458.3165216,18512,"(-111.804674, 41.7443323)",in_transit
1790894468.5935225,18512,"(-111.8045761, 41.7443336)",in_transit
1790894478.8587902,18512,"(-111.8045796, 41.7443351)",in_transit
1790894489.118439,18512,"(-111.8045745, 41.7443366)",in_transit
1790894499.379353,18512,"(-111.8043791, 41.7443373)",in_transit
1790894509.6360261,18512,"(-111.8042718, 41.7449138)",in_transit
1790894519.901197,18512,"(-111.8042771, 41.7454788)",in_transit
1790894530.1588638,18512,"(-111.8042796, 41.7456598)",in_transit
1790894540.420112,18512,"(-111.804302, 41.7458558)",in_transit
1790894550.6807582,18512,"(-111.8043296, 41.7462851)",in_transit
1790894560.9319193,18512,"(-111.8042573, 41.7466976)",in_transit
1790894571.1929083,18512,"(-111.8043218, 41.7479416)",in_transit
1790894581.4557776,18512,"(-111.8043578, 41.7489861)",in_transit
1790894591.7778301,18512,"(-111.8043673, 41.7491228)",in_transit
1790894602.0318956,18512,"(-111.8043431, 41.7492226)",in_transit
1790894612.287784,18512,"(-111.804149, 41.7492988)",in_transit
1790894622.538726,18512,"(-111.8035146, 41.7493041)",in_transit
1790894632.8042526,18512,"(-111.8021416, 41.7493153)",in_transit
1790894643.0665987,18512,"(-111.8018711, 41.7495271)",in_transit
1790894653.4001365,18512,"(-111.8018711, 41.7495271)",in_transit
1790894663.656911,18512,"(-111.8020998, 41.7496123)",Lundstrum
1790894673.9229898,18512,"(-111.802105, 41.749609)",Lundstrum
1790894684.1937892,18512,"(-111.802219, 41.7495875)",Lundstrum
1790894694.469902,18512,"(-111.8024265, 41.7494333)",in_transit
1790894704.7442067,18512,"(-111.8024161, 41.749442)",in_transit
1790894715.0254624,18512,"(-111.8026061, 41.7493616)",in_transit
1790894725.3091874,18512,"(-111.8039601, 41.7493733)",in_transit
1790894735.5765033,18512,"(-111.8041421, 41.7494145)",in_transit
1790894745.8378766,18512,"(-111.8042211, 41.7494525)",in_transit
1790894756.111901,18512,"(-111.8043635, 41.7499053)",in_transit
1790894766.3712165,18512,"(-111.8043683, 41.7507568)",Aggie Village 1
1790894776.638101,18512,"(-111.8043676, 41.7507988)",Aggie Village 1
1790894786.9052064,18512,"(-111.8043705, 41.7508196)",Aggie Village 1
1790894797.1566224,18512,"(-111.8044135, 41.7516398)",in_transit
1790894807.4126494,18512,"(-111.80442, 41.7524286)",in_transit
1790894817.7073903,18512,"(-111.8044251, 41.752955)",in_transit
1790894827.9550614,18512,"(-111.8044271, 41.7529878)",in_transit
1790894838.2242577,18512,"(-111.8049791, 41.7530545)",in_transit
1790894848.4855764,18512,"(-111.8059751, 41.7530595)",Aggie Village 2
1790894858.7427928,18512,"(-111.8060693, 41.7530545)",Aggie Village 2
1790894869.0304656,18512,"(-111.8060725, 41.7530561)",Aggie Village 2
1790894879.2978063,18512,"(-111.8065591, 41.7530463)",in_transit
1790894889.5527081,18512,"(-111.8075011, 41.7528426)",in_transit
1790894899.822485,18512,"(-111.80815, 41.7526595)",in_transit
1790894910.088143,18512,"(-111.8090376, 41.7522138)",in_transit
1790894920.3447514,18512,"(-111.8092681, 41.7516896)",Aggie Village 3
1790894930.6062088,18512,"(-111.8092796, 41.7515688)",Aggie Village 3
1790894940.903964,18512,"(-111.8092868, 41.751561)",Aggie Village 3
1790894951.1633718,18512,"(-111.8092671, 41.7511335)",in_transit
1790894961.4154706,18512,"(-111.8092718, 41.7505718)",in_transit
1790894971.7160845,18512,"(-111.8092761, 41.7501868)",in_transit
1790894981.9822218,18512,"(-111.8095221, 41.7501075)",in_transit
1790894992.2329504,18512,"(-111.8114043, 41.7501548)",in_transit
1790895002.482375,18512,"(-111.8126648, 41.750159)",in_transit
1790895012.7420187,18512,"(-111.8134866, 41.750153)",in_transit
1790895023.0301018,18512,"(-111.8136703, 41.750161)",in_transit
1790895033.2973704,18512,"(-111.8136706, 41.750169)",in_transit
1790895043.5614784,18512,"(-111.8137891, 41.7501706)",in_transit
1790895053.828341,18512,"(-111.813824, 41.7501756)",in_transit
1790895064.0863974,18512,"(-111.8138496, 41.7501746)",in_transit
1790895074.341338,18512,"(-111.8139735, 41.7497105)",in_transit
1790895084.617862,18512,"(-111.81406, 41.748739)",800 E 900 N
1790895094.8993917,18512,"(-111.8140858, 41.7485683)",800 E 900 N
1790895105.165834,18512,"(-111.8140811, 41.7485718)",800 E 900 N
1790895115.4255688,18512,"(-111.8140831, 41.7485628)",800 E 900 N
1790895125.735318,18512,"(-111.8141035, 41.7485548)",800 E 900 N
1790895136.02157,18512,"(-111.8140578, 41.7480915)",in_transit
1790895146.283527,18512,"(-111.814089, 41.7470245)",in_transit
1790895156.5447304,18512,"(-111.8141141, 41.7461716)",in_transit
1790895166.801374,18512,"(-111.814147, 41.7449693)",in_transit
1790895177.0636942,18512,"(-111.814145, 41.7447748)",in_transit
1790895187.3126838,18512,"(-111.8141546, 41.7446525)",in_transit
1790895197.6074347,18512,"(-111.8141545, 41.7446438)",in_transit
1790895207.860199,18512,"(-111.8139011, 41.7444616)",in_transit
1790895218.1182106,18512,"(-111.8134923, 41.7444295)",Field House
1790895228.3971672,18512,"(-111.8134626, 41.7444386)",Field House
1790895238.66039,18512,"(-111.8134631, 41.7444465)",Field House
1790895248.9108374,18512,"(-111.8134553, 41.7444485)",Field House
1790895259.1680498,18512,"(-111.813219, 41.7444808)",in_transit
1790895269.4165328,18512,"(-111.8126745, 41.7444693)",in_transit
1790895279.6717434,18512,"(-111.8121866, 41.7444638)",in_transit
1790895289.9539363,18512,"(-111.8119366, 41.7444645)",in_transit
1790895300.22709,18512,"(-111.8111025, 41.7444561)",Veterinary Science
1790895310.483561,18512,"(-111.8108981, 41.7444575)",Veterinary Science
1790895320.7533941,18512,"(-111.8108893, 41.7444586)",Veterinary Science
1790895331.0172403,18512,"(-111.8103685, 41.7444485)",in_transit
1790895341.2701104,18512,"(-111.8091628, 41.7444213)",in_transit
1790895351.5308678,18512,"(-111.8083473, 41.7444043)",Industrial Science
1790895361.791635,18512,"(-111.8081043, 41.7444006)",Industrial Science
1790895372.0547025,18512,"(-111.8080408, 41.7443916)",in_transit
1790895382.320612,18512,"(-111.8080053, 41.7443885)",in_transit
1790895392.6165478,18512,"(-111.8074223, 41.7443773)",in_transit
1790895402.8761687,18512,"(-111.806645, 41.7443506)",in_transit
1790895413.151604,18512,"(-111.8053161, 41.7443296)",in_transit
1790895423.4177985,18512,"(-111.804622, 41.744347)",in_transit
1790895433.6875956,18512,"(-111.8042651, 41.7445548)",in_transit
1790895443.9423172,18512,"(-111.8042753, 41.7453351)",in_transit
1790895454.195021,18512,"(-111.8042788, 41.7456986)",in_transit
1790895464.4740162,18512,"(-111.8042878, 41.7458348)",in_transit
1790895474.7568443,18512,"(-111.8043215, 41.7463106)",in_transit
1790895485.0453334,18512,"(-111.8042556, 41.7466796)",in_transit
1790895495.3148127,18512,"(-111.804324, 41.7480108)",in_transit
1790895505.6343803,18512,"(-111.8043448, 41.7488221)",in_transit
1790895515.8962848,18512,"(-111.8043628, 41.7490773)",in_transit
1790895526.1774237,18512,"(-111.8040925, 41.7492945)",in_transit
1790895536.438238,18512,"(-111.8030798, 41.7493115)",in_transit
1790895546.7050307,18512,"(-111.8018616, 41.749357)",in_transit
1790895556.9745145,18512,"(-111.8018671, 41.7495418)",in_transit
1790895567.2330093,18512,"(-111.8019618, 41.7495995)",Lundstrum
1790895577.5066733,18512,"(-111.8019611, 41.749593)",Lundstrum
1790895587.7735057,18512,"(-111.8019656, 41.7495831)",Lundstrum
1790895598.053867,18512,"(-111.8019731, 41.7495773)",Lundstrum
1790895608.3191302,18512,"(-111.801965, 41.749577)",Lundstrum
1790895618.571859,18512,"(-111.801961, 41.749569)",Lundstrum
1790895628.8795674,18512,"(-111.8022035, 41.7495813)",Lundstrum
1790895639.1408057,18512,"(-111.8029438, 41.7493426)",in_transit
1790895649.3907423,18512,"(-111.8037795, 41.7493581)",in_transit
1790895659.6693394,18512,"(-111.8042765, 41.749502)",in_transit
1790895669.926545,18512,"(-111.8043643, 41.7503043)",in_transit
1790895680.2097392,18512,"(-111.8043671, 41.7507796)",Aggie Village 1
1790895690.521198,18512,"(-111.8043621, 41.7507948)",Aggie Village 1
1790895700.7847874,18512,"(-111.8043573, 41.7507938)",Aggie Village 1
1790895711.0521593,18512,"(-111.8043881, 41.7511505)",in_transit
1790895721.303311,18512,"(-111.8044015, 41.7518025)",in_transit
1790895731.5560853,18512,"(-111.804416, 41.7528651)",in_transit
1790895741.825558,18512,"(-111.8044155, 41.7529858)",in_transit
1790895752.089851,18512,"(-111.8044106, 41.752987)",in_transit
1790895762.3450284,18512,"(-111.8046306, 41.7530656)",in_transit
1790895772.6203117,18512,"(-111.8055331, 41.7530585)",in_transit
1790895782.8808463,18512,"(-111.8060695, 41.7530585)",Aggie Village 2
1790895793.145501,18512,"(-111.8060955, 41.7530623)",Aggie Village 2
1790895803.408229,18512,"(-111.8060928, 41.7530595)",Aggie Village 2
1790895813.6704102,18512,"(-111.806583, 41.7530481)",in_transit
1790895823.9280071,18512,"(-111.8071916, 41.7529268)",in_transit
1790895834.185712,18512,"(-111.8081821, 41.7526516)",in_transit
1790895844.45321,18512,"(-111.8090873, 41.7521358)",in_transit
1790895854.7544558,18512,"(-111.8092735, 41.7516311)",Aggie Village 3
1790895864.9891477,18512,"(-111.8092788, 41.751582)",Aggie Village 3
1790895875.238902,18512,"(-111.8092626, 41.7511618)",in_transit
1790895885.5013945,18512,"(-111.8092625, 41.7506171)",in_transit
1790895895.7720523,18512,"(-111.8092608, 41.7502481)",in_transit
1790895906.0478163,18512,"(-111.8092611, 41.7501783)",in_transit
1790895916.3502877,18512,"(-111.8092636, 41.7501763)",in_transit
1790895926.62213,18512,"(-111.8094961, 41.7501108)",in_transit
1790895936.8796463,18512,"(-111.8111138, 41.7501411)",in_transit
1790895947.1407723,18512,"(-111.8123366, 41.7501518)",in_transit
1790895957.4050605,18512,"(-111.813589, 41.750148)",in_transit
1790895967.665856,18512,"(-111.813672, 41.7501465)",in_transit
1790895977.9340076,18512,"(-111.8136718, 41.750142)",in_transit
1790895988.203704,18512,"(-111.813812, 41.7501395)",in_transit
1790895998.459734,18512,"(-111.8139833, 41.7497303)",in_transit
1790896008.7445285,18512,"(-111.8140563, 41.7487516)",in_transit
1790896019.050615,18512,"(-111.8140906, 41.7485706)",800 E 900 N
1790896029.3480158,18512,"(-111.814104, 41.7485463)",800 E 900 N
1790896039.619809,18512,"(-111.8141028, 41.7485433)",800 E 900 N
1790896049.8814387,18512,"(-111.8140895, 41.7485345)",800 E 900 N
1790896060.1361353,18512,"(-111.8140898, 41.7485321)",800 E 900 N
1790896070.4071577,18512,"(-111.8140903, 41.7485353)",800 E 900 N
1790896080.7081513,18512,"(-111.8140963, 41.748541)",800 E 900 N
1790896090.96196,18512,"(-111.8141056, 41.7485425)",800 E 900 N
1790896101.2339215,18512,"(-111.8141105, 41.7485328)",800 E 900 N
1790896111.5053332,18512,"(-111.8140548, 41.74796)",in_transit
1790896121.7774365,18512,"(-111.8140713, 41.747285)",in_transit
1790896132.0640724,18512,"(-111.8141118, 41.74614)",in_transit
1790896142.3421187,18512,"(-111.8141268, 41.7456776)",in_transit
1790896152.6067383,18512,"(-111.8141413, 41.7450181)",in_transit
1790896162.8716424,18512,"(-111.8141365, 41.7448365)",in_transit
1790896173.1413617,18512,"(-111.8141393, 41.74479)",in_transit
1790896183.4542613,18512,"(-111.8141515, 41.7447813)",in_transit
1790896193.7101972,18512,"(-111.814153, 41.7447823)",in_transit
1790896204.0019078,18512,"(-111.8141558, 41.744786)",in_transit
1790896214.2624185,18512,"(-111.8141225, 41.7445276)",in_transit
1790896224.5350218,18512,"(-111.813487, 41.7444328)",Field House
1790896234.800799,18512,"(-111.813488, 41.7444463)",Field House
1790896245.061208,18512,"(-111.8134953, 41.7444548)",Field House
1790896255.3207443,18512,"(-111.8135038, 41.7444633)",Field House
1790896265.577948,18512,"(-111.8135118, 41.7444661)",Field House
1790896275.8400795,18512,"(-111.8135125, 41.7444691)",Field House
1790896286.098156,18512,"(-111.813513, 41.7444751)",Field House
1790896296.3731718,18512,"(-111.8135118, 41.7444785)",Field House
1790896306.6525283,18512,"(-111.813512, 41.7444823)",Field House
1790896316.89358,18512,"(-111.81351, 41.7444871)",Field House
1790896327.1612961,18512,"(-111.8134398, 41.7444743)",Field House
1790896337.4193773,18512,"(-111.8128601, 41.744482)",in_transit
1790896347.711005,18512,"(-111.8121995, 41.744465)",in_transit
1790896357.9655886,18512,"(-111.8119428, 41.7444616)",in_transit
1790896368.2348511,18512,"(-111.8117178, 41.7444708)",in_transit
1790896378.4966276,18512,"(-111.8111668, 41.7444565)",Veterinary Science
1790896388.7692153,18512,"(-111.8109243, 41.7444516)",Veterinary Science
1790896399.036486,18512,"(-111.8108746, 41.7444475)",Veterinary Science
1790896409.289302,18512,"(-111.8108778, 41.7444486)",Veterinary Science
1790896419.55625,18512,"(-111.8108751, 41.7444515)",Veterinary Science
1790896429.8289325,18512,"(-111.8099015, 41.7444361)",in_transit
1790896440.111898,18512,"(-111.8090015, 41.7444153)",in_transit
1790896450.369836,18512,"(-111.8082111, 41.7443968)",Industrial Science
1790896460.6254945,18512,"(-111.808051, 41.7443936)",in_transit
1790896470.896095,18512,"(-111.8080478, 41.7443938)",in_transit
1790896481.154117,18512,"(-111.8080486, 41.744394)",in_transit
1790896491.4414134,18512,"(-111.8080526, 41.744396)",in_transit
1790896501.6920404,18512,"(-111.8080583, 41.7443993)",in_transit
1790896511.9400108,18512,"(-111.8080601, 41.7444018)",in_transit
1790896522.2464101,18512,"(-111.8080598, 41.7443995)",in_transit
1790896532.5220995,18512,"(-111.808036, 41.7443788)",in_transit
1790896542.787464,18512,"(-111.807776, 41.7443703)",in_transit
1790896553.036635,18512,"(-111.8068046, 41.7443423)",in_transit
1790896563.3312893,18512,"(-111.8066823, 41.7443415)",in_transit
1790896573.5865119,18512,"(-111.8059938, 41.7443281)",in_transit
1790896583.848696,18512,"(-111.8048341, 41.7443383)",in_transit
1790896594.1216013,18512,"(-111.8045898, 41.7443323)",in_transit
1790896604.3781095,18512,"(-111.8045635, 41.744327)",in_transit
1790896614.6423924,18512,"(-111.8045623, 41.7443298)",in_transit
1790896624.9211874,18512,"(-111.804555, 41.7443366)",in_transit
1790896635.1782556,18512,"(-111.804286, 41.7443785)",in_transit
1790896645.446986,18512,"(-111.804257, 41.7449866)",in_transit
1790896655.7392037,18512,"(-111.804267, 41.7455325)",in_transit
1790896665.9964237,18512,"(-111.8042765, 41.7456665)",in_transit
1790896676.2847896,18512,"(-111.8042938, 41.7460563)",in_transit
1790896686.536518,18512,"(-111.8042391, 41.746485)",in_transit
1790896696.8022048,18512,"(-111.8042986, 41.7468411)",in_transit
1790896707.076681,18512,"(-111.8043255, 41.748325)",in_transit
1790896717.3404362,18512,"(-111.8043541, 41.7490326)",in_transit
1790896727.6233962,18512,"(-111.8043541, 41.7490326)",in_transit
1790896737.8907497,18512,"(-111.8040991, 41.7492991)",in_transit
1790896748.1924126,18512,"(-111.8031276, 41.7493053)",in_transit
1790896758.4573085,18512,"(-111.80192, 41.7493271)",in_transit
1790896768.9587314,18512,"(-111.8018468, 41.7495093)",in_transit
1790896779.2163823,18512,"(-111.8021046, 41.7496186)",Lundstrum
1790896789.4792387,18512,"(-111.8021016, 41.7496158)",Lundstrum
1790896799.7415354,18512,"(-111.8020958, 41.7496165)",Lundstrum
1790896809.9990845,18512,"(-111.8020943, 41.749617)",Lundstrum
1790896820.2575774,18512,"(-111.802101, 41.7496205)",Lundstrum
1790881786.5141065,18512,"(-111.8141268, 41.7446723)",in_transit
1790881796.7763984,18512,"(-111.8141326, 41.7446655)",in_transit
1790881807.045426,18512,"(-111.8141468, 41.7446571)",in_transit
1790881817.2968783,18512,"(-111.8141378, 41.744631)",in_transit
1790881827.5601032,18512,"(-111.8136213, 41.744433)",Field House
1790881837.8126209,18512,"(-111.8134263, 41.7444158)",Field House
1790881848.0770805,18512,"(-111.8134008, 41.7444031)",Field House
1790881858.3474665,18512,"(-111.8134025, 41.7444001)",Field House
1790881868.599385,18512,"(-111.8134071, 41.7443966)",Field House
1790881878.8581665,18512,"(-111.813407, 41.7443953)",Field House
1790881889.1294382,18512,"(-111.8132578, 41.7444058)",in_transit
1790881899.3937201,18512,"(-111.8122398, 41.744446)",in_transit
1790881909.6622498,18512,"(-111.8116338, 41.7444538)",in_transit
1790881919.9273117,18512,"(-111.811593, 41.7444573)",in_transit
1790881930.2095118,18512,"(-111.8115825, 41.7444615)",in_transit
1790881940.4751263,18512,"(-111.8110855, 41.7444426)",Veterinary Science
1790881950.7288435,18512,"(-111.8108458, 41.7444355)",Veterinary Science
1790881961.0029702,18512,"(-111.810844, 41.7444321)",Veterinary Science
1790881971.2808642,18512,"(-111.810843, 41.7444325)",Veterinary Science
1790881981.5426733,18512,"(-111.8099411, 41.7444205)",in_transit
1790881991.831003,18512,"(-111.8091015, 41.744399)",in_transit
1790882002.0817506,18512,"(-111.8080595, 41.7443756)",in_transit
1790882012.3871121,18512,"(-111.8079851, 41.7443705)",in_transit
1790882022.648445,18512,"(-111.8079808, 41.7443718)",in_transit
1790882032.940235,18512,"(-111.8079823, 41.7443721)",in_transit
1790882043.2002647,18512,"(-111.8078123, 41.7443686)",in_transit
1790882053.4689436,18512,"(-111.8068441, 41.744329)",in_transit
1790882063.7255647,18512,"(-111.8061713, 41.7443185)",in_transit
1790882073.9786909,18512,"(-111.8048778, 41.7443148)",in_transit
1790882084.2375755,18512,"(-111.804596, 41.7443208)",in_transit
1790882094.5083818,18512,"(-111.8045465, 41.7443168)",in_transit
1790882104.7629054,18512,"(-111.8045511, 41.7443163)",in_transit
1790882115.0141478,18512,"(-111.804547, 41.7443188)",in_transit
1790882125.2715113,18512,"(-111.8045448, 41.7443175)",in_transit
1790882135.5436065,18512,"(-111.8045355, 41.7443146)",in_transit
1790882145.80138,18512,"(-111.8042568, 41.7445)",in_transit
1790882156.0613842,18512,"(-111.8042735, 41.7452841)",Aggie Ice Cream
1790882166.3173647,18512,"(-111.8042786, 41.7455488)",in_transit
1790882176.5753446,18512,"(-111.8042796, 41.7456843)",in_transit
1790882186.8533902,18512,"(-111.804294, 41.7460761)",in_transit
1790882197.1210845,18512,"(-111.8043106, 41.7462598)",in_transit
1790882207.3891454,18512,"(-111.8043025, 41.7463763)",in_transit
1790882217.6813772,18512,"(-111.8042623, 41.7467478)",in_transit
1790882227.9420304,18512,"(-111.8043065, 41.7473533)",in_transit
1790882238.2026312,18512,"(-111.804334, 41.7485238)",in_transit
1790882248.464329,18512,"(-111.8043541, 41.7490035)",in_transit
1790882258.7304037,18512,"(-111.8043541, 41.7491615)",in_transit
1790882268.9790382,18512,"(-111.8038605, 41.7492961)",in_transit
1790882279.2283714,18512,"(-111.8025886, 41.749308)",in_transit
1790882289.5262773,18512,"(-111.8019156, 41.7493573)",in_transit
1790882299.7915626,18512,"(-111.8019156, 41.7493573)",in_transit
1790882310.042129,18512,"(-111.8020998, 41.7496195)",Lundstrum
1790882320.2989886,18512,"(-111.8020798, 41.7496285)",Lundstrum
1790882330.558125,18512,"(-111.8020753, 41.7496323)",Lundstrum
1790882340.8526192,18512,"(-111.8023151, 41.7495485)",in_transit
1790882351.139235,18512,"(-111.802566, 41.7493768)",in_transit
1790882361.4212255,18512,"(-111.8035648, 41.7493498)",in_transit
1790882371.667542,18512,"(-111.8043541, 41.7496281)",in_transit
1790882381.9297795,18512,"(-111.8043548, 41.7503478)",in_transit
1790882392.2025573,18512,"(-111.8043626, 41.7506465)",in_transit
1790882402.4657445,18512,"(-111.8043691, 41.7508021)",Aggie Village 1
1790882412.724905,18512,"(-111.8043981, 41.7513035)",in_transit
1790882423.0365844,18512,"(-111.8043946, 41.7520326)",in_transit
1790882433.3112154,18512,"(-111.8044143, 41.7529431)",in_transit
1790882443.5640616,18512,"(-111.804666, 41.7530623)",in_transit
1790882453.8233933,18512,"(-111.8053155, 41.7530536)",in_transit
1790882464.079956,18512,"(-111.8059308, 41.753062)",Aggie Village 2
1790882474.3395152,18512,"(-111.8060465, 41.7530615)",Aggie Village 2
1790882484.6111872,18512,"(-111.8060476, 41.7530573)",Aggie Village 2
1790882494.8653011,18512,"(-111.8060443, 41.753062)",Aggie Village 2
1790882505.1685028,18512,"(-111.8063823, 41.7530423)",in_transit
1790882515.4238815,18512,"(-111.8074871, 41.7528416)",in_transit
1790882525.7197597,18512,"(-111.8083448, 41.7525963)",in_transit
1790882536.0037036,18512,"(-111.809019, 41.752219)",in_transit
1790882546.3004007,18512,"(-111.8092583, 41.751746)",Aggie Village 3
1790882556.5658717,18512,"(-111.8092801, 41.751583)",Aggie Village 3
1790882566.8451436,18512,"(-111.8092848, 41.7515816)",Aggie Village 3
1790882577.1259215,18512,"(-111.809266, 41.7513993)",in_transit
1790882587.3945236,18512,"(-111.8092698, 41.7506988)",in_transit
1790882597.660034,18512,"(-111.8092695, 41.7502345)",in_transit
1790882607.9386384,18512,"(-111.8092816, 41.7501888)",in_transit
1790882618.2081568,18512,"(-111.8093018, 41.750141)",in_transit
1790882628.4614196,18512,"(-111.810543, 41.750129)",in_transit
1790882638.7833269,18512,"(-111.8117955, 41.750149)",in_transit
1790882649.0443528,18512,"(-111.8134566, 41.7501518)",in_transit
1790882659.3154147,18512,"(-111.8137001, 41.7501506)",in_transit
1790882669.583949,18512,"(-111.8140125, 41.74997)",in_transit
1790882679.8693051,18512,"(-111.8140023, 41.7494506)",in_transit
1790882690.1573594,18512,"(-111.8140913, 41.7486493)",800 E 900 N
1790882700.4224203,18512,"(-111.8140988, 41.7485491)",800 E 900 N
1790882710.671717,18512,"(-111.8141008, 41.7485503)",800 E 900 N
1790882720.933746,18512,"(-111.8141108, 41.748556)",800 E 900 N
1790882731.188197,18512,"(-111.8141135, 41.7485358)",800 E 900 N
1790882741.4714208,18512,"(-111.8140681, 41.7478901)",in_transit
1790882751.7175107,18512,"(-111.81408, 41.747264)",in_transit
1790882761.9806247,18512,"(-111.8141253, 41.7461145)",in_transit
1790882772.229405,18512,"(-111.8141253, 41.7461145)",in_transit
1790882782.4927466,18512,"(-111.8141378, 41.7449546)",in_transit
1790882792.749267,18512,"(-111.8141176, 41.7449545)",in_transit
1790882803.0156665,18512,"(-111.8141178, 41.744953)",in_transit
1790882813.2723837,18512,"(-111.8141301, 41.7448755)",in_transit
1790882823.5326219,18512,"(-111.8141241, 41.7448606)",in_transit
1790882833.8013391,18512,"(-111.8141351, 41.74468)",in_transit
1790882844.0508924,18512,"(-111.8141305, 41.7446758)",in_transit
1790882854.3545697,18512,"(-111.8141331, 41.7446828)",in_transit
1790882864.6177278,18512,"(-111.8141215, 41.744682)",in_transit
1790882874.882123,18512,"(-111.8141125, 41.7446541)",in_transit
1790882885.1420157,18512,"(-111.8137633, 41.7444513)",in_transit
1790882895.410858,18512,"(-111.8135226, 41.7444361)",Field House
1790882905.6752212,18512,"(-111.813467, 41.7444391)",Field House
1790882915.939112,18512,"(-111.8134733, 41.7444525)",Field House
1790882926.2037683,18512,"(-111.8134766, 41.7444653)",Field House
1790882936.4493592,18512,"(-111.8134776, 41.744479)",Field House
1790882946.7154124,18512,"(-111.8132416, 41.744481)",in_transit
1790882956.965898,18512,"(-111.812528, 41.744468)",in_transit
1790882967.2226496,18512,"(-111.8119135, 41.7444723)",in_transit
1790882977.4967406,18512,"(-111.811718, 41.744477)",in_transit
1790882987.7669492,18512,"(-111.8109596, 41.7444558)",Veterinary Science
1790882998.036569,18512,"(-111.8108975, 41.7444566)",Veterinary Science
1790883008.2991352,18512,"(-111.8108913, 41.7444623)",Veterinary Science
1790883018.5488842,18512,"(-111.810884, 41.744456)",Veterinary Science
1790883028.8067675,18512,"(-111.8108755, 41.7444436)",Veterinary Science
1790883039.1112404,18512,"(-111.8103371, 41.744437)",in_transit
1790883049.408015,18512,"(-111.8091185, 41.7444145)",in_transit
1790883059.6806502,18512,"(-111.808309, 41.7443935)",Industrial Science
1790883069.943626,18512,"(-111.8080635, 41.7443891)",in_transit
1790883080.2015488,18512,"(-111.8080151, 41.744387)",in_transit
1790883090.483974,18512,"(-111.80803, 41.7443903)",in_transit
1790883100.7546635,18512,"(-111.8080191, 41.7443956)",in_transit
1790883111.0221627,18512,"(-111.8077743, 41.7443916)",in_transit
1790883121.2835207,18512,"(-111.8067355, 41.7443426)",in_transit
1790883131.5451927,18512,"(-111.8053805, 41.7443168)",in_transit
1790883141.8126686,18512,"(-111.8047301, 41.7443386)",in_transit
1790883152.064894,18512,"(-111.8045873, 41.7443336)",in_transit
1790883162.3187053,18512,"(-111.8045756, 41.7443301)",in_transit
1790883172.5795367,18512,"(-111.8044568, 41.744332)",in_transit
1790883182.8298056,18512,"(-111.8042615, 41.744908)",in_transit
1790883193.0966027,18512,"(-111.804268, 41.7454863)",in_transit
1790883203.361576,18512,"(-111.8042733, 41.7456668)",in_transit
1790883213.642692,18512,"(-111.8042723, 41.745686)",in_transit
1790883223.8960965,18512,"(-111.8042926, 41.7461873)",in_transit
1790883234.147081,18512,"(-111.8042121, 41.7465691)",in_transit
1790883244.3994281,18512,"(-111.8043056, 41.747638)",in_transit
1790883254.6593704,18512,"(-111.80432, 41.7484373)",in_transit
1790883264.925825,18512,"(-111.8043463, 41.7491248)",in_transit
1790883275.1830337,18512,"(-111.80397, 41.7492913)",in_transit
1790883285.4744575,18512,"(-111.8031836, 41.7493046)",in_transit
1790883295.7410145,18512,"(-111.802055, 41.7493253)",in_transit
1790883306.0043032,18512,"(-111.8019475, 41.7493281)",in_transit
1790883316.2604132,18512,"(-111.8019475, 41.7493281)",in_transit
1790883326.528883,18512,"(-111.8019475, 41.7493281)",in_transit
1790883336.7959206,18512,"(-111.8021256, 41.749623)",Lundstrum
1790883347.1064875,18512,"(-111.8021331, 41.7496293)",Lundstrum
1790883357.3689232,18512,"(-111.8021428, 41.7496356)",Lundstrum
1790883367.6254518,18512,"(-111.8021386, 41.7496328)",Lundstrum
1790883377.8972983,18512,"(-111.8021398, 41.7496241)",Lundstrum
1790883388.1461802,18512,"(-111.802628, 41.7493616)",in_transit
1790883398.4169862,18512,"(-111.8036303, 41.7493543)",in_transit
1790883408.6755867,18512,"(-111.803898, 41.7493693)",in_transit
1790883418.936171,18512,"(-111.8041365, 41.7494043)",in_transit
1790883429.1915865,18512,"(-111.8041426, 41.7493961)",in_transit
1790883439.435222,18512,"(-111.804143, 41.7493898)",in_transit
1790883449.6880019,18512,"(-111.804147, 41.7493915)",in_transit
1790883459.9639535,18512,"(-111.8043466, 41.7495921)",in_transit
1790883470.2412374,18512,"(-111.8043658, 41.7505773)",in_transit
1790883480.4998052,18512,"(-111.8043703, 41.7507605)",Aggie Village 1
1790883490.7492325,18512,"(-111.8043695, 41.7508026)",Aggie Village 1
1790883501.0268288,18512,"(-111.804384, 41.7510301)",in_transit
1790883511.2887256,18512,"(-111.804396, 41.752034)",in_transit
1790883521.5564117,18512,"(-111.8043998, 41.752754)",in_transit
1790883531.8327444,18512,"(-111.8046786, 41.7530486)",in_transit
1790883542.10157,18512,"(-111.8057721, 41.75307)",in_transit
1790883552.405644,18512,"(-111.806017, 41.753078)",Aggie Village 2
1790883562.684123,18512,"(-111.8060735, 41.7530828)",Aggie Village 2
1790883572.9542384,18512,"(-111.8060651, 41.7530926)",Aggie Village 2
1790883583.2147741,18512,"(-111.8060686, 41.7530971)",Aggie Village 2
1790883593.4935145,18512,"(-111.80631, 41.7530666)",in_transit
1790883603.7790828,18512,"(-111.8069328, 41.7530051)",in_transit
1790883614.0663466,18512,"(-111.8081923, 41.7526468)",in_transit
1790883624.3271165,18512,"(-111.809135, 41.752011)",in_transit
1790883634.581963,18512,"(-111.8092488, 41.7516905)",Aggie Village 3
1790883644.8762705,18512,"(-111.809267, 41.7515706)",Aggie Village 3
1790883655.1563652,18512,"(-111.809275, 41.7515658)",Aggie Village 3
1790883665.4636931,18512,"(-111.809261, 41.7513443)",in_transit
1790883675.746443,18512,"(-111.8092555, 41.75048)",in_transit
1790883686.0027668,18512,"(-111.8092641, 41.7502348)",in_transit
1790883696.2558262,18512,"(-111.8092668, 41.7501466)",in_transit
1790883706.534932,18512,"(-111.8095835, 41.7500908)",in_transit
1790883716.8124876,18512,"(-111.8114711, 41.75014)",in_transit
1790883727.065285,18512,"(-111.8128376, 41.7501508)",in_transit
1790883737.3217933,18512,"(-111.8135355, 41.7501485)",in_transit
1790883747.5846617,18512,"(-111.813672, 41.7501531)",in_transit
1790883757.8576157,18512,"(-111.8136876, 41.75016)",in_transit
1790883768.166779,18512,"(-111.8139848, 41.7499455)",in_transit
1790883778.4173696,18512,"(-111.814006, 41.7490421)",in_transit
1790883788.6689138,18512,"(-111.8140953, 41.7485835)",800 E 900 N
1790883798.9465444,18512,"(-111.8141015, 41.7485548)",800 E 900 N
1790883809.218403,18512,"(-111.8140961, 41.748571)",800 E 900 N
1790883819.490209,18512,"(-111.8140756, 41.7485726)",800 E 900 N
1790883829.7888463,18512,"(-111.8140748, 41.7485373)",800 E 900 N
1790883840.0762289,18512,"(-111.814091, 41.7484891)",800 E 900 N
1790883850.3401327,18512,"(-111.8140596, 41.7478008)",in_transit
1790883860.6077285,18512,"(-111.8140851, 41.7470973)",in_transit
1790883870.90318,18512,"(-111.8141318, 41.7458811)",in_transit
1790883881.1558642,18512,"(-111.8141505, 41.7452076)",in_transit
1790883891.414258,18512,"(-111.8141445, 41.7450343)",in_transit
1790883901.6802843,18512,"(-111.8141298, 41.744947)",in_transit
1790883911.9456327,18512,"(-111.8141355, 41.7448093)",in_transit
1790883922.2253208,18512,"(-111.8141143, 41.7447918)",in_transit
1790883932.4814656,18512,"(-111.8141163, 41.7447968)",in_transit
1790883942.7340007,18512,"(-111.8141203, 41.7448066)",in_transit
1790883953.0370686,18512,"(-111.814114, 41.7448098)",in_transit
1790883963.2969584,18512,"(-111.8141085, 41.7447621)",in_transit
1790883973.5755446,18512,"(-111.8136153, 41.7444363)",Field House
1790883983.8564928,18512,"(-111.8134608, 41.7444365)",Field House
1790883994.1197326,18512,"(-111.8134711, 41.7444456)",Field House
1790884004.4261026,18512,"(-111.8134718, 41.7444538)",Field House
1790884014.6876042,18512,"(-111.813469, 41.7444568)",Field House
1790884025.004136,18512,"(-111.813396, 41.744453)",Field House
1790884035.2612865,18512,"(-111.8123718, 41.7444583)",in_transit
1790884045.5280082,18512,"(-111.8117256, 41.744465)",in_transit
1790884055.7978077,18512,"(-111.8116055, 41.7444636)",in_transit
1790884066.0456135,18512,"(-111.8111111, 41.7444571)",Veterinary Science
1790884076.316843,18512,"(-111.8108768, 41.7444481)",Veterinary Science
1790884086.5845757,18512,"(-111.8108623, 41.7444476)",Veterinary Science
1790884096.8395107,18512,"(-111.8107893, 41.7444528)",in_transit
1790884107.0955627,18512,"(-111.8102155, 41.7444408)",in_transit
1790884117.3660927,18512,"(-111.8089288, 41.7444098)",in_transit
1790884127.6426916,18512,"(-111.8081773, 41.7443935)",Industrial Science
1790884137.9085407,18512,"(-111.80798, 41.7443883)",in_transit
1790884148.179085,18512,"(-111.807981, 41.7443883)",in_transit
1790884158.433242,18512,"(-111.8079923, 41.7443945)",in_transit
1790884168.7199266,18512,"(-111.8079886, 41.7443913)",in_transit
1790884178.9772227,18512,"(-111.8071265, 41.744357)",in_transit
1790884189.234378,18512,"(-111.8062681, 41.7443433)",in_transit
1790884199.497448,18512,"(-111.8049436, 41.7443291)",in_transit
1790884209.7638884,18512,"(-111.804349, 41.7443696)",in_transit
1790884220.0219283,18512,"(-111.8042621, 41.7449696)",in_transit
1790884230.2695212,18512,"(-111.8042736, 41.745528)",in_transit
1790884240.5214906,18512,"(-111.8042818, 41.7456568)",in_transit
1790884250.7803614,18512,"(-111.8042786, 41.7458466)",in_transit
1790884261.0268915,18512,"(-111.8043131, 41.7463305)",in_transit
1790884271.2888236,18512,"(-111.8043063, 41.7472066)",in_transit
1790884281.5547261,18512,"(-111.8043186, 41.7480236)",in_transit
1790884291.8060284,18512,"(-111.8043558, 41.749109)",in_transit
1790884302.087186,18512,"(-111.804333, 41.7492106)",in_transit
1790884312.3525524,18512,"(-111.8043365, 41.7492241)",in_transit
1790884322.6327665,18512,"(-111.8040926, 41.749302)",in_transit
1790884332.8893187,18512,"(-111.8025255, 41.7493153)",in_transit
1790884343.148514,18512,"(-111.8018551, 41.7494436)",in_transit
1790884353.3926942,18512,"(-111.8018551, 41.7494436)",in_transit
1790884363.6948457,18512,"(-111.8020898, 41.749628)",Lundstrum
1790884373.9539945,18512,"(-111.802094, 41.7496371)",Lundstrum
1790884384.2185686,18512,"(-111.8020923, 41.7496416)",Lundstrum
1790884394.4892237,18512,"(-111.802089, 41.7496456)",Lundstrum
1790884404.7664638,18512,"(-111.8023576, 41.7495161)",in_transit
1790884415.0284789,18512,"(-111.8028513, 41.7493495)",in_transit
1790884425.2967365,18512,"(-111.8038311, 41.7493578)",in_transit
1790884435.5626328,18512,"(-111.8040726, 41.749386)",in_transit
1790884445.8140128,18512,"(-111.8043751, 41.749771)",in_transit
1790884456.1096547,18512,"(-111.8043688, 41.7507361)",Aggie Village 1
1790884466.3718162,18512,"(-111.804376, 41.750807)",Aggie Village 1
1790884476.6703315,18512,"(-111.804383, 41.7508833)",Aggie Village 1
1790884486.9382553,18512,"(-111.8044075, 41.7517706)",in_transit
1790884497.2064986,18512,"(-111.804411, 41.752529)",in_transit
1790884507.5183225,18512,"(-111.8044118, 41.7528115)",in_transit
1790884517.800005,18512,"(-111.8046656, 41.7530496)",in_transit
1790884528.0537586,18512,"(-111.8055208, 41.7530466)",in_transit
1790884538.306039,18512,"(-111.806019, 41.7530661)",Aggie Village 2
1790884548.6055708,18512,"(-111.8060533, 41.7530635)",Aggie Village 2
1790884558.858921,18512,"(-111.8060531, 41.7530628)",Aggie Village 2
1790884569.1188643,18512,"(-111.8061265, 41.7530648)",Aggie Village 2
1790884579.3808165,18512,"(-111.8070036, 41.7529626)",in_transit
1790884589.6477714,18512,"(-111.8077343, 41.7527713)",in_transit
1790884599.9133508,18512,"(-111.8088303, 41.7523835)",in_transit
1790884610.1640737,18512,"(-111.8092393, 41.7517343)",Aggie Village 3
1790884620.4259868,18512,"(-111.8092686, 41.7515555)",Aggie Village 3
1790884630.709432,18512,"(-111.80926, 41.7515521)",Aggie Village 3
1790884640.9739597,18512,"(-111.8092403, 41.751409)",in_transit
1790884651.2257767,18512,"(-111.8092471, 41.750542)",in_transit
1790884661.4840615,18512,"(-111.8092488, 41.7503375)",in_transit
1790884671.732207,18512,"(-111.8095291, 41.7501101)",in_transit
1790884681.993147,18512,"(-111.8109365, 41.7501428)",in_transit
1790884692.253583,18512,"(-111.8127995, 41.750154)",in_transit
1790884702.5740962,18512,"(-111.8135208, 41.7501521)",in_transit
1790884712.834803,18512,"(-111.813664, 41.750149)",in_transit
1790884723.1386135,18512,"(-111.8136623, 41.7501408)",in_transit
1790884733.4073477,18512,"(-111.8139898, 41.749392)",in_transit
1790884743.668342,18512,"(-111.8140241, 41.7488376)",in_transit
1790884753.9203734,18512,"(-111.814076, 41.7486503)",800 E 900 N
1790884764.1816106,18512,"(-111.8140853, 41.748562)",800 E 900 N
1790884774.4223266,18512,"(-111.8140785, 41.7485736)",800 E 900 N
1790884784.6851478,18512,"(-111.8140443, 41.7479381)",in_transit
1790884794.9482365,18512,"(-111.8140651, 41.7472326)",in_transit
1790884805.2092352,18512,"(-111.8141131, 41.7459821)",in_transit
1790884815.4990432,18512,"(-111.8141368, 41.7448398)",in_transit
1790884825.7450428,18512,"(-111.8138733, 41.744469)",in_transit
1790884836.0021567,18512,"(-111.8138733, 41.744469)",in_transit
1790884846.2790112,18512,"(-111.813419, 41.7444341)",Field House
1790884856.5355084,18512,"(-111.8134128, 41.7444368)",Field House
1790884866.794851,18512,"(-111.8133093, 41.7444423)",Field House
1790884877.053646,18512,"(-111.812783, 41.7444673)",in_transit
1790884887.3411674,18512,"(-111.8120605, 41.7444643)",in_transit
1790884897.5959773,18512,"(-111.8116001, 41.7444626)",in_transit
1790884907.9092047,18512,"(-111.8110708, 41.7444495)",Veterinary Science
1790884918.162094,18512,"(-111.81087, 41.744446)",Veterinary Science
1790884928.445717,18512,"(-111.810867, 41.744444)",Veterinary Science
1790884938.7013683,18512,"(-111.8108231, 41.7444315)",in_transit
1790884948.9670796,18512,"(-111.8098895, 41.744417)",in_transit
1790884959.2854335,18512,"(-111.8087326, 41.7443935)",in_transit
1790884969.5908918,18512,"(-111.8081296, 41.7443803)",Industrial Science
1790884979.866815,18512,"(-111.8080443, 41.744383)",in_transit
1790884990.1293983,18512,"(-111.8080401, 41.7443715)",in_transit
1790885000.3902788,18512,"(-111.8080366, 41.7443583)",in_transit
1790885010.6452553,18512,"(-111.808034, 41.744358)",in_transit
1790885020.9370434,18512,"(-111.8080401, 41.7443678)",in_transit
1790885031.2040567,18512,"(-111.8080381, 41.7443696)",in_transit
1790885041.507842,18512,"(-111.8077923, 41.7443715)",in_transit
1790885051.7538607,18512,"(-111.8069008, 41.7443358)",in_transit
1790885062.0015938,18512,"(-111.8060841, 41.7443241)",in_transit
1790885072.2447548,18512,"(-111.8048106, 41.7443211)",in_transit
1790885082.5007188,18512,"(-111.8042553, 41.7444716)",in_transit
1790885092.8137903,18512,"(-111.8042688, 41.745078)",Aggie Ice Cream
1790885103.0748894,18512,"(-111.80428, 41.7455175)",in_transit
1790885113.3405478,18512,"(-111.8042901, 41.7456471)",in_transit
1790885123.6046298,18512,"(-111.8043068, 41.7456466)",in_transit
1790885133.8727334,18512,"(-111.8043075, 41.7460275)",in_transit
1790885144.1362321,18512,"(-111.8043196, 41.7462123)",in_transit
1790885154.401219,18512,"(-111.8042168, 41.7465826)",in_transit
1790885164.6887553,18512,"(-111.8043043, 41.747323)",in_transit
1790885174.9376853,18512,"(-111.8043258, 41.7483936)",in_transit
1790885185.1881292,18512,"(-111.8043543, 41.7490236)",in_transit
1790885195.4510672,18512,"(-111.8040883, 41.7492953)",in_transit
1790885205.7148247,18512,"(-111.8028803, 41.7493095)",in_transit
1790885215.9986148,18512,"(-111.8020788, 41.7493146)",in_transit
1790885226.249379,18512,"(-111.8018381, 41.7494325)",in_transit
1790885236.515401,18512,"(-111.8020923, 41.749621)",Lundstrum
1790885246.7883701,18512,"(-111.8020871, 41.7496291)",Lundstrum
1790885257.0361385,18512,"(-111.8020903, 41.7496368)",Lundstrum
1790885267.2940433,18512,"(-111.8023338, 41.7495466)",in_transit
1790885277.5653586,18512,"(-111.8028346, 41.749346)",in_transit
1790885287.8305762,18512,"(-111.8039356, 41.749365)",in_transit
1790885298.1328814,18512,"(-111.8043526, 41.7496173)",in_transit
1790885308.405126,18512,"(-111.8043578, 41.7502416)",in_transit
1790885318.6569526,18512,"(-111.8043655, 41.7507196)",Aggie Village 1
1790885328.9219725,18512,"(-111.8043671, 41.7508023)",Aggie Village 1
1790885339.1750202,18512,"(-111.8044031, 41.7510943)",in_transit
1790885349.4483778,18512,"(-111.8044115, 41.7521246)",in_transit
1790885359.7018743,18512,"(-111.804412, 41.7527311)",in_transit
1790885369.9635415,18512,"(-111.8046683, 41.753047)",in_transit
1790885380.226257,18512,"(-111.8054135, 41.7530538)",in_transit
1790885390.4964716,18512,"(-111.8059501, 41.75306)",Aggie Village 2
1790885400.7709167,18512,"(-111.8060526, 41.7530686)",Aggie Village 2
1790885411.0213652,18512,"(-111.8060623, 41.753072)",Aggie Village 2
1790885421.3032248,18512,"(-111.8068651, 41.7530183)",in_transit
1790885431.5544913,18512,"(-111.8074898, 41.7528431)",in_transit
1790885441.8098211,18512,"(-111.8086276, 41.7525073)",in_transit
1790885452.0604742,18512,"(-111.8090938, 41.7520903)",in_transit
1790885462.3301685,18512,"(-111.8092621, 41.7516498)",Aggie Village 3
1790885472.5775075,18512,"(-111.8092703, 41.751565)",Aggie Village 3
1790885482.8333728,18512,"(-111.8092393, 41.7512535)",in_transit
1790885493.0835502,18512,"(-111.8092603, 41.7504298)",in_transit
1790885503.3673851,18512,"(-111.809264, 41.7502495)",in_transit
1790885513.6310241,18512,"(-111.8092561, 41.7502201)",in_transit
1790885523.9002142,18512,"(-111.8096485, 41.7501156)",in_transit
1790885534.1638587,18512,"(-111.8113425, 41.7501503)",in_transit
1790885544.416983,18512,"(-111.8130695, 41.7501586)",in_transit
1790885554.676856,18512,"(-111.8136513, 41.7501521)",in_transit
1790885565.0168824,18512,"(-111.814003, 41.7499243)",in_transit
1790885575.295455,18512,"(-111.814003, 41.7499243)",in_transit
1790885585.5519207,18512,"(-111.8140881, 41.748605)",800 E 900 N
1790885595.8179436,18512,"(-111.8141006, 41.7485401)",800 E 900 N
1790885606.0687263,18512,"(-111.8141078, 41.7485311)",800 E 900 N
1790885616.3428054,18512,"(-111.8141016, 41.7484983)",800 E 900 N
1790885626.6003566,18512,"(-111.8140586, 41.7478496)",in_transit
1790885636.862674,18512,"(-111.8140891, 41.7467493)",in_transit
1790885647.1586528,18512,"(-111.8141221, 41.7459115)",in_transit
1790885657.416586,18512,"(-111.8141595, 41.7448245)",in_transit
1790885667.7216208,18512,"(-111.8141686, 41.744638)",in_transit
1790885677.9927166,18512,"(-111.8136768, 41.7444425)",in_transit
1790885688.2590392,18512,"(-111.8134773, 41.7444386)",Field House
1790885698.535344,18512,"(-111.813479, 41.7444341)",Field House
1790885708.8154385,18512,"(-111.8132243, 41.7444488)",in_transit
1790885719.077084,18512,"(-111.8122093, 41.744458)",in_transit
1790885729.3943143,18512,"(-111.811645, 41.7444698)",in_transit
1790885739.6624837,18512,"(-111.8116225, 41.7444526)",in_transit
1790885749.919936,18512,"(-111.8116216, 41.7444473)",in_transit
1790885760.1990645,18512,"(-111.8111358, 41.7444495)",Veterinary Science
1790885770.4677563,18512,"(-111.810896, 41.7444493)",Veterinary Science
1790885780.7279704,18512,"(-111.8108951, 41.7444443)",Veterinary Science
1790885791.0120413,18512,"(-111.8105213, 41.7444473)",in_transit
1790885801.2753549,18512,"(-111.8093921, 41.7444343)",in_transit
1790885811.531438,18512,"(-111.8086513, 41.7444166)",in_transit
1790885821.7873328,18512,"(-111.8080758, 41.7444065)",in_transit
1790885832.048597,18512,"(-111.8080563, 41.7444118)",in_transit
1790885842.3239226,18512,"(-111.8080503, 41.7444021)",in_transit
1790885852.5816593,18512,"(-111.8075551, 41.7443871)",in_transit
1790885862.8626876,18512,"(-111.8064306, 41.744353)",in_transit
1790885873.1249602,18512,"(-111.8055375, 41.7443338)",in_transit
1790885883.4445143,18512,"(-111.8048061, 41.7443448)",in_transit
1790885893.6999412,18512,"(-111.8045681, 41.7443455)",in_transit
1790885903.956627,18512,"(-111.804571, 41.7443428)",in_transit
1790885914.2428539,18512,"(-111.8045715, 41.744344)",in_transit
1790885924.5613222,18512,"(-111.804276, 41.7445605)",in_transit
1790885934.8178093,18512,"(-111.804278, 41.7453396)",in_transit
1790885945.1188707,18512,"(-111.8042773, 41.7455928)",in_transit
1790885955.3696136,18512,"(-111.8042756, 41.7456955)",in_transit
1790885965.6714072,18512,"(-111.8043058, 41.7462085)",in_transit
1790885975.9721413,18512,"(-111.8042173, 41.7465758)",in_transit
1790885986.2315106,18512,"(-111.804316, 41.7475048)",in_transit
1790885996.4872186,18512,"(-111.8043243, 41.7482968)",in_transit
1790886006.76144,18512,"(-111.804354, 41.7491516)",in_transit
1790886017.021336,18512,"(-111.804114, 41.7493045)",in_transit
1790886027.2767236,18512,"(-111.8031295, 41.749314)",in_transit
1790886037.5360034,18512,"(-111.8019411, 41.7493703)",in_transit
1790886047.786581,18512,"(-111.8019, 41.749552)",in_transit
1790886058.0691578,18512,"(-111.8021055, 41.7496241)",Lundstrum
1790886068.3309736,18512,"(-111.8021001, 41.7496293)",Lundstrum
1790886078.6031566,18512,"(-111.8020945, 41.7496275)",Lundstrum
1790886088.8670166,18512,"(-111.802127, 41.749618)",Lundstrum
1790886099.1397493,18512,"(-111.802369, 41.7495013)",in_transit
1790886109.4364765,18512,"(-111.8024755, 41.7494178)",in_transit
1790886119.6922116,18512,"(-111.8034126, 41.749346)",in_transit
1790886129.949558,18512,"(-111.8039958, 41.7493645)",in_transit
1790886140.2133007,18512,"(-111.8043641, 41.7498931)",in_transit
1790886150.4693074,18512,"(-111.8043586, 41.7505738)",in_transit
1790886160.7350736,18512,"(-111.8043661, 41.75077)",Aggie Village 1
1790886170.9821012,18512,"(-111.8043923, 41.7510055)",in_transit
1790886181.2375073,18512,"(-111.8043905, 41.7519381)",in_transit
1790886191.5052326,18512,"(-111.8044003, 41.7526541)",in_transit
1790886201.778129,18512,"(-111.8046403, 41.7530595)",in_transit
1790886212.052834,18512,"(-111.8053463, 41.7530583)",in_transit
1790886222.3098674,18512,"(-111.8058951, 41.7530596)",Aggie Village 2
1790886232.5540032,18512,"(-111.8060696, 41.7530651)",Aggie Village 2
1790886242.8281043,18512,"(-111.806058, 41.7530633)",Aggie Village 2
1790886253.0920358,18512,"(-111.806983, 41.752973)",in_transit
1790886263.3369067,18512,"(-111.8077821, 41.7527538)",in_transit
1790886273.6111548,18512,"(-111.8088901, 41.7523461)",in_transit
1790886283.897919,18512,"(-111.8092321, 41.7517788)",in_transit
1790886294.1493027,18512,"(-111.8092705, 41.751598)",Aggie Village 3
1790886304.408679,18512,"(-111.8092716, 41.7515725)",Aggie Village 3
1790886314.673287,18512,"(-111.8092535, 41.751146)",in_transit
1790886324.9260292,18512,"(-111.8092555, 41.750614)",in_transit
1790886335.192139,18512,"(-111.8092548, 41.7502933)",in_transit
1790886345.4802802,18512,"(-111.8092536, 41.750285)",in_transit
1790886355.819225,18512,"(-111.809258, 41.7502795)",in_transit
1790886366.0708468,18512,"(-111.8092556, 41.7502123)",in_transit
1790886376.3370152,18512,"(-111.8093695, 41.7500931)",in_transit
1790886386.5993886,18512,"(-111.8100728, 41.7501216)",in_transit
1790886396.8623145,18512,"(-111.8117586, 41.7501513)",in_transit
1790886407.1199763,18512,"(-111.8127735, 41.7501568)",in_transit
1790886417.3864229,18512,"(-111.813482, 41.7501505)",in_transit
1790886427.63605,18512,"(-111.8136498, 41.7501533)",in_transit
1790886437.8911028,18512,"(-111.8136735, 41.7501543)",in_transit
1790886448.1525266,18512,"(-111.813996, 41.7499665)",in_transit
1790886458.4175444,18512,"(-111.8139906, 41.7493616)",in_transit
1790886468.7263029,18512,"(-111.8140876, 41.7486001)",800 E 900 N
1790886478.9794683,18512,"(-111.814115, 41.7485535)",800 E 900 N
1790886489.2311802,18512,"(-111.814114, 41.7485588)",800 E 900 N
1790886499.4949691,18512,"(-111.8141245, 41.748547)",800 E 900 N
1790886509.7781136,18512,"(-111.8140605, 41.7481498)",in_transit
1790886520.0472941,18512,"(-111.8140918, 41.7471551)",in_transit
1790886530.3031073,18512,"(-111.8141181, 41.7463478)",in_transit
1790886540.556804,18512,"(-111.8141486, 41.7450698)",in_transit
1790886550.8187675,18512,"(-111.8141435, 41.744832)",in_transit
1790886561.068604,18512,"(-111.8141405, 41.7446518)",in_transit
1790886571.3725114,18512,"(-111.8141313, 41.7446488)",in_transit
1790886581.6311169,18512,"(-111.8141263, 41.7446526)",in_transit
1790886591.905713,18512,"(-111.8138366, 41.7444441)",in_transit
1790886602.2250686,18512,"(-111.8134668, 41.744433)",Field House
1790886612.4932685,18512,"(-111.8134545, 41.7444391)",Field House
1790886622.7611597,18512,"(-111.8132116, 41.7444555)",in_transit
1790886633.0647357,18512,"(-111.8121303, 41.7444531)",in_transit
1790886643.3608105,18512,"(-111.8117563, 41.7444543)",in_transit
1790886653.6276245,18512,"(-111.8116076, 41.7444466)",in_transit
1790886663.8981304,18512,"(-111.8115983, 41.7444436)",in_transit
1790886674.171829,18512,"(-111.8113486, 41.7444458)",in_transit
1790886684.4334247,18512,"(-111.8111035, 41.7444423)",Veterinary Science
1790886694.679667,18512,"(-111.8108886, 41.7444423)",Veterinary Science
1790886704.928374,18512,"(-111.8108838, 41.744447)",Veterinary Science
1790886715.2332132,18512,"(-111.810052, 41.744436)",in_transit
1790886725.4822545,18512,"(-111.8092915, 41.744418)",in_transit
1790886735.7511113,18512,"(-111.8085111, 41.7443918)",in_transit
1790886746.0115669,18512,"(-111.8082406, 41.7443881)",Industrial Science
1790886756.315345,18512,"(-111.8080618, 41.7443875)",in_transit
1790886766.5694518,18512,"(-111.8080618, 41.7443893)",in_transit
1790886776.837328,18512,"(-111.8078203, 41.7443861)",in_transit
1790886787.1438549,18512,"(-111.8071333, 41.7443635)",in_transit
1790886797.3950763,18512,"(-111.8060708, 41.744341)",in_transit
1790886807.671951,18512,"(-111.8051631, 41.7443235)",in_transit
1790886817.9387882,18512,"(-111.8045878, 41.7443378)",in_transit
1790886828.1776273,18512,"(-111.8045758, 41.7443463)",in_transit
1790886838.4174309,18512,"(-111.804486, 41.7443436)",in_transit
1790886848.6809464,18512,"(-111.804261, 41.7450078)",in_transit
1790886858.942229,18512,"(-111.8042728, 41.7455481)",in_transit
1790886869.1890984,18512,"(-111.8042751, 41.7456865)",in_transit
1790886879.4467149,18512,"(-111.8042815, 41.7459498)",in_transit
1790886889.7135036,18512,"(-111.8043076, 41.7463176)",in_transit
1790886899.9848979,18512,"(-111.8042331, 41.7465055)",in_transit
1790886910.2437532,18512,"(-111.8043035, 41.7472341)",in_transit
1790886920.5099497,18512,"(-111.8043313, 41.7485273)",in_transit
1790886930.8069086,18512,"(-111.8043515, 41.7491353)",in_transit
1790886941.0794477,18512,"(-111.8035476, 41.7492998)",in_transit
1790886951.3470638,18512,"(-111.8026593, 41.7493118)",in_transit
1790886961.617546,18512,"(-111.8019188, 41.7495656)",Lundstrum
1790887957.4911394,18512,"(-111.804263, 41.744872)",in_transit
1790887967.758968,18512,"(-111.8042683, 41.7456158)",in_transit
1790887978.0273178,18512,"(-111.8042805, 41.7456878)",in_transit
1790887988.2771378,18512,"(-111.8042956, 41.7460828)",in_transit
1790887998.5287554,18512,"(-111.8043115, 41.7462653)",in_transit
1790888008.7831218,18512,"(-111.8042946, 41.74636)",in_transit
1790888019.0913723,18512,"(-111.8042466, 41.7467301)",in_transit
1790888029.3590097,18512,"(-111.80431, 41.7476903)",in_transit
1790888039.6209128,18512,"(-111.8043185, 41.7484396)",in_transit
1790888049.8772564,18512,"(-111.8043018, 41.7492403)",in_transit
1790888060.1246793,18512,"(-111.8036941, 41.7492911)",in_transit
1790888070.3786354,18512,"(-111.8025063, 41.749314)",in_transit
1790888080.676562,18512,"(-111.8018573, 41.7494175)",in_transit
1790888090.928165,18512,"(-111.8018573, 41.7494175)",in_transit
1790888101.210508,18512,"(-111.802104, 41.749625)",Lundstrum
1790888111.4725044,18512,"(-111.8020921, 41.7496153)",Lundstrum
1790888121.7435203,18512,"(-111.8020796, 41.7496)",Lundstrum
1790888132.0214903,18512,"(-111.8020738, 41.7495933)",Lundstrum
1790888142.286907,18512,"(-111.8022475, 41.7495785)",Lundstrum
1790888152.5369651,18512,"(-111.8030035, 41.749342)",in_transit
1790888162.7823088,18512,"(-111.8036731, 41.749349)",in_transit
1790888173.0501993,18512,"(-111.804164, 41.7494165)",in_transit
1790888183.3110626,18512,"(-111.8043526, 41.750218)",in_transit
1790888193.5986745,18512,"(-111.8043631, 41.7507205)",Aggie Village 1
1790888203.8512175,18512,"(-111.8043536, 41.7507925)",Aggie Village 1
1790888214.1097107,18512,"(-111.8043541, 41.7508066)",Aggie Village 1
1790888224.3646157,18512,"(-111.8043801, 41.7512496)",in_transit
1790888234.620708,18512,"(-111.8043865, 41.7522565)",in_transit
1790888244.9132702,18512,"(-111.8043928, 41.75284)",in_transit
1790888255.1750097,18512,"(-111.8047098, 41.7530546)",in_transit
1790888265.470445,18512,"(-111.805391, 41.7530531)",in_transit
1790888275.7126825,18512,"(-111.8059596, 41.7530623)",Aggie Village 2
1790888285.9795337,18512,"(-111.8060675, 41.7530703)",Aggie Village 2
1790888296.2317681,18512,"(-111.8060785, 41.7530791)",Aggie Village 2
1790888306.5189188,18512,"(-111.8069731, 41.7529861)",in_transit
1790888316.7838886,18512,"(-111.8080285, 41.7526933)",in_transit
1790888327.0486965,18512,"(-111.8087043, 41.7524898)",in_transit
1790888337.3003178,18512,"(-111.8090913, 41.7521208)",in_transit
1790888347.5603838,18512,"(-111.8090913, 41.7521208)",in_transit
1790888357.8328826,18512,"(-111.8092681, 41.7515886)",Aggie Village 3
1790888368.0943604,18512,"(-111.8092483, 41.7513711)",in_transit
1790888378.345552,18512,"(-111.8092518, 41.7505761)",in_transit
1790888388.6047192,18512,"(-111.8092765, 41.750142)",in_transit
1790888398.8621552,18512,"(-111.8095345, 41.7501035)",in_transit
1790888409.1606395,18512,"(-111.8113515, 41.7501376)",in_transit
1790888419.4203494,18512,"(-111.813018, 41.7501455)",in_transit
1790888429.6773064,18512,"(-111.8136828, 41.7501461)",in_transit
1790888439.9667256,18512,"(-111.813997, 41.7498321)",in_transit
1790888450.232978,18512,"(-111.8139988, 41.7490801)",in_transit
1790888460.5228577,18512,"(-111.8140788, 41.7486418)",800 E 900 N
1790888470.773054,18512,"(-111.8141018, 41.74854)",800 E 900 N
1790888481.034542,18512,"(-111.8141116, 41.7485358)",800 E 900 N
1790888491.2853184,18512,"(-111.81411, 41.748502)",800 E 900 N
1790888501.5494618,18512,"(-111.8140653, 41.7478236)",in_transit
1790888511.800151,18512,"(-111.8140755, 41.7471136)",in_transit
1790888522.1019592,18512,"(-111.8141153, 41.7458773)",in_transit
1790888532.3915374,18512,"(-111.814145, 41.7450451)",in_transit
1790888542.660001,18512,"(-111.8141426, 41.7447901)",in_transit
1790888552.9149175,18512,"(-111.8141411, 41.7446616)",in_transit
1790888563.1698403,18512,"(-111.8141501, 41.7446308)",in_transit
1790888573.4235115,18512,"(-111.8141501, 41.7446233)",in_transit
1790888583.7243094,18512,"(-111.8141478, 41.7445848)",in_transit
1790888593.9855793,18512,"(-111.8140715, 41.744477)",in_transit
1790888604.2543104,18512,"(-111.8137988, 41.7444301)",in_transit
1790888614.5050998,18512,"(-111.8134861, 41.7444421)",Field House
1790888624.7583482,18512,"(-111.8135018, 41.7444615)",Field House
1790888635.012528,18512,"(-111.8135086, 41.7444693)",Field House
1790888645.3203874,18512,"(-111.8135105, 41.7444708)",Field House
1790888655.5803363,18512,"(-111.8135135, 41.7444751)",Field House
1790888665.8452275,18512,"(-111.8135071, 41.744479)",Field House
1790888676.0997462,18512,"(-111.8135018, 41.7444803)",Field House
1790888686.406843,18512,"(-111.8135015, 41.7444791)",Field House
1790888696.6676,18512,"(-111.8135011, 41.7444771)",Field House
1790888706.9263449,18512,"(-111.8134946, 41.744473)",Field House
1790888717.2418585,18512,"(-111.813265, 41.7444908)",Field House
1790888727.5031035,18512,"(-111.8121595, 41.7444703)",in_transit
1790888737.754683,18512,"(-111.8118561, 41.7444721)",in_transit
1790888748.0415862,18512,"(-111.8113635, 41.7444655)",in_transit
1790888758.3079662,18512,"(-111.8111173, 41.7444626)",Veterinary Science
1790888768.5512211,18512,"(-111.8108908, 41.7444601)",Veterinary Science
1790888778.8304136,18512,"(-111.810892, 41.7444691)",Veterinary Science
1790888789.089505,18512,"(-111.8100525, 41.7444496)",in_transit
1790888799.3684297,18512,"(-111.8093211, 41.7444265)",in_transit
1790888809.640386,18512,"(-111.808244, 41.7443988)",Industrial Science
1790888819.8995266,18512,"(-111.808097, 41.7444)",Industrial Science
1790888830.1584864,18512,"(-111.8081023, 41.7444043)",Industrial Science
1790888840.4329507,18512,"(-111.8080985, 41.7444043)",Industrial Science
1790888850.6907144,18512,"(-111.8080251, 41.7443961)",in_transit
1790888860.968177,18512,"(-111.8068556, 41.744348)",in_transit
1790888871.241366,18512,"(-111.8058691, 41.744331)",in_transit
1790888881.497501,18512,"(-111.8047033, 41.7443435)",in_transit
1790888891.7553945,18512,"(-111.8045785, 41.7443381)",in_transit
1790888902.0034957,18512,"(-111.804573, 41.7443336)",in_transit
1790888912.3077397,18512,"(-111.8045685, 41.7443278)",in_transit
1790888922.5664883,18512,"(-111.8044888, 41.7443311)",in_transit
1790888932.8296661,18512,"(-111.8042763, 41.7445248)",in_transit
1790888943.0949159,18512,"(-111.8042781, 41.7455726)",in_transit
1790888953.36356,18512,"(-111.8042815, 41.745687)",in_transit
1790888963.6303434,18512,"(-111.8042816, 41.7456916)",in_transit
1790888973.896791,18512,"(-111.8042865, 41.7460948)",in_transit
1790888984.1519392,18512,"(-111.8042406, 41.7467161)",in_transit
1790888994.4692976,18512,"(-111.8043071, 41.7472456)",in_transit
1790889004.7920184,18512,"(-111.8043223, 41.7483271)",in_transit
1790889015.0797594,18512,"(-111.8043491, 41.7490398)",in_transit
1790889025.3435981,18512,"(-111.8040743, 41.7492908)",in_transit
1790889035.6288395,18512,"(-111.8033168, 41.749307)",in_transit
1790889045.897347,18512,"(-111.802082, 41.7493238)",in_transit
1790889056.15501,18512,"(-111.801871, 41.749509)",in_transit
1790889066.413669,18512,"(-111.8021115, 41.7496255)",Lundstrum
1790889076.6917014,18512,"(-111.8021141, 41.7496205)",Lundstrum
1790889086.961723,18512,"(-111.8021128, 41.7496148)",Lundstrum
1790889097.2246683,18512,"(-111.8022675, 41.749582)",Lundstrum
1790889107.4869065,18512,"(-111.8025068, 41.7493978)",in_transit
1790889117.7372522,18512,"(-111.8034746, 41.7493406)",in_transit
1790889128.018109,18512,"(-111.8040666, 41.749377)",in_transit
1790889138.2925248,18512,"(-111.8043891, 41.7497488)",in_transit
1790889148.5677257,18512,"(-111.804367, 41.7506146)",in_transit
1790889158.8225076,18512,"(-111.8043745, 41.7507955)",Aggie Village 1
1790889169.1138315,18512,"(-111.8043745, 41.750796)",Aggie Village 1
1790889179.374617,18512,"(-111.8043858, 41.7513258)",in_transit
1790889189.6390684,18512,"(-111.8043941, 41.7520181)",in_transit
1790889199.923166,18512,"(-111.8044053, 41.7528961)",in_transit
1790889210.1834948,18512,"(-111.8046533, 41.7530416)",in_transit
1790889220.4306073,18512,"(-111.8056131, 41.7530481)",in_transit
1790889230.688328,18512,"(-111.805878, 41.7530545)",Aggie Village 2
1790889240.952724,18512,"(-111.806086, 41.7530528)",Aggie Village 2
1790889251.2188618,18512,"(-111.806088, 41.7530406)",Aggie Village 2
1790889261.4691439,18512,"(-111.8070176, 41.7529561)",in_transit
1790889271.741833,18512,"(-111.8078165, 41.7527416)",in_transit
1790889282.041915,18512,"(-111.808912, 41.7523345)",in_transit
1790889292.3053873,18512,"(-111.808912, 41.7523345)",in_transit
1790889302.5605743,18512,"(-111.8092741, 41.751557)",Aggie Village 3
1790889312.8186362,18512,"(-111.8092686, 41.7514603)",in_transit
1790889323.0859408,18512,"(-111.8092485, 41.750984)",in_transit
1790889333.3388846,18512,"(-111.8092758, 41.7502571)",in_transit
1790889343.604127,18512,"(-111.8092835, 41.7501661)",in_transit
1790889353.8537555,18512,"(-111.8092793, 41.7501305)",in_transit
1790889364.1058857,18512,"(-111.8100476, 41.7501076)",in_transit
1790889374.360168,18512,"(-111.8118553, 41.750148)",in_transit
1790889384.6193306,18512,"(-111.8129776, 41.7501483)",in_transit
1790889394.9260123,18512,"(-111.8136266, 41.7501453)",in_transit
1790889405.1824875,18512,"(-111.8136626, 41.7501481)",in_transit
1790889415.4333396,18512,"(-111.814026, 41.749899)",in_transit
1790889425.7231307,18512,"(-111.8139985, 41.7493065)",in_transit
1790889435.9902227,18512,"(-111.8140921, 41.7485838)",800 E 900 N
1790889446.2452874,18512,"(-111.8140865, 41.748553)",800 E 900 N
1790889456.5113118,18512,"(-111.8140811, 41.7485648)",800 E 900 N
1790889466.791069,18512,"(-111.8140643, 41.7485731)",800 E 900 N
1790889477.057248,18512,"(-111.8140535, 41.7483838)",in_transit
1790889487.3238046,18512,"(-111.8140608, 41.7475508)",in_transit
1790889497.5862858,18512,"(-111.8141075, 41.7463901)",in_transit
1790889507.8567052,18512,"(-111.8141523, 41.7455098)",in_transit
1790889518.1222339,18512,"(-111.8141528, 41.7446041)",in_transit
1790889528.374363,18512,"(-111.8136326, 41.7444218)",Field House
1790889538.6857948,18512,"(-111.8134841, 41.7444265)",Field House
1790889548.997597,18512,"(-111.8135025, 41.7444336)",Field House
1790889559.2492971,18512,"(-111.8135005, 41.744439)",Field House
1790889569.5378168,18512,"(-111.813491, 41.7444411)",Field House
1790889579.7895358,18512,"(-111.81347, 41.7444478)",Field House
1790889590.0609503,18512,"(-111.813469, 41.74446)",Field House
1790889600.327826,18512,"(-111.813477, 41.7444745)",Field House
1790889610.5939207,18512,"(-111.813477, 41.7444901)",Field House
1790889620.8575656,18512,"(-111.8134715, 41.7444933)",Field House
1790889631.1202219,18512,"(-111.813458, 41.7444803)",Field House
1790889641.3905602,18512,"(-111.8134476, 41.744466)",Field House
1790889651.642768,18512,"(-111.8134431, 41.7444461)",Field House
1790889661.9493005,18512,"(-111.8134513, 41.744431)",Field House
1790889672.2314882,18512,"(-111.8134573, 41.7444278)",Field House
1790889682.488657,18512,"(-111.8134475, 41.7444158)",Field House
1790889692.742729,18512,"(-111.8134503, 41.7444148)",Field House
1790889703.0384228,18512,"(-111.813451, 41.7444126)",Field House
1790889713.2965374,18512,"(-111.8134443, 41.7444058)",Field House
1790889723.5906196,18512,"(-111.8131428, 41.7444423)",in_transit
1790889733.89033,18512,"(-111.8120131, 41.7444461)",in_transit
1790889744.140569,18512,"(-111.8114683, 41.7444508)",in_transit
1790889754.411195,18512,"(-111.8108783, 41.7444426)",Veterinary Science
1790889764.661436,18512,"(-111.8107923, 41.7444456)",in_transit
1790889774.9315934,18512,"(-111.8107981, 41.7444545)",in_transit
1790889785.1951094,18512,"(-111.8103523, 41.7444466)",in_transit
1790889795.460998,18512,"(-111.8092048, 41.7444228)",in_transit
1790889805.7253892,18512,"(-111.808491, 41.7444045)",in_transit
1790889815.979764,18512,"(-111.8082003, 41.7443983)",Industrial Science
1790889826.2741613,18512,"(-111.8081223, 41.744404)",Industrial Science
1790889836.523498,18512,"(-111.8079555, 41.7444018)",in_transit
1790889846.7983584,18512,"(-111.8072208, 41.7443641)",in_transit
1790889857.0457942,18512,"(-111.8058811, 41.7443266)",in_transit
1790889867.3318787,18512,"(-111.805018, 41.7443276)",in_transit
1790889877.5876005,18512,"(-111.8047575, 41.7443338)",in_transit
1790889887.8468075,18512,"(-111.8045705, 41.744328)",in_transit
1790889898.1048174,18512,"(-111.8043376, 41.7443373)",in_transit
1790889908.3726585,18512,"(-111.8042658, 41.7448898)",in_transit
1790889918.6396408,18512,"(-111.8042675, 41.7454888)",in_transit
1790889928.9013276,18512,"(-111.8042716, 41.7456701)",in_transit
1790889939.17086,18512,"(-111.8042771, 41.7456693)",in_transit
1790889949.4909263,18512,"(-111.8042778, 41.7456595)",in_transit
1790889959.7455122,18512,"(-111.8042875, 41.7461008)",in_transit
1790889970.0325236,18512,"(-111.8042335, 41.7464891)",in_transit
1790889980.2822874,18512,"(-111.8042993, 41.7470243)",in_transit
1790889990.5631595,18512,"(-111.8043175, 41.748092)",in_transit
1790890000.8332539,18512,"(-111.8043298, 41.748735)",in_transit
1790890011.0919511,18512,"(-111.8043355, 41.7492135)",in_transit
1790890021.3507626,18512,"(-111.8031835, 41.749307)",in_transit
1790890031.6486378,18512,"(-111.8022715, 41.7493161)",in_transit
1790890041.9177585,18512,"(-111.8018391, 41.7495043)",in_transit
1790890052.1784322,18512,"(-111.802151, 41.7496213)",Lundstrum
1790890062.4374864,18512,"(-111.8021455, 41.749625)",Lundstrum
1790890072.7072392,18512,"(-111.802139, 41.7496275)",Lundstrum
1790890082.9791632,18512,"(-111.802221, 41.7496053)",Lundstrum
1790863476.900783,18512,"(-111.8019491, 41.7495863)",Lundstrum
1790863487.155125,18512,"(-111.8021188, 41.749621)",Lundstrum
1790863497.4470444,18512,"(-111.802111, 41.749615)",Lundstrum
1790863507.7033799,18512,"(-111.8021078, 41.7496186)",Lundstrum
1790863517.9653003,18512,"(-111.802106, 41.7496203)",Lundstrum
1790863528.2313988,18512,"(-111.8023565, 41.7495053)",in_transit
1790863538.4999979,18512,"(-111.802429, 41.7494345)",in_transit
1790863548.7598531,18512,"(-111.802969, 41.7493563)",in_transit
1790863559.036534,18512,"(-111.804062, 41.7493773)",in_transit
1790863569.298957,18512,"(-111.804241, 41.7494693)",in_transit
1790863579.5901666,18512,"(-111.8043543, 41.750012)",in_transit
1790863589.880174,18512,"(-111.8043708, 41.7506386)",in_transit
1790863600.1548812,18512,"(-111.8043835, 41.7507803)",Aggie Village 1
1790863610.401556,18512,"(-111.8043993, 41.7512978)",in_transit
1790863620.6692395,18512,"(-111.8044101, 41.7524698)",in_transit
1790863630.9707382,18512,"(-111.8044236, 41.7529923)",in_transit
1790863641.2359242,18512,"(-111.8054076, 41.7530563)",in_transit
1790863651.4994423,18512,"(-111.806046, 41.7530693)",Aggie Village 2
1790863661.7693734,18512,"(-111.806048, 41.7530643)",Aggie Village 2
1790863672.0144744,18512,"(-111.8065653, 41.7530453)",in_transit
1790863682.2907917,18512,"(-111.8075303, 41.7528321)",in_transit
1790863692.544169,18512,"(-111.8089051, 41.7523573)",in_transit
1790863702.8083057,18512,"(-111.809126, 41.7520851)",in_transit
1790863713.0859287,18512,"(-111.8092668, 41.7516603)",Aggie Village 3
1790863723.4021142,18512,"(-111.8092738, 41.7515835)",Aggie Village 3
1790863733.6573133,18512,"(-111.8092565, 41.7510951)",in_transit
1790863743.9575825,18512,"(-111.8092558, 41.7504106)",in_transit
1790863754.2210085,18512,"(-111.8092493, 41.7502158)",in_transit
1790863764.4784393,18512,"(-111.809497, 41.7501131)",in_transit
1790863774.7352302,18512,"(-111.8115788, 41.750154)",in_transit
1790863784.9956524,18512,"(-111.8128571, 41.7501593)",in_transit
1790863795.2590027,18512,"(-111.8139751, 41.7498763)",in_transit
1790863805.5187612,18512,"(-111.8139806, 41.7492541)",in_transit
1790863815.7807286,18512,"(-111.8140823, 41.7486371)",800 E 900 N
1790863826.05219,18512,"(-111.8141021, 41.7485463)",800 E 900 N
1790863836.3382154,18512,"(-111.8141046, 41.748536)",800 E 900 N
1790863846.5948195,18512,"(-111.814105, 41.7485416)",800 E 900 N
1790863856.8568091,18512,"(-111.8141051, 41.7485483)",800 E 900 N
1790863867.1171656,18512,"(-111.8141038, 41.7485555)",800 E 900 N
1790863877.3867042,18512,"(-111.8141001, 41.7485423)",800 E 900 N
1790863887.666789,18512,"(-111.8140586, 41.7478678)",in_transit
1790863897.9345024,18512,"(-111.8140776, 41.7471386)",in_transit
1790863908.2019808,18512,"(-111.8141161, 41.7458565)",in_transit
1790863918.484083,18512,"(-111.8141161, 41.7458565)",in_transit
1790863928.734131,18512,"(-111.8141243, 41.7447678)",in_transit
1790863939.0042598,18512,"(-111.8140191, 41.7444871)",in_transit
1790863949.2595286,18512,"(-111.8137225, 41.7444433)",in_transit
1790863959.5467765,18512,"(-111.813536, 41.7444346)",Field House
1790863969.7943652,18512,"(-111.8135423, 41.7444456)",Field House
1790863980.0928528,18512,"(-111.8124721, 41.7444681)",in_transit
1790863990.4132318,18512,"(-111.8117478, 41.7444793)",in_transit
1790864000.67603,18512,"(-111.8111141, 41.7444606)",Veterinary Science
1790864010.9668953,18512,"(-111.8109133, 41.7444566)",Veterinary Science
1790864021.232248,18512,"(-111.8106615, 41.7444598)",in_transit
1790864031.5094905,18512,"(-111.810167, 41.7444531)",in_transit
1790864041.7875996,18512,"(-111.8090903, 41.7444208)",in_transit
1790864052.0517502,18512,"(-111.8082671, 41.7444005)",Industrial Science
1790864062.3180258,18512,"(-111.8080805, 41.744399)",in_transit
1790864072.5742629,18512,"(-111.807636, 41.744393)",in_transit
1790864082.8539774,18512,"(-111.8066363, 41.7443515)",in_transit
1790864093.1418188,18512,"(-111.805107, 41.7443335)",in_transit
1790864103.408329,18512,"(-111.8047891, 41.7443473)",in_transit
1790864113.6896596,18512,"(-111.804685, 41.744348)",in_transit
1790864123.958225,18512,"(-111.8046713, 41.7443446)",in_transit
1790864134.2092748,18512,"(-111.804668, 41.744333)",in_transit
1790864144.4695122,18512,"(-111.8042856, 41.7443966)",in_transit
1790864154.7275064,18512,"(-111.8042783, 41.7454425)",in_transit
1790864165.0009923,18512,"(-111.8042846, 41.7456285)",in_transit
1790864175.2790742,18512,"(-111.804287, 41.745846)",in_transit
1790864185.5479622,18512,"(-111.8043083, 41.746368)",in_transit
1790864195.8086889,18512,"(-111.804315, 41.747609)",in_transit
1790864206.072652,18512,"(-111.8043416, 41.7486118)",in_transit
1790864216.3331425,18512,"(-111.8039691, 41.7492795)",in_transit
1790864226.6015887,18512,"(-111.8025331, 41.7493091)",in_transit
1790864236.8971145,18512,"(-111.801853, 41.749503)",in_transit
1790864247.164735,18512,"(-111.801853, 41.749503)",in_transit
1790864257.4335701,18512,"(-111.80212, 41.7496253)",Lundstrum
1790864267.6943338,18512,"(-111.8021205, 41.7496326)",Lundstrum
1790864277.9737628,18512,"(-111.8021135, 41.7496308)",Lundstrum
1790864288.2267165,18512,"(-111.8021118, 41.7496251)",Lundstrum
1790864298.500195,18512,"(-111.8021093, 41.7496256)",Lundstrum
1790864308.781621,18512,"(-111.8021081, 41.749625)",Lundstrum
1790864319.0550063,18512,"(-111.802351, 41.7495215)",in_transit
1790864329.3179958,18512,"(-111.8026523, 41.7493538)",in_transit
1790864339.5644958,18512,"(-111.8038558, 41.7493656)",in_transit
1790864349.8295262,18512,"(-111.8040975, 41.7493891)",in_transit
1790864360.0917933,18512,"(-111.8043681, 41.7499436)",in_transit
1790864370.4014845,18512,"(-111.8043806, 41.7507103)",Aggie Village 1
1790864380.6783562,18512,"(-111.8043816, 41.750763)",Aggie Village 1
1790864390.9514596,18512,"(-111.8043938, 41.7512433)",in_transit
1790864401.240385,18512,"(-111.8044043, 41.752108)",in_transit
1790864411.502938,18512,"(-111.8044028, 41.7528978)",in_transit
1790864421.7654002,18512,"(-111.8053378, 41.7530573)",in_transit
1790864432.0223827,18512,"(-111.806025, 41.7530748)",Aggie Village 2
1790864442.3108268,18512,"(-111.8060665, 41.7530793)",Aggie Village 2
1790864452.5783703,18512,"(-111.8060721, 41.7530915)",Aggie Village 2
1790864462.8418095,18512,"(-111.8063283, 41.7530795)",in_transit
1790864473.099309,18512,"(-111.8071423, 41.752963)",in_transit
1790864483.3600433,18512,"(-111.8085088, 41.752564)",in_transit
1790864493.619995,18512,"(-111.8091045, 41.752109)",in_transit
1790864503.8738012,18512,"(-111.8092716, 41.751626)",Aggie Village 3
1790864514.192708,18512,"(-111.8092723, 41.7515856)",Aggie Village 3
1790864524.4564588,18512,"(-111.8092526, 41.7513318)",in_transit
1790864534.716235,18512,"(-111.8092496, 41.750654)",in_transit
1790864544.9829135,18512,"(-111.809252, 41.7501658)",in_transit
1790864555.2589931,18512,"(-111.8101636, 41.7501251)",in_transit
1790864565.5230882,18512,"(-111.8114415, 41.7501431)",in_transit
1790864575.7905903,18512,"(-111.8133231, 41.7501443)",in_transit
1790864586.0534513,18512,"(-111.8139423, 41.750089)",in_transit
1790864596.3153565,18512,"(-111.813988, 41.7492558)",in_transit
1790864606.6220002,18512,"(-111.8140886, 41.7486621)",800 E 900 N
1790864616.8895462,18512,"(-111.814101, 41.7485478)",800 E 900 N
1790864627.15965,18512,"(-111.8141016, 41.7485425)",800 E 900 N
1790864637.4269164,18512,"(-111.8141071, 41.7485383)",800 E 900 N
1790864647.693848,18512,"(-111.8140531, 41.7483158)",in_transit
1790864657.9565656,18512,"(-111.8140728, 41.747385)",in_transit
1790864668.2393363,18512,"(-111.814099, 41.7466125)",in_transit
1790864678.5064414,18512,"(-111.8141066, 41.7461903)",in_transit
1790864688.7729788,18512,"(-111.8141371, 41.7447338)",in_transit
1790864699.0446303,18512,"(-111.814138, 41.7446621)",in_transit
1790864709.3181307,18512,"(-111.8141401, 41.7446573)",in_transit
1790864719.6209116,18512,"(-111.8141496, 41.7446493)",in_transit
1790864729.9055562,18512,"(-111.814147, 41.7445695)",in_transit
1790864740.1910071,18512,"(-111.8139581, 41.7444481)",in_transit
1790864750.4788187,18512,"(-111.813547, 41.7444285)",Field House
1790864760.7399879,18512,"(-111.8135436, 41.7444261)",Field House
1790864771.0045714,18512,"(-111.8135443, 41.744423)",Field House
1790864781.320534,18512,"(-111.8135493, 41.7444135)",Field House
1790864791.5900927,18512,"(-111.813557, 41.744437)",Field House
1790864801.9147444,18512,"(-111.8135658, 41.744451)",Field House
1790864812.1754596,18512,"(-111.8133145, 41.7444853)",Field House
1790864822.4337518,18512,"(-111.8124376, 41.7444633)",in_transit
1790864832.6889863,18512,"(-111.8117448, 41.7444716)",in_transit
1790864842.947356,18512,"(-111.8116158, 41.7444665)",in_transit
1790864853.2600844,18512,"(-111.8113695, 41.7444563)",in_transit
1790864863.5133798,18512,"(-111.8110661, 41.7444505)",Veterinary Science
1790864873.7706077,18512,"(-111.8108701, 41.7444485)",Veterinary Science
1790864884.0399392,18512,"(-111.8104878, 41.7444416)",in_transit
1790864894.3416882,18512,"(-111.8101555, 41.7444385)",in_transit
1790864904.5999088,18512,"(-111.8091805, 41.7444251)",in_transit
1790864914.8898356,18512,"(-111.8082776, 41.7444026)",Industrial Science
1790864925.155336,18512,"(-111.808069, 41.7444005)",in_transit
1790864935.476257,18512,"(-111.8080723, 41.7444018)",in_transit
1790864945.7382407,18512,"(-111.806952, 41.7443623)",in_transit
1790864956.0029547,18512,"(-111.8058521, 41.7443336)",in_transit
1790864966.2713935,18512,"(-111.8045716, 41.744334)",in_transit
1790864976.5355537,18512,"(-111.804562, 41.744336)",in_transit
1790864986.8100932,18512,"(-111.8045441, 41.7443338)",in_transit
1790864997.0666053,18512,"(-111.8042613, 41.7445991)",in_transit
1790865007.3372984,18512,"(-111.8042695, 41.745519)",in_transit
1790865017.5948093,18512,"(-111.8042648, 41.7456815)",in_transit
1790865027.9197428,18512,"(-111.8042626, 41.7457573)",in_transit
1790865038.1788044,18512,"(-111.8042883, 41.746207)",in_transit
1790865048.4374423,18512,"(-111.80422, 41.7465721)",in_transit
1790865058.7073443,18512,"(-111.8043081, 41.7472243)",in_transit
1790865068.9706917,18512,"(-111.8043325, 41.7484091)",in_transit
1790865079.2333887,18512,"(-111.8043611, 41.7490795)",in_transit
1790865089.5066102,18512,"(-111.8043083, 41.7492681)",in_transit
1790865099.7686648,18512,"(-111.8035516, 41.7492926)",in_transit
1790865110.0411625,18512,"(-111.8022045, 41.749312)",in_transit
1790865120.3030126,18512,"(-111.8018638, 41.7495155)",in_transit
1790865130.565792,18512,"(-111.8018638, 41.7495155)",in_transit
1790865140.828623,18512,"(-111.8021425, 41.749625)",Lundstrum
1790865151.0972116,18512,"(-111.8021506, 41.7496271)",Lundstrum
1790865161.3517919,18512,"(-111.8021496, 41.7496316)",Lundstrum
1790865171.6068552,18512,"(-111.8021401, 41.7496335)",Lundstrum
1790865181.8782964,18512,"(-111.8021363, 41.7496316)",Lundstrum
1790865192.1391883,18512,"(-111.8021361, 41.74963)",Lundstrum
1790865202.3940005,18512,"(-111.8022898, 41.7495761)",in_transit
1790865212.6620584,18512,"(-111.8024566, 41.7493913)",in_transit
1790865222.9294796,18512,"(-111.8032466, 41.7493441)",in_transit
1790865233.1907024,18512,"(-111.8039668, 41.7493591)",in_transit
1790865243.4644518,18512,"(-111.8043781, 41.7498993)",in_transit
1790865253.7313893,18512,"(-111.80438, 41.7507425)",Aggie Village 1
1790865263.9893203,18512,"(-111.8043778, 41.7507925)",Aggie Village 1
1790865274.2453485,18512,"(-111.8043705, 41.7507981)",Aggie Village 1
1790865284.5523205,18512,"(-111.8043845, 41.7512675)",in_transit
1790865294.8201432,18512,"(-111.8043946, 41.7521238)",in_transit
1790865305.0820527,18512,"(-111.8043955, 41.7528528)",in_transit
1790865315.3468368,18512,"(-111.8044016, 41.7529591)",in_transit
1790865325.6172628,18512,"(-111.8044028, 41.7529695)",in_transit
1790865335.895399,18512,"(-111.8051871, 41.7530615)",in_transit
1790865346.1489143,18512,"(-111.8059295, 41.7530688)",Aggie Village 2
1790865356.4045298,18512,"(-111.8060555, 41.7530678)",Aggie Village 2
1790865366.6742625,18512,"(-111.8060433, 41.7530695)",Aggie Village 2
1790865376.9446166,18512,"(-111.8060333, 41.753079)",Aggie Village 2
1790865387.2055576,18512,"(-111.807015, 41.752979)",in_transit
1790865397.5426278,18512,"(-111.8077855, 41.752759)",in_transit
1790865407.801648,18512,"(-111.8089683, 41.7522878)",in_transit
1790865418.0562458,18512,"(-111.8092688, 41.7517036)",Aggie Village 3
1790865428.299793,18512,"(-111.8092886, 41.7515781)",Aggie Village 3
1790865438.5876443,18512,"(-111.8092885, 41.7515806)",Aggie Village 3
1790865448.8458738,18512,"(-111.8092861, 41.7515838)",Aggie Village 3
1790865459.1184804,18512,"(-111.809258, 41.7508901)",in_transit
1790865469.3667989,18512,"(-111.8092533, 41.750319)",in_transit
1790865479.6231227,18512,"(-111.8092521, 41.7501836)",in_transit
1790865489.8956902,18512,"(-111.8093121, 41.7501131)",in_transit
1790865500.167942,18512,"(-111.81096, 41.7501451)",in_transit
1790865510.4530888,18512,"(-111.8124098, 41.7501608)",in_transit
1790865520.7049825,18512,"(-111.813473, 41.7501588)",in_transit
1790865531.0131695,18512,"(-111.8136598, 41.7501608)",in_transit
1790865541.2799885,18512,"(-111.8137546, 41.7501573)",in_transit
1790865551.544673,18512,"(-111.8138181, 41.7501498)",in_transit
1790865561.802114,18512,"(-111.8139721, 41.749825)",in_transit
1790865572.0717537,18512,"(-111.8140085, 41.7489975)",in_transit
1790865582.3501294,18512,"(-111.814099, 41.7485465)",800 E 900 N
1790865592.6056843,18512,"(-111.8141125, 41.7485345)",800 E 900 N
1790865602.853458,18512,"(-111.8141256, 41.7485316)",800 E 900 N
1790865613.1149383,18512,"(-111.814127, 41.7485336)",800 E 900 N
1790865623.397739,18512,"(-111.8141258, 41.7485271)",800 E 900 N
1790865633.647276,18512,"(-111.8141243, 41.7485175)",800 E 900 N
1790865643.908261,18512,"(-111.8141375, 41.7485168)",800 E 900 N
1790865654.2001,18512,"(-111.8141408, 41.748513)",800 E 900 N
1790865664.4676757,18512,"(-111.8141286, 41.7485136)",800 E 900 N
1790865674.7378063,18512,"(-111.8141326, 41.7485166)",800 E 900 N
1790865685.0147343,18512,"(-111.8141381, 41.748522)",800 E 900 N
1790865695.2730956,18512,"(-111.8140725, 41.7483146)",in_transit
1790865705.5235264,18512,"(-111.8140606, 41.7475645)",in_transit
1790865715.8145351,18512,"(-111.8140855, 41.7469613)",in_transit
1790865726.0688238,18512,"(-111.8141093, 41.7462465)",in_transit
1790865736.3326218,18512,"(-111.8141093, 41.7462465)",in_transit
1790865746.6097307,18512,"(-111.8137025, 41.74444)",in_transit
1790865756.899684,18512,"(-111.8135288, 41.744437)",Field House
1790865767.166636,18512,"(-111.8135348, 41.7444435)",Field House
1790865777.4179811,18512,"(-111.8135395, 41.7444411)",Field House
1790865787.7108333,18512,"(-111.8135436, 41.7444383)",Field House
1790865798.050317,18512,"(-111.8135081, 41.7444406)",Field House
1790865808.3522103,18512,"(-111.8123801, 41.7444565)",in_transit
1790865818.6140037,18512,"(-111.8116891, 41.7444681)",in_transit
1790865828.868093,18512,"(-111.8116066, 41.7444651)",in_transit
1790865839.1299407,18512,"(-111.811527, 41.744463)",in_transit
1790865849.376582,18512,"(-111.8109133, 41.744449)",Veterinary Science
1790865859.6400464,18512,"(-111.8108603, 41.7444503)",Veterinary Science
1790865869.912667,18512,"(-111.8108555, 41.7444331)",Veterinary Science
1790865880.177921,18512,"(-111.81084, 41.7444151)",Veterinary Science
1790865890.427102,18512,"(-111.8105895, 41.7444151)",in_transit
1790865900.685287,18512,"(-111.8100701, 41.744417)",in_transit
1790865910.9415348,18512,"(-111.8097155, 41.7444378)",in_transit
1790865921.2169275,18512,"(-111.8088148, 41.744416)",in_transit
1790865931.4668365,18512,"(-111.8080825, 41.7443936)",Industrial Science
1790865941.7374048,18512,"(-111.808039, 41.7443936)",in_transit
1790865952.0182235,18512,"(-111.8080395, 41.7443891)",in_transit
1790865962.2714453,18512,"(-111.8080478, 41.7443901)",in_transit
1790865972.538792,18512,"(-111.8076325, 41.7443856)",in_transit
1790865982.8131378,18512,"(-111.8061626, 41.744339)",in_transit
1790865993.0989118,18512,"(-111.8051693, 41.744325)",in_transit
1790866003.3945432,18512,"(-111.8047946, 41.7443421)",in_transit
1790866013.6579,18512,"(-111.8045761, 41.7443386)",in_transit
1790866023.9320862,18512,"(-111.8045761, 41.744342)",in_transit
1790866034.221515,18512,"(-111.804574, 41.7443438)",in_transit
1790866044.4873283,18512,"(-111.804423, 41.7443306)",in_transit
1790866054.7458797,18512,"(-111.8042631, 41.7451066)",Aggie Ice Cream
1790866064.9962788,18512,"(-111.8042736, 41.7456638)",in_transit
1790866075.2538786,18512,"(-111.804268, 41.7456655)",in_transit
1790866085.5134318,18512,"(-111.8042863, 41.7461008)",in_transit
1790866095.7678366,18512,"(-111.8042096, 41.7465338)",in_transit
1790866106.0324397,18512,"(-111.8043043, 41.7477928)",in_transit
1790866116.2895029,18512,"(-111.804321, 41.7486531)",in_transit
1790866126.5500984,18512,"(-111.8043406, 41.7492083)",in_transit
1790866136.7856047,18512,"(-111.803452, 41.7492938)",in_transit
1790866147.0753803,18512,"(-111.8023208, 41.7493118)",in_transit
1790866157.325323,18512,"(-111.801838, 41.749498)",in_transit
1790866167.583772,18512,"(-111.801838, 41.749498)",in_transit
1790866177.832278,18512,"(-111.8021163, 41.749622)",Lundstrum
1790866188.0990064,18512,"(-111.8021091, 41.749617)",Lundstrum
1790866198.3715534,18512,"(-111.8021093, 41.7496201)",Lundstrum
1790866208.650249,18512,"(-111.802097, 41.749611)",Lundstrum
1790866218.9032133,18512,"(-111.8021028, 41.7496146)",Lundstrum
1790866229.1631584,18512,"(-111.8021406, 41.7496148)",Lundstrum
1790866239.434417,18512,"(-111.8023861, 41.7494785)",in_transit
1790866249.6908674,18512,"(-111.8029558, 41.7493448)",in_transit
1790866259.9754684,18512,"(-111.8040951, 41.7493758)",in_transit
1790866270.2260501,18512,"(-111.804377, 41.7498515)",in_transit
1790866280.477562,18512,"(-111.8043696, 41.7507165)",Aggie Village 1
1790866290.7404273,18512,"(-111.8043938, 41.7507745)",Aggie Village 1
1790866301.0518556,18512,"(-111.8044038, 41.7507618)",Aggie Village 1
1790866311.30978,18512,"(-111.8044011, 41.7512025)",in_transit
1790866321.5917745,18512,"(-111.8044028, 41.752053)",in_transit
1790866331.8530664,18512,"(-111.8044793, 41.753027)",in_transit
1790866342.1111224,18512,"(-111.8052445, 41.7530455)",in_transit
1790866352.3648977,18512,"(-111.805977, 41.7530578)",Aggie Village 2
1790866362.6251712,18512,"(-111.8060763, 41.7530541)",Aggie Village 2
1790866372.8916156,18512,"(-111.8060836, 41.7530565)",Aggie Village 2
1790866383.1565683,18512,"(-111.8060641, 41.7530635)",Aggie Village 2
1790866393.4160602,18512,"(-111.8067001, 41.7530335)",in_transit
1790866403.694298,18512,"(-111.808115, 41.7526611)",in_transit
1790866413.948943,18512,"(-111.8089623, 41.75229)",in_transit
1790866424.2188065,18512,"(-111.809266, 41.7516836)",Aggie Village 3
1790866434.4839332,18512,"(-111.8092708, 41.7515875)",Aggie Village 3
1790866444.7478018,18512,"(-111.8092731, 41.751587)",Aggie Village 3
1790866455.0075314,18512,"(-111.8092506, 41.7511625)",in_transit
1790866465.2742584,18512,"(-111.8092436, 41.7502261)",in_transit
1790866475.5860012,18512,"(-111.8092758, 41.75014)",in_transit
1790866485.86593,18512,"(-111.8102, 41.7501291)",in_transit
1790866496.1265,18512,"(-111.8122728, 41.7501638)",in_transit
1790866506.3896794,18512,"(-111.8134681, 41.7501598)",in_transit
1790866516.6481426,18512,"(-111.8139635, 41.7499051)",in_transit
1790866526.9406998,18512,"(-111.8140683, 41.7486973)",800 E 900 N
1790866537.204732,18512,"(-111.8141083, 41.7485475)",800 E 900 N
1790866547.4759414,18512,"(-111.8141143, 41.748546)",800 E 900 N
1790866557.741673,18512,"(-111.8141223, 41.7485411)",800 E 900 N
1790866568.0194516,18512,"(-111.8141346, 41.7485391)",800 E 900 N
1790866578.3157825,18512,"(-111.8141198, 41.7485395)",800 E 900 N
1790866588.5895922,18512,"(-111.8141186, 41.7485348)",800 E 900 N
1790866598.8605473,18512,"(-111.8141176, 41.7485316)",800 E 900 N
1790866609.1308942,18512,"(-111.8141198, 41.7485326)",800 E 900 N
1790866619.3815224,18512,"(-111.8141135, 41.7485191)",800 E 900 N
1790866629.636839,18512,"(-111.81406, 41.748331)",in_transit
1790866639.9066548,18512,"(-111.8140656, 41.7475651)",in_transit
1790866650.1509182,18512,"(-111.8140966, 41.7465985)",in_transit
1790866660.4065797,18512,"(-111.8141098, 41.7460628)",in_transit
1790866670.6840212,18512,"(-111.814119, 41.7456931)",in_transit
1790866680.9415,18512,"(-111.8141286, 41.7455091)",in_transit
1790866691.2037878,18512,"(-111.814113, 41.745427)",in_transit
1790866701.4671273,18512,"(-111.8141313, 41.7453306)",in_transit
1790866711.7337828,18512,"(-111.8141408, 41.7453261)",in_transit
1790866722.0267067,18512,"(-111.814126, 41.7453245)",in_transit
1790866732.2848692,18512,"(-111.8141251, 41.7453013)",in_transit
1790866742.5536196,18512,"(-111.8141045, 41.7452536)",in_transit
1790866752.879136,18512,"(-111.814077, 41.745182)",in_transit
1790866763.1599324,18512,"(-111.8140745, 41.745103)",in_transit
1790866773.4233088,18512,"(-111.814047, 41.7451001)",in_transit
1790866783.7249086,18512,"(-111.8140325, 41.7451001)",in_transit
1790866793.9926744,18512,"(-111.8140406, 41.7450776)",in_transit
1790866804.2484467,18512,"(-111.8140538, 41.745037)",in_transit
1790866814.5071113,18512,"(-111.8141078, 41.7448041)",in_transit
1790866824.8097873,18512,"(-111.8141188, 41.7446515)",in_transit
1790866835.0796454,18512,"(-111.8141411, 41.7446483)",in_transit
1790866845.345441,18512,"(-111.8141516, 41.74465)",in_transit
1790866855.6120677,18512,"(-111.8141528, 41.7446543)",in_transit
1790866865.8790781,18512,"(-111.8141416, 41.7446185)",in_transit
1790866876.1360722,18512,"(-111.8138995, 41.7444478)",in_transit
1790866886.4066737,18512,"(-111.8135071, 41.7444271)",Field House
1790866896.6707258,18512,"(-111.8135158, 41.7444395)",Field House
1790866906.929904,18512,"(-111.8135295, 41.744453)",Field House
1790866917.195036,18512,"(-111.8135353, 41.7444626)",Field House
1790866927.4582474,18512,"(-111.8135218, 41.7444616)",Field House
1790866937.7220519,18512,"(-111.8126373, 41.7444585)",in_transit
1790866947.9852583,18512,"(-111.8118526, 41.7444561)",in_transit
1790866958.256242,18512,"(-111.8110938, 41.7444423)",Veterinary Science
1790866968.5189028,18512,"(-111.8108816, 41.7444528)",Veterinary Science
1790866978.8099422,18512,"(-111.8108961, 41.744458)",Veterinary Science
1790866989.074547,18512,"(-111.8109046, 41.7444543)",Veterinary Science
1790866999.334164,18512,"(-111.8099038, 41.744433)",in_transit
1790867009.6007783,18512,"(-111.8085798, 41.744392)",in_transit
1790867019.8732154,18512,"(-111.8081835, 41.7443808)",Industrial Science
1790867030.1678,18512,"(-111.8080285, 41.744382)",in_transit
1790867040.4435387,18512,"(-111.8080325, 41.7443858)",in_transit
1790867050.7060933,18512,"(-111.8077098, 41.7443865)",in_transit
1790867060.957372,18512,"(-111.8063381, 41.7443321)",in_transit
1790867071.2143285,18512,"(-111.8052455, 41.7443111)",in_transit
1790867081.476561,18512,"(-111.8042653, 41.7445875)",in_transit
1790867091.717928,18512,"(-111.8042788, 41.7456955)",in_transit
1790867101.9932399,18512,"(-111.8042788, 41.7456955)",in_transit
1790867112.2589304,18512,"(-111.8042696, 41.7457971)",in_transit
1790867122.5582633,18512,"(-111.8042838, 41.7459961)",in_transit
1790867132.8352292,18512,"(-111.8042503, 41.7464675)",in_transit
1790867143.15724,18512,"(-111.8043131, 41.7478106)",in_transit
1790867153.430666,18512,"(-111.8043298, 41.7487363)",in_transit
1790867163.7051861,18512,"(-111.8039888, 41.7492931)",in_transit
1790867173.9580457,18512,"(-111.8029301, 41.7493098)",in_transit
1790867184.2145429,18512,"(-111.8018443, 41.7493968)",in_transit
1790867194.479895,18512,"(-111.8019488, 41.7495808)",Lundstrum
1790867204.761049,18512,"(-111.802107, 41.74963)",Lundstrum
1790867215.0197093,18512,"(-111.8021041, 41.7496315)",Lundstrum
1790867225.265116,18512,"(-111.8021078, 41.7496331)",Lundstrum
1790867235.5254016,18512,"(-111.8021085, 41.7496296)",Lundstrum
1790867245.7786677,18512,"(-111.8021306, 41.7496126)",Lundstrum
1790867256.0520294,18512,"(-111.802374, 41.7494886)",in_transit
1790867266.306988,18512,"(-111.8033983, 41.7493433)",in_transit
1790867276.565803,18512,"(-111.8040486, 41.749373)",in_transit
1790867286.8366604,18512,"(-111.8043735, 41.7496868)",in_transit
1790867297.0978656,18512,"(-111.8043593, 41.7503558)",in_transit
1790867307.3586397,18512,"(-111.8043713, 41.7506653)",in_transit
1790867317.6304693,18512,"(-111.804381, 41.7508018)",Aggie Village 1
1790867327.8730712,18512,"(-111.8044031, 41.7513633)",in_transit
1790867338.120959,18512,"(-111.804411, 41.7525388)",in_transit
1790867348.374198,18512,"(-111.804509, 41.7530415)",in_transit
1790867358.6402924,18512,"(-111.8056518, 41.7530541)",in_transit
1790867368.8997157,18512,"(-111.8059565, 41.7530626)",Aggie Village 2
1790867379.1612768,18512,"(-111.8060586, 41.7530748)",Aggie Village 2
1790867389.4522448,18512,"(-111.8063208, 41.7530611)",in_transit
1790867399.718943,18512,"(-111.807581, 41.75282)",in_transit
1790867409.9712913,18512,"(-111.8085581, 41.7525408)",in_transit
1790867420.2355123,18512,"(-111.8091501, 41.7520131)",in_transit
1790867430.553187,18512,"(-111.8092741, 41.7515871)",Aggie Village 3
1790867440.803906,18512,"(-111.8092655, 41.7515641)",Aggie Village 3
1790867451.0707285,18512,"(-111.8092468, 41.7510113)",in_transit
1790867461.3178697,18512,"(-111.8092495, 41.7503538)",in_transit
1790867471.5962584,18512,"(-111.8092518, 41.7501733)",in_transit
1790867481.858571,18512,"(-111.8109478, 41.7501423)",in_transit
1790867492.1477222,18512,"(-111.812338, 41.750159)",in_transit
1790867502.4447784,18512,"(-111.8136568, 41.7501495)",in_transit
1790867512.7157128,18512,"(-111.8136798, 41.7501495)",in_transit
1790867522.9642937,18512,"(-111.8136818, 41.750152)",in_transit
1790867533.2498217,18512,"(-111.8137846, 41.7501468)",in_transit
1790867543.5660696,18512,"(-111.8139776, 41.7496706)",in_transit
1790867553.8377807,18512,"(-111.8140825, 41.7486503)",800 E 900 N
1790867564.1065392,18512,"(-111.8141, 41.7485455)",800 E 900 N
1790867574.3654222,18512,"(-111.814107, 41.7485386)",800 E 900 N
1790867584.618876,18512,"(-111.814109, 41.7485315)",800 E 900 N
1790867594.882961,18512,"(-111.8141118, 41.7485363)",800 E 900 N
1790867605.1455383,18512,"(-111.814105, 41.7485476)",800 E 900 N
1790867615.4199562,18512,"(-111.8140936, 41.7485575)",800 E 900 N
1790867625.6814582,18512,"(-111.8140958, 41.7485566)",800 E 900 N
1790867635.9534569,18512,"(-111.8141008, 41.7483701)",in_transit
1790867646.2093925,18512,"(-111.8149633, 41.7483123)",in_transit
1790867656.4823909,18512,"(-111.8162231, 41.7483338)",in_transit
1790867666.7564192,18512,"(-111.817158, 41.7483505)",in_transit
1790867677.0205317,18512,"(-111.8186821, 41.7483778)",in_transit
1790867687.3319798,18512,"(-111.8189226, 41.7483791)",in_transit
1790867697.5893097,18512,"(-111.8189226, 41.7483791)",in_transit
1790867707.850983,18512,"(-111.8189226, 41.7483791)",in_transit
1790867718.1777942,18512,"(-111.8189226, 41.7483791)",in_transit
1790867728.439823,18512,"(-111.8189226, 41.7483791)",in_transit
1790867738.7146647,18512,"(-111.8191846, 41.744694)",in_transit
1790867748.9828053,18512,"(-111.8192448, 41.743276)",in_transit
1790867759.255359,18512,"(-111.8192913, 41.7423066)",in_transit
1790867769.5090156,18512,"(-111.8193305, 41.7410536)",in_transit
1790867779.7745972,18512,"(-111.8192646, 41.7405503)",in_transit
1790867790.0445065,18512,"(-111.8185303, 41.7406656)",in_transit
1790867800.3020515,18512,"(-111.8170295, 41.7406348)",in_transit
1790867810.6291225,18512,"(-111.8167473, 41.7409711)",in_transit
1790867820.885129,18512,"(-111.8167123, 41.7422578)",in_transit
1790867831.155542,18512,"(-111.8166918, 41.7430501)",in_transit
1790867841.4151382,18512,"(-111.8162346, 41.7442863)",in_transit
1790867851.6740606,18512,"(-111.8152808, 41.7444738)",in_transit
1790867861.9329267,18512,"(-111.8144816, 41.7444758)",in_transit
1790867872.1935918,18512,"(-111.8143565, 41.7444718)",in_transit
1790867882.4512217,18512,"(-111.8143463, 41.7444576)",in_transit
1790867892.711861,18512,"(-111.8137821, 41.7444351)",in_transit
1790867902.9725754,18512,"(-111.8135423, 41.7444188)",Field House
1790867913.2438052,18512,"(-111.8135408, 41.744435)",Field House
1790867923.517334,18512,"(-111.8135611, 41.7444403)",Field House
1790867933.7859728,18512,"(-111.8135593, 41.7444508)",Field House
1790867944.076671,18512,"(-111.8135681, 41.7444581)",Field House
1790867954.3354712,18512,"(-111.8126975, 41.744476)",in_transit
1790867964.6562345,18512,"(-111.8117921, 41.7444653)",in_transit
1790867974.9164991,18512,"(-111.8116018, 41.7444571)",in_transit
1790867985.1820865,18512,"(-111.8115991, 41.7444561)",in_transit
1790867995.4356456,18512,"(-111.8113518, 41.7444475)",in_transit
1790868005.7336364,18512,"(-111.8110763, 41.7444436)",Veterinary Science
1790868015.9972832,18512,"(-111.810845, 41.7444318)",Veterinary Science
1790868026.2644444,18512,"(-111.8101696, 41.7444253)",in_transit
1790868036.5121822,18512,"(-111.8092103, 41.7444131)",in_transit
1790868046.7888038,18512,"(-111.8082565, 41.744399)",Industrial Science
1790868057.0428345,18512,"(-111.8080393, 41.7443936)",in_transit
1790868067.3075745,18512,"(-111.8077813, 41.7443903)",in_transit
1790868077.6189246,18512,"(-111.8068648, 41.7443506)",in_transit
1790868087.8771122,18512,"(-111.8052738, 41.7443178)",in_transit
1790868098.1310177,18512,"(-111.8049105, 41.7443386)",in_transit
1790868108.3891053,18512,"(-111.804755, 41.7443321)",in_transit
1790868118.6582427,18512,"(-111.8046978, 41.7443305)",in_transit
1790868128.9574122,18512,"(-111.8042501, 41.7445165)",in_transit
1790868139.225726,18512,"(-111.8042706, 41.7452455)",Aggie Ice Cream
1790868149.5452123,18512,"(-111.804279, 41.7455361)",in_transit
1790868159.815707,18512,"(-111.8042943, 41.7458328)",in_transit
1790868170.0945299,18512,"(-111.8043246, 41.7463586)",in_transit
1790868180.3603632,18512,"(-111.8043093, 41.7468583)",in_transit
1790868190.6294737,18512,"(-111.8043308, 41.7481218)",in_transit
1790868200.91517,18512,"(-111.804375, 41.7491421)",in_transit
1790868211.189433,18512,"(-111.8038055, 41.7492828)",in_transit
1790868221.4558518,18512,"(-111.8023013, 41.749303)",in_transit
1790868231.7090867,18512,"(-111.8018421, 41.7494963)",in_transit
1790868241.963983,18512,"(-111.8018421, 41.7494963)",in_transit
1790868252.2406538,18512,"(-111.802102, 41.7496226)",Lundstrum
1790868262.5073278,18512,"(-111.8020925, 41.7496166)",Lundstrum
1790868272.762204,18512,"(-111.8020903, 41.749615)",Lundstrum
1790868283.0283964,18512,"(-111.8020991, 41.7496161)",Lundstrum
1790868293.3190641,18512,"(-111.8023681, 41.7494733)",in_transit
1790868303.5951493,18512,"(-111.8032716, 41.7493415)",in_transit
1790868313.8879917,18512,"(-111.804038, 41.7493685)",in_transit
1790868324.2193172,18512,"(-111.8043813, 41.74977)",in_transit
1790868334.4857113,18512,"(-111.8043776, 41.7507085)",Aggie Village 1
1790868344.748749,18512,"(-111.8043978, 41.7507743)",Aggie Village 1
1790868355.0104802,18512,"(-111.8044125, 41.751044)",in_transit
1790868365.3336174,18512,"(-111.8044221, 41.7518621)",in_transit
1790868375.5832968,18512,"(-111.804448, 41.752986)",in_transit
1790868385.8610048,18512,"(-111.8052861, 41.7530465)",in_transit
1790868396.136942,18512,"(-111.8059908, 41.7530611)",Aggie Village 2
1790868406.4268792,18512,"(-111.8060601, 41.7530703)",Aggie Village 2
1790868416.6711848,18512,"(-111.8060751, 41.7530608)",Aggie Village 2
1790868426.9518018,18512,"(-111.8066748, 41.7530315)",in_transit
1790868437.2063313,18512,"(-111.8082026, 41.7526321)",in_transit
1790868447.4849684,18512,"(-111.809015, 41.7522428)",in_transit
1790868457.7423196,18512,"(-111.8092676, 41.7516841)",Aggie Village 3
1790868468.0018291,18512,"(-111.8092766, 41.7515868)",Aggie Village 3
1790868478.2755258,18512,"(-111.8092581, 41.7512871)",in_transit
1790868488.5346944,18512,"(-111.8092573, 41.750274)",in_transit
1790868498.7824292,18512,"(-111.8093836, 41.750099)",in_transit
1790868509.0721898,18512,"(-111.8101741, 41.7501196)",in_transit
1790868519.3330584,18512,"(-111.8122286, 41.7501491)",in_transit
1790868529.5838835,18512,"(-111.8136661, 41.7501456)",in_transit
1790868539.846945,18512,"(-111.8136791, 41.7501478)",in_transit
1790868550.124762,18512,"(-111.8138265, 41.7501476)",in_transit
1790868560.3811266,18512,"(-111.8139825, 41.749961)",in_transit
1790868570.6904407,18512,"(-111.814077, 41.7487141)",800 E 900 N
1790868580.9599454,18512,"(-111.814108, 41.748551)",800 E 900 N
1790868591.2405071,18512,"(-111.8141215, 41.7485546)",800 E 900 N
1790868601.4948678,18512,"(-111.8141213, 41.7485576)",800 E 900 N
1790868611.7813241,18512,"(-111.8141151, 41.7485026)",800 E 900 N
1790868622.044337,18512,"(-111.8144096, 41.7483051)",in_transit
1790868632.2949002,18512,"(-111.8155653, 41.748323)",in_transit
1790868642.5534444,18512,"(-111.8168925, 41.7483343)",in_transit
1790868652.8067896,18512,"(-111.8176211, 41.7483491)",in_transit
1790868663.068921,18512,"(-111.8185488, 41.7483645)",in_transit
1790868673.3330498,18512,"(-111.8188031, 41.7483658)",in_transit
1790868683.592486,18512,"(-111.8188416, 41.7483626)",in_transit
1790868693.860246,18512,"(-111.8188615, 41.7483643)",in_transit
1790868704.1427894,18512,"(-111.818957, 41.7483601)",in_transit
1790868714.4327526,18512,"(-111.8191235, 41.7481681)",in_transit
1790868724.6994078,18512,"(-111.8191685, 41.747049)",in_transit
1790868734.9630964,18512,"(-111.8191926, 41.7462091)",in_transit
1790868745.2133944,18512,"(-111.8191971, 41.744965)",in_transit
1790868755.5014923,18512,"(-111.8192215, 41.7440893)",in_transit
1790868765.7975702,18512,"(-111.819283, 41.7427161)",in_transit
1790868776.059635,18512,"(-111.8193286, 41.741395)",in_transit
1790868786.317445,18512,"(-111.8194268, 41.7408478)",in_transit
1790868796.6295912,18512,"(-111.8189973, 41.7406545)",in_transit
1790868806.914278,18512,"(-111.8178346, 41.7406575)",in_transit
1790868817.1748774,18512,"(-111.8169663, 41.7406483)",in_transit
1790868827.4512258,18512,"(-111.8167221, 41.7415283)",in_transit
1790868837.706084,18512,"(-111.8166833, 41.7428148)",in_transit
1790868847.9879916,18512,"(-111.8166363, 41.7436555)",in_transit
1790868858.2539895,18512,"(-111.8156996, 41.7444663)",in_transit
1790868868.5158145,18512,"(-111.8149353, 41.7444788)",in_transit
1790868878.7957063,18512,"(-111.8148143, 41.7444891)",in_transit
1790868889.0632029,18512,"(-111.8143011, 41.7444881)",in_transit
1790868899.323848,18512,"(-111.8136383, 41.7444403)",Field House
1790868909.588026,18512,"(-111.8135283, 41.744443)",Field House
1790868919.8583846,18512,"(-111.8135423, 41.744454)",Field House
1790868930.1283329,18512,"(-111.8134063, 41.7444755)",Field House
1790868940.3903413,18512,"(-111.8120655, 41.7444701)",in_transit
1790868950.65457,18512,"(-111.8117305, 41.7444746)",in_transit
1790868960.91485,18512,"(-111.8116205, 41.744473)",in_transit
1790868971.214515,18512,"(-111.8113671, 41.7444566)",in_transit
1790868981.4745278,18512,"(-111.8110558, 41.7444496)",Veterinary Science
1790868991.7631142,18512,"(-111.8108965, 41.7444498)",Veterinary Science
1790869002.0217006,18512,"(-111.8106538, 41.7444451)",in_transit
1790869012.272767,18512,"(-111.8099145, 41.7444381)",in_transit
1790869022.5280354,18512,"(-111.8085541, 41.7444091)",in_transit
1790869032.854762,18512,"(-111.808194, 41.7443945)",Industrial Science
1790869043.1207702,18512,"(-111.808072, 41.7443875)",in_transit
1790869053.3862813,18512,"(-111.8080686, 41.744388)",in_transit
1790869063.648805,18512,"(-111.8069005, 41.7443515)",in_transit
1790869073.91389,18512,"(-111.805308, 41.7443205)",in_transit
1790869084.190326,18512,"(-111.8046348, 41.7443381)",in_transit
1790869094.4524841,18512,"(-111.8043868, 41.7443396)",in_transit
1790869104.7176464,18512,"(-111.804267, 41.7450515)",Aggie Ice Cream
1790869114.9758272,18512,"(-111.8042761, 41.7461055)",in_transit
1790869125.239653,18512,"(-111.8042761, 41.7461055)",in_transit
1790869135.525205,18512,"(-111.8042796, 41.7461025)",in_transit
1790869145.804225,18512,"(-111.8042808, 41.7460961)",in_transit
1790869156.056948,18512,"(-111.804213, 41.7465416)",in_transit
1790869166.3187363,18512,"(-111.8043105, 41.747167)",in_transit
1790869176.571203,18512,"(-111.8043253, 41.7484638)",in_transit
1790869186.892514,18512,"(-111.8043653, 41.7491291)",in_transit
1790869197.149077,18512,"(-111.8037805, 41.7492845)",in_transit
1790869207.4178085,18512,"(-111.8022255, 41.7493121)",in_transit
1790869217.68892,18512,"(-111.8018686, 41.749512)",in_transit
1790869227.9523473,18512,"(-111.8021035, 41.7496378)",Lundstrum
1790869238.218047,18512,"(-111.802106, 41.7496513)",Lundstrum
1790869248.489394,18512,"(-111.8021065, 41.7496596)",Lundstrum
1790869258.811695,18512,"(-111.8021066, 41.749658)",Lundstrum
1790869269.086257,18512,"(-111.8021075, 41.74966)",Lundstrum
1790869279.3459592,18512,"(-111.8021633, 41.749648)",Lundstrum
1790869289.600586,18512,"(-111.8023991, 41.7494675)",in_transit
1790869299.8866096,18512,"(-111.8033706, 41.7493458)",in_transit
1790869310.135238,18512,"(-111.804335, 41.7495676)",in_transit
1790869320.418357,18512,"(-111.804365, 41.7504233)",in_transit
1790869330.679337,18512,"(-111.8043766, 41.750695)",Aggie Village 1
1790869340.9504828,18512,"(-111.8043803, 41.7507713)",Aggie Village 1
1790869351.2391264,18512,"(-111.804404, 41.7516653)",in_transit
1790869361.4959407,18512,"(-111.8044061, 41.7525413)",in_transit
1790869371.7533486,18512,"(-111.804895, 41.7530421)",in_transit
1790869382.005933,18512,"(-111.8056995, 41.7530451)",in_transit
1790869392.2656038,18512,"(-111.8059911, 41.7530546)",Aggie Village 2
1790869402.5419326,18512,"(-111.8060601, 41.7530686)",Aggie Village 2
1790869412.8078382,18512,"(-111.807156, 41.7529323)",in_transit
1790869423.0529895,18512,"(-111.808154, 41.7526498)",in_transit
1790869433.3132272,18512,"(-111.8091756, 41.7519746)",in_transit
1790869443.5809197,18512,"(-111.8092758, 41.7516693)",Aggie Village 3
1790869453.8526566,18512,"(-111.8092868, 41.751575)",Aggie Village 3
1790869464.1732328,18512,"(-111.80927, 41.7513708)",in_transit
1790869474.4318984,18512,"(-111.8092681, 41.7504038)",in_transit
1790869484.6979659,18512,"(-111.8092705, 41.750214)",in_transit
1790869494.9702666,18512,"(-111.809519, 41.7500993)",in_transit
1790869505.2631383,18512,"(-111.8108081, 41.7501281)",in_transit
1790869515.5193703,18512,"(-111.8127208, 41.7501626)",in_transit
1790869525.809474,18512,"(-111.8136598, 41.7501595)",in_transit
1790869536.0748844,18512,"(-111.8139873, 41.7493143)",in_transit
1790869546.3470578,18512,"(-111.8140881, 41.7486918)",800 E 900 N
1790869556.5989544,18512,"(-111.8141048, 41.748546)",800 E 900 N
1790869566.9183345,18512,"(-111.814101, 41.7485416)",800 E 900 N
1790869577.1763873,18512,"(-111.8141048, 41.7485458)",800 E 900 N
1790869587.4368596,18512,"(-111.8140581, 41.7483846)",in_transit
1790869597.7292461,18512,"(-111.8140803, 41.747429)",in_transit
1790869607.9959757,18512,"(-111.8141283, 41.7462138)",in_transit
1790869618.28144,18512,"(-111.8141283, 41.7462138)",in_transit
1790869628.53149,18512,"(-111.8141456, 41.7447918)",in_transit
1790869638.8084025,18512,"(-111.8141456, 41.7446853)",in_transit
1790869649.061861,18512,"(-111.8138776, 41.7444363)",in_transit
1790869659.3224194,18512,"(-111.8138776, 41.7444363)",in_transit
1790869669.5745337,18512,"(-111.8135388, 41.7444513)",Field House
1790869679.8201382,18512,"(-111.8135386, 41.7444571)",Field House
1790869690.066786,18512,"(-111.8135475, 41.744449)",Field House
1790869700.3128188,18512,"(-111.8129385, 41.7444658)",in_transit
1790869710.6123142,18512,"(-111.8116151, 41.744467)",in_transit
1790869720.8629224,18512,"(-111.810923, 41.7444466)",Veterinary Science
1790869731.1206117,18512,"(-111.8108696, 41.7444443)",Veterinary Science
1790869741.3893745,18512,"(-111.81087, 41.7444421)",Veterinary Science
1790869751.6458526,18512,"(-111.8106553, 41.7444413)",in_transit
1790869761.9035294,18512,"(-111.8092338, 41.7444131)",in_transit
1790869772.2112925,18512,"(-111.8082871, 41.7443921)",Industrial Science
1790869782.4728606,18512,"(-111.8080546, 41.7443848)",in_transit
1790869792.7704732,18512,"(-111.808049, 41.7443815)",in_transit
1790869803.0364318,18512,"(-111.8076675, 41.7443761)",in_transit
1790869813.3451328,18512,"(-111.8066953, 41.7443463)",in_transit
1790869823.5947154,18512,"(-111.805093, 41.7443248)",in_transit
1790869833.8531778,18512,"(-111.8042791, 41.7443843)",in_transit
1790869844.1216125,18512,"(-111.804284, 41.745408)",in_transit
1790869854.388536,18512,"(-111.804291, 41.7456348)",in_transit
1790869864.661444,18512,"(-111.804291, 41.745674)",in_transit
1790869874.9498289,18512,"(-111.8043115, 41.746127)",in_transit
1790869885.2136285,18512,"(-111.8043141, 41.7468823)",in_transit
1790869895.4843976,18512,"(-111.8043305, 41.74766)",in_transit
1790869905.7503006,18512,"(-111.8043493, 41.7486996)",in_transit
1790869916.008132,18512,"(-111.804131, 41.7492885)",in_transit
1790869926.2740295,18512,"(-111.8034825, 41.7492993)",in_transit
1790869936.5367916,18512,"(-111.8021095, 41.7493255)",in_transit
1790869946.796003,18512,"(-111.8019043, 41.7495725)",Lundstrum
1790869957.0577147,18512,"(-111.8020983, 41.7496355)",Lundstrum
1790869967.338208,18512,"(-111.8020868, 41.7496416)",Lundstrum
1790869977.6034606,18512,"(-111.8020828, 41.749644)",Lundstrum
1790869987.8658261,18512,"(-111.8020781, 41.7496485)",Lundstrum
1790869998.1113834,18512,"(-111.8021601, 41.7496305)",Lundstrum
1790870008.371083,18512,"(-111.8021601, 41.7496305)",Lundstrum
1790870018.629368,18512,"(-111.8034411, 41.749349)",in_transit
1790870028.899498,18512,"(-111.804135, 41.749403)",in_transit
1790870039.172797,18512,"(-111.8043668, 41.749881)",in_transit
1790870049.4412227,18512,"(-111.8043811, 41.7507053)",Aggie Village 1
1790870059.7148302,18512,"(-111.804394, 41.750793)",Aggie Village 1
1790870069.980433,18512,"(-111.8044026, 41.7509911)",in_transit
1790870080.258855,18512,"(-111.8044128, 41.7521546)",in_transit
1790870090.5271518,18512,"(-111.8044138, 41.752912)",in_transit
1790870100.786348,18512,"(-111.8052605, 41.7530513)",in_transit
1790870111.047934,18512,"(-111.8059851, 41.753064)",Aggie Village 2
1790870121.303922,18512,"(-111.8060756, 41.753064)",Aggie Village 2
1790870131.6008456,18512,"(-111.8060743, 41.7530676)",Aggie Village 2
1790870141.889943,18512,"(-111.8060618, 41.7530626)",Aggie Village 2
1790870152.1502109,18512,"(-111.8060625, 41.7530556)",Aggie Village 2
1790870162.4202113,18512,"(-111.8066623, 41.7530328)",in_transit
1790870172.685256,18512,"(-111.8080631, 41.7526703)",in_transit
1790870182.9539266,18512,"(-111.8091536, 41.7520408)",in_transit
1790870193.2138538,18512,"(-111.8092751, 41.7516643)",Aggie Village 3
1790870203.464863,18512,"(-111.8092881, 41.751576)",Aggie Village 3
1790870213.7165234,18512,"(-111.8092748, 41.751291)",in_transit
1790870223.9771273,18512,"(-111.8092743, 41.7505893)",in_transit
1790870234.231819,18512,"(-111.809276, 41.7503145)",in_transit
1790870244.4960072,18512,"(-111.8093825, 41.7500851)",in_transit
1790870254.7638028,18512,"(-111.8101186, 41.7501105)",in_transit
1790870275.3289292,18512,"(-111.8132121, 41.7501478)",in_transit
1790870285.5922928,18512,"(-111.8136785, 41.750148)",in_transit
1790870295.8685558,18512,"(-111.8139756, 41.7498113)",in_transit
1790870306.172763,18512,"(-111.8140235, 41.7488746)",in_transit
1790870316.438969,18512,"(-111.8140921, 41.7486435)",800 E 900 N
1790870326.6958055,18512,"(-111.8140886, 41.7485535)",800 E 900 N
1790870336.9489937,18512,"(-111.8140803, 41.748562)",800 E 900 N
1790873981.878892,18512,"(-111.8092506, 41.7504823)",in_transit
1790873992.197209,18512,"(-111.8092508, 41.7502958)",in_transit
1790874002.4483454,18512,"(-111.8098415, 41.7501201)",in_transit
1790874012.6987221,18512,"(-111.810866, 41.7501436)",in_transit
1790874022.9865026,18512,"(-111.8124305, 41.7501658)",in_transit
1790874033.2995486,18512,"(-111.8131603, 41.7501621)",in_transit
1790874043.5539858,18512,"(-111.8134046, 41.75016)",in_transit
1790874053.8218942,18512,"(-111.8138081, 41.7501566)",in_transit
1790874064.10157,18512,"(-111.8139831, 41.7497005)",in_transit
1790874074.3708925,18512,"(-111.8140563, 41.748761)",in_transit
1790874084.625535,18512,"(-111.8140706, 41.7485806)",800 E 900 N
1790874095.0701509,18512,"(-111.8140823, 41.7485828)",800 E 900 N
1790874105.3351572,18512,"(-111.8140798, 41.748591)",800 E 900 N
1790874115.5942917,18512,"(-111.814056, 41.747923)",in_transit
1790874125.8682678,18512,"(-111.8140718, 41.7472886)",in_transit
1790874136.124333,18512,"(-111.8141123, 41.7461351)",in_transit
1790874146.384902,18512,"(-111.8141443, 41.7454045)",in_transit
1790874156.669018,18512,"(-111.8141403, 41.7448263)",in_transit
1790874166.9383433,18512,"(-111.8141331, 41.7446635)",in_transit
1790874177.1886094,18512,"(-111.8141188, 41.7446686)",in_transit
1790874187.4479077,18512,"(-111.8141043, 41.7446731)",in_transit
1790874197.7145457,18512,"(-111.8138706, 41.744463)",in_transit
1790874208.0197284,18512,"(-111.8135913, 41.7444316)",Field House
1790874218.3171778,18512,"(-111.8134578, 41.7444281)",Field House
1790874228.5865011,18512,"(-111.813441, 41.7444358)",Field House
1790874238.860461,18512,"(-111.8134436, 41.7444393)",Field House
1790874249.1237972,18512,"(-111.8134348, 41.7444441)",Field House
1790874259.3922458,18512,"(-111.8134266, 41.7444455)",Field House
1790874269.6541529,18512,"(-111.8134318, 41.7444491)",Field House
1790874279.921605,18512,"(-111.8134436, 41.7444523)",Field House
1790874290.1686316,18512,"(-111.8134376, 41.7444553)",Field House
1790874300.4382942,18512,"(-111.8134353, 41.7444603)",Field House
1790874310.7266984,18512,"(-111.8126806, 41.7444655)",in_transit
1790874321.016725,18512,"(-111.8121515, 41.7444535)",in_transit
1790874331.2714646,18512,"(-111.8119091, 41.7444538)",in_transit
1790874341.5316842,18512,"(-111.8112745, 41.7444493)",in_transit
1790874351.7803235,18512,"(-111.8110161, 41.7444391)",Veterinary Science
1790874362.0504878,18512,"(-111.8108991, 41.7444313)",Veterinary Science
1790874372.3103461,18512,"(-111.8106645, 41.744434)",in_transit
1790874382.5746691,18512,"(-111.8093576, 41.7444078)",in_transit
1790874392.8300257,18512,"(-111.8090268, 41.7443998)",in_transit
1790874403.0983846,18512,"(-111.8085331, 41.7443831)",in_transit
1790874413.3667057,18512,"(-111.8080898, 41.7443808)",Industrial Science
1790874423.6303644,18512,"(-111.8080956, 41.744389)",Industrial Science
1790874433.8887002,18512,"(-111.8075128, 41.7443793)",in_transit
1790874444.1586685,18512,"(-111.806571, 41.744341)",in_transit
1790874454.4561312,18512,"(-111.8051176, 41.7443161)",in_transit
1790874464.729314,18512,"(-111.804831, 41.7443383)",in_transit
1790874475.0303128,18512,"(-111.8046663, 41.744329)",in_transit
1790874485.3524985,18512,"(-111.8045681, 41.7443256)",in_transit
1790874495.62759,18512,"(-111.8045651, 41.7443163)",in_transit
1790874505.8998756,18512,"(-111.8045585, 41.7443071)",in_transit
1790874516.151093,18512,"(-111.8045538, 41.7443066)",in_transit
1790874526.4068215,18512,"(-111.8045525, 41.7443023)",in_transit
1790874536.6733193,18512,"(-111.8043126, 41.7443091)",in_transit
1790874546.9645095,18512,"(-111.8042665, 41.7450666)",Aggie Ice Cream
1790874557.2231562,18512,"(-111.80428, 41.7456733)",in_transit
1790874567.4757853,18512,"(-111.8042983, 41.745685)",in_transit
1790874577.737482,18512,"(-111.8043135, 41.7461245)",in_transit
1790874588.0390782,18512,"(-111.8042306, 41.7465783)",in_transit
1790874598.2930725,18512,"(-111.80432, 41.7476845)",in_transit
1790874608.550046,18512,"(-111.8043548, 41.7489421)",in_transit
1790874618.8097913,18512,"(-111.8041208, 41.7492996)",in_transit
1790874629.093593,18512,"(-111.8030288, 41.7493078)",in_transit
1790874639.356468,18512,"(-111.8018718, 41.7493245)",in_transit
1790874649.8836648,18512,"(-111.8018555, 41.74951)",in_transit
1790874660.1381311,18512,"(-111.80209, 41.749619)",Lundstrum
1790874670.4133642,18512,"(-111.8020833, 41.7496226)",Lundstrum
1790874680.666618,18512,"(-111.8020873, 41.7496258)",Lundstrum
1790874690.9390857,18512,"(-111.8022365, 41.7495831)",Lundstrum
1790874701.2101655,18512,"(-111.8027068, 41.7493558)",in_transit
1790874711.4623263,18512,"(-111.8040758, 41.7493921)",in_transit
1790874721.754052,18512,"(-111.8043643, 41.7498501)",in_transit
1790874732.0096924,18512,"(-111.8043666, 41.7506825)",Aggie Village 1
1790874742.2721884,18512,"(-111.8043636, 41.7507961)",Aggie Village 1
1790874752.5481665,18512,"(-111.8043765, 41.7508621)",Aggie Village 1
1790874762.810685,18512,"(-111.8044075, 41.75195)",in_transit
1790874773.0936954,18512,"(-111.8044141, 41.7527836)",in_transit
1790874783.4096072,18512,"(-111.8046618, 41.7530563)",in_transit
1790874793.658892,18512,"(-111.805962, 41.753068)",Aggie Village 2
1790874803.9290073,18512,"(-111.8060456, 41.7530693)",Aggie Village 2
1790874814.185836,18512,"(-111.806055, 41.753076)",Aggie Village 2
1790874824.4439397,18512,"(-111.8066433, 41.7530346)",in_transit
1790874834.7248323,18512,"(-111.8079311, 41.7527063)",in_transit
1790874844.990371,18512,"(-111.8090448, 41.7521953)",in_transit
1790874855.2600253,18512,"(-111.8092726, 41.751714)",Aggie Village 3
1790874865.517907,18512,"(-111.8092816, 41.7516011)",Aggie Village 3
1790874875.7760563,18512,"(-111.8092638, 41.7513971)",in_transit
1790874886.0371995,18512,"(-111.809254, 41.7507551)",in_transit
1790874896.30824,18512,"(-111.8092488, 41.7502776)",in_transit
1790874906.579696,18512,"(-111.80952, 41.750122)",in_transit
1790874916.8334303,18512,"(-111.8107668, 41.7501481)",in_transit
1790874927.0833488,18512,"(-111.8120123, 41.7501611)",in_transit
1790874937.3478453,18512,"(-111.8135041, 41.7501585)",in_transit
1790874947.6050947,18512,"(-111.8135823, 41.7501631)",in_transit
1790874957.8621333,18512,"(-111.8135711, 41.7501636)",in_transit
1790874968.1574283,18512,"(-111.8136313, 41.7501693)",in_transit
1790874978.4794142,18512,"(-111.8138176, 41.7501606)",in_transit
1790874988.7405627,18512,"(-111.8138631, 41.7501605)",in_transit
1790874999.0478718,18512,"(-111.813975, 41.749413)",in_transit
1790875009.3087244,18512,"(-111.814063, 41.7487328)",800 E 900 N
1790875019.5823257,18512,"(-111.8140821, 41.7485601)",800 E 900 N
1790875029.8491836,18512,"(-111.814088, 41.7485581)",800 E 900 N
1790875040.1052558,18512,"(-111.8140688, 41.7481361)",in_transit
1790875050.3725884,18512,"(-111.8140861, 41.7472518)",in_transit
1790875060.6495857,18512,"(-111.8141033, 41.7464905)",in_transit
1790875070.9099658,18512,"(-111.8141438, 41.7451465)",in_transit
1790875081.2155416,18512,"(-111.8141353, 41.7448546)",in_transit
1790875091.4772549,18512,"(-111.8141443, 41.7447071)",in_transit
1790875101.7390351,18512,"(-111.8141463, 41.744693)",in_transit
1790875112.001622,18512,"(-111.8141413, 41.7446966)",in_transit
1790875122.2575629,18512,"(-111.814142, 41.7445813)",in_transit
1790875132.5152757,18512,"(-111.8138715, 41.7444791)",in_transit
1790875142.792087,18512,"(-111.813616, 41.7444341)",Field House
1790875153.080745,18512,"(-111.8134621, 41.7444328)",Field House
1790875163.3481581,18512,"(-111.8134726, 41.7444336)",Field House
1790875173.6049397,18512,"(-111.8126031, 41.7444556)",in_transit
1790875183.8615663,18512,"(-111.8120075, 41.7444543)",in_transit
1790875194.1567852,18512,"(-111.8110143, 41.74444)",Veterinary Science
1790875204.415922,18512,"(-111.8109153, 41.7444411)",Veterinary Science
1790875214.6788578,18512,"(-111.8109058, 41.7444383)",Veterinary Science
1790875224.936849,18512,"(-111.8106518, 41.7444418)",in_transit
1790875235.1964042,18512,"(-111.809469, 41.7444205)",in_transit
1790875245.4968414,18512,"(-111.8085276, 41.7444018)",in_transit
1790875255.7748227,18512,"(-111.8082193, 41.7443891)",Industrial Science
1790875266.0431387,18512,"(-111.8081, 41.7443863)",Industrial Science
1790875276.3185966,18512,"(-111.8080956, 41.7443895)",Industrial Science
1790875286.5723183,18512,"(-111.807067, 41.7443525)",in_transit
1790875296.8458128,18512,"(-111.8055646, 41.7443218)",in_transit
1790875307.098099,18512,"(-111.8047178, 41.7443326)",in_transit
1790875317.3524747,18512,"(-111.8046123, 41.7443298)",in_transit
1790875327.6128705,18512,"(-111.8046063, 41.7443345)",in_transit
1790875337.86658,18512,"(-111.8043666, 41.7443306)",in_transit
1790875348.1299162,18512,"(-111.8042753, 41.7449423)",in_transit
1790875358.3944492,18512,"(-111.8042801, 41.7455961)",in_transit
1790875368.6582863,18512,"(-111.8042811, 41.7456735)",in_transit
1790875378.9513059,18512,"(-111.804308, 41.74638)",in_transit
1790875389.227082,18512,"(-111.8042913, 41.7468295)",in_transit
1790875399.4906614,18512,"(-111.8043271, 41.7481858)",in_transit
1790875409.765538,18512,"(-111.8043606, 41.7490685)",in_transit
1790875420.0250294,18512,"(-111.8035746, 41.7493051)",in_transit
1790875430.2855601,18512,"(-111.8024956, 41.7493238)",in_transit
1790875440.5588994,18512,"(-111.8018041, 41.749395)",in_transit
1790875450.8144157,18512,"(-111.8018041, 41.749395)",in_transit
1790875461.0686784,18512,"(-111.8020636, 41.749633)",Lundstrum
1790875471.3239636,18512,"(-111.802071, 41.7496373)",Lundstrum
1790875481.593405,18512,"(-111.8020715, 41.7496308)",Lundstrum
1790875491.910508,18512,"(-111.8025581, 41.7493758)",in_transit
1790875502.200508,18512,"(-111.8037788, 41.7493565)",in_transit
1790875512.4770262,18512,"(-111.8043265, 41.7495675)",in_transit
1790875522.7514381,18512,"(-111.804364, 41.7504868)",in_transit
1790875533.0155985,18512,"(-111.8043581, 41.7507428)",Aggie Village 1
1790875543.2709084,18512,"(-111.8043883, 41.7509866)",in_transit
1790875553.5894287,18512,"(-111.8044056, 41.7517788)",in_transit
1790875563.8849113,18512,"(-111.8044026, 41.7529185)",in_transit
1790875574.1452286,18512,"(-111.804645, 41.7530683)",in_transit
1790875584.4084613,18512,"(-111.8054456, 41.753066)",in_transit
1790875594.6739862,18512,"(-111.8060585, 41.7530766)",Aggie Village 2
1790875604.9343138,18512,"(-111.8060601, 41.7530831)",Aggie Village 2
1790875615.1987233,18512,"(-111.806061, 41.7530881)",Aggie Village 2
1790875625.4803936,18512,"(-111.8071461, 41.7529423)",in_transit
1790875635.7217245,18512,"(-111.8084913, 41.752564)",in_transit
1790875645.9848554,18512,"(-111.8091008, 41.7521011)",in_transit
1790875656.2481685,18512,"(-111.809278, 41.751704)",Aggie Village 3
1790875666.554104,18512,"(-111.80928, 41.7516085)",Aggie Village 3
1790875676.801218,18512,"(-111.809261, 41.7513998)",in_transit
1790875687.058367,18512,"(-111.8092655, 41.7504076)",in_transit
1790875697.3793116,18512,"(-111.8092673, 41.7502243)",in_transit
1790875707.6461415,18512,"(-111.8094473, 41.750105)",in_transit
1790875717.907782,18512,"(-111.8116423, 41.750157)",in_transit
1790875728.1772704,18512,"(-111.8131493, 41.750157)",in_transit
1790875738.4307895,18512,"(-111.8139755, 41.7499403)",in_transit
1790875748.6945899,18512,"(-111.8140016, 41.7490411)",in_transit
1790875758.958941,18512,"(-111.8140688, 41.7487325)",800 E 900 N
1790875769.237509,18512,"(-111.8140825, 41.7485623)",800 E 900 N
1790875779.495158,18512,"(-111.8140891, 41.7485671)",800 E 900 N
1790875789.7575727,18512,"(-111.8140783, 41.7483891)",in_transit
1790875800.0383024,18512,"(-111.8140703, 41.7474491)",in_transit
1790875810.2958062,18512,"(-111.8141046, 41.7466605)",in_transit
1790875820.5631976,18512,"(-111.8141201, 41.7462175)",in_transit
1790875830.8307612,18512,"(-111.8141401, 41.7447203)",in_transit
1790875841.0828576,18512,"(-111.8141466, 41.744683)",in_transit
1790875851.3409262,18512,"(-111.813855, 41.7444665)",in_transit
1790875861.64731,18512,"(-111.8135231, 41.7444361)",Field House
1790875871.909217,18512,"(-111.81347, 41.7444348)",Field House
1790875882.2053711,18512,"(-111.8134716, 41.7444455)",Field House
1790875892.485893,18512,"(-111.8134638, 41.7444471)",Field House
1790875902.7502623,18512,"(-111.8123338, 41.7444605)",in_transit
1790875913.0129936,18512,"(-111.8114681, 41.7444538)",in_transit
1790875923.275975,18512,"(-111.8110961, 41.7444445)",Veterinary Science
1790875933.5406218,18512,"(-111.810899, 41.744443)",Veterinary Science
1790875943.8560534,18512,"(-111.8107946, 41.7444521)",in_transit
1790875954.1500115,18512,"(-111.8100078, 41.7444343)",in_transit
1790875964.422923,18512,"(-111.808856, 41.7444016)",in_transit
1790875974.7002554,18512,"(-111.808183, 41.7443868)",Industrial Science
1790875984.9555197,18512,"(-111.808094, 41.7443813)",Industrial Science
1790875995.209036,18512,"(-111.8081051, 41.7443881)",Industrial Science
1790876005.5037453,18512,"(-111.8074281, 41.7443725)",in_transit
1790876015.767487,18512,"(-111.8061575, 41.7443283)",in_transit
1790876026.0274754,18512,"(-111.8051273, 41.7443126)",in_transit
1790876036.3254287,18512,"(-111.8047851, 41.744329)",in_transit
1790876046.571558,18512,"(-111.8045988, 41.7443208)",in_transit
1790876056.8311527,18512,"(-111.8045996, 41.7443208)",in_transit
1790876067.0990684,18512,"(-111.804349, 41.7443201)",in_transit
1790876077.3605456,18512,"(-111.8042676, 41.7449475)",in_transit
1790876087.6548774,18512,"(-111.8042753, 41.7455778)",in_transit
1790876097.9122825,18512,"(-111.8042806, 41.7456906)",in_transit
1790876108.178944,18512,"(-111.8042938, 41.746142)",in_transit
1790876118.460496,18512,"(-111.8042225, 41.7465506)",in_transit
1790876128.718533,18512,"(-111.8043135, 41.7476946)",in_transit
1790876138.99943,18512,"(-111.8043271, 41.748535)",in_transit
1790876149.250051,18512,"(-111.8043565, 41.749174)",in_transit
1790876159.545326,18512,"(-111.8030033, 41.7493063)",in_transit
1790876169.7998743,18512,"(-111.8020091, 41.7493143)",in_transit
1790876180.0708237,18512,"(-111.8018263, 41.7494988)",in_transit
1790876190.3296435,18512,"(-111.802088, 41.7496333)",Lundstrum
1790876200.6262894,18512,"(-111.8020828, 41.749643)",Lundstrum
1790876210.8756018,18512,"(-111.802077, 41.7496458)",Lundstrum
1790876221.136005,18512,"(-111.8020791, 41.7496415)",Lundstrum
1790876231.3967466,18512,"(-111.8021276, 41.7496275)",Lundstrum
1790876241.6559672,18512,"(-111.8026316, 41.7493605)",in_transit
1790876251.924326,18512,"(-111.8036648, 41.7493536)",in_transit
1790876262.1876452,18512,"(-111.8043795, 41.7498291)",in_transit
1790876272.4545596,18512,"(-111.8043635, 41.7504861)",in_transit
1790876282.7078264,18512,"(-111.8043601, 41.7507988)",Aggie Village 1
1790876292.9637141,18512,"(-111.8043851, 41.7509791)",in_transit
1790876303.2346654,18512,"(-111.8043951, 41.7516978)",in_transit
1790876313.5113473,18512,"(-111.804399, 41.752922)",in_transit
1790876323.7630847,18512,"(-111.804399, 41.752922)",in_transit
1790876334.0584865,18512,"(-111.804421, 41.753052)",in_transit
1790876344.3127148,18512,"(-111.8056495, 41.7530613)",in_transit
1790876354.5778322,18512,"(-111.8059658, 41.7530755)",Aggie Village 2
1790876364.8319085,18512,"(-111.8060623, 41.7530786)",Aggie Village 2
1790876375.0935023,18512,"(-111.8065075, 41.7530541)",in_transit
1790876385.353591,18512,"(-111.8079325, 41.7527221)",in_transit
1790876395.6356647,18512,"(-111.809073, 41.7521458)",in_transit
1790876405.9414556,18512,"(-111.8092715, 41.7516693)",Aggie Village 3
1790876416.2090902,18512,"(-111.8092713, 41.7516035)",Aggie Village 3
1790876426.4822145,18512,"(-111.8092711, 41.751587)",Aggie Village 3
1790876436.7520287,18512,"(-111.8092433, 41.7507278)",in_transit
1790876447.0226355,18512,"(-111.8092486, 41.7504048)",in_transit
1790876457.3036637,18512,"(-111.8092573, 41.7502263)",in_transit
1790876467.562902,18512,"(-111.8095278, 41.7501161)",in_transit
1790876477.8251278,18512,"(-111.8113663, 41.7501491)",in_transit
1790876488.0822823,18512,"(-111.8127716, 41.7501588)",in_transit
1790876498.3519902,18512,"(-111.8133821, 41.7501545)",in_transit
1790876508.6192386,18512,"(-111.8134701, 41.7501543)",in_transit
1790876518.8886333,18512,"(-111.8135606, 41.7501573)",in_transit
1790876529.1501672,18512,"(-111.8135941, 41.750158)",in_transit
1790876539.4476144,18512,"(-111.8135941, 41.7501568)",in_transit
1790876549.7086427,18512,"(-111.813586, 41.7501633)",in_transit
1790876559.9722219,18512,"(-111.8135933, 41.7501598)",in_transit
1790876570.238114,18512,"(-111.8139661, 41.7499695)",in_transit
1790876580.5349662,18512,"(-111.8139828, 41.7491306)",in_transit
1790876590.7900958,18512,"(-111.814085, 41.7486076)",800 E 900 N
1790876601.084634,18512,"(-111.8140956, 41.7485475)",800 E 900 N
1790876611.3435454,18512,"(-111.8141033, 41.7485531)",800 E 900 N
1790876621.6117957,18512,"(-111.8141208, 41.7485485)",800 E 900 N
1790876631.8745751,18512,"(-111.814127, 41.7485406)",800 E 900 N
1790876642.1338954,18512,"(-111.8141256, 41.7485361)",800 E 900 N
1790876652.4028144,18512,"(-111.8141283, 41.7485388)",800 E 900 N
1790876662.6492524,18512,"(-111.8141263, 41.7485418)",800 E 900 N
1790876672.9030187,18512,"(-111.8141161, 41.7485538)",800 E 900 N
1790876683.1646566,18512,"(-111.8140971, 41.7484895)",800 E 900 N
1790876693.4274225,18512,"(-111.8140646, 41.7478531)",in_transit
1790876703.7212856,18512,"(-111.8140883, 41.7469846)",in_transit
1790876713.9649606,18512,"(-111.8141103, 41.7462551)",in_transit
1790876724.2368834,18512,"(-111.8141458, 41.7450565)",in_transit
1790876734.492672,18512,"(-111.8141398, 41.7448528)",in_transit
1790876744.7538407,18512,"(-111.8141473, 41.7447771)",in_transit
1790876755.0223305,18512,"(-111.8141555, 41.744755)",in_transit
1790876765.2805912,18512,"(-111.8141461, 41.744715)",in_transit
1790876775.531537,18512,"(-111.813875, 41.7444853)",in_transit
1790876785.7914145,18512,"(-111.8134965, 41.7444331)",Field House
1790876796.0484169,18512,"(-111.8134803, 41.7444305)",Field House
1790876806.3076882,18512,"(-111.8134708, 41.7444293)",Field House
1790876816.591166,18512,"(-111.813464, 41.7444243)",Field House
1790876826.8477125,18512,"(-111.8134681, 41.744433)",Field House
1790876837.1156645,18512,"(-111.8132205, 41.7444548)",in_transit
1790876847.3669736,18512,"(-111.8122225, 41.7444648)",in_transit
1790876857.6404428,18512,"(-111.8116918, 41.7444713)",in_transit
1790876867.8997078,18512,"(-111.811664, 41.7444663)",in_transit
1790876878.1456547,18512,"(-111.8116446, 41.7444688)",in_transit
1790876888.397367,18512,"(-111.8111231, 41.7444525)",Veterinary Science
1790876898.6564221,18512,"(-111.8109155, 41.744448)",Veterinary Science
1790876908.9546916,18512,"(-111.8109081, 41.7444496)",Veterinary Science
1790876919.2210767,18512,"(-111.8109021, 41.744435)",Veterinary Science
1790876929.482312,18512,"(-111.8109046, 41.7444313)",Veterinary Science
1790876939.782174,18512,"(-111.8109075, 41.7444325)",Veterinary Science
1790876950.0685058,18512,"(-111.810904, 41.7444355)",Veterinary Science
1790876960.3315578,18512,"(-111.8106378, 41.7444418)",in_transit
1790876970.5828097,18512,"(-111.8101143, 41.7444333)",in_transit
1790876980.8497028,18512,"(-111.8091551, 41.744414)",in_transit
1790876991.1104891,18512,"(-111.8085086, 41.744397)",in_transit
1790877001.3548336,18512,"(-111.8080816, 41.7443816)",Industrial Science
1790877011.608944,18512,"(-111.8080951, 41.7443856)",Industrial Science
1790877021.8667586,18512,"(-111.8081101, 41.744393)",Industrial Science
1790877032.1233249,18512,"(-111.8080708, 41.7443963)",in_transit
1790877042.3789866,18512,"(-111.8074936, 41.7443855)",in_transit
1790877052.6662867,18512,"(-111.8064475, 41.7443433)",in_transit
1790877062.9370086,18512,"(-111.8054781, 41.744321)",in_transit
1790877073.206171,18512,"(-111.8048315, 41.7443383)",in_transit
1790877083.5206795,18512,"(-111.8047941, 41.744336)",in_transit
1790877093.7811015,18512,"(-111.8047988, 41.7443365)",in_transit
1790877104.0354197,18512,"(-111.8047945, 41.7443345)",in_transit
1790877114.3347764,18512,"(-111.8046506, 41.7443301)",in_transit
1790877124.6023462,18512,"(-111.8042476, 41.7445101)",in_transit
1790877134.8621337,18512,"(-111.8042763, 41.745302)",in_transit
1790877145.1275074,18512,"(-111.8042806, 41.7455533)",in_transit
1790877155.3780708,18512,"(-111.8042676, 41.7456628)",in_transit
1790877165.6842368,18512,"(-111.804273, 41.7456698)",in_transit
1790877175.9891841,18512,"(-111.8043066, 41.7463941)",in_transit
1790877186.2763574,18512,"(-111.8043148, 41.7472545)",in_transit
1790877196.5416996,18512,"(-111.8043316, 41.748182)",in_transit
1790877206.8089464,18512,"(-111.8043708, 41.749172)",in_transit
1790877217.06973,18512,"(-111.8035928, 41.7492931)",in_transit
1790877227.3451133,18512,"(-111.802514, 41.7493076)",in_transit
1790877237.6079195,18512,"(-111.8018228, 41.7493703)",in_transit
1790877247.8744776,18512,"(-111.8019003, 41.7495548)",in_transit
1790877258.133468,18512,"(-111.8020926, 41.7496258)",Lundstrum
1790877268.4368222,18512,"(-111.8020885, 41.7496095)",Lundstrum
1790877278.7042778,18512,"(-111.8021096, 41.7496016)",Lundstrum
1790877288.9701931,18512,"(-111.8023498, 41.7494873)",in_transit
1790877299.2805538,18512,"(-111.802599, 41.749357)",in_transit
1790877309.5453534,18512,"(-111.8040776, 41.7493786)",in_transit
1790877319.8077238,18512,"(-111.8043815, 41.7497758)",in_transit
1790877330.0705528,18512,"(-111.8043606, 41.7504041)",in_transit
1790877340.3255272,18512,"(-111.8043496, 41.750794)",Aggie Village 1
1790877350.5851448,18512,"(-111.8043471, 41.7508046)",Aggie Village 1
1790877360.8312411,18512,"(-111.8043816, 41.7509891)",in_transit
1790877371.0910652,18512,"(-111.804397, 41.7520273)",in_transit
1790877381.399867,18512,"(-111.8043976, 41.7527871)",in_transit
1790877391.6571622,18512,"(-111.804395, 41.752969)",in_transit
1790877401.9523804,18512,"(-111.805402, 41.7530528)",in_transit
1790877412.2196546,18512,"(-111.8060476, 41.7530681)",Aggie Village 2
1790877422.4707448,18512,"(-111.806067, 41.7530788)",Aggie Village 2
1790877432.7215652,18512,"(-111.806057, 41.7530806)",Aggie Village 2
1790877443.03599,18512,"(-111.8067103, 41.7530218)",in_transit
1790877453.3339334,18512,"(-111.8075811, 41.7528143)",in_transit
1790877463.600541,18512,"(-111.8088241, 41.7524116)",in_transit
1790877473.9299586,18512,"(-111.8092665, 41.751729)",Aggie Village 3
1790877484.203107,18512,"(-111.8092813, 41.7515911)",Aggie Village 3
1790877494.4694223,18512,"(-111.8092821, 41.7515845)",Aggie Village 3
1790877504.7342021,18512,"(-111.8092521, 41.7511346)",in_transit
1790877514.9921494,18512,"(-111.8092543, 41.7502593)",in_transit
1790877525.2557378,18512,"(-111.8092556, 41.7501601)",in_transit
1790877535.5484145,18512,"(-111.8098978, 41.7501226)",in_transit
1790877545.8047996,18512,"(-111.8112258, 41.7501506)",in_transit
1790877556.0748267,18512,"(-111.8131143, 41.7501641)",in_transit
1790877566.333162,18512,"(-111.8134491, 41.7501646)",in_transit
1790877576.5962036,18512,"(-111.8136898, 41.7501625)",in_transit
1790877586.8653688,18512,"(-111.8139795, 41.7499526)",in_transit
1790877597.1339064,18512,"(-111.8140098, 41.7490298)",in_transit
1790877607.3814526,18512,"(-111.8140725, 41.7487316)",800 E 900 N
1790877617.624633,18512,"(-111.8140848, 41.7485595)",800 E 900 N
1790877627.875121,18512,"(-111.8140861, 41.7485565)",800 E 900 N
1790877638.1374094,18512,"(-111.8140826, 41.7483838)",in_transit
1790877648.391997,18512,"(-111.8140656, 41.7476431)",in_transit
1790877658.6675239,18512,"(-111.8140951, 41.7467281)",in_transit
1790877668.928898,18512,"(-111.8141215, 41.7459013)",in_transit
1790877679.1931689,18512,"(-111.814141, 41.7446903)",in_transit
1790877689.4841847,18512,"(-111.813842, 41.7444793)",in_transit
1790877699.7453022,18512,"(-111.8134791, 41.7444301)",Field House
1790877710.0130413,18512,"(-111.8134525, 41.744416)",Field House
1790877720.3127909,18512,"(-111.8134366, 41.74442)",Field House
1790877730.5953703,18512,"(-111.813129, 41.7444376)",in_transit
1790877740.848418,18512,"(-111.8120708, 41.7444546)",in_transit
1790877751.1149814,18512,"(-111.8118431, 41.7444651)",in_transit
1790877761.376409,18512,"(-111.8111286, 41.7444521)",Veterinary Science
1790877771.637231,18512,"(-111.8109103, 41.744454)",Veterinary Science
1790877781.9046545,18512,"(-111.81087, 41.7444401)",Veterinary Science
1790877792.1789532,18512,"(-111.8108708, 41.7444343)",Veterinary Science
1790877802.4601252,18512,"(-111.8106413, 41.7444393)",in_transit
1790877812.7377899,18512,"(-111.8092388, 41.7444178)",in_transit
1790877823.0035605,18512,"(-111.8080966, 41.7443866)",Industrial Science
1790877833.2769918,18512,"(-111.8080891, 41.7443925)",Industrial Science
1790877843.5331166,18512,"(-111.808086, 41.7443971)",Industrial Science
1790877853.8373735,18512,"(-111.8080765, 41.7443945)",in_transit
1790877864.1108508,18512,"(-111.8075065, 41.7443871)",in_transit
1790877874.382981,18512,"(-111.8061203, 41.7443396)",in_transit
1790877884.6805687,18512,"(-111.8051203, 41.744327)",in_transit
1790877894.9340103,18512,"(-111.8047376, 41.7443443)",in_transit
1790877905.1948988,18512,"(-111.8043321, 41.744334)",in_transit
1790877915.4765692,18512,"(-111.8042703, 41.7449915)",in_transit
1790877925.7379932,18512,"(-111.80428, 41.7456285)",in_transit
1790877936.020308,18512,"(-111.8042803, 41.745686)",in_transit
1790877946.3352,18512,"(-111.8042791, 41.7459075)",in_transit
1790877956.63337,18512,"(-111.8042653, 41.7464463)",in_transit
1790877966.9369009,18512,"(-111.8043053, 41.7473396)",in_transit
1790877977.2241523,18512,"(-111.804334, 41.7487133)",in_transit
1790877987.5418406,18512,"(-111.8040546, 41.7492936)",in_transit
1790877997.8172448,18512,"(-111.802835, 41.74931)",in_transit
1790878008.0751004,18512,"(-111.8019603, 41.7493226)",in_transit
1790878018.3444462,18512,"(-111.8018285, 41.7495061)",in_transit
1790878028.6398954,18512,"(-111.8020916, 41.7496276)",Lundstrum
1790878038.902187,18512,"(-111.8020826, 41.749628)",Lundstrum
1790878049.1701384,18512,"(-111.8020835, 41.7496213)",Lundstrum
1790878059.441684,18512,"(-111.8023268, 41.749522)",in_transit
1790878069.7154586,18512,"(-111.8030456, 41.749351)",in_transit
1790878079.986224,18512,"(-111.804067, 41.7493846)",in_transit
1790878090.240564,18512,"(-111.8043866, 41.7498001)",in_transit
1790878100.531101,18512,"(-111.8043593, 41.7507488)",Aggie Village 1
1790878110.7943554,18512,"(-111.8043593, 41.7507488)",Aggie Village 1
1790878121.0501351,18512,"(-111.8043441, 41.7508008)",Aggie Village 1
1790878131.318809,18512,"(-111.8043948, 41.7517803)",in_transit
1790878141.5692124,18512,"(-111.8043968, 41.7529291)",in_transit
1790878151.8359947,18512,"(-111.8045418, 41.7530776)",in_transit
1790878162.094167,18512,"(-111.8049895, 41.753066)",in_transit
1790878172.3435721,18512,"(-111.8058725, 41.7530733)",Aggie Village 2
1790878182.6006463,18512,"(-111.8060556, 41.7530786)",Aggie Village 2
1790878192.8548896,18512,"(-111.806057, 41.753078)",Aggie Village 2
1790878203.1220644,18512,"(-111.8064305, 41.753057)",in_transit
1790878213.3907387,18512,"(-111.807738, 41.7527738)",in_transit
1790878223.6414657,18512,"(-111.8086086, 41.75253)",in_transit
1790878233.8857555,18512,"(-111.8091575, 41.7520343)",in_transit
1790878244.152172,18512,"(-111.8092811, 41.7516625)",Aggie Village 3
1790878254.4147992,18512,"(-111.8092701, 41.7515536)",Aggie Village 3
1790878264.6815326,18512,"(-111.8092455, 41.7509445)",in_transit
1790878274.9822607,18512,"(-111.8092485, 41.750311)",in_transit
1790878285.247925,18512,"(-111.8092456, 41.7501901)",in_transit
1790878295.5107613,18512,"(-111.8100531, 41.7501218)",in_transit
1790878305.7727935,18512,"(-111.8121316, 41.7501478)",in_transit
1790878316.031179,18512,"(-111.8133046, 41.7501523)",in_transit
1790878326.2904835,18512,"(-111.813548, 41.7501526)",in_transit
1790878336.581901,18512,"(-111.8139266, 41.7501341)",in_transit
1790878346.9061637,18512,"(-111.8139843, 41.7494816)",in_transit
1790878357.1954362,18512,"(-111.8140621, 41.748771)",in_transit
1790878367.4473317,18512,"(-111.814072, 41.7485893)",800 E 900 N
1790878377.7142406,18512,"(-111.8140741, 41.7485481)",800 E 900 N
1790878387.988132,18512,"(-111.8140773, 41.748356)",in_transit
1790878398.249277,18512,"(-111.8140661, 41.7475858)",in_transit
1790878408.5143836,18512,"(-111.8140943, 41.7468893)",in_transit
1790878418.7751,18512,"(-111.8141183, 41.746014)",in_transit
1790878429.0388093,18512,"(-111.8141331, 41.7447801)",in_transit
1790878439.3046334,18512,"(-111.8141388, 41.7447003)",in_transit
1790878449.541466,18512,"(-111.8141426, 41.7447123)",in_transit
1790878459.8203645,18512,"(-111.8141353, 41.7446811)",in_transit
1790878470.0891776,18512,"(-111.8138403, 41.7444688)",in_transit
1790878480.346768,18512,"(-111.8135331, 41.7444281)",Field House
1790878490.5957835,18512,"(-111.8134856, 41.7444305)",Field House
1790878500.8994265,18512,"(-111.813496, 41.744433)",Field House
1790878511.1734035,18512,"(-111.8125476, 41.7444646)",in_transit
1790878521.440298,18512,"(-111.8117785, 41.7444776)",in_transit
1790878531.700751,18512,"(-111.81165, 41.744475)",in_transit
1790878541.9612262,18512,"(-111.8116486, 41.7444845)",in_transit
1790878552.2211292,18512,"(-111.8111516, 41.7444695)",Veterinary Science
1790878562.5121884,18512,"(-111.8109113, 41.7444621)",Veterinary Science
1790878572.7706494,18512,"(-111.8108991, 41.7444605)",Veterinary Science
1790878583.0415547,18512,"(-111.8106506, 41.7444598)",in_transit
1790878593.2898872,18512,"(-111.8098125, 41.744443)",in_transit
1790878603.5761998,18512,"(-111.8084396, 41.7443965)",Industrial Science
1790878613.835139,18512,"(-111.8081381, 41.744389)",Industrial Science
1790878624.0878525,18512,"(-111.8080728, 41.744392)",in_transit
1790878634.345572,18512,"(-111.8076743, 41.7443873)",in_transit
1790878644.6570396,18512,"(-111.8062251, 41.7443385)",in_transit
1790878654.928279,18512,"(-111.8047913, 41.7443383)",in_transit
1790878665.1967874,18512,"(-111.8046735, 41.7443268)",in_transit
1790878675.5183063,18512,"(-111.8046626, 41.7443223)",in_transit
1790878685.7781806,18512,"(-111.8045695, 41.7443286)",in_transit
1790878696.0337353,18512,"(-111.8043765, 41.7443336)",in_transit
1790878706.3597858,18512,"(-111.8042501, 41.7445163)",in_transit
1790878716.620533,18512,"(-111.8042695, 41.7456221)",in_transit
1790878726.8735235,18512,"(-111.8042683, 41.7456833)",in_transit
1790878737.1364746,18512,"(-111.8042721, 41.7457028)",in_transit
1790878747.399614,18512,"(-111.8042711, 41.7464301)",in_transit
1790878757.6608036,18512,"(-111.8043031, 41.7473486)",in_transit
1790878767.9244897,18512,"(-111.8043193, 41.748214)",in_transit
1790878778.2176683,18512,"(-111.804337, 41.7488228)",in_transit
1790878788.468993,18512,"(-111.8043486, 41.74919)",in_transit
1790878798.7314413,18512,"(-111.8034595, 41.7493031)",in_transit
1790878808.9953773,18512,"(-111.8020066, 41.7493233)",in_transit
1790878819.309272,18512,"(-111.801831, 41.7495041)",in_transit
1790878829.580707,18512,"(-111.8021335, 41.7496053)",Lundstrum
1790878839.8637338,18512,"(-111.8021423, 41.74961)",Lundstrum
1790878850.1236427,18512,"(-111.8022371, 41.7495918)",Lundstrum
1790878860.3914332,18512,"(-111.8024416, 41.7494106)",in_transit
1790878870.6499662,18512,"(-111.8034283, 41.749345)",in_transit
1790878880.9085333,18512,"(-111.8043881, 41.7497115)",in_transit
1790878891.1799977,18512,"(-111.8043608, 41.750455)",in_transit
1790878901.437352,18512,"(-111.8043565, 41.7507378)",Aggie Village 1
1790878911.6925023,18512,"(-111.8043783, 41.7510655)",in_transit
1790878921.9801395,18512,"(-111.8043955, 41.7519506)",in_transit
1790878932.2824826,18512,"(-111.8043936, 41.7529986)",in_transit
1790878942.5374954,18512,"(-111.8048705, 41.7530523)",in_transit
1790878952.8109899,18512,"(-111.8056541, 41.7530581)",in_transit
1790878963.064606,18512,"(-111.8059561, 41.7530703)",Aggie Village 2
1790878973.3651192,18512,"(-111.8061295, 41.7530703)",Aggie Village 2
1790878983.628212,18512,"(-111.8069151, 41.7529953)",in_transit
1790878993.9356124,18512,"(-111.8084198, 41.7525833)",in_transit
1790879004.196846,18512,"(-111.8090991, 41.7521043)",in_transit
1790879014.4627395,18512,"(-111.8092775, 41.7516766)",Aggie Village 3
1790879024.7293215,18512,"(-111.8092788, 41.7515648)",Aggie Village 3
1790879034.9856973,18512,"(-111.8092541, 41.7510666)",in_transit
1790879045.2717142,18512,"(-111.8092568, 41.7503711)",in_transit
1790879055.5185988,18512,"(-111.8092588, 41.7501993)",in_transit
1790879065.8560379,18512,"(-111.809266, 41.7501751)",in_transit
1790879076.151171,18512,"(-111.8099166, 41.7501148)",in_transit
1790879086.4078956,18512,"(-111.8121521, 41.7501526)",in_transit
1790879096.6800811,18512,"(-111.8133553, 41.7501528)",in_transit
1790879106.9399178,18512,"(-111.8135963, 41.7501538)",in_transit
1790879117.2095058,18512,"(-111.8136076, 41.750151)",in_transit
1790879127.478507,18512,"(-111.813896, 41.750141)",in_transit
1790879137.740004,18512,"(-111.8139883, 41.7499563)",in_transit
1790879148.0059023,18512,"(-111.8140668, 41.7486728)",800 E 900 N
1790879158.2473428,18512,"(-111.8140743, 41.7485383)",800 E 900 N
1790879168.5361106,18512,"(-111.8140833, 41.7485306)",800 E 900 N
1790879178.7804391,18512,"(-111.8140833, 41.7485306)",800 E 900 N
1790879189.0493279,18512,"(-111.814094, 41.7467805)",in_transit
1790879199.3397932,18512,"(-111.8141283, 41.7458923)",in_transit
1790879209.6038218,18512,"(-111.8141448, 41.7447713)",in_transit
1790879219.8993254,18512,"(-111.8141488, 41.744684)",in_transit
1790879230.1828475,18512,"(-111.814157, 41.744689)",in_transit
1790879240.4325078,18512,"(-111.8141565, 41.7446608)",in_transit
1790879250.6841185,18512,"(-111.8141515, 41.744578)",in_transit
1790879260.9513826,18512,"(-111.8141476, 41.7445843)",in_transit
1790879271.2252655,18512,"(-111.8140928, 41.744499)",in_transit
1790879281.4852335,18512,"(-111.8135185, 41.7444283)",Field House
1790879291.7585826,18512,"(-111.8134793, 41.7444471)",Field House
1790879302.0171857,18512,"(-111.8134865, 41.7444655)",Field House
1790879312.323119,18512,"(-111.8134706, 41.7444808)",Field House
1790879322.5769835,18512,"(-111.8123035, 41.7444783)",in_transit
1790879332.8402264,18512,"(-111.8109956, 41.7444596)",Veterinary Science
1790879343.0874834,18512,"(-111.8108993, 41.7444566)",Veterinary Science
1790879353.353769,18512,"(-111.8108815, 41.7444505)",Veterinary Science
1790879363.637838,18512,"(-111.8102811, 41.7444438)",in_transit
1790879373.9007187,18512,"(-111.8090548, 41.7444238)",in_transit
1790879384.162913,18512,"(-111.8085086, 41.7444121)",in_transit
1790879394.452045,18512,"(-111.8082341, 41.7444028)",Industrial Science
1790879404.72024,18512,"(-111.8081198, 41.7443985)",Industrial Science
1790879414.9745214,18512,"(-111.8078665, 41.7444001)",in_transit
1790879425.2239847,18512,"(-111.806586, 41.7443511)",in_transit
1790879435.4743595,18512,"(-111.805638, 41.744335)",in_transit
1790879445.732421,18512,"(-111.8044103, 41.7443373)",in_transit
1790879456.0254984,18512,"(-111.8042511, 41.7445251)",in_transit
1790879466.294419,18512,"(-111.8042703, 41.7455926)",in_transit
1790879476.569061,18512,"(-111.8042748, 41.7456808)",in_transit
1790879486.8172855,18512,"(-111.8042795, 41.7458725)",in_transit
1790879497.0801845,18512,"(-111.8042906, 41.7464128)",in_transit
1790879507.339398,18512,"(-111.804318, 41.7473168)",in_transit
1790879517.5996459,18512,"(-111.804331, 41.7485965)",in_transit
1790879527.863844,18512,"(-111.804079, 41.749293)",in_transit
1790879538.1265516,18512,"(-111.8028681, 41.7493141)",in_transit
1790879548.3876152,18512,"(-111.801944, 41.7493275)",in_transit
1790879558.684054,18512,"(-111.801839, 41.7495128)",in_transit
1790879568.9545672,18512,"(-111.8020933, 41.7496301)",Lundstrum
1790879579.2105246,18512,"(-111.8021038, 41.749636)",Lundstrum
1790879589.4976506,18512,"(-111.8021131, 41.7496456)",Lundstrum
1790891428.4399633,18512,"(-111.814116, 41.7445093)",in_transit
1790891438.7087054,18512,"(-111.8136206, 41.7444255)",Field House
1790891448.9754996,18512,"(-111.8134518, 41.744424)",Field House
1790891459.226217,18512,"(-111.8134541, 41.744432)",Field House
1790891469.489708,18512,"(-111.8134481, 41.7444443)",Field House
1790891479.7441754,18512,"(-111.8128725, 41.7444673)",in_transit
1790891490.0039485,18512,"(-111.8120643, 41.7444688)",in_transit
1790891500.2596478,18512,"(-111.8115916, 41.7444763)",in_transit
1790891510.551291,18512,"(-111.8116013, 41.7444741)",in_transit
1790891520.8082268,18512,"(-111.8113463, 41.7444725)",in_transit
1790891531.0650558,18512,"(-111.8110683, 41.7444625)",Veterinary Science
1790891541.3563602,18512,"(-111.8108613, 41.7444671)",Veterinary Science
1790891551.637543,18512,"(-111.8108523, 41.74447)",Veterinary Science
1790891561.9137764,18512,"(-111.8108445, 41.7444876)",in_transit
1790891572.186043,18512,"(-111.809885, 41.7444735)",in_transit
1790891582.4499822,18512,"(-111.8085603, 41.7444363)",in_transit
1790891592.7442675,18512,"(-111.8081931, 41.7444255)",Industrial Science
1790891603.0159416,18512,"(-111.808008, 41.7444211)",in_transit
1790891613.287909,18512,"(-111.808002, 41.744419)",in_transit
1790891623.5461142,18512,"(-111.8075783, 41.7444093)",in_transit
1790891633.8034773,18512,"(-111.807534, 41.7444065)",in_transit
1790891644.0702257,18512,"(-111.8069846, 41.7443771)",in_transit
1790891654.3609447,18512,"(-111.8057515, 41.7443438)",in_transit
1790891664.628688,18512,"(-111.804954, 41.7443465)",in_transit
1790891674.889671,18512,"(-111.8047135, 41.744345)",in_transit
1790891685.1683679,18512,"(-111.804312, 41.7443806)",in_transit
1790891695.4142704,18512,"(-111.8042681, 41.745273)",Aggie Ice Cream
1790891705.6757455,18512,"(-111.8042761, 41.7455483)",in_transit
1790891715.97043,18512,"(-111.8042775, 41.7456788)",in_transit
1790891726.2361827,18512,"(-111.8042816, 41.7458685)",in_transit
1790891736.5014634,18512,"(-111.804311, 41.7463226)",in_transit
1790891746.7702167,18512,"(-111.8042521, 41.7466951)",in_transit
1790891757.0295384,18512,"(-111.804315, 41.7479803)",in_transit
1790891767.3209834,18512,"(-111.8043368, 41.748923)",in_transit
1790891777.6265476,18512,"(-111.8043555, 41.7491103)",in_transit
1790891787.9172978,18512,"(-111.8043193, 41.7492666)",in_transit
1790891798.1858242,18512,"(-111.8032968, 41.7493088)",in_transit
1790891808.4460196,18512,"(-111.8019356, 41.7493255)",in_transit
1790891818.7143753,18512,"(-111.8018425, 41.7495125)",in_transit
1790891828.9860766,18512,"(-111.8020903, 41.7496248)",Lundstrum
1790891839.259403,18512,"(-111.8020935, 41.749633)",Lundstrum
1790891849.5655177,18512,"(-111.8021155, 41.7496328)",Lundstrum
1790891859.8309517,18512,"(-111.8023583, 41.7495058)",in_transit
1790891870.1292963,18512,"(-111.8033558, 41.7493528)",in_transit
1790891880.411075,18512,"(-111.8040451, 41.7493793)",in_transit
1790891890.6689973,18512,"(-111.8043655, 41.7496488)",in_transit
1790891900.9331262,18512,"(-111.8043586, 41.7502698)",in_transit
1790891911.1947925,18512,"(-111.8043611, 41.7507505)",Aggie Village 1
1790891921.446506,18512,"(-111.8043686, 41.7507958)",Aggie Village 1
1790891931.702452,18512,"(-111.8044006, 41.7512646)",in_transit
1790891941.9598851,18512,"(-111.8044081, 41.7524535)",in_transit
1790891952.2254655,18512,"(-111.8044098, 41.752963)",in_transit
1790891962.4991677,18512,"(-111.8050143, 41.7530683)",in_transit
1790891972.749811,18512,"(-111.8056401, 41.7530616)",in_transit
1790891983.044178,18512,"(-111.805914, 41.7530645)",Aggie Village 2
1790891993.3188014,18512,"(-111.8060678, 41.753068)",Aggie Village 2
1790892003.5761495,18512,"(-111.806112, 41.753061)",Aggie Village 2
1790892013.84878,18512,"(-111.8066485, 41.7530453)",in_transit
1790892024.1440506,18512,"(-111.8075195, 41.7528413)",in_transit
1790892034.429493,18512,"(-111.8081771, 41.7526586)",in_transit
1790892044.6844976,18512,"(-111.8088368, 41.7524133)",in_transit
1790892054.9462333,18512,"(-111.8092513, 41.7517558)",in_transit
1790892065.2193265,18512,"(-111.8092738, 41.7515941)",Aggie Village 3
1790892075.4792182,18512,"(-111.8092783, 41.7515871)",Aggie Village 3
1790892085.7453969,18512,"(-111.8092785, 41.7515863)",Aggie Village 3
1790892096.018118,18512,"(-111.8092873, 41.7515808)",Aggie Village 3
1790892106.283378,18512,"(-111.8092835, 41.7515746)",Aggie Village 3
1790892116.5705986,18512,"(-111.809268, 41.7508715)",in_transit
1790892126.8568676,18512,"(-111.8092705, 41.7503718)",in_transit
1790892137.1188047,18512,"(-111.8092755, 41.7502161)",in_transit
1790892147.387874,18512,"(-111.8092728, 41.750218)",in_transit
1790892157.6561165,18512,"(-111.8092755, 41.7501613)",in_transit
1790892167.9135852,18512,"(-111.810168, 41.750124)",in_transit
1790892178.1799154,18512,"(-111.8121346, 41.7501488)",in_transit
1790892188.4975445,18512,"(-111.8132176, 41.7501473)",in_transit
1790892198.7642064,18512,"(-111.8134886, 41.7501485)",in_transit
1790892209.0249913,18512,"(-111.8136111, 41.7501501)",in_transit
1790892219.2844255,18512,"(-111.8138233, 41.7501411)",in_transit
1790892229.5548356,18512,"(-111.8139985, 41.7499591)",in_transit
1790892239.8191183,18512,"(-111.8140615, 41.7487558)",in_transit
1790892250.1037698,18512,"(-111.8140978, 41.7485746)",800 E 900 N
1790892260.3685756,18512,"(-111.8141053, 41.7485551)",800 E 900 N
1790892270.678919,18512,"(-111.8141136, 41.748554)",800 E 900 N
1790892280.9580488,18512,"(-111.8140658, 41.7478778)",in_transit
1790892291.244458,18512,"(-111.8140918, 41.7472985)",in_transit
1790892301.498123,18512,"(-111.8141293, 41.7461583)",in_transit
1790892311.752863,18512,"(-111.8141293, 41.7461583)",in_transit
1790892322.0235178,18512,"(-111.8141513, 41.7447646)",in_transit
1790892332.2847245,18512,"(-111.8141501, 41.7446521)",in_transit
1790892342.5454617,18512,"(-111.8141435, 41.744654)",in_transit
1790892352.8075287,18512,"(-111.814149, 41.7445893)",in_transit
1790892363.0541482,18512,"(-111.8141436, 41.7445561)",in_transit
1790892373.3113365,18512,"(-111.8136161, 41.7444366)",Field House
1790892383.562946,18512,"(-111.8134348, 41.7444316)",Field House
1790892393.8087618,18512,"(-111.813447, 41.7444321)",Field House
1790892404.0720925,18512,"(-111.8134603, 41.7444418)",Field House
1790892414.3373418,18512,"(-111.8132178, 41.7444875)",in_transit
1790892424.5994825,18512,"(-111.8125018, 41.7444665)",in_transit
1790892434.8603797,18512,"(-111.8117846, 41.7444726)",in_transit
1790892445.118168,18512,"(-111.8116146, 41.7444681)",in_transit
1790892455.3825755,18512,"(-111.811601, 41.7444648)",in_transit
1790892465.6455312,18512,"(-111.8112871, 41.7444578)",in_transit
1790892475.9361012,18512,"(-111.811015, 41.7444498)",Veterinary Science
1790892486.1984606,18512,"(-111.8108531, 41.7444406)",Veterinary Science
1790892496.4623215,18512,"(-111.8108541, 41.7444416)",Veterinary Science
1790892506.7294745,18512,"(-111.8102841, 41.7444328)",in_transit
1790892517.04567,18512,"(-111.8095625, 41.744416)",in_transit
1790892527.3067088,18512,"(-111.8084675, 41.7443923)",in_transit
1790892537.5746014,18512,"(-111.8081785, 41.7443831)",Industrial Science
1790892547.826682,18512,"(-111.8080716, 41.7443936)",in_transit
1790892558.0934832,18512,"(-111.807809, 41.7443971)",in_transit
1790892568.3633854,18512,"(-111.8070265, 41.7443591)",in_transit
1790892578.6341934,18512,"(-111.8058211, 41.7443325)",in_transit
1790892588.9326115,18512,"(-111.8050418, 41.7443288)",in_transit
1790892599.2063043,18512,"(-111.8047916, 41.7443338)",in_transit
1790892609.4596622,18512,"(-111.8042616, 41.7445603)",in_transit
1790892619.766311,18512,"(-111.8042706, 41.7452973)",Aggie Ice Cream
1790892630.0237927,18512,"(-111.804272, 41.7455825)",in_transit
1790892640.2842593,18512,"(-111.8042765, 41.7456846)",in_transit
1790892650.5511234,18512,"(-111.8042903, 41.7460948)",in_transit
1790892660.8177435,18512,"(-111.8042525, 41.7465016)",in_transit
1790892671.0680172,18512,"(-111.8043055, 41.7471465)",in_transit
1790892681.3696318,18512,"(-111.8043265, 41.7483566)",in_transit
1790892691.6364326,18512,"(-111.8043498, 41.7490333)",in_transit
1790892701.899202,18512,"(-111.8043516, 41.7492153)",in_transit
1790892712.1629207,18512,"(-111.8039333, 41.7493008)",in_transit
1790892722.4125757,18512,"(-111.8024696, 41.7493181)",in_transit
1790892732.67978,18512,"(-111.8017906, 41.7494168)",in_transit
1790892742.9660609,18512,"(-111.8019783, 41.7496013)",Lundstrum
1790892753.3053691,18512,"(-111.8020848, 41.7496181)",Lundstrum
1790892763.5628588,18512,"(-111.80208, 41.7496098)",Lundstrum
1790892773.8238392,18512,"(-111.802078, 41.7496013)",Lundstrum
1790892784.1473174,18512,"(-111.8025031, 41.749391)",in_transit
1790892794.4089758,18512,"(-111.8030981, 41.7493446)",in_transit
1790892804.6626074,18512,"(-111.8041266, 41.7493923)",in_transit
1790892814.9610145,18512,"(-111.8043895, 41.7497868)",in_transit
1790892825.2217128,18512,"(-111.8043661, 41.7506306)",in_transit
1790892835.544833,18512,"(-111.8043691, 41.7508003)",Aggie Village 1
1790892845.7982001,18512,"(-111.8043628, 41.7508061)",Aggie Village 1
1790892856.062808,18512,"(-111.8044016, 41.7512566)",in_transit
1790892866.3541586,18512,"(-111.804413, 41.752476)",in_transit
1790892876.6220703,18512,"(-111.8044161, 41.7529908)",in_transit
1790892886.9058106,18512,"(-111.8044166, 41.7530231)",in_transit
1790892897.2462544,18512,"(-111.8050518, 41.7530573)",in_transit
1790892907.5051785,18512,"(-111.805731, 41.7530531)",in_transit
1790892917.7648828,18512,"(-111.8059833, 41.7530615)",Aggie Village 2
1790892928.0799396,18512,"(-111.8060553, 41.7530373)",Aggie Village 2
1790892938.326233,18512,"(-111.8065695, 41.7530315)",in_transit
1790892948.590618,18512,"(-111.807185, 41.7529131)",in_transit
1790892958.8500414,18512,"(-111.808122, 41.7526545)",in_transit
1790892969.1037824,18512,"(-111.8088108, 41.7524235)",in_transit
1790892979.36682,18512,"(-111.8092621, 41.751732)",Aggie Village 3
1790892989.6260943,18512,"(-111.8092771, 41.7515865)",Aggie Village 3
1790892999.9735208,18512,"(-111.8092813, 41.7515751)",Aggie Village 3
1790893010.2260435,18512,"(-111.8092631, 41.7511513)",in_transit
1790893020.5047631,18512,"(-111.8092695, 41.7503641)",in_transit
1790893030.7616246,18512,"(-111.8092683, 41.7501838)",in_transit
1790893041.0337422,18512,"(-111.8095215, 41.7501046)",in_transit
1790893051.284478,18512,"(-111.8113058, 41.7501398)",in_transit
1790893061.547486,18512,"(-111.8125265, 41.7501426)",in_transit
1790893071.8147862,18512,"(-111.8135245, 41.7501356)",in_transit
1790893082.1072392,18512,"(-111.8139916, 41.7499428)",in_transit
1790893092.4253688,18512,"(-111.8140015, 41.7490686)",in_transit
1790893102.6863184,18512,"(-111.8140938, 41.7485798)",800 E 900 N
1790893112.9531784,18512,"(-111.814094, 41.7485475)",800 E 900 N
1790893123.2591898,18512,"(-111.8140946, 41.7485473)",800 E 900 N
1790893133.5326571,18512,"(-111.814054, 41.7483538)",in_transit
1790893143.7945604,18512,"(-111.814054, 41.7483538)",in_transit
1790893154.05667,18512,"(-111.8141128, 41.7462666)",in_transit
1790893164.3195677,18512,"(-111.8141128, 41.7462666)",in_transit
1790893174.635072,18512,"(-111.814144, 41.7448816)",in_transit
1790893184.931847,18512,"(-111.8141413, 41.7448135)",in_transit
1790893195.1887913,18512,"(-111.8141356, 41.7448118)",in_transit
1790893205.447972,18512,"(-111.8141243, 41.7447983)",in_transit
1790893215.7311337,18512,"(-111.814129, 41.744612)",in_transit
1790893226.0041032,18512,"(-111.8138835, 41.7444626)",in_transit
1790893236.2653525,18512,"(-111.8135646, 41.7444298)",Field House
1790893246.5193129,18512,"(-111.8134611, 41.7444283)",Field House
1790893256.7715936,18512,"(-111.8134695, 41.7444313)",Field House
1790893267.0226102,18512,"(-111.8134671, 41.7444418)",Field House
1790893277.3317716,18512,"(-111.8124048, 41.7444623)",in_transit
1790893287.593422,18512,"(-111.811849, 41.744466)",in_transit
1790893297.9018598,18512,"(-111.811691, 41.7444681)",in_transit
1790893308.1717312,18512,"(-111.811193, 41.7444578)",Veterinary Science
1790893318.4565365,18512,"(-111.8108713, 41.7444495)",Veterinary Science
1790893328.731874,18512,"(-111.810868, 41.7444438)",Veterinary Science
1790893339.0017905,18512,"(-111.810858, 41.7444453)",Veterinary Science
1790893349.257626,18512,"(-111.8105973, 41.7444471)",in_transit
1790893359.513092,18512,"(-111.8100255, 41.7444403)",in_transit
1790893369.7767856,18512,"(-111.8091103, 41.744418)",in_transit
1790893380.0353386,18512,"(-111.808517, 41.7444038)",in_transit
1790893390.2998977,18512,"(-111.8082076, 41.7443961)",Industrial Science
1790893400.576805,18512,"(-111.8080523, 41.7443903)",in_transit
1790893410.8437316,18512,"(-111.8080535, 41.7443896)",in_transit
1790893421.108738,18512,"(-111.808053, 41.7443853)",in_transit
1790893431.3579454,18512,"(-111.8078693, 41.7443861)",in_transit
1790893441.628398,18512,"(-111.8077423, 41.7443833)",in_transit
1790893451.896279,18512,"(-111.8071445, 41.7443558)",in_transit
1790893462.1457825,18512,"(-111.8068035, 41.7443501)",in_transit
1790893472.4192905,18512,"(-111.8060605, 41.7443356)",in_transit
1790893482.6762357,18512,"(-111.8052228, 41.7443185)",in_transit
1790893492.9354706,18512,"(-111.8046483, 41.744333)",in_transit
1790893503.2014682,18512,"(-111.8045593, 41.7443381)",in_transit
1790893513.4870088,18512,"(-111.8045236, 41.7443408)",in_transit
1790893523.7441244,18512,"(-111.8042791, 41.7444281)",in_transit
1790893534.0122435,18512,"(-111.8042791, 41.7444281)",in_transit
1790893544.2851813,18512,"(-111.80427, 41.7456823)",in_transit
1790893554.5425148,18512,"(-111.8042715, 41.7456911)",in_transit
1790893564.8011434,18512,"(-111.8042698, 41.7456948)",in_transit
1790893575.063574,18512,"(-111.8042881, 41.7461308)",in_transit
1790893585.3143067,18512,"(-111.8042633, 41.7467086)",in_transit
1790893595.6028373,18512,"(-111.8043061, 41.7476168)",in_transit
1790893605.8498998,18512,"(-111.8043206, 41.7484491)",in_transit
1790893616.1118274,18512,"(-111.8043473, 41.7490316)",in_transit
1790893626.3938076,18512,"(-111.8043571, 41.7491171)",in_transit
1790893636.668362,18512,"(-111.8041941, 41.7492923)",in_transit
1790893646.9259863,18512,"(-111.8036971, 41.7492948)",in_transit
1790893657.218553,18512,"(-111.8027355, 41.749307)",in_transit
1790893667.4798539,18512,"(-111.8019163, 41.7493245)",in_transit
1790893677.7383766,18512,"(-111.8020985, 41.7496213)",Lundstrum
1790893688.0044405,18512,"(-111.8021305, 41.749619)",Lundstrum
1790893698.2612412,18512,"(-111.8021178, 41.749619)",Lundstrum
1790893708.5060065,18512,"(-111.802118, 41.7496171)",Lundstrum
1790893718.7922814,18512,"(-111.8021188, 41.7496123)",Lundstrum
1790893729.091529,18512,"(-111.802339, 41.7495068)",in_transit
1790893739.3463244,18512,"(-111.8028826, 41.7493441)",in_transit
1790893749.6139848,18512,"(-111.8039508, 41.749358)",in_transit
1790893759.8644307,18512,"(-111.8041766, 41.749418)",in_transit
1790893770.1384554,18512,"(-111.8043668, 41.7498655)",in_transit
1790893780.4261618,18512,"(-111.8043596, 41.7505896)",in_transit
1790893790.7338598,18512,"(-111.8043591, 41.750773)",Aggie Village 1
1790893800.9945223,18512,"(-111.8043596, 41.7507888)",Aggie Village 1
1790893811.2586455,18512,"(-111.8043893, 41.7512395)",in_transit
1790893821.5344903,18512,"(-111.8044083, 41.7520615)",in_transit
1790893831.8322768,18512,"(-111.804415, 41.7529433)",in_transit
1790893842.150796,18512,"(-111.8046618, 41.7530578)",in_transit
1790893852.4207442,18512,"(-111.8057125, 41.7530496)",in_transit
1790893862.6722648,18512,"(-111.8059808, 41.7530555)",Aggie Village 2
1790893872.9346225,18512,"(-111.8060576, 41.7530565)",Aggie Village 2
1790893883.2214677,18512,"(-111.8060566, 41.7530503)",Aggie Village 2
1790893893.4869378,18512,"(-111.8068855, 41.7530021)",in_transit
1790893903.7590718,18512,"(-111.807531, 41.7528223)",in_transit
1790893914.0259683,18512,"(-111.8085648, 41.7525231)",in_transit
1790893924.2924333,18512,"(-111.8090501, 41.752179)",in_transit
1790893934.5559866,18512,"(-111.8092551, 41.751714)",Aggie Village 3
1790893944.8128207,18512,"(-111.809279, 41.7515708)",Aggie Village 3
1790893955.0649142,18512,"(-111.8092815, 41.7515635)",Aggie Village 3
1790893965.3359141,18512,"(-111.809261, 41.7511675)",in_transit
1790893975.6150916,18512,"(-111.8092701, 41.7503836)",in_transit
1790893985.9299624,18512,"(-111.8092706, 41.7502021)",in_transit
1790893996.1985366,18512,"(-111.809414, 41.7500965)",in_transit
1790894006.4930387,18512,"(-111.8109888, 41.7501356)",in_transit
1790894016.7631516,18512,"(-111.8123933, 41.7501418)",in_transit
1790894027.0418165,18512,"(-111.8136863, 41.7501386)",in_transit
1790894037.3011706,18512,"(-111.8139783, 41.7499116)",in_transit
1790894047.566561,18512,"(-111.8140078, 41.7489988)",in_transit
1790894057.8174567,18512,"(-111.8140938, 41.7485515)",800 E 900 N
1790894068.089864,18512,"(-111.8141023, 41.748537)",800 E 900 N
1790894078.3491745,18512,"(-111.8141081, 41.7485346)",800 E 900 N
1790894088.614253,18512,"(-111.8141123, 41.7485423)",800 E 900 N
1790894098.8774996,18512,"(-111.8141183, 41.7485486)",800 E 900 N
1790894109.1338177,18512,"(-111.8141191, 41.7485446)",800 E 900 N
1790894119.385719,18512,"(-111.8141118, 41.7485381)",800 E 900 N
1790894129.6704488,18512,"(-111.8141121, 41.748529)",800 E 900 N
1790894139.9663637,18512,"(-111.8141063, 41.7485315)",800 E 900 N
1790894150.2606046,18512,"(-111.8141025, 41.748536)",800 E 900 N
1790894160.5310183,18512,"(-111.8140975, 41.7485358)",800 E 900 N
1790894170.8009393,18512,"(-111.8140666, 41.747755)",in_transit
1790894181.0477548,18512,"(-111.8140901, 41.7470038)",in_transit
1790894191.3175929,18512,"(-111.8141163, 41.746153)",in_transit
1790894201.5742464,18512,"(-111.8141163, 41.746153)",in_transit
1790894211.8709161,18512,"(-111.814145, 41.7446981)",in_transit
1790894222.1691358,18512,"(-111.8138546, 41.7444548)",in_transit
1790894232.4294772,18512,"(-111.8134698, 41.7444333)",Field House
1790894242.6922178,18512,"(-111.8134665, 41.7444386)",Field House
1790894252.955482,18512,"(-111.813465, 41.74444)",Field House
1790894263.299535,18512,"(-111.81347, 41.744441)",Field House
1790890093.2398474,18512,"(-111.8024435, 41.7494225)",in_transit
1790890103.5115547,18512,"(-111.8034085, 41.7493518)",in_transit
1790890113.816808,18512,"(-111.804005, 41.7493738)",in_transit
1790890124.072545,18512,"(-111.8041638, 41.7494078)",in_transit
1790890134.36569,18512,"(-111.8041638, 41.7494133)",in_transit
1790890144.634563,18512,"(-111.8041621, 41.7494141)",in_transit
1790890154.900055,18512,"(-111.8041586, 41.7494138)",in_transit
1790890165.1548762,18512,"(-111.8041636, 41.7494175)",in_transit
1790890175.4201992,18512,"(-111.8041641, 41.7494156)",in_transit
1790890185.6840281,18512,"(-111.8043736, 41.749869)",in_transit
1790890195.9737883,18512,"(-111.8043563, 41.7507453)",Aggie Village 1
1790890206.297938,18512,"(-111.8043561, 41.7508086)",Aggie Village 1
1790890216.5628896,18512,"(-111.8043526, 41.7508215)",Aggie Village 1
1790890226.8239856,18512,"(-111.804377, 41.7512968)",in_transit
1790890237.0732849,18512,"(-111.804388, 41.7521253)",in_transit
1790890247.3317945,18512,"(-111.8043978, 41.7528436)",in_transit
1790890257.5885782,18512,"(-111.8046461, 41.7530645)",in_transit
1790890267.8499115,18512,"(-111.8053335, 41.7530578)",in_transit
1790890278.1130092,18512,"(-111.8059133, 41.753058)",Aggie Village 2
1790890288.3755262,18512,"(-111.8060415, 41.7530626)",Aggie Village 2
1790890298.6548088,18512,"(-111.806037, 41.7530656)",Aggie Village 2
1790890308.9337587,18512,"(-111.8065411, 41.7530531)",in_transit
1790890319.2195954,18512,"(-111.8071425, 41.7529413)",in_transit
1790890329.4916484,18512,"(-111.8080148, 41.7526883)",in_transit
1790890339.7499697,18512,"(-111.808646, 41.7525045)",in_transit
1790890350.0051332,18512,"(-111.8092216, 41.7518663)",in_transit
1790890360.2518532,18512,"(-111.8092765, 41.7516526)",Aggie Village 3
1790890370.5239263,18512,"(-111.8092858, 41.7515835)",Aggie Village 3
1790890380.8276324,18512,"(-111.8092745, 41.7508911)",in_transit
1790890391.0950162,18512,"(-111.809273, 41.7503953)",in_transit
1790890401.379311,18512,"(-111.809273, 41.7502125)",in_transit
1790890411.647773,18512,"(-111.8095176, 41.7500968)",in_transit
1790890421.9080358,18512,"(-111.8103428, 41.7501236)",in_transit
1790890432.1727848,18512,"(-111.8121518, 41.750157)",in_transit
1790890442.4299262,18512,"(-111.8136853, 41.7501556)",in_transit
1790890452.687252,18512,"(-111.8139718, 41.7499091)",in_transit
1790890462.9492795,18512,"(-111.8139933, 41.7490716)",in_transit
1790890473.2211733,18512,"(-111.8140881, 41.7485701)",800 E 900 N
1790890483.50626,18512,"(-111.8140893, 41.7485431)",800 E 900 N
1790890493.7734463,18512,"(-111.8140973, 41.7485286)",800 E 900 N
1790890504.0327568,18512,"(-111.814055, 41.7483236)",in_transit
1790890514.3248053,18512,"(-111.8140708, 41.7473806)",in_transit
1790890524.6180828,18512,"(-111.8141008, 41.7465905)",in_transit
1790890534.8899431,18512,"(-111.8141191, 41.7461503)",in_transit
1790890545.1448326,18512,"(-111.8141191, 41.7461503)",in_transit
1790890555.4156423,18512,"(-111.8141408, 41.744753)",in_transit
1790890565.6783977,18512,"(-111.8141488, 41.7447641)",in_transit
1790890575.9521542,18512,"(-111.8141536, 41.7446666)",in_transit
1790890586.2397351,18512,"(-111.8141355, 41.744547)",in_transit
1790890596.50346,18512,"(-111.8134476, 41.744428)",Field House
1790890606.7846437,18512,"(-111.8134446, 41.7444271)",Field House
1790890617.0498102,18512,"(-111.8134475, 41.7444286)",Field House
1790890627.3078969,18512,"(-111.8134455, 41.7444321)",Field House
1790890637.6081488,18512,"(-111.813216, 41.7444828)",in_transit
1790890647.8649907,18512,"(-111.8119725, 41.744438)",in_transit
1790890658.1665294,18512,"(-111.8114073, 41.7444446)",in_transit
1790890668.4578934,18512,"(-111.8108546, 41.7444243)",Veterinary Science
1790890678.716077,18512,"(-111.8108628, 41.7444211)",Veterinary Science
1790890688.980938,18512,"(-111.810622, 41.7444246)",in_transit
1790890699.264579,18512,"(-111.8095116, 41.7443881)",in_transit
1790890709.5737596,18512,"(-111.8087071, 41.7443651)",in_transit
1790890719.8380342,18512,"(-111.808094, 41.7443593)",Industrial Science
1790890730.0971878,18512,"(-111.808048, 41.744365)",in_transit
1790890740.3899176,18512,"(-111.8080448, 41.7443665)",in_transit
1790890750.648119,18512,"(-111.8075591, 41.7443576)",in_transit
1790890760.889461,18512,"(-111.8068416, 41.7443273)",in_transit
1790890771.2148838,18512,"(-111.8054816, 41.7442951)",in_transit
1790890781.4768167,18512,"(-111.804723, 41.7443148)",in_transit
1790890791.734773,18512,"(-111.8045568, 41.7443115)",in_transit
1790890802.003792,18512,"(-111.8045453, 41.744307)",in_transit
1790890812.3026216,18512,"(-111.8045395, 41.7443061)",in_transit
1790890822.5749822,18512,"(-111.8042956, 41.7443353)",in_transit
1790890832.892144,18512,"(-111.8042581, 41.7452611)",Aggie Ice Cream
1790890843.1483655,18512,"(-111.8042643, 41.7455636)",in_transit
1790890853.4109879,18512,"(-111.8042806, 41.7456785)",in_transit
1790890863.6719136,18512,"(-111.8043193, 41.7463293)",in_transit
1790890873.9758127,18512,"(-111.8042983, 41.746831)",in_transit
1790890884.2400248,18512,"(-111.804317, 41.7478525)",in_transit
1790890894.497674,18512,"(-111.8043336, 41.7486686)",in_transit
1790890904.7529514,18512,"(-111.8043513, 41.7489656)",in_transit
1790890915.0227664,18512,"(-111.8043656, 41.7491366)",in_transit
1790890925.2895093,18512,"(-111.8043343, 41.7492468)",in_transit
1790890935.5495927,18512,"(-111.8034771, 41.7493065)",in_transit
1790890945.8217423,18512,"(-111.8020165, 41.7493221)",in_transit
1790890956.1176028,18512,"(-111.8018446, 41.7495026)",in_transit
1790890966.370393,18512,"(-111.8021148, 41.749619)",Lundstrum
1790890976.6320877,18512,"(-111.80211, 41.7496135)",Lundstrum
1790890986.8940759,18512,"(-111.8021003, 41.7496058)",Lundstrum
1790890997.161655,18512,"(-111.8023326, 41.7494885)",in_transit
1790891007.4375315,18512,"(-111.8028271, 41.7493448)",in_transit
1790891017.696323,18512,"(-111.8039951, 41.7493628)",in_transit
1790891027.973497,18512,"(-111.8042356, 41.7494686)",in_transit
1790891038.2997468,18512,"(-111.8043646, 41.750519)",in_transit
1790891048.5654347,18512,"(-111.8043636, 41.7507376)",Aggie Village 1
1790891058.82046,18512,"(-111.8043636, 41.7507918)",Aggie Village 1
1790891069.0852118,18512,"(-111.804403, 41.7511393)",in_transit
1790891079.3483467,18512,"(-111.8044226, 41.7522675)",in_transit
1790891089.6074402,18512,"(-111.8044245, 41.7528966)",in_transit
1790891099.891097,18512,"(-111.8044223, 41.7529975)",in_transit
1790891110.1660268,18512,"(-111.8049181, 41.7530573)",in_transit
1790891120.4279106,18512,"(-111.8058475, 41.7530568)",in_transit
1790891130.6814973,18512,"(-111.8060806, 41.7530598)",Aggie Village 2
1790891140.9308243,18512,"(-111.8060933, 41.7530585)",Aggie Village 2
1790891151.1875873,18512,"(-111.8061345, 41.7530545)",Aggie Village 2
1790891161.458294,18512,"(-111.8069641, 41.75299)",in_transit
1790891171.702446,18512,"(-111.8075921, 41.7528176)",in_transit
1790891181.9679596,18512,"(-111.8085893, 41.7525373)",in_transit
1790891192.224846,18512,"(-111.8088733, 41.7523798)",in_transit
1790891202.5217178,18512,"(-111.8092626, 41.7517431)",Aggie Village 3
1790891212.79851,18512,"(-111.8092746, 41.751585)",Aggie Village 3
1790891223.0695243,18512,"(-111.8092778, 41.7515806)",Aggie Village 3
1790891233.3230362,18512,"(-111.8092708, 41.7508955)",in_transit
1790891243.586376,18512,"(-111.8092688, 41.7503966)",in_transit
1790891253.8423593,18512,"(-111.8092658, 41.750216)",in_transit
1790891264.1383877,18512,"(-111.809556, 41.7501075)",in_transit
1790891274.405628,18512,"(-111.8110858, 41.7501453)",in_transit
1790891284.6626213,18512,"(-111.8123265, 41.7501541)",in_transit
1790891294.9166894,18512,"(-111.8136903, 41.7501545)",in_transit
1790891305.182198,18512,"(-111.8139896, 41.7499241)",in_transit
1790891315.4402711,18512,"(-111.8140073, 41.748977)",in_transit
1790891325.7375064,18512,"(-111.8140661, 41.7487128)",800 E 900 N
1790891335.9972773,18512,"(-111.8140991, 41.7485466)",800 E 900 N
1790891346.2534277,18512,"(-111.81406, 41.7483661)",in_transit
1790891356.5251696,18512,"(-111.8140741, 41.7476171)",in_transit
1790891366.8357255,18512,"(-111.814095, 41.7469773)",in_transit
1790891377.109421,18512,"(-111.8141216, 41.7461836)",in_transit
1790891387.364824,18512,"(-111.8141521, 41.7450158)",in_transit
1790891397.6397572,18512,"(-111.8141476, 41.7447991)",in_transit
1790891407.897185,18512,"(-111.814152, 41.7446456)",in_transit
1790891418.1816852,18512,"(-111.8141531, 41.7446218)",in_transit
