timestamp,vehicle_id,coordinates,stop,distance_along_route
1790692325.672489,17703,"(-111.8043289, 41.7496889)",in_transit,1859.5970109340876
1790692335.954719,17703,"(-111.8043102, 41.7505634)",in_transit,1958.2473889717603
1790692346.300386,17703,"(-111.8043252, 41.7508111)",Aggie Village 1,1985.7808205346978
1790692356.604616,17703,"(-111.8043301, 41.7508153)",Aggie Village 1,1986.2568860206427
1790692366.8667169,17703,"(-111.8043384, 41.7508296)",Aggie Village 1,1987.8611580618158
1790692377.1823459,17703,"(-111.804351, 41.7515854)",in_transit,2071.9526067946067
1790692387.513852,17703,"(-111.804358, 41.7521646)",in_transit,2136.2847868514746
1790692397.790756,17703,"(-111.8043774, 41.7528418)",in_transit,2211.5051772336815
1790692408.098294,17703,"(-111.8043797, 41.7528801)",in_transit,2215.7597226187168
1790692418.461796,17703,"(-111.8048774, 41.7530135)",in_transit,2271.459934045078
1790692428.8406558,17703,"(-111.8054206, 41.753)",in_transit,2316.5951000665486
1790692439.175499,17703,"(-111.8060411, 41.75301)",Aggie Village 2,2368.211247276186
1790692449.478936,17703,"(-111.8060408, 41.7530207)",Aggie Village 2,2368.1822678073177
1790692459.761589,17703,"(-111.8060418, 41.7530274)",Aggie Village 2,2368.262914692672
1790692470.128402,17703,"(-111.8060893, 41.7530227)",Aggie Village 2,2372.2152347537094
1790692480.413766,17703,"(-111.8069801, 41.752935)",in_transit,2448.3058112070144
1790692490.702181,17703,"(-111.8081594, 41.752604)",in_transit,2552.98197750474
1790692501.062411,17703,"(-111.8087786, 41.752369)",in_transit,2612.34950330706
1790692511.367893,17703,"(-111.809239, 41.7516234)",Aggie Village 3,2707.9846854091666
1790692521.657068,17703,"(-111.8092359, 41.751564)",Aggie Village 3,2714.5764537311825
1790692531.967169,17703,"(-111.8092329, 41.7515638)",Aggie Village 3,2714.594201973411
1790692542.2834592,17703,"(-111.8092165, 41.7514368)",in_transit,2728.6730481604513
1790692552.6676989,17703,"(-111.8092184, 41.750722)",in_transit,2808.05266523068
1790692562.9781718,17703,"(-111.8092349, 41.7501921)",in_transit,2866.9248064447384
1790692573.302479,17703,"(-111.8092377, 41.7501981)",in_transit,2866.2626691219775
1790692583.696426,17703,"(-111.8092649, 41.7501532)",in_transit,2871.2885531935017
1790692593.9887118,17703,"(-111.8102056, 41.7501149)",in_transit,2960.13822699673
1790692604.3349628,17703,"(-111.8118221, 41.7501621)",in_transit,3094.668686186458
1790692614.629198,17703,"(-111.8118221, 41.7501621)",in_transit,3094.668686186458
1790692624.9024682,17703,"(-111.8138901, 41.7501117)",in_transit,3273.490977047597
1790692635.264962,17703,"(-111.8139926, 41.7492632)",in_transit,3367.9642186739466
1790692645.563039,17703,"(-111.8140327, 41.7488124)",in_transit,3418.113158848986
1790692655.822378,17703,"(-111.8140804, 41.7485494)",800 E 900 N,3447.428894409484
1790692666.198165,17703,"(-111.8140823, 41.7485473)",800 E 900 N,3447.6667253029
1790692676.494731,17703,"(-111.8140805, 41.7485419)",800 E 900 N,3448.261782681203
1790692686.76134,17703,"(-111.8140802, 41.7485374)",800 E 900 N,3448.760626763152
1790692697.14082,17703,"(-111.8140845, 41.7485334)",800 E 900 N,3449.2153193301997
1790692707.427445,17703,"(-111.8140899, 41.7485326)",800 E 900 N,3449.3174675853916
1790692717.694144,17703,"(-111.8140926, 41.7485297)",800 E 900 N,3449.6460888206375
1790692728.065202,17703,"(-111.8140875, 41.7485359)",800 E 900 N,3448.9451795334357
1790692738.358335,17703,"(-111.8140871, 41.7485267)",800 E 900 N,3449.965565290171
1790692748.695929,17703,"(-111.8140394, 41.7479109)",in_transit,3518.2132304338193
1790692759.007949,17703,"(-111.814055, 41.7474336)",in_transit,3571.241024449221
1790692769.292949,17703,"(-111.8140916, 41.7463844)",in_transit,3687.812359666757
1790692779.56822,17703,"(-111.8141091, 41.7457956)",in_transit,3753.2233876872106
1790692789.930912,17703,"(-111.8141328, 41.7451926)",in_transit,3820.2261334750656
1790692800.225219,17703,"(-111.8141287, 41.7451952)",in_transit,3819.9273654007184
1790692810.511497,17703,"(-111.8141324, 41.7451608)",in_transit,3823.755580524544
1790692820.853624,17703,"(-111.8141375, 41.7449067)",in_transit,3851.9780186867138
1790692831.2632802,17703,"(-111.8141328, 41.7448567)",in_transit,3857.517332914884
1790692841.5380878,17703,"(-111.8141234, 41.7448427)",in_transit,3859.048359953579
1790692851.8563619,17703,"(-111.8141269, 41.7448292)",in_transit,3860.555762126409
1790692862.197008,17703,"(-111.8141274, 41.7446898)",in_transit,3876.0329929403724
1790692872.4841752,17703,"(-111.8140752, 41.7445812)",in_transit,3887.943361632583
1790692882.809896,17703,"(-111.8134871, 41.7444644)",Field House,55.58604658757588
1790692893.126732,17703,"(-111.8134538, 41.7444697)",Field House,58.33684035997104
1790692903.413741,17703,"(-111.8134539, 41.7444662)",Field House,58.340317573996224
1790692913.791036,17703,"(-111.8134529, 41.7444568)",Field House,58.45512874283152
1790692924.152122,17703,"(-111.8134531, 41.7444545)",Field House,58.4462489026069
1790692934.442276,17703,"(-111.8134478, 41.7444487)",Field House,58.906445087587734
1790692944.7152169,17703,"(-111.8133532, 41.7444727)",Field House,66.69088026260151
1790692955.071157,17703,"(-111.8121712, 41.7444851)",in_transit,165.0027957423735
1790692965.374974,17703,"(-111.8115906, 41.7444785)",in_transit,214.1970962152016
1790692975.6444201,17703,"(-111.8113093, 41.7444764)",in_transit,237.58775093344786
1790692986.0048609,17703,"(-111.8108456, 41.7444634)",Veterinary Science,276.1849312718969
1790692996.30755,17703,"(-111.8108508, 41.7444688)",Veterinary Science,275.7340569438085
1790693006.571222,17703,"(-111.8107966, 41.7444678)",in_transit,280.24374025397054
1790693016.922851,17703,"(-111.8104293, 41.7444614)",in_transit,310.80345672445833
1790693027.240225,17703,"(-111.8095674, 41.7444416)",in_transit,382.53466660045325
1790693037.522084,17703,"(-111.8088124, 41.7444153)",in_transit,445.3283121857615
1790693047.883428,17703,"(-111.8088128, 41.7444166)",in_transit,445.29903210879144
1790693058.173333,17703,"(-111.808323, 41.7444075)",Industrial Science,486.13447013580327
1790693068.438263,17703,"(-111.8080693, 41.7443986)",in_transit,507.25569177140983
1790693078.814782,17703,"(-111.8080613, 41.7444014)",in_transit,507.91309179714636
1790693089.106661,17703,"(-111.8080583, 41.7444019)",in_transit,508.1611561153209
1790693099.372038,17703,"(-111.8080491, 41.7443996)",in_transit,508.93261532969944
1790693109.736459,17703,"(-111.8072604, 41.7443772)",in_transit,574.6778038820078
1790693120.038938,17703,"(-111.8065808, 41.7443532)",in_transit,631.2671251456503
1790693130.325103,17703,"(-111.8051859, 41.7443264)",in_transit,747.2662745411621
1790693140.676571,17703,"(-111.8045823, 41.744342)",in_transit,797.4127489828928
1790693150.971859,17703,"(-111.8045545, 41.7443455)",in_transit,799.7143740401917
1790693161.320079,17703,"(-111.8045177, 41.7443478)",in_transit,802.7678200944479
1790693171.6620789,17703,"(-111.8043136, 41.7448158)",in_transit,874.9380296999879
1790693181.996214,17703,"(-111.8043326, 41.7456006)",in_transit,962.1172879873352
1790693192.281167,17703,"(-111.8043272, 41.7456597)",in_transit,968.6693434939573
1790693202.607389,17703,"(-111.8043266, 41.7456614)",in_transit,968.8569627632105
1790693212.9472399,17703,"(-111.8043495, 41.7461928)",in_transit,1027.8956612949792
1790693223.2190888,17703,"(-111.8042892, 41.7467015)",in_transit,1088.1832928261447
1790693233.546474,17703,"(-111.8043257, 41.7471508)",in_transit,1138.344121886594
1790693243.87385,17703,"(-111.8043461, 41.7483643)",in_transit,1273.1361924636478
1790693254.143237,17703,"(-111.8043248, 41.7492383)",in_transit,1370.8396556884015
1790693264.4877,17703,"(-111.8035512, 41.7493178)",in_transit,1440.484631289337
1790693274.8070662,17703,"(-111.8028585, 41.7493198)",in_transit,1498.0657305752115
1790693285.0890958,17703,"(-111.8018291, 41.7494526)",in_transit,1605.6923101464977
1790693295.40697,17703,"(-111.8020275, 41.7496174)",Lundstrum,1630.3849828746395
1790693305.746186,17703,"(-111.8020554, 41.7496129)",Lundstrum,1631.8005546235493
1790693316.120152,17703,"(-111.8020716, 41.749609)",Lundstrum,1633.142803962592
1790693326.416518,17703,"(-111.8020804, 41.7496107)",Lundstrum,1633.8769028193703
1790693336.774682,17703,"(-111.8021281, 41.749601)",Lundstrum,1637.831406062577
1790693347.056095,17703,"(-111.8023533, 41.7495127)",in_transit,1659.6981699119804
1790693357.345227,17703,"(-111.802539, 41.7493814)",in_transit,1524.693734111034
1790693367.691686,17703,"(-111.8037818, 41.7493538)",in_transit,1421.262807075485
1790693378.516716,17703,"(-111.8039938, 41.7493698)",in_transit,1809.0456315448303
1790693388.798961,17703,"(-111.8043899, 41.7498357)",in_transit,1876.6432444418915
1790693399.138537,17703,"(-111.8043433, 41.7506551)",in_transit,1968.4950316591903
1790693409.541811,17703,"(-111.8043477, 41.7508222)",Aggie Village 1,1987.0579240101877
1790693419.806729,17703,"(-111.804349, 41.7508236)",Aggie Village 1,1987.2159517887617
1790693430.133854,17703,"(-111.8043623, 41.7511302)",in_transit,2021.396656036751
1790693440.4698722,17703,"(-111.8043733, 41.7521265)",in_transit,2132.057573271638
1790693450.7318468,17703,"(-111.8044481, 41.7530351)",in_transit,2232.9950414818777
1790693461.093193,17703,"(-111.804753, 41.7530991)",in_transit,2260.9506865018484
1790693471.415519,17703,"(-111.8058206, 41.7530694)",in_transit,2349.8500246848253
1790693481.704681,17703,"(-111.8060255, 41.7530717)",Aggie Village 2,2366.8905738375433
1790693492.030616,17703,"(-111.8060238, 41.7530695)",Aggie Village 2,2366.7500140886964
1790693502.348653,17703,"(-111.8062387, 41.7530442)",Aggie Village 2,2384.6326552434066
1790693512.728009,17703,"(-111.8072796, 41.7528804)",in_transit,2473.7276949451925
1790693523.006021,17703,"(-111.8084246, 41.7525414)",in_transit,2576.087893979763
1790693533.35504,17703,"(-111.8089207, 41.7522663)",in_transit,2629.7097583901736
1790693543.661085,17703,"(-111.8092227, 41.7515741)",Aggie Village 3,2713.4352153153645
1790693553.939911,17703,"(-111.8092179, 41.7515636)",Aggie Village 3,2714.594102936512
1790693564.270028,17703,"(-111.8092208, 41.751564)",Aggie Village 3,2714.553995979988
1790693574.597236,17703,"(-111.8092255, 41.7515483)",Aggie Village 3,2716.304473471947
1790693584.882072,17703,"(-111.8092245, 41.7511918)",in_transit,2755.8924357677797
1790693595.22557,17703,"(-111.8092372, 41.7505979)",in_transit,2821.86582278157
1790693605.525523,17703,"(-111.8092554, 41.7502864)",in_transit,2856.4832624112737
1790693615.806009,17703,"(-111.8092601, 41.7501991)",in_transit,2866.184925283952
1790693626.158875,17703,"(-111.8092597, 41.7501998)",in_transit,2866.1065954602013
1790693636.460382,17703,"(-111.809263, 41.7501951)",in_transit,2866.6334376535156
1790693646.739537,17703,"(-111.809271, 41.7501571)",in_transit,2870.8643449775986
1790693657.105904,17703,"(-111.8102689, 41.7501411)",in_transit,2965.4631559584304
1790693667.392905,17703,"(-111.8123035, 41.7501845)",in_transit,3134.7518155647676
1790693677.669576,17703,"(-111.8132064, 41.75018)",in_transit,3209.8222409499485
1790693688.037262,17703,"(-111.8136142, 41.7501763)",in_transit,3243.724394319205
1790693698.326037,17703,"(-111.813626, 41.7501663)",in_transit,3244.6823755740884
1790693708.621848,17703,"(-111.8136332, 41.7501637)",in_transit,3245.2750488110264
1790693718.9576588,17703,"(-111.813662, 41.7501578)",in_transit,3247.6562054968745
1790693729.258046,17703,"(-111.8136954, 41.7501563)",in_transit,3250.430108036903
1790693739.566155,17703,"(-111.8139119, 41.7495268)",in_transit,3338.505972269826
1790693749.908291,17703,"(-111.8139291, 41.7489714)",in_transit,3400.205352063467
1790693760.19204,17703,"(-111.814022, 41.7485554)",800 E 900 N,3446.6185835304022
1790693770.459469,17703,"(-111.8140416, 41.7485528)",800 E 900 N,3446.9556280448096
1790693780.835098,17703,"(-111.8140483, 41.7485506)",800 E 900 N,3447.216412788392
1790693791.753294,17703,"(-111.814057, 41.7485453)",800 E 900 N,3447.826294188231
1790693802.034762,17703,"(-111.8140719, 41.7485373)",800 E 900 N,3448.751234974634
1790693812.3489769,17703,"(-111.8140784, 41.748515)",800 E 900 N,3451.2430045302544
1790693822.696415,17703,"(-111.8140335, 41.7482697)",in_transit,3478.3651200840277
1790693832.970708,17703,"(-111.8140665, 41.7474465)",in_transit,3569.83729732311
1790693843.27985,17703,"(-111.8140715, 41.7469164)",in_transit,3628.70057504471
1790693853.607585,17703,"(-111.8141084, 41.7460798)",in_transit,3721.670180569039
1790693863.8967118,17703,"(-111.8141084, 41.7460798)",in_transit,3721.670180569039
1790693874.217077,17703,"(-111.8141196, 41.7457384)",in_transit,3759.599626508349
1790693884.542318,17703,"(-111.8141159, 41.7456425)",in_transit,3770.2370736610274
1790693894.811816,17703,"(-111.8141393, 41.7450609)",in_transit,3834.8633958479973
1790693905.232692,17703,"(-111.8141328, 41.7449782)",in_transit,3844.028570431228
1790693915.566258,17703,"(-111.8141291, 41.7449791)",in_transit,3843.9195085492624
1790693925.865898,17703,"(-111.8141214, 41.7449777)",in_transit,3844.05590284127
1790693936.15042,17703,"(-111.8141239, 41.7449597)",in_transit,3846.060417206533
1790693946.511383,17703,"(-111.8141332, 41.744925)",in_transit,3849.935749809958
1790693956.798698,17703,"(-111.81414, 41.7447109)",in_transit,3873.7216431387833
1790693967.062536,17703,"(-111.8141383, 41.7446978)",in_transit,3875.171785162709
1790693977.411548,17703,"(-111.8141365, 41.7446851)",in_transit,3876.5772725659663
1790693987.731122,17703,"(-111.8141341, 41.7446797)",in_transit,3877.17084108793
1790693997.9963121,17703,"(-111.8141348, 41.744666)",in_transit,3878.693526244653
1790694008.35163,17703,"(-111.8140929, 41.7445651)",in_transit,3889.778720572708
1790694018.6643531,17703,"(-111.8135071, 41.7444745)",Field House,53.889167915666086
1790694028.963259,17703,"(-111.8134861, 41.7444805)",Field House,55.614949088055255
1790694039.296801,17703,"(-111.8134804, 41.7444739)",Field House,56.111097070585394
1790694049.5969841,17703,"(-111.8134767, 41.7444734)",Field House,56.420409224353186
1790694059.9042492,17703,"(-111.813471, 41.7444743)",Field House,56.89129005004103
1790694070.305293,17703,"(-111.8134587, 41.7444737)",Field House,57.9159655818635
1790694080.6402931,17703,"(-111.8134497, 41.7444708)",Field House,58.674019196010455
1790694090.921113,17703,"(-111.8134404, 41.7444682)",Field House,59.456004959130055
1790694101.2596328,17703,"(-111.8134412, 41.7444655)",Field House,59.39858718866731
1790694111.577322,17703,"(-111.8134398, 41.7444657)",Field House,59.514313059875235
1790694121.9504168,17703,"(-111.8134376, 41.7444645)",Field House,59.70126964661887
1790694132.221235,17703,"(-111.8134367, 41.7444638)",Field House,59.77845631975009
1790694142.58471,17703,"(-111.8134349, 41.7444654)",Field House,59.92272261778303
1790694152.9892118,17703,"(-111.8134385, 41.7444637)",Field House,59.62913649518062
1790694163.275938,17703,"(-111.8134363, 41.7444608)",Field House,59.82182041596228
1790694173.5765061,17703,"(-111.8134313, 41.744466)",Field House,60.22001464861086
1790694183.90928,17703,"(-111.8134155, 41.7444713)",Field House,61.51581215662332
1790694194.200702,17703,"(-111.8131213, 41.7445106)",in_transit,85.84395018767889
1790694204.5075898,17703,"(-111.8120357, 41.7444983)",in_transit,176.2647280813461
1790694214.869056,17703,"(-111.8117304, 41.7444958)",in_transit,202.50541579318957
1790694225.234036,17703,"(-111.8117309, 41.744494)",in_transit,202.47123224503832
1790694235.535491,17703,"(-111.8116961, 41.7444909)",in_transit,205.37666171988167
1790694245.873515,17703,"(-111.8109037, 41.7444654)",Veterinary Science,271.34756382824133
1790694256.169817,17703,"(-111.8108772, 41.7444633)",Veterinary Science,273.5580142998319
1790694266.4458292,17703,"(-111.8108766, 41.7444644)",Veterinary Science,273.6041222857838
1790694276.813163,17703,"(-111.8108764, 41.7444685)",Veterinary Science,273.6066737140054
1790694287.099911,17703,"(-111.8108478, 41.7444697)",Veterinary Science,275.9803903064018
1790694297.378913,17703,"(-111.8098723, 41.7444477)",in_transit,357.163925987427
1790694307.731251,17703,"(-111.8085705, 41.7444143)",in_transit,465.53468703966905
1790694318.0321019,17703,"(-111.8080671, 41.7443936)",in_transit,507.4526256227585
1790694328.284043,17703,"(-111.8080671, 41.7443961)",in_transit,507.4456287254263
1790694338.5822752,17703,"(-111.8080637, 41.7443982)",in_transit,507.7224768768525
1790694348.848832,17703,"(-111.8078048, 41.7443969)",in_transit,529.2548335745322
1790694359.171405,17703,"(-111.8065223, 41.7443511)",in_transit,636.0120995605939
1790694369.503542,17703,"(-111.8057554, 41.7443354)",in_transit,699.8846505892241
1790694379.746754,17703,"(-111.8045524, 41.7443369)",in_transit,799.9136592682423
1790694390.078868,17703,"(-111.8043916, 41.7443435)",in_transit,813.2652579626465
1790694400.350086,17703,"(-111.8042164, 41.7449243)",in_transit,886.8064969807839
1790694410.6009998,17703,"(-111.8042451, 41.7454795)",in_transit,948.5034122014729
1790694420.877662,17703,"(-111.8042579, 41.7456703)",in_transit,969.7139874440202
1790694431.137097,17703,"(-111.8042726, 41.7457001)",in_transit,973.0510086639888
1790694441.489555,17703,"(-111.8042934, 41.7459748)",in_transit,1003.5831639515759
1790694451.813946,17703,"(-111.8042689, 41.7467471)",in_transit,1093.0550835575414
1790694462.085527,17703,"(-111.8043318, 41.7480854)",in_transit,1242.1405201805737
1790694472.40975,17703,"(-111.8043471, 41.7491753)",in_transit,1363.4775861134901
1790694482.657095,17703,"(-111.8040739, 41.7493323)",in_transit,1397.3198330170521
1790694492.900266,17703,"(-111.8025695, 41.7493123)",in_transit,1522.1201241717279
1790694503.20319,17703,"(-111.8018027, 41.7494549)",in_transit,1604.7922654118095
1790694513.472875,17703,"(-111.8019303, 41.7496044)",Lundstrum,1622.4795518215972
1790694523.8258061,17703,"(-111.8020383, 41.7496209)",Lundstrum,1631.154139374119
1790694534.142835,17703,"(-111.8020612, 41.7496244)",Lundstrum,1632.2979177457853
1790694544.39626,17703,"(-111.8024041, 41.7494738)",in_transit,1665.612637488151
1790694554.717659,17703,"(-111.8026252, 41.7493589)",in_transit,1517.5121761346506
1790694565.068661,17703,"(-111.8038307, 41.7493532)",in_transit,1417.1965140476668
1790694575.3124568,17703,"(-111.8043766, 41.7498706)",in_transit,1880.6325430886573
1790694585.591891,17703,"(-111.8043319, 41.7502826)",in_transit,1926.7268590795463
1790694595.9022772,17703,"(-111.8043234, 41.750826)",Aggie Village 1,1987.43169388975
1790694606.1909251,17703,"(-111.8043584, 41.7510696)",in_transit,2014.549523479055
1790694616.516615,17703,"(-111.8043716, 41.7524877)",in_transit,2172.1745713384134
1790694626.833858,17703,"(-111.8043765, 41.7529616)",in_transit,2224.810775235093
1790694637.0987039,17703,"(-111.8044623, 41.7530612)",in_transit,2236.6766315349732
1790694647.460347,17703,"(-111.8049506, 41.753085)",in_transit,2277.4096844629307
1790694657.7706509,17703,"(-111.8054431, 41.753071)",in_transit,2318.466405907746
1790694668.0489018,17703,"(-111.8060351, 41.7530797)",Aggie Village 2,2367.685988287737
1790694678.396523,17703,"(-111.8060735, 41.7530638)",Aggie Village 2,2370.8856807816082
1790694688.700298,17703,"(-111.8069479, 41.7529914)",in_transit,2443.8747038318443
1790694698.9707022,17703,"(-111.8074432, 41.7528465)",in_transit,2487.8048040207686
1790694709.3309288,17703,"(-111.8085564, 41.7525204)",in_transit,2587.4390566060506
1790694719.6379468,17703,"(-111.8091948, 41.7518693)",in_transit,2680.611873477752
1790694729.92309,17703,"(-111.8092446, 41.7515805)",Aggie Village 3,2712.757065426811
1790694740.2545888,17703,"(-111.8092337, 41.7515673)",Aggie Village 3,2714.2067162686562
1790694750.56459,17703,"(-111.8091987, 41.7509494)",in_transit,2782.777825327269
1790694760.8309162,17703,"(-111.8092276, 41.7502189)",in_transit,2863.937809168322
1790694771.206979,17703,"(-111.8092264, 41.7502153)",in_transit,2864.335805266488
1790694781.5022268,17703,"(-111.8098812, 41.7501063)",in_transit,2933.14256219561
1790694791.7722912,17703,"(-111.8120321, 41.7501721)",in_transit,3112.154591154328
1790694802.121854,17703,"(-111.8135804, 41.7501757)",in_transit,3240.9123476275536
1790694812.4287128,17703,"(-111.813664, 41.7501763)",in_transit,3247.865531821193
1790694822.713587,17703,"(-111.8136643, 41.7501718)",in_transit,3247.8800151973783
1790694833.069746,17703,"(-111.8137008, 41.7501673)",in_transit,3250.904723474184
1790694843.367483,17703,"(-111.813797, 41.7501469)",in_transit,3258.856824704125
1790694853.704999,17703,"(-111.8139224, 41.7493318)",in_transit,3360.180302068894
1790694864.0587258,17703,"(-111.8140505, 41.7485743)",800 E 900 N,3444.5906982177585
1790694874.3970869,17703,"(-111.8140638, 41.7485741)",800 E 900 N,3444.6457414702227
1790694884.6644711,17703,"(-111.8140664, 41.748571)",800 E 900 N,3444.9963196277745
1790694894.987252,17703,"(-111.8140715, 41.7485676)",800 E 900 N,3445.386376237844
1790694905.328803,17703,"(-111.814076, 41.7485642)",800 E 900 N,3445.7749513538183
1790694915.60342,17703,"(-111.8140773, 41.7485647)",800 E 900 N,3445.7226517800464
1790694925.904153,17703,"(-111.8140769, 41.7485626)",800 E 900 N,3445.954803717159
1790694936.266897,17703,"(-111.8140273, 41.7482615)",in_transit,3479.260154816157
1790694946.533931,17703,"(-111.8140491, 41.747193)",in_transit,3597.937511023143
1790694956.860132,17703,"(-111.8140491, 41.747193)",in_transit,3597.937511023143
1790694967.2069619,17703,"(-111.814113, 41.7452121)",in_transit,3818.012398626258
1790694977.58346,17703,"(-111.8141066, 41.7446895)",in_transit,3876.01488760926
1790694987.847544,17703,"(-111.8141032, 41.7446958)",in_transit,3875.307066605562
1790694998.193981,17703,"(-111.8141013, 41.7446841)",in_transit,3876.601288150765
1790695008.51198,17703,"(-111.8140729, 41.7446134)",in_transit,3884.3626407022703
1790695018.8351161,17703,"(-111.8135207, 41.7444667)",Field House,52.822203354823245
1790695029.1478279,17703,"(-111.8134915, 41.7444724)",Field House,55.19326747242025
1790695039.45071,17703,"(-111.8134766, 41.7444792)",Field House,56.40918349302261
1790695049.7259378,17703,"(-111.8134716, 41.7444776)",Field House,56.83028688069342
1790695060.104608,17703,"(-111.8134703, 41.7444754)",Field House,56.94578401069451
1790695070.3870442,17703,"(-111.813455, 41.7444742)",Field House,58.22190875539597
1790695080.66802,17703,"(-111.8126023, 41.7445156)",in_transit,129.00885903373194
1790695091.019294,17703,"(-111.8116057, 41.7445015)",in_transit,212.84763559099503
1790695101.316604,17703,"(-111.8115964, 41.7444992)",in_transit,213.6301189778292
1790695111.588587,17703,"(-111.8115777, 41.7444959)",in_transit,215.19806911853755
1790695121.936864,17703,"(-111.8109087, 41.7444765)",Veterinary Science,270.89374817998026
1790695132.2435179,17703,"(-111.8108912, 41.7444768)",Veterinary Science,272.34768801114
1790695142.521794,17703,"(-111.8108882, 41.7444763)",Veterinary Science,272.59882808497895
1790695152.877116,17703,"(-111.8108785, 41.7444769)",Veterinary Science,273.4032370582645
1790695163.182697,17703,"(-111.810817, 41.7444803)",in_transit,278.50474293382285
1790695173.455221,17703,"(-111.8101252, 41.7444635)",in_transit,336.07463111144375
1790695183.881742,17703,"(-111.8088188, 41.7444329)",in_transit,444.8500349889724
1790695194.224598,17703,"(-111.8081241, 41.7444128)",Industrial Science,502.65907986842296
1790695204.498744,17703,"(-111.8081184, 41.7444159)",Industrial Science,503.12438488114725
1790695214.804393,17703,"(-111.8078055, 41.7444218)",in_transit,529.1269279568893
1790695225.1475918,17703,"(-111.8064094, 41.7443671)",in_transit,645.4114121196742
1790695235.435852,17703,"(-111.8049833, 41.7443505)",in_transit,764.0438919672938
1790695245.720662,17703,"(-111.8044169, 41.7443594)",in_transit,811.1151939924965
1790695256.092698,17703,"(-111.804256, 41.7450484)",Aggie Ice Cream,900.6556957835361
1790695266.459139,17703,"(-111.8042755, 41.7456826)",in_transit,971.1133754662742
1790695276.7381601,17703,"(-111.8042843, 41.7459019)",in_transit,995.4699146019249
1790695287.0905979,17703,"(-111.8042975, 41.7462217)",in_transit,1031.5224340859452
1790695297.399681,17703,"(-111.8042866, 41.747005)",in_transit,1121.8736696298965
1790695307.676534,17703,"(-111.8043174, 41.74836)",in_transit,1272.6052657804746
1790695318.020007,17703,"(-111.8043344, 41.7490135)",in_transit,1345.680877496815
1790695328.326609,17703,"(-111.8041957, 41.7493731)",in_transit,1823.6688259094494
1790695338.6083982,17703,"(-111.8031616, 41.7493572)",in_transit,1472.8407140560537
1790695348.9545212,17703,"(-111.8019187, 41.7493701)",in_transit,1576.320156308715
1790695359.264836,17703,"(-111.8018052, 41.7494966)",in_transit,1608.3479484273603
1790695369.5333068,17703,"(-111.802026, 41.7496805)",Lundstrum,1631.154139374119
1790695379.8949099,17703,"(-111.8020659, 41.7496706)",Lundstrum,1632.7490114907796
1790695390.191742,17703,"(-111.8020718, 41.7496681)",Lundstrum,1633.2364481351615
1790695400.4744902,17703,"(-111.8020772, 41.7496635)",Lundstrum,1633.6795641578633
1790695410.823765,17703,"(-111.8020822, 41.7496627)",Lundstrum,1634.0943643804615
1790695421.131024,17703,"(-111.8022141, 41.7496308)",Lundstrum,1643.060254031553
1790695431.420744,17703,"(-111.8023951, 41.7495055)",in_transit,1662.5184727930523
1790695441.764323,17703,"(-111.8029553, 41.7493453)",in_transit,1721.5550091262664
1790695452.0594492,17703,"(-111.8041887, 41.7494534)",in_transit,1828.1147748731914
1790695462.339047,17703,"(-111.8044076, 41.7497676)",in_transit,1869.0255425578098
1790695472.686799,17703,"(-111.8043454, 41.750648)",in_transit,1967.7108364585888
1790695482.9967208,17703,"(-111.8043384, 41.7508273)",Aggie Village 1,1987.6057744983618
1790695493.265706,17703,"(-111.8043781, 41.751543)",in_transit,2067.2512359238426
1790695503.628247,17703,"(-111.804384, 41.752166)",in_transit,2136.447840838865
1790695513.924664,17703,"(-111.804399, 41.7530421)",in_transit,2233.7582337057465
1790695524.1946292,17703,"(-111.8051141, 41.7530775)",in_transit,2291.1035098377183
1790695534.548713,17703,"(-111.8056379, 41.7530619)",in_transit,2334.6577906557986
1790695544.862735,17703,"(-111.8060346, 41.7530731)",Aggie Village 2,2367.646888473092
1790695555.141769,17703,"(-111.8060328, 41.7530704)",Aggie Village 2,2367.498200056795
1790695565.491018,17703,"(-111.8065517, 41.7530402)",in_transit,2410.665888089941
1790695575.791075,17703,"(-111.8070762, 41.7529418)",in_transit,2455.470667054996
1790695586.068819,17703,"(-111.8081795, 41.7526168)",in_transit,2554.069070138562
1790695596.422411,17703,"(-111.8090661, 41.7521113)",in_transit,2651.1402108920747
1790695606.728513,17703,"(-111.8092201, 41.7517105)",Aggie Village 3,2698.284107946704
1790695617.0077171,17703,"(-111.8092329, 41.7515807)",Aggie Village 3,2712.717454478963
1790695627.357988,17703,"(-111.8092001, 41.7509787)",in_transit,2779.5210912524085
1790695637.6551669,17703,"(-111.8092218, 41.750241)",in_transit,2861.4749777030215
1790695647.938381,17703,"(-111.8092199, 41.7501654)",in_transit,2869.8681509045973
1790695658.2786329,17703,"(-111.8099697, 41.750112)",in_transit,2940.5151216431545
1790695668.593575,17703,"(-111.8118055, 41.7501699)",in_transit,3093.3064715702762
1790695678.918705,17703,"(-111.8128117, 41.7501726)",in_transit,3176.984651157022
1790695689.222595,17703,"(-111.8139444, 41.7500703)",in_transit,3278.254821466381
1790695699.522152,17703,"(-111.8139526, 41.7491813)",in_transit,3376.9612971081488
1790695709.771355,17703,"(-111.8140613, 41.7485644)",800 E 900 N,3445.716451473472
1790695720.177034,17703,"(-111.8140638, 41.748569)",800 E 900 N,3445.211937594746
1790695730.459511,17703,"(-111.8140351, 41.7484428)",in_transit,3459.151651439458
1790695740.7242198,17703,"(-111.8140136, 41.7474311)",in_transit,3571.4162775591094
1790695751.091253,17703,"(-111.814069, 41.746143)",in_transit,3714.5563294643293
1790695761.387841,17703,"(-111.8140988, 41.7454738)",in_transit,3788.923737539726
1790695771.651349,17703,"(-111.8141077, 41.744674)",in_transit,3877.738394948822
1790695782.005882,17703,"(-111.8141055, 41.7446572)",in_transit,3879.598069898646
1790695792.324683,17703,"(-111.8137065, 41.7444664)",in_transit,36.879251395991545
1790695802.599997,17703,"(-111.8134866, 41.7444638)",Field House,55.62963927159734
1790695812.94927,17703,"(-111.8133717, 41.7444958)",Field House,65.07491577473998
1790695823.254061,17703,"(-111.8122211, 41.7444967)",in_transit,160.844354056539
1790695833.523027,17703,"(-111.8117192, 41.7444931)",in_transit,203.4474745692147
1790695843.8887649,17703,"(-111.8110793, 41.7444834)",Veterinary Science,256.6861819038403
1790695854.191531,17703,"(-111.8109262, 41.744478)",Veterinary Science,269.43362838249743
1790695864.46188,17703,"(-111.810912, 41.7444816)",Veterinary Science,270.60187250164034
1790695874.821271,17703,"(-111.8098804, 41.7444619)",in_transit,356.45402258812607
1790695885.120267,17703,"(-111.8085699, 41.7444253)",in_transit,465.5538004963582
1790695895.391019,17703,"(-111.8080626, 41.7444079)",in_transit,507.7867988887181
1790695905.757173,17703,"(-111.8080658, 41.744409)",in_transit,507.5176256617378
1790695916.056622,17703,"(-111.8077677, 41.7444073)",in_transit,532.3107569369278
1790695926.380472,17703,"(-111.8064461, 41.7443594)",in_transit,642.381904053936
1790695936.699994,17703,"(-111.8057009, 41.7443398)",in_transit,704.4038566941591
1790695946.993145,17703,"(-111.8045786, 41.7443422)",in_transit,797.7198427276752
1790695957.277941,17703,"(-111.8045648, 41.744349)",in_transit,798.8478575304295
1790695967.628783,17703,"(-111.8045217, 41.7443542)",in_transit,802.4168525298445
1790695977.927115,17703,"(-111.8044997, 41.744357)",in_transit,804.2381952063587
1790695988.2066329,17703,"(-111.804319, 41.7444705)",in_transit,836.6067812526478
1790695998.57249,17703,"(-111.804306, 41.7456156)",in_transit,963.7320572602637
1790696009.0337322,17703,"(-111.8043041, 41.7456583)",in_transit,968.4697681561189
1790696019.345422,17703,"(-111.8043252, 41.7459282)",in_transit,998.4752611216137
1790696029.620476,17703,"(-111.8042822, 41.7467194)",in_transit,1090.1036920525178
1790696040.008985,17703,"(-111.8043358, 41.7481277)",in_transit,1246.844959448515
1790696050.278244,17703,"(-111.80435, 41.7488366)",in_transit,1325.6166890421703
1790696060.561855,17703,"(-111.803941, 41.7493326)",in_transit,1408.0820701548605
1790696070.899961,17703,"(-111.8024558, 41.7493135)",in_transit,1531.5557403607284
1790696081.205993,17703,"(-111.8019033, 41.7493451)",in_transit,1577.5582470645184
1790696091.54877,17703,"(-111.8020329, 41.7496168)",Lundstrum,1630.7601584861445
1790696101.906272,17703,"(-111.8020959, 41.7496221)",Lundstrum,1635.180870554728
1790696112.2578418,17703,"(-111.8022209, 41.7495968)",Lundstrum,1645.3863733475534
1790696122.5407,17703,"(-111.8024157, 41.7494652)",in_transit,1666.9468277204105
1790696132.8409002,17703,"(-111.8030473, 41.7493298)",in_transit,1482.3919664508894
1790696143.183906,17703,"(-111.8041015, 41.74939)",in_transit,1818.1780428870347
1790696153.464864,17703,"(-111.8042879, 41.7495367)",in_transit,1841.2501772328117
1790696163.778091,17703,"(-111.8043303, 41.7504006)",in_transit,1939.1806630360295
1790696174.1169012,17703,"(-111.804317, 41.7507948)",Aggie Village 1,1983.9546741556674
1790696184.39738,17703,"(-111.8043371, 41.7508405)",Aggie Village 1,1989.0688771819266
1790696194.705992,17703,"(-111.8043667, 41.7512622)",in_transit,2036.0588896694455
1790696205.11468,17703,"(-111.8043719, 41.7525987)",in_transit,2184.503124783362
1790696215.428223,17703,"(-111.804627, 41.7530983)",in_transit,2250.4743880862598
1790696225.695907,17703,"(-111.8056345, 41.7530512)",in_transit,2334.3790376382667
1790696236.044267,17703,"(-111.8060255, 41.753058)",Aggie Village 2,2366.8957317071563
1790696246.361019,17703,"(-111.8060431, 41.7530623)",Aggie Village 2,2368.35789483803
1790696256.637714,17703,"(-111.8067327, 41.7530078)",in_transit,2425.9957001941484
1790696266.992005,17703,"(-111.8072704, 41.7528855)",in_transit,2472.8157526757004
1790696277.289749,17703,"(-111.8084144, 41.7525506)",in_transit,2574.942080880847
1790696287.6151419,17703,"(-111.809141, 41.7519771)",in_transit,2667.2826977250356
1790696297.934926,17703,"(-111.8092416, 41.7515703)",Aggie Village 3,2713.885315173766
1790696308.226784,17703,"(-111.8092306, 41.7515665)",Aggie Village 3,2714.2909458659533
1790696318.513389,17703,"(-111.8092127, 41.750857)",in_transit,2793.0569681117418
1790696328.853854,17703,"(-111.8092282, 41.7502328)",in_transit,2862.3951048092717
1790696339.16095,17703,"(-111.8092808, 41.7501351)",in_transit,2873.3217447582556
1790696349.4487739,17703,"(-111.8103311, 41.7501271)",in_transit,2970.6027114952235
1790696359.7981088,17703,"(-111.8123291, 41.7501707)",in_transit,3136.848464690421
1790696370.1892102,17703,"(-111.8136423, 41.7501689)",in_transit,3246.043853834366
1790696380.45966,17703,"(-111.8136496, 41.7501655)",in_transit,3246.6429824974302
1790696390.789453,17703,"(-111.8136499, 41.7501615)",in_transit,3246.658628384801
1790696401.126681,17703,"(-111.8136689, 41.7501607)",in_transit,3248.236720684715
1790696411.4080892,17703,"(-111.8136824, 41.7501606)",in_transit,3249.359085966543
1790696421.71311,17703,"(-111.8139503, 41.7499263)",in_transit,3294.244422938319
1790696432.06379,17703,"(-111.8139757, 41.7488021)",in_transit,3419.1159100361638
1790696442.333215,17703,"(-111.8140368, 41.7485661)",800 E 900 N,3445.467225453337
1790696452.664957,17703,"(-111.8140365, 41.7485671)",800 E 900 N,3445.355465860771
1790696462.99742,17703,"(-111.8140397, 41.7485644)",800 E 900 N,3445.6631180362738
1790696473.261473,17703,"(-111.8140431, 41.7485447)",800 E 900 N,3447.858584425554
1790696483.5859652,17703,"(-111.8139948, 41.7482538)",in_transit,3480.0346965750705
1790696493.929868,17703,"(-111.8140202, 41.7471771)",in_transit,3599.6314633283573
1790696504.206392,17703,"(-111.8140776, 41.7459238)",in_transit,3738.912875690393
1790696514.518555,17703,"(-111.8141096, 41.7447644)",in_transit,3867.7070085158557
1790696524.8550808,17703,"(-111.8141088, 41.7446811)",in_transit,3876.952881660405
1790696535.2359629,17703,"(-111.8141054, 41.7446897)",in_transit,3875.989717858767
1790696545.5196102,17703,"(-111.8141118, 41.7446915)",in_transit,3875.8057031515655
1790696555.878266,17703,"(-111.8141144, 41.7446907)",in_transit,3875.900944416935
1790696566.176255,17703,"(-111.8141219, 41.7446765)",in_transit,3877.4959462935676
1790696576.43538,17703,"(-111.8141234, 41.7446539)",in_transit,3880.0086744285218
1790696586.7798321,17703,"(-111.8136756, 41.7444945)",in_transit,39.9852361535637
1790696597.10445,17703,"(-111.8135075, 41.7444876)",Field House,53.79968865803448
1790696607.385868,17703,"(-111.8134918, 41.7444925)",Field House,55.100608900560175
1790696617.7481,17703,"(-111.8134275, 41.7445071)",Field House,60.397489611675915
1790696628.043259,17703,"(-111.8120212, 41.7445137)",in_transit,177.4604799652837
1790696638.321463,17703,"(-111.811563, 41.7445099)",in_transit,216.36260291454732
1790696648.662436,17703,"(-111.8115543, 41.7445025)",in_transit,217.11611884564482
1790696658.970777,17703,"(-111.8115487, 41.7444997)",in_transit,217.5930926114805
1790696669.247042,17703,"(-111.8115258, 41.7444994)",in_transit,219.49786610836057
1790696679.596174,17703,"(-111.8109263, 41.7444729)",Veterinary Science,269.44282411183076
1790696689.9214878,17703,"(-111.8109074, 41.7444704)",Veterinary Science,271.0227749468803
1790696700.201854,17703,"(-111.8108364, 41.744474)",in_transit,276.91343561152183
1790696710.532546,17703,"(-111.8102996, 41.7444594)",in_transit,321.59192264713624
1790696720.836267,17703,"(-111.8089424, 41.7444274)",in_transit,434.5452881662119
1790696731.1061141,17703,"(-111.8080606, 41.7444022)",in_transit,507.96906098060384
1790696741.4567301,17703,"(-111.8080622, 41.7444041)",in_transit,507.8306960206097
1790696751.773865,17703,"(-111.8079869, 41.7444144)",in_transit,514.0634063776574
1790696762.063186,17703,"(-111.806919, 41.7443772)",in_transit,603.0281385886544
1790696772.4747179,17703,"(-111.8053787, 41.7443332)",in_transit,731.2147897770069
1790696782.804933,17703,"(-111.804678, 41.7443389)",in_transit,789.4638654362509
1790696793.08125,17703,"(-111.8045302, 41.7443377)",in_transit,801.7573689216226
1790696803.4009962,17703,"(-111.8045239, 41.7443377)",in_transit,802.281234893028
1790696813.765218,17703,"(-111.804521, 41.744338)",in_transit,802.5215191894154
1790696824.12359,17703,"(-111.8045176, 41.7443344)",in_transit,802.8145648193894
1790696834.397344,17703,"(-111.8042238, 41.7446112)",in_transit,852.0483808213789
1790696844.7748768,17703,"(-111.8042599, 41.7455868)",in_transit,960.4461004210111
1790696855.054152,17703,"(-111.8042624, 41.7456576)",in_transit,968.3123945340753
1790696865.34669,17703,"(-111.8042732, 41.7457153)",in_transit,974.7399384726365
1790696875.685379,17703,"(-111.8042325, 41.7465155)",in_transit,1065.9338011827529
1790696885.991303,17703,"(-111.8042574, 41.7468957)",in_transit,1109.6890245417337
1790696896.271261,17703,"(-111.8043085, 41.7482712)",in_transit,1262.728342750919
1790696906.6271849,17703,"(-111.804333, 41.7491303)",in_transit,1358.6090275439801
1790696916.919381,17703,"(-111.8043442, 41.7491235)",in_transit,1357.7710540811877
1790696927.18666,17703,"(-111.8043464, 41.7491387)",in_transit,1359.4352071516919
1790696937.536184,17703,"(-111.8041437, 41.7493126)",in_transit,1390.758934919891
1790696947.9615738,17703,"(-111.8029534, 41.7493089)",in_transit,1490.1467531445523
1790696958.220772,17703,"(-111.8022694, 41.749308)",in_transit,1547.0482898665691
1790696968.546598,17703,"(-111.8018619, 41.7495427)",in_transit,1615.294244407028
1790696978.897859,17703,"(-111.8020763, 41.7496518)",Lundstrum,1633.589466822271
1790696989.156683,17703,"(-111.8020892, 41.749651)",Lundstrum,1634.6612986412194
1790696999.493397,17703,"(-111.8020905, 41.7496516)",Lundstrum,1634.7701995699642
1790697009.822995,17703,"(-111.8023688, 41.7494891)",in_transit,1662.5432990973281
1790697020.104567,17703,"(-111.8024084, 41.7494322)",in_transit,1669.762987172354
1790697030.443,17703,"(-111.8026994, 41.7493522)",in_transit,1511.3371179702947
1790697040.755191,17703,"(-111.8038353, 41.7493711)",in_transit,1794.8438981207964
1790697051.038999,17703,"(-111.8042962, 41.7495805)",in_transit,1846.2827515445742
1790697061.365759,17703,"(-111.804325, 41.7503958)",in_transit,1938.5583367222864
1790697071.6887648,17703,"(-111.8043072, 41.7507794)",Aggie Village 1,1982.2252890105603
1790697081.966541,17703,"(-111.8043084, 41.7508031)",Aggie Village 1,1984.859228712798
1790697092.281779,17703,"(-111.8043146, 41.7508047)",Aggie Village 1,1985.0491765299782
1790697102.6291258,17703,"(-111.8043165, 41.7508071)",Aggie Village 1,1985.3194299283625
1790697112.91361,17703,"(-111.8043605, 41.7512849)",in_transit,2038.5781751987595
1790697123.2351391,17703,"(-111.8043632, 41.7526891)",in_transit,2194.541076118752
1790697133.5566652,17703,"(-111.8043658, 41.7529811)",in_transit,2226.9734760456477
1790697143.8238149,17703,"(-111.8043699, 41.7529927)",in_transit,2228.2630485859336
1790697154.136524,17703,"(-111.8050005, 41.7530592)",in_transit,2281.655404685066
1790697164.485552,17703,"(-111.8059954, 41.7530597)",Aggie Village 2,2364.3916916383787
1790697174.7564769,17703,"(-111.8060261, 41.7530672)",Aggie Village 2,2366.942169684437
1790697185.082367,17703,"(-111.8060271, 41.7530679)",Aggie Village 2,2367.02507556844
1790697195.429448,17703,"(-111.8066827, 41.7530276)",in_transit,2421.4664522402495
1790697205.805259,17703,"(-111.8076795, 41.7527743)",in_transit,2509.012869448653
1790697216.073791,17703,"(-111.808202, 41.7526188)",in_transit,2555.752652457888
1790697226.420613,17703,"(-111.8090995, 41.7521027)",in_transit,2653.176689960722
1790697236.7352908,17703,"(-111.8092576, 41.7515808)",Aggie Village 3,2712.743084579786
1790697246.999784,17703,"(-111.8092458, 41.7515859)",Aggie Village 3,2712.15917932748
1790697257.29817,17703,"(-111.8092466, 41.7515867)",Aggie Village 3,2712.071529009984
1790697267.670495,17703,"(-111.8092153, 41.7510747)",in_transit,2768.8826914329447
1790697277.962551,17703,"(-111.8092279, 41.7502902)",in_transit,2856.020382461088
1790697288.297942,17703,"(-111.8092296, 41.7502003)",in_transit,2866.006314978406
1790697298.599749,17703,"(-111.8097204, 41.7501)",in_transit,2919.756472188452
1790697308.872818,17703,"(-111.8114674, 41.7501721)",in_transit,3065.1974824886047
1790697319.224087,17703,"(-111.8132531, 41.7501827)",in_transit,3213.7118755567963
1790697329.539115,17703,"(-111.813638, 41.7501846)",in_transit,3245.7227912914914
1790697339.8109062,17703,"(-111.8136664, 41.7501783)",in_transit,3248.0697550357136
1790697350.1625001,17703,"(-111.8136839, 41.7501739)",in_transit,3249.514743396482
1790697360.488179,17703,"(-111.8136981, 41.7501721)",in_transit,3250.6913645128943
1790697370.765735,17703,"(-111.8139287, 41.7498783)",in_transit,3299.521874435097
1790697381.105896,17703,"(-111.8139629, 41.7488215)",in_transit,3416.930538407223
1790697391.4035141,17703,"(-111.8140436, 41.7485604)",800 E 900 N,3446.116823106013
1790697401.674627,17703,"(-111.8140524, 41.748561)",800 E 900 N,3446.071940256694
1790697412.0213509,17703,"(-111.8140678, 41.7485571)",800 E 900 N,3446.5429383899154
1790697422.332555,17703,"(-111.8140661, 41.7485199)",800 E 900 N,3450.6686419877115
1790697432.615476,17703,"(-111.8140276, 41.7482133)",in_transit,3484.6120007191053
1790697442.964009,17703,"(-111.814046, 41.7471914)",in_transit,3598.1074987578195
1790697453.267958,17703,"(-111.8140911, 41.7460149)",in_transit,3728.8324845155903
1790697463.538246,17703,"(-111.8141198, 41.7449018)",in_transit,3852.4782615554986
1790697473.883859,17703,"(-111.8141202, 41.7446722)",in_transit,3877.969124477634
1790697484.1970592,17703,"(-111.8141136, 41.7446729)",in_transit,3877.8750983650543
1790697494.46843,17703,"(-111.8141179, 41.7446579)",in_transit,3879.551005763021
1790697504.819703,17703,"(-111.8140809, 41.7446068)",in_transit,3885.1170470843053
1790697515.135838,17703,"(-111.8134949, 41.7444842)",Field House,54.87082907816205
1790697525.419957,17703,"(-111.8134565, 41.7444927)",Field House,58.03486852534628
1790697535.7545578,17703,"(-111.8134483, 41.7444864)",Field House,58.73786245686147
1790697546.06438,17703,"(-111.8134452, 41.7444838)",Field House,59.00436391792607
1790697556.3463838,17703,"(-111.8134393, 41.744477)",Field House,59.517814539260584
1790697566.689337,17703,"(-111.8134339, 41.7444735)",Field House,59.97857618967058
1790697577.001733,17703,"(-111.8134328, 41.7444744)",Field House,60.06700094615372
1790697587.279052,17703,"(-111.8134312, 41.744479)",Field House,60.18453162379974
1790697597.633211,17703,"(-111.813424, 41.7444789)",Field House,60.78349528953443
1790697608.030972,17703,"(-111.8133594, 41.7444877)",Field House,66.12485936305191
1790697618.298582,17703,"(-111.8133594, 41.7444877)",Field House,66.12485936305191
1790697628.630559,17703,"(-111.8117028, 41.7444825)",in_transit,204.85416313622082
1790697638.967901,17703,"(-111.8109234, 41.744464)",Veterinary Science,269.7144898415713
1790697649.244173,17703,"(-111.8108809, 41.7444653)",Veterinary Science,273.2435253240293
1790697659.559476,17703,"(-111.810879, 41.7444655)",Veterinary Science,273.4008068308014
1790697669.9201741,17703,"(-111.8106092, 41.7444617)",in_transit,295.8453352653855
1790697680.477443,17703,"(-111.8097554, 41.7444353)",in_transit,366.91691238713366
1790697690.875637,17703,"(-111.8087634, 41.7444117)",in_transit,449.3916105496435
1790697701.1648781,17703,"(-111.8080843, 41.744393)",Industrial Science,506.02404612092266
1790697711.482441,17703,"(-111.8080894, 41.744396)",Industrial Science,505.5915615765341
1790697721.8166158,17703,"(-111.8079898, 41.744405)",in_transit,513.8485674476957
1790697732.09124,17703,"(-111.8074836, 41.744381)",in_transit,556.0074232833607
1790697742.407788,17703,"(-111.8061437, 41.7443412)",in_transit,667.5798614456888
1790697752.744098,17703,"(-111.8048213, 41.7443309)",in_transit,777.5709326527709
1790697763.0134861,17703,"(-111.8044415, 41.7443536)",in_transit,809.0865357777154
1790697773.397442,17703,"(-111.8042966, 41.7449799)",in_transit,893.1270370444986
1790697783.7598999,17703,"(-111.804305, 41.7456752)",in_transit,970.3480362427334
1790697794.054715,17703,"(-111.8042979, 41.7456892)",in_transit,971.889012874807
1790697804.341461,17703,"(-111.8043085, 41.7458967)",in_transit,994.942944396626
1790697814.691335,17703,"(-111.8042761, 41.7466035)",in_transit,1077.652189558923
1790697824.988275,17703,"(-111.8043357, 41.7474583)",in_transit,1172.5146847830908
1790697835.277528,17703,"(-111.804341, 41.7480356)",in_transit,1236.6278672301435
1790697845.611936,17703,"(-111.8043649, 41.7491139)",in_transit,1356.5505277776408
1790697855.921418,17703,"(-111.8041688, 41.7493322)",in_transit,1388.6604283497256
1790697866.2052531,17703,"(-111.8032913, 41.7493162)",in_transit,1462.1023983161547
1790697876.5463219,17703,"(-111.8025335, 41.7493208)",in_transit,1525.118907100266
1790697886.8551319,17703,"(-111.8017817, 41.7494313)",in_transit,1601.7106917905844
1790697897.138583,17703,"(-111.8020386, 41.7496389)",Lundstrum,1631.154139374119
1790697907.4907038,17703,"(-111.8020713, 41.7496317)",Lundstrum,1633.147432706526
1790697917.7873762,17703,"(-111.8020757, 41.7496282)",Lundstrum,1633.5088137528921
1790697928.070691,17703,"(-111.8020818, 41.7496267)",Lundstrum,1634.0141875061395
1790697938.496518,17703,"(-111.8020858, 41.7496269)",Lundstrum,1634.3471224259504
1790697948.823798,17703,"(-111.8021093, 41.7496281)",Lundstrum,1636.3031476160363
1790697959.109368,17703,"(-111.8024362, 41.7494509)",in_transit,1669.2225568585195
1790697969.410754,17703,"(-111.8025549, 41.749373)",in_transit,1523.3667979494564
1790697979.7652988,17703,"(-111.8041054, 41.7493958)",in_transit,1818.8045032399443
1790697990.139715,17703,"(-111.8042154, 41.7494504)",in_transit,1829.7810073290932
1790698000.4176168,17703,"(-111.8043375, 41.7501056)",in_transit,1907.0451146370426
1790698010.775212,17703,"(-111.804318, 41.7507894)",Aggie Village 1,1983.3570601801791
1790698021.1644852,17703,"(-111.8043247, 41.7508)",Aggie Village 1,1984.5473261451718
1790698031.432271,17703,"(-111.8043495, 41.750924)",Aggie Village 1,1998.36499077008
1790698041.767065,17703,"(-111.8043695, 41.7519669)",in_transit,2114.330136042478
1790698052.1038358,17703,"(-111.8043788, 41.7529736)",in_transit,2226.144251340239
1790698062.382089,17703,"(-111.8045303, 41.753083)",in_transit,2242.0164913695567
1790698072.718026,17703,"(-111.8053901, 41.7530618)",in_transit,2314.058403044554
1790698083.0390358,17703,"(-111.8060425, 41.7530628)",Aggie Village 2,2368.307804923859
1790698093.309331,17703,"(-111.8060455, 41.7530617)",Aggie Village 2,2368.5577273849303
1790698103.692914,17703,"(-111.8060587, 41.7530616)",Aggie Village 2,2369.6556015648334
1790698114.053049,17703,"(-111.8062194, 41.7530516)",Aggie Village 2,2383.0246969128925
1790698124.35692,17703,"(-111.8071378, 41.7529352)",in_transit,2460.5078127336187
1790698134.638867,17703,"(-111.8076881, 41.7527737)",in_transit,2509.708331486249
1790698144.994726,17703,"(-111.8087375, 41.7524398)",in_transit,2604.876868432667
1790698155.285237,17703,"(-111.8092129, 41.7518144)",in_transit,2686.7349527808765
1790698165.55682,17703,"(-111.8092129, 41.7518144)",in_transit,2686.7349527808765
1790698175.9250638,17703,"(-111.8092262, 41.7516032)",Aggie Village 3,2710.2088614564177
1790698186.23605,17703,"(-111.8092134, 41.7513871)",in_transit,2734.187722424054
1790698196.506994,17703,"(-111.8092179, 41.7504721)",in_transit,2835.805639079118
1790698206.840636,17703,"(-111.8092324, 41.7502436)",in_transit,2861.2020086355305
1790698217.155494,17703,"(-111.8094574, 41.7501222)",in_transit,2897.9385107265034
1790698227.4241018,17703,"(-111.8109285, 41.7501755)",in_transit,3020.392687192828
1790698237.7701461,17703,"(-111.8128146, 41.7501999)",in_transit,3177.290004460201
1790698248.087554,17703,"(-111.8134452, 41.7501963)",in_transit,3229.717645772522
1790698258.36205,17703,"(-111.8136914, 41.7501877)",in_transit,3250.170495491415
1790698268.717988,17703,"(-111.8139513, 41.7497661)",in_transit,3312.0325386975665
1790698279.015948,17703,"(-111.8139344, 41.7493048)",in_transit,3363.206580540281
1790698289.3022468,17703,"(-111.814045, 41.7485735)",800 E 900 N,3444.665933012174
1790698300.185506,17703,"(-111.8140639, 41.7485659)",800 E 900 N,3445.556342936695
1790698310.478104,17703,"(-111.8140694, 41.7485624)",800 E 900 N,3445.958489091633
1790698320.748998,17703,"(-111.8140785, 41.7485599)",800 E 900 N,3446.258505191463
1790698331.104692,17703,"(-111.8140811, 41.7485558)",800 E 900 N,3446.7201021618057
1790698341.411754,17703,"(-111.814091, 41.7485519)",800 E 900 N,3447.177519828908
1790698351.712161,17703,"(-111.814072, 41.7484541)",in_transit,3457.988249853073
1790698362.033335,17703,"(-111.8140526, 41.7476089)",in_transit,3551.773508650958
1790698372.339993,17703,"(-111.8140857, 41.7465557)",in_transit,3668.7801125820247
1790698382.61359,17703,"(-111.8141254, 41.745287)",in_transit,3809.727697270981
1790698392.962676,17703,"(-111.8141256, 41.7448796)",in_transit,3854.9572105796788
1790698403.278246,17703,"(-111.8141212, 41.7446754)",in_transit,3877.6163365946213
1790698413.537565,17703,"(-111.8141183, 41.7446278)",in_transit,3882.89365462131
1790698423.8935838,17703,"(-111.8141074, 41.744598)",in_transit,3886.165971833828
1790698434.210801,17703,"(-111.8141074, 41.744598)",in_transit,3886.165971833828
1790698444.496321,17703,"(-111.8135662, 41.7444635)",Field House,49.0606823126574
1790698454.830454,17703,"(-111.8135581, 41.7444715)",Field House,49.687989159135945
1790698465.143811,17703,"(-111.8135561, 41.7444715)",Field House,49.854131991476095
1790698475.418035,17703,"(-111.8135517, 41.7444706)",Field House,50.22477304725601
1790698485.774174,17703,"(-111.8134572, 41.7444939)",Field House,57.972625926495844
1790698496.071778,17703,"(-111.8126206, 41.7444952)",in_transit,127.54414958390035
1790698506.3356621,17703,"(-111.8123313, 41.7444891)",in_transit,151.68309500231334
1790698516.69553,17703,"(-111.8119425, 41.7444871)",in_transit,184.5606267418968
1790698527.009094,17703,"(-111.8110489, 41.7444658)",Veterinary Science,259.27409560889214
1790698537.275556,17703,"(-111.8108864, 41.744459)",Veterinary Science,272.8078791420829
1790698547.555265,17703,"(-111.8108874, 41.7444634)",Veterinary Science,272.7096312361959
1790698557.828016,17703,"(-111.81089, 41.7444573)",Veterinary Science,272.5144076758955
1790698568.146754,17703,"(-111.8108906, 41.7444548)",Veterinary Science,272.4731063518613
1790698578.4866922,17703,"(-111.8107087, 41.7444548)",in_transit,287.59648302428434
1790698588.754368,17703,"(-111.8097121, 41.7444305)",in_transit,370.52996892302787
1790698599.162761,17703,"(-111.8085943, 41.7443933)",in_transit,463.39584652064957
1790698609.502162,17703,"(-111.8081688, 41.7443785)",Industrial Science,499.0380642194009
1790698619.802156,17703,"(-111.8080924, 41.744379)",Industrial Science,505.38967620125544
1790698630.1096141,17703,"(-111.8080928, 41.7443824)",Industrial Science,505.3468986944204
1790698640.435256,17703,"(-111.8075278, 41.7443702)",in_transit,552.361752035886
1790698650.740234,17703,"(-111.8069465, 41.744341)",in_transit,600.9773560297884
1790698661.007981,17703,"(-111.8067388, 41.7443349)",in_transit,618.2643017542247
1790698671.362865,17703,"(-111.8058345, 41.7443182)",in_transit,693.3566557389862
1790698681.6693451,17703,"(-111.8050973, 41.7443168)",in_transit,754.6610599263396
1790698691.9504352,17703,"(-111.8045647, 41.7443278)",in_transit,798.9169703251296
1790698702.2983239,17703,"(-111.8045565, 41.7443335)",in_transit,799.5824811850601
1790698712.606695,17703,"(-111.8045503, 41.7443345)",in_transit,800.0951640387873
1790698722.87742,17703,"(-111.8045376, 41.744334)",in_transit,801.1526452923264
1790698733.2326899,17703,"(-111.8044802, 41.744336)",in_transit,805.9199107910333
1790698743.5356412,17703,"(-111.8043367, 41.7447038)",in_transit,862.5458050089159
1790698753.816479,17703,"(-111.8043567, 41.7451831)",Aggie Ice Cream,915.8047355430832
1790698764.178404,17703,"(-111.8043462, 41.7456562)",in_transit,968.3169999273074
1790698774.4728599,17703,"(-111.8043364, 41.745654)",in_transit,968.0539969535307
1790698784.7469409,17703,"(-111.8043426, 41.7459663)",in_transit,1002.741853036575
1790698795.086825,17703,"(-111.8043176, 41.7463703)",in_transit,1047.7514378702108
1790698805.398346,17703,"(-111.8043192, 41.7470506)",in_transit,1126.9312742954037
1790698815.6838799,17703,"(-111.8043443, 41.7482742)",in_transit,1263.1281414573064
1790698826.042177,17703,"(-111.8043443, 41.7482742)",in_transit,1263.1281414573064
1790698836.340076,17703,"(-111.8043362, 41.749244)",in_transit,1371.2231690498227
1790698846.7337759,17703,"(-111.8041161, 41.749324)",in_transit,1393.0482182532814
1790698857.027224,17703,"(-111.8030006, 41.7493153)",in_transit,1725.398280813739
1790698867.374777,17703,"(-111.8022563, 41.7493139)",in_transit,1548.1478174296492
1790698877.6386712,17703,"(-111.8018081, 41.7494806)",in_transit,1607.476689673652
1790698887.974314,17703,"(-111.8020736, 41.7496621)",Lundstrum,1633.378333174897
1790698898.300433,17703,"(-111.8020899, 41.7496532)",Lundstrum,1634.72238329052
1790698908.583921,17703,"(-111.802101, 41.7496485)",Lundstrum,1635.6394299568663
1790698918.8856,17703,"(-111.8023553, 41.7495124)",in_transit,1659.8292872815373
1790698929.2429702,17703,"(-111.8028479, 41.7493535)",in_transit,1712.6035067490209
1790698939.513504,17703,"(-111.8034961, 41.7493597)",in_transit,1445.0174172987806
1790698949.830192,17703,"(-111.8043118, 41.7495649)",in_transit,1845.2157350644784
1790698960.166163,17703,"(-111.8043305, 41.7504352)",in_transit,1942.9183167686635
1790698970.42854,17703,"(-111.8043298, 41.7508296)",Aggie Village 1,1987.8441108993816
1790698980.7645571,17703,"(-111.804334, 41.7508268)",Aggie Village 1,1987.5415345191032
1790698991.105128,17703,"(-111.8043366, 41.7511248)",in_transit,2020.7888610775483
1790699001.38112,17703,"(-111.8043554, 41.7523501)",in_transit,2156.8870063139916
1790699011.744017,17703,"(-111.8043642, 41.7527894)",in_transit,2205.6814140914244
1790699022.1906781,17703,"(-111.804484, 41.7529549)",in_transit,2224.097887210962
1790699032.521015,17703,"(-111.8055799, 41.752978)",in_transit,2329.8440670660866
1790699042.789987,17703,"(-111.8060297, 41.7529992)",Aggie Village 2,2367.267181090829
1790699053.114323,17703,"(-111.8060333, 41.7530092)",Aggie Village 2,2367.5628263726267
1790699063.465431,17703,"(-111.8060435, 41.7530234)",Aggie Village 2,2368.4058088443157
1790699073.733305,17703,"(-111.8063147, 41.7530224)",in_transit,2390.9618865831535
1790699084.046359,17703,"(-111.8067776, 41.7529842)",in_transit,2430.1995272362155
1790699094.386875,17703,"(-111.8079923, 41.7526522)",in_transit,2538.0862736204767
1790699104.6408582,17703,"(-111.8089957, 41.7521795)",in_transit,2641.1660065527108
1790699114.974924,17703,"(-111.8092357, 41.7515743)",Aggie Village 3,2713.432339759689
1790699125.312025,17703,"(-111.8092377, 41.7515522)",Aggie Village 3,2715.889522537924
1790699135.583658,17703,"(-111.809218, 41.7514882)",Aggie Village 3,2722.9672427351265
1790699145.9141388,17703,"(-111.8092132, 41.7506269)",in_transit,2818.603891554175
1790699156.259021,17703,"(-111.8092225, 41.7502671)",in_transit,2858.5776106971653
1790699166.534712,17703,"(-111.8092989, 41.7501154)",in_transit,2884.775848321101
1790699176.879641,17703,"(-111.8102398, 41.7501356)",in_transit,2963.030490770439
1790699187.1899562,17703,"(-111.8122258, 41.7501863)",in_transit,3128.2948382914096
1790699197.4645839,17703,"(-111.8129493, 41.7501883)",in_transit,3188.4636938355225
1790699207.7899468,17703,"(-111.8136575, 41.750181)",in_transit,3247.335950212866
1790699218.125681,17703,"(-111.813663, 41.7501743)",in_transit,3247.777726119489
1790699228.402216,17703,"(-111.8136661, 41.7501737)",in_transit,3248.034112683789
1790699238.716071,17703,"(-111.8136971, 41.750167)",in_transit,3250.596351015254
1790699249.049244,17703,"(-111.8137538, 41.7501604)",in_transit,3255.2965738506678
1790699259.4315279,17703,"(-111.8139459, 41.7499868)",in_transit,3287.5170787200086
1790699269.706899,17703,"(-111.813934, 41.7495476)",in_transit,3336.2495150970217
1790699280.0847192,17703,"(-111.8140421, 41.7485893)",800 E 900 N,3442.9046746912136
1790699290.372864,17703,"(-111.8140567, 41.7485675)",800 E 900 N,3445.3609350356023
1790699300.645897,17703,"(-111.8140602, 41.7485681)",800 E 900 N,3445.302965691466
1790699311.0100238,17703,"(-111.8140671, 41.7485654)",800 E 900 N,3445.619753563119
1790699321.297718,17703,"(-111.8140378, 41.7483645)",in_transit,3467.851093426741
1790699331.57301,17703,"(-111.8140585, 41.7471364)",in_transit,3604.244357797518
1790699341.934371,17703,"(-111.8140794, 41.746537)",in_transit,3670.8406348843155
1790699352.2367518,17703,"(-111.81412, 41.7455226)",in_transit,3783.5583452206306
1790699362.506391,17703,"(-111.8141179, 41.7454509)",in_transit,3791.513208806362
1790699372.860992,17703,"(-111.8141318, 41.7454068)",in_transit,3796.443443729683
1790699383.164761,17703,"(-111.8141331, 41.7453804)",in_transit,3799.3775480200757
1790699393.429319,17703,"(-111.8141315, 41.7453237)",in_transit,3805.6683637060205
1790699403.782367,17703,"(-111.8141281, 41.7453001)",in_transit,3808.2800152310087
1790699414.102834,17703,"(-111.814125, 41.745284)",in_transit,3810.059766346908
1790699424.402422,17703,"(-111.8141235, 41.7452604)",in_transit,3812.6761072350955
1790699434.727288,17703,"(-111.814124, 41.7452398)",in_transit,3814.9643280190867
1790699445.030456,17703,"(-111.814131, 41.7451752)",in_transit,3822.1534174854464
1790699455.297921,17703,"(-111.8141367, 41.7451121)",in_transit,3829.1728158425594
1790699465.732224,17703,"(-111.8141357, 41.7450767)",in_transit,3833.100403621658
1790699476.0827122,17703,"(-111.8141332, 41.7450418)",in_transit,3836.968774564821
1790699486.356971,17703,"(-111.8141332, 41.7450418)",in_transit,3836.968774564821
1790699496.66536,17703,"(-111.8141322, 41.7450015)",in_transit,3841.440353503077
1790699507.004699,17703,"(-111.8141337, 41.7446673)",in_transit,3878.546483216989
1790699517.2751129,17703,"(-111.8135969, 41.7445187)",Field House,45.073510621698794
1790699527.606484,17703,"(-111.8134702, 41.7445151)",Field House,56.820350072755026
1790699537.9426072,17703,"(-111.8134755, 41.7445032)",Field House,56.41978519011843
1790699548.228,17703,"(-111.8132733, 41.7445215)",in_transit,73.16955671988426
1790699558.521151,17703,"(-111.812787, 41.7445278)",in_transit,113.58054387640371
1790699568.86138,17703,"(-111.8118594, 41.7445109)",in_transit,192.67826810681055
1790699579.137603,17703,"(-111.8113262, 41.744506)",in_transit,236.08105493211812
1790699589.481867,17703,"(-111.8109004, 41.7444869)",Veterinary Science,271.5481128980081
1790699599.798774,17703,"(-111.8109017, 41.7444865)",Veterinary Science,271.44140277458956
1790699610.183539,17703,"(-111.8109025, 41.7444813)",Veterinary Science,271.3927432102229
1790699620.455483,17703,"(-111.8108586, 41.7444794)",Veterinary Science,275.0491621123138
1790699630.824318,17703,"(-111.8102841, 41.7444672)",in_transit,322.85086298129977
1790699641.120834,17703,"(-111.8089953, 41.7444312)",in_transit,430.1364609880261
1790699651.4134452,17703,"(-111.8081389, 41.7444081)",Industrial Science,501.4415461909078
1790699661.7410629,17703,"(-111.8081342, 41.7444108)",Industrial Science,501.8248162104425
1790699672.049611,17703,"(-111.8081266, 41.7444101)",Industrial Science,502.45874992554945
1790699682.311063,17703,"(-111.8073498, 41.7443848)",in_transit,567.2050185248062
1790699692.6064599,17703,"(-111.8061053, 41.7443413)",in_transit,670.7726483843255
1790699702.878602,17703,"(-111.8054586, 41.7443233)",in_transit,724.5993007765421
1790699713.2058399,17703,"(-111.8043622, 41.7443807)",in_transit,826.7188831797718
1790699723.533259,17703,"(-111.8042684, 41.74511)",Aggie Ice Cream,907.5193256652599
1790699733.810666,17703,"(-111.8042897, 41.7456788)",in_transit,970.7185514070346
1790699744.142449,17703,"(-111.8042928, 41.7456749)",in_transit,970.2914226208552
1790699754.549503,17703,"(-111.8043003, 41.7458101)",in_transit,985.3181406523802
1790699764.844966,17703,"(-111.8042952, 41.7464122)",in_transit,1052.6673417697316
1790699775.1222432,17703,"(-111.8042526, 41.7466148)",in_transit,1078.037608980812
1790699785.473748,17703,"(-111.8043152, 41.7475903)",in_transit,1187.1337369325697
1790699795.7826822,17703,"(-111.804342, 41.7489336)",in_transit,1336.786085612072
1790699806.057971,17703,"(-111.8039725, 41.749355)",in_transit,1806.7885084608274
1790699816.402595,17703,"(-111.8033774, 41.7493293)",in_transit,1756.710658519351
1790699826.711266,17703,"(-111.8019975, 41.7493294)",in_transit,1569.6973336600167
1790699837.071687,17703,"(-111.8018445, 41.7495278)",in_transit,1613.097502539937
1790699847.4180758,17703,"(-111.8020452, 41.7496445)",Lundstrum,1631.154139374119
1790699857.755656,17703,"(-111.8020546, 41.7496382)",Lundstrum,1631.7669875537574
1790699868.0378711,17703,"(-111.8020672, 41.7496336)",Lundstrum,1632.808917375637
1790699878.349227,17703,"(-111.8023869, 41.749496)",in_transit,1662.9033287354612
1790699888.682563,17703,"(-111.8024023, 41.7494591)",in_transit,1666.8712437131896
1790699898.945704,17703,"(-111.8028926, 41.7493365)",in_transit,1495.2727756876236
1790699909.278762,17703,"(-111.8040809, 41.7493897)",in_transit,1816.731926500767
1790699919.697385,17703,"(-111.8043641, 41.7496379)",in_transit,1854.4215571295017
1790699930.1293042,17703,"(-111.8043585, 41.7500464)",in_transit,1900.5368138208194
1790699940.484826,17703,"(-111.8043531, 41.7508085)",Aggie Village 1,1985.547430393046
1790699950.762506,17703,"(-111.8043531, 41.7508253)",Aggie Village 1,1987.4128407558612
1790699961.1253061,17703,"(-111.8043687, 41.7510284)",in_transit,2009.995243475542
1790699971.4186182,17703,"(-111.8043825, 41.7521553)",in_transit,2135.2589851105467
1790699981.682815,17703,"(-111.8044429, 41.7530293)",in_transit,2232.3493389342857
1790699992.0281558,17703,"(-111.8050575, 41.7530652)",in_transit,2286.396091194655
1790700002.353817,17703,"(-111.805626, 41.7530503)",in_transit,2333.6724357045755
1790700012.614816,17703,"(-111.8060255, 41.7530521)",Aggie Village 2,2366.897952979491
1790700022.9591172,17703,"(-111.8060368, 41.7530498)",Aggie Village 2,2367.838633674695
1790700033.278624,17703,"(-111.8060946, 41.7530449)",Aggie Village 2,2372.647673047477
1790700043.5350468,17703,"(-111.8073266, 41.7528655)",in_transit,2477.9662922466437
1790700053.894969,17703,"(-111.8085264, 41.7525132)",in_transit,2585.1152314481797
1790700064.215106,17703,"(-111.8091643, 41.7518851)",in_transit,2678.8128041732043
1790700074.498212,17703,"(-111.8092241, 41.7516092)",Aggie Village 3,2709.5394372939945
1790700084.8466702,17703,"(-111.809222, 41.75157)",Aggie Village 3,2713.8894798269303
1790700095.145407,17703,"(-111.8091985, 41.7512295)",in_transit,2751.666951045143
1790700105.423659,17703,"(-111.8092052, 41.7507706)",in_transit,2802.6426754305044
1790700115.78334,17703,"(-111.8092246, 41.7501762)",in_transit,2868.6756520442264
1790700126.265101,17703,"(-111.809423, 41.7500842)",in_transit,2894.989166010523
1790700136.568556,17703,"(-111.810716, 41.7501358)",in_transit,3002.629492677761
1790700146.8293471,17703,"(-111.8117584, 41.7501607)",in_transit,3089.368999114499
1790700157.1830971,17703,"(-111.8132378, 41.7501699)",in_transit,3212.409829548654
1790700167.501638,17703,"(-111.8136745, 41.7501699)",in_transit,3248.723782265628
1790700177.7827919,17703,"(-111.8139498, 41.7499519)",in_transit,3291.40106473456
1790700188.129257,17703,"(-111.813948, 41.7494377)",in_transit,3348.4842746730865
1790700198.432263,17703,"(-111.8140586, 41.7485579)",800 E 900 N,3446.431407326383
1790700208.69958,17703,"(-111.8140677, 41.7485644)",800 E 900 N,3445.732253887685
1790700219.050153,17703,"(-111.8140721, 41.7485615)",800 E 900 N,3446.0650726840145
1790700229.361195,17703,"(-111.8140575, 41.7485191)",800 E 900 N,3450.73622253301
1790700239.63586,17703,"(-111.8140232, 41.7477146)",in_transit,3539.9661839366663
1790700250.011459,17703,"(-111.8140752, 41.746522)",in_transit,3672.4955643342983
1790700260.2995589,17703,"(-111.8140752, 41.746522)",in_transit,3672.4955643342983
1790700270.573199,17703,"(-111.8141191, 41.7447978)",in_transit,3864.0224676915277
1790700280.907119,17703,"(-111.8141096, 41.7445558)",in_transit,3890.8565038522092
1790700291.227914,17703,"(-111.813868, 41.7444523)",in_transit,23.50748462899382
1790700301.530397,17703,"(-111.813441, 41.7444326)",Field House,59.52605612721668
1790700311.8708081,17703,"(-111.8134432, 41.7444362)",Field House,59.33101383869219
1790700322.166514,17703,"(-111.8134022, 41.7444483)",Field House,62.699097297152655
1790700332.548479,17703,"(-111.8130717, 41.7444702)",in_transit,90.10394800439465
1790700342.858695,17703,"(-111.8120338, 41.7444575)",in_transit,176.4501848863936
1790700353.194614,17703,"(-111.8117252, 41.7444569)",in_transit,203.0971204479773
1790700363.470557,17703,"(-111.8114731, 41.7444589)",in_transit,224.04454083434825
1790700373.7946959,17703,"(-111.8109156, 41.7444415)",Veterinary Science,270.4402404263386
1790700384.299998,17703,"(-111.8109144, 41.7444491)",Veterinary Science,270.51391662539004
1790700394.627161,17703,"(-111.8105738, 41.7444506)",in_transit,298.82664639270126
1790700404.904914,17703,"(-111.8099558, 41.7444384)",in_transit,350.2525368046094
1790700415.239626,17703,"(-111.8086132, 41.7444054)",in_transit,461.8613613883088
1790700425.542679,17703,"(-111.8081543, 41.7443946)",Industrial Science,500.1987476879833
1790700435.822355,17703,"(-111.808152, 41.7444002)",Industrial Science,500.37433077564873
1790700446.162812,17703,"(-111.8078688, 41.7444021)",in_transit,523.9183863493023
1790700456.485622,17703,"(-111.8065452, 41.744354)",in_transit,634.2182527217766
1790700466.767338,17703,"(-111.8050711, 41.7443318)",in_transit,756.796657252801
1790700477.0801542,17703,"(-111.8046262, 41.7443337)",in_transit,793.7861201314311
1790700487.4133198,17703,"(-111.8045671, 41.7443345)",in_transit,798.6981880308293
1790700497.802388,17703,"(-111.8045088, 41.744337)",in_transit,803.5388576693842
1790700508.088192,17703,"(-111.8043456, 41.7447306)",in_transit,865.5386058683118
1790700518.4378822,17703,"(-111.8043513, 41.7452346)",Aggie Ice Cream,921.5129105306576
1790700528.735689,17703,"(-111.8043394, 41.7456261)",in_transit,964.9617555957375
1790700539.008574,17703,"(-111.8043407, 41.7457654)",in_transit,980.4318887267476
1790700549.353119,17703,"(-111.8043423, 41.7461118)",in_transit,1019.0043395030117
1790700559.662449,17703,"(-111.8043497, 41.7462513)",in_transit,1034.3588104231178
1790700569.944336,17703,"(-111.8043346, 41.7469888)",in_transit,1120.111745663611
1790700580.307047,17703,"(-111.8043463, 41.747592)",in_transit,1187.3804304810812
1790700590.600617,17703,"(-111.8043728, 41.7488995)",in_transit,1332.6283224902845
1790700600.86466,17703,"(-111.8039252, 41.7492894)",in_transit,1408.2515198775939
1790700611.221954,17703,"(-111.8026006, 41.7492741)",in_transit,1519.513067893312
1790700621.5282712,17703,"(-111.8020028, 41.7492765)",in_transit,1569.1663111042308
1790700631.8007438,17703,"(-111.8018591, 41.7494769)",in_transit,1609.460844734162
1790700642.138217,17703,"(-111.8020776, 41.7496037)",Lundstrum,1633.6349094227498
1790700652.465651,17703,"(-111.8020834, 41.7496027)",Lundstrum,1634.1159843066794
1790700662.7761338,17703,"(-111.8021367, 41.7495952)",Lundstrum,1638.5390988937113
1790700673.09745,17703,"(-111.8022382, 41.7495669)",Lundstrum,1648.2553753890534
1790700683.3938382,17703,"(-111.8035714, 41.7493364)",in_transit,1438.7824597584906
1790700693.670764,17703,"(-111.8041023, 41.749393)",in_transit,1818.4177125500296
1790700704.0258718,17703,"(-111.8043548, 41.7500448)",in_transit,1900.3481759289416
1790700714.3320441,17703,"(-111.8043414, 41.7507918)",Aggie Village 1,1983.6699314456664
1790700724.606658,17703,"(-111.8043506, 41.750806)",Aggie Village 1,1985.2648839520898
1790700734.969547,17703,"(-111.8043595, 41.7508481)",Aggie Village 1,1989.9571555119653
1790700745.365651,17703,"(-111.8043674, 41.75196)",in_transit,2113.563161472804
1790700755.6456802,17703,"(-111.8043756, 41.7528851)",in_transit,2216.3138668560314
1790700765.964011,17703,"(-111.8045098, 41.7529699)",in_transit,2225.7714010820273
1790700776.303245,17703,"(-111.8054141, 41.7529618)",in_transit,2316.054503905072
1790700786.566855,17703,"(-111.8060501, 41.7529733)",Aggie Village 2,2368.9735909952074
1790700796.903212,17703,"(-111.8060673, 41.7529846)",Aggie Village 2,2370.3998522962056
1790700807.2298932,17703,"(-111.8061195, 41.7529844)",Aggie Village 2,2374.741377203371
1790700817.614601,17703,"(-111.8072174, 41.752816)",in_transit,2471.2874765929773
1790700827.920807,17703,"(-111.8083714, 41.7524844)",in_transit,2574.085883850865
1790700838.240318,17703,"(-111.8088084, 41.7522603)",in_transit,2624.6487943592897
1790700848.550148,17703,"(-111.809145, 41.7516396)",Aggie Village 3,2706.045866649898
1790700858.821385,17703,"(-111.8091645, 41.7515579)",Aggie Village 3,2715.1476667377146
1790700869.176415,17703,"(-111.8091757, 41.7515678)",Aggie Village 3,2714.0649283254365
1790700879.481374,17703,"(-111.8091793, 41.7515686)",Aggie Village 3,2713.981442547379
1790700889.760326,17703,"(-111.8091901, 41.7515683)",Aggie Village 3,2714.030820540026
1790700900.115442,17703,"(-111.8092072, 41.75157)",Aggie Village 3,2713.867468062616
1790700910.519638,17703,"(-111.8092208, 41.7515712)",Aggie Village 3,2713.7544349203263
1790700920.799343,17703,"(-111.8092238, 41.7515529)",Aggie Village 3,2715.791114433096
1790700931.112351,17703,"(-111.8092232, 41.7511351)",in_transit,2762.186909221612
1790700941.4451451,17703,"(-111.8092495, 41.7503015)",in_transit,2854.797633134386
1790700951.7321548,17703,"(-111.8092579, 41.7501915)",in_transit,2867.0256349733245
1790700962.0436742,17703,"(-111.8096295, 41.7501246)",in_transit,2912.2551387295894
1790700972.3827221,17703,"(-111.8110628, 41.7501836)",in_transit,3031.579345452615
1790700982.66133,17703,"(-111.8124758, 41.7502338)",in_transit,3149.18736811146
1790700993.0320692,17703,"(-111.8124758, 41.7502338)",in_transit,3149.18736811146
1790701003.400854,17703,"(-111.8128312, 41.7502492)",in_transit,3178.7863184816833
1790701013.69934,17703,"(-111.8136137, 41.7501839)",in_transit,3243.7004883678064
1790701023.986102,17703,"(-111.8139646, 41.7499958)",in_transit,3286.562556970718
1790701034.3155599,17703,"(-111.814013, 41.7488445)",in_transit,3414.5008111805173
1790701044.632614,17703,"(-111.8140804, 41.7485599)",800 E 900 N,3446.263196506467
1790701054.902569,17703,"(-111.8140816, 41.7485584)",800 E 900 N,3446.43268771062
1790701065.268268,17703,"(-111.8140794, 41.7485546)",800 E 900 N,3446.849127288482
1790701075.674064,17703,"(-111.8140287, 41.748023)",in_transit,3505.741589509263
1790701085.943491,17703,"(-111.8140715, 41.7469167)",in_transit,3628.6672693604924
1790701096.261336,17703,"(-111.8140989, 41.7462672)",in_transit,3700.8417971779
1790701106.619636,17703,"(-111.8141389, 41.7450389)",in_transit,3837.304816969171
1790701117.261794,17703,"(-111.8141424, 41.7445592)",in_transit,3890.568255630881
1790701127.566457,17703,"(-111.81411, 41.7445346)",in_transit,3.0611383352647175
1790701137.835381,17703,"(-111.8138544, 41.7444451)",in_transit,24.665631679837944
1790701148.168704,17703,"(-111.8135033, 41.7444353)",Field House,54.33717190212705
1790701158.5192478,17703,"(-111.8135027, 41.744442)",Field House,54.364485663734406
1790701168.882227,17703,"(-111.8132757, 41.744472)",Field House,73.13679103431087
1790701179.152489,17703,"(-111.8127548, 41.7444756)",in_transit,116.43364122400305
1790701189.516298,17703,"(-111.8117808, 41.7444666)",in_transit,198.4356511789189
1790701199.8199658,17703,"(-111.810957, 41.744449)",Veterinary Science,266.97244613163207
1790701210.08312,17703,"(-111.8109258, 41.7444454)",Veterinary Science,269.57881052080546
1790701220.432776,17703,"(-111.8108965, 41.7444444)",Veterinary Science,272.0182802451976
1790701230.750637,17703,"(-111.8098787, 41.7444275)",in_transit,356.6833708969668
1790701241.094214,17703,"(-111.8084934, 41.744397)",in_transit,471.9943129295537
1790701251.450347,17703,"(-111.8081305, 41.7443887)",Industrial Science,502.19433885514627
1790701261.792346,17703,"(-111.8081011, 41.7443949)",Industrial Science,504.6217316294015
1790701272.076752,17703,"(-111.8080168, 41.7444013)",in_transit,511.61374992377796
1790701282.3775628,17703,"(-111.8074956, 41.7443869)",in_transit,554.9932820894908
1790701292.720702,17703,"(-111.8060281, 41.7443388)",in_transit,677.1992713760252
1790701303.004983,17703,"(-111.8052471, 41.7443237)",in_transit,742.1850581947277
1790701313.3209321,17703,"(-111.804256, 41.7447922)",in_transit,872.207738187831
1790701323.728829,17703,"(-111.8042824, 41.7453587)",in_transit,935.1613024466182
1790701334.038618,17703,"(-111.8042865, 41.745673)",in_transit,970.0684166506802
1790701344.327202,17703,"(-111.8042853, 41.7456925)",in_transit,972.23137361022
1790701354.6693351,17703,"(-111.8042956, 41.7459299)",in_transit,998.6023694330536
1790701364.9659169,17703,"(-111.8042538, 41.7466224)",in_transit,1078.8529825866442
1790701375.2511969,17703,"(-111.8043103, 41.7477561)",in_transit,1205.5350284528297
1790701385.607051,17703,"(-111.804341, 41.7490422)",in_transit,1348.8042935538417
1790701395.9049711,17703,"(-111.8041903, 41.7493121)",in_transit,1386.8833185507785
1790701406.2007732,17703,"(-111.8037263, 41.7493402)",in_transit,1425.8949202913375
1790701416.5266418,17703,"(-111.8018035, 41.7493997)",in_transit,1599.4910002854313
1790701426.831399,17703,"(-111.8018437, 41.7495122)",in_transit,1611.707394756901
1790701437.102773,17703,"(-111.8020519, 41.7496244)",Lundstrum,1631.5244499445153
1790701447.469669,17703,"(-111.8020742, 41.7496162)",Lundstrum,1633.3684242858055
1790701457.77055,17703,"(-111.8024811, 41.7493941)",in_transit,1676.2267523357664
1790701468.044618,17703,"(-111.8027544, 41.7493212)",in_transit,1506.7460419981924
1790701478.3929842,17703,"(-111.8040568, 41.7493624)",in_transit,1813.6002101007703
1790701488.789302,17703,"(-111.8043732, 41.7499449)",in_transit,1888.648895320176
1790701499.380765,17703,"(-111.8043486, 41.750759)",Aggie Village 1,1980.0422119547802
1790701509.6701791,17703,"(-111.8043532, 41.7507801)",Aggie Village 1,1982.3941968389684
1790701519.945166,17703,"(-111.8043723, 41.7509909)",in_transit,2005.8385169444698
1790701530.3031502,17703,"(-111.8043865, 41.7521594)",in_transit,2135.715523936041
1790701540.6097002,17703,"(-111.804385, 41.7527505)",in_transit,2201.366945117601
1790701550.894615,17703,"(-111.8046799, 41.7530696)",in_transit,2254.9285502776684
1790701561.2331798,17703,"(-111.8057972, 41.7530379)",in_transit,2347.9157102866516
1790701571.638845,17703,"(-111.8060511, 41.7530422)",Aggie Village 2,2369.0308183466113
1790701581.924038,17703,"(-111.8060697, 41.7530401)",Aggie Village 2,2370.5785610195117
1790701592.2456791,17703,"(-111.8068387, 41.7529868)",in_transit,2435.1054952510303
1790701602.585644,17703,"(-111.8080259, 41.7526559)",in_transit,2540.578847803507
1790701612.853323,17703,"(-111.8086495, 41.7524613)",in_transit,2597.5573453928127
1790701623.151293,17703,"(-111.8091925, 41.7518323)",in_transit,2684.7174018874316
1790701633.498485,17703,"(-111.809237, 41.7515727)",Aggie Village 3,2713.6119534344175
1790701643.761489,17703,"(-111.8092426, 41.7515761)",Aggie Village 3,2713.242711570336
1790701654.18519,17703,"(-111.8092472, 41.7515766)",Aggie Village 3,2713.1940278582056
1790701664.52486,17703,"(-111.8092541, 41.7515787)",Aggie Village 3,2712.971084548134
1790701674.824746,17703,"(-111.8092525, 41.751585)",Aggie Village 3,2712.2690890222766
1790701685.103128,17703,"(-111.8092549, 41.7515863)",Aggie Village 3,2712.128293214362
1790701695.4514198,17703,"(-111.8092653, 41.7515853)",Aggie Village 3,2712.2548106319305
1790701705.7530391,17703,"(-111.8092668, 41.7515867)",Aggie Village 3,2712.101571272629
1790701716.036272,17703,"(-111.8092724, 41.7515854)",Aggie Village 3,2712.2542649427814
1790701726.40096,17703,"(-111.8092695, 41.7515389)",Aggie Village 3,2717.413783874927
1790701736.794265,17703,"(-111.8092714, 41.7509222)",in_transit,2785.890173532801
1790701747.060452,17703,"(-111.8092861, 41.7502568)",in_transit,2859.815992432538
1790701757.388852,17703,"(-111.809368, 41.7501575)",in_transit,2890.654963527966
1790701767.7316911,17703,"(-111.810181, 41.7501577)",in_transit,2958.1925868669696
1790701778.104581,17703,"(-111.8120365, 41.7502001)",in_transit,3112.5856702115443
1790701788.391309,17703,"(-111.8136544, 41.7502013)",in_transit,3247.1253696556914
1790701798.7515872,17703,"(-111.8139598, 41.7501052)",in_transit,3274.4291502989436
1790701809.0425012,17703,"(-111.814011, 41.749128)",in_transit,3383.018369106022
1790701819.337292,17703,"(-111.8141101, 41.7485831)",800 E 900 N,3443.7608913953404
1790701829.666754,17703,"(-111.8141069, 41.7485864)",800 E 900 N,3443.3866281181417
1790701839.970847,17703,"(-111.8141071, 41.7485825)",800 E 900 N,3443.820095453684
1790701850.236831,17703,"(-111.8140952, 41.7485338)",800 E 900 N,3449.197331205599
1790701860.591511,17703,"(-111.8140793, 41.7471287)",in_transit,3605.150482608278
1790701870.9076638,17703,"(-111.8141025, 41.746505)",in_transit,3674.450189780864
1790701881.191631,17703,"(-111.8141572, 41.7452821)",in_transit,3810.350174879534
1790701891.593924,17703,"(-111.8141435, 41.7447826)",in_transit,3865.770259196983
1790701901.949901,17703,"(-111.8141337, 41.7447579)",in_transit,3868.4881967965384
1790701912.2308118,17703,"(-111.8141298, 41.7446981)",in_transit,3875.1174704533523
1790701922.538151,17703,"(-111.813622, 41.7444881)",Field House,44.390533105597115
1790701932.8894541,17703,"(-111.8134868, 41.7444785)",Field House,55.5634871664223
1790701943.261771,17703,"(-111.8134839, 41.744474)",Field House,55.81976102743731
1790701953.529126,17703,"(-111.8134701, 41.744466)",Field House,56.99408087290012
1790701963.903148,17703,"(-111.8132453, 41.7444953)",in_transit,75.5858226273179
1790701974.1922371,17703,"(-111.8122515, 41.7444855)",in_transit,158.32322504329866
1790701984.485763,17703,"(-111.812172, 41.7444782)",in_transit,164.9408875819789
1790701994.823612,17703,"(-111.8114622, 41.7444702)",in_transit,224.90427015535846
1790702005.1273699,17703,"(-111.8109057, 41.7444527)",Veterinary Science,271.2248848095734
1790702015.413137,17703,"(-111.8109084, 41.7444545)",Veterinary Science,270.9942236813241
1790702025.7801259,17703,"(-111.810653, 41.7444525)",in_transit,292.23534273794826
1790702036.054056,17703,"(-111.8092969, 41.7444162)",in_transit,405.094119069018
1790702046.314382,17703,"(-111.8082402, 41.7443917)",Industrial Science,493.0638850431074
1790702056.676081,17703,"(-111.8082402, 41.7443917)",Industrial Science,493.0638850431074
1790702066.990607,17703,"(-111.8080482, 41.7443897)",in_transit,509.03516239547076
1790702077.272636,17703,"(-111.8077153, 41.7443916)",in_transit,536.7120030649471
1790702087.615982,17703,"(-111.8063033, 41.7443417)",in_transit,654.3071994695603
1790702097.9224079,17703,"(-111.805457, 41.744315)",in_transit,724.7562003361766
1790702108.203982,17703,"(-111.8043344, 41.74436)",in_transit,824.3669404398494
1790702118.566078,17703,"(-111.8042568, 41.7451749)",Aggie Ice Cream,914.703585327611
1790702128.855913,17703,"(-111.8042692, 41.745598)",in_transit,961.7074933529527
1790702139.125111,17703,"(-111.804271, 41.7456558)",in_transit,968.1289512101918
1790702149.486013,17703,"(-111.8042964, 41.7462999)",in_transit,1040.1734490656308
1790702159.7877052,17703,"(-111.8042869, 41.7472137)",in_transit,1144.7591653887914
1790702170.109215,17703,"(-111.8042985, 41.7479304)",in_transit,1224.86730897641
1790702180.425303,17703,"(-111.8043366, 41.7491128)",in_transit,1356.6460069386608
1790702190.721589,17703,"(-111.8033794, 41.7493137)",in_transit,1454.7781046316918
1790702200.9953542,17703,"(-111.8025795, 41.7493019)",in_transit,1521.2828459202149
1790702211.350015,17703,"(-111.8017901, 41.7494123)",in_transit,1600.1892824390914
1790702221.649861,17703,"(-111.8020172, 41.7496049)",Lundstrum,1629.008777831836
1790702231.99003,17703,"(-111.8020508, 41.7495979)",Lundstrum,1631.3984328815745
1790702242.372852,17703,"(-111.8020846, 41.7495856)",Lundstrum,1634.1935047047475
1790702252.6835399,17703,"(-111.8021217, 41.749572)",Lundstrum,1637.2613402518048
1790702262.961386,17703,"(-111.8024259, 41.749412)",in_transit,1672.4184325781962
1790702273.2726321,17703,"(-111.8024203, 41.7494039)",in_transit,1673.020657537146
1790702283.617975,17703,"(-111.8028132, 41.7493046)",in_transit,1501.8465774886263
1790702293.896231,17703,"(-111.8040405, 41.749358)",in_transit,1812.1600346275475
1790702304.2155762,17703,"(-111.8043429, 41.7500938)",in_transit,1905.751476027863
1790702314.6325629,17703,"(-111.8043273, 41.7505832)",in_transit,1960.4798041569675
1790702325.128567,17703,"(-111.8043141, 41.7507646)",Aggie Village 1,1980.5956285486177
1790702335.42518,17703,"(-111.804343, 41.7509051)",Aggie Village 1,1996.2535195003015
1790702345.677015,17703,"(-111.8043681, 41.7514294)",in_transit,2054.6297487384522
1790702356.027998,17703,"(-111.8043781, 41.752686)",in_transit,2194.2010999158165
1790702366.350376,17703,"(-111.8044089, 41.7530051)",in_transit,2229.6516231541427
1790702376.61671,17703,"(-111.8051824, 41.7530527)",in_transit,2296.784011788964
1790702386.985694,17703,"(-111.8057034, 41.7530468)",in_transit,2340.111067374621
1790702397.396584,17703,"(-111.8060433, 41.7530547)",Aggie Village 2,2368.377390197137
1790702407.666395,17703,"(-111.8060398, 41.7530557)",Aggie Village 2,2368.085920641898
1790702417.976458,17703,"(-111.8071619, 41.7529147)",in_transit,2463.2052537637164
1790702428.3178391,17703,"(-111.8077456, 41.752741)",in_transit,2515.4390702059413
1790702438.599637,17703,"(-111.8088861, 41.7523291)",in_transit,2622.40069971886
1790702448.9139001,17703,"(-111.8092553, 41.7516377)",Aggie Village 3,2706.4209104169117
1790702459.260287,17703,"(-111.8092599, 41.7515676)",Aggie Village 3,2714.212367189474
1790702469.545589,17703,"(-111.8092492, 41.751568)",Aggie Village 3,2714.1520336289727
1790702479.92288,17703,"(-111.8092389, 41.7511755)",in_transit,2757.72409531974
1790702490.260184,17703,"(-111.8092572, 41.7503446)",in_transit,2850.022822277464
1790702500.5693061,17703,"(-111.8092628, 41.7501792)",in_transit,2868.3981718136647
1790702510.847544,17703,"(-111.8095955, 41.7500743)",in_transit,2909.3103227708116
1790702521.2125518,17703,"(-111.8113874, 41.7501499)",in_transit,3058.493109320239
1790702531.5071979,17703,"(-111.8123578, 41.750164)",in_transit,3139.2169049655486
1790702541.774236,17703,"(-111.8136347, 41.7501687)",in_transit,3245.411407898535
1790702552.1286678,17703,"(-111.8136474, 41.7501627)",in_transit,3246.4535301306123
1790702562.434129,17703,"(-111.8136915, 41.7501572)",in_transit,3250.107894600553
1790702572.715778,17703,"(-111.8136915, 41.7501572)",in_transit,3250.107894600553
1790702583.0891688,17703,"(-111.8139076, 41.749563)",in_transit,3334.476702366815
1790702593.3733902,17703,"(-111.8140261, 41.7486682)",800 E 900 N,3434.1057810326884
1790702603.6364841,17703,"(-111.8140512, 41.7485623)",800 E 900 N,3445.9246527883097
1790702613.990557,17703,"(-111.8140599, 41.7485585)",800 E 900 N,3446.3680058907466
1790702624.3019898,17703,"(-111.8140679, 41.7485555)",800 E 900 N,3446.720815457061
1790702634.587567,17703,"(-111.8140627, 41.7485238)",800 E 900 N,3450.2272734489125
1790702645.0167081,17703,"(-111.8140217, 41.747773)",in_transit,3533.478982606238
1790702655.351203,17703,"(-111.8140699, 41.7466043)",in_transit,3663.3456401857848
1790702665.610799,17703,"(-111.8141013, 41.7456709)",in_transit,3767.048105583773
1790702675.922664,17703,"(-111.8141233, 41.7449629)",in_transit,3845.7036746174836
1790702686.266718,17703,"(-111.8141175, 41.7447227)",in_transit,3872.3560110050676
1790702696.543248,17703,"(-111.8141193, 41.7446804)",in_transit,3877.0565473487823
1790702706.858351,17703,"(-111.8136364, 41.7444557)",Field House,44.608425912256045
1790702717.211592,17703,"(-111.8134692, 41.7444517)",Field House,57.117085555672816
1790702727.5896902,17703,"(-111.8134667, 41.7444569)",Field House,57.30742348132936
1790702737.876523,17703,"(-111.8134596, 41.7444533)",Field House,57.90986453898023
1790702748.2216582,17703,"(-111.8134544, 41.744451)",Field House,58.349954946993975
1790702758.521433,17703,"(-111.8134456, 41.744449)",Field House,59.08834820598203
1790702768.799604,17703,"(-111.8131291, 41.7444845)",in_transit,85.28337979713683
1790702779.148444,17703,"(-111.8120269, 41.7444734)",in_transit,177.01343831222107
1790702789.456275,17703,"(-111.8117297, 41.744472)",in_transit,202.66116354371746
1790702799.7264252,17703,"(-111.8116725, 41.7444737)",in_transit,207.40890008635773
1790702810.113846,17703,"(-111.8110336, 41.7444601)",Veterinary Science,260.5657242670991
1790702820.401452,17703,"(-111.8109336, 41.7444545)",Veterinary Science,268.89906639462106
1790702830.688949,17703,"(-111.8109277, 41.7444549)",Veterinary Science,269.38822593375806
1790702841.024794,17703,"(-111.8103012, 41.7444497)",in_transit,321.49573394704737
1790702851.322873,17703,"(-111.8090294, 41.7444149)",in_transit,427.34244863182903
1790702861.5948548,17703,"(-111.8084201, 41.7444009)",Industrial Science,478.078630460907
1790702871.966662,17703,"(-111.8080905, 41.7443906)",Industrial Science,505.5152046790443
1790702882.262381,17703,"(-111.8080894, 41.744392)",Industrial Science,505.6027564982934
1790702892.578455,17703,"(-111.8072269, 41.7443653)",in_transit,577.5362333902857
1790702902.889469,17703,"(-111.8068076, 41.7443428)",in_transit,612.5002327891273
1790702913.187638,17703,"(-111.8054943, 41.7443131)",in_transit,721.6600450805984
1790702923.464579,17703,"(-111.8045381, 41.7443217)",in_transit,801.1463430437149
1790702933.818538,17703,"(-111.8045132, 41.7443224)",in_transit,803.2148539319757
1790702944.1147578,17703,"(-111.8044714, 41.7443231)",in_transit,806.6886563147216
1790702954.395544,17703,"(-111.8042242, 41.7448845)",in_transit,882.4014981906196
1790702964.7539258,17703,"(-111.8042378, 41.7454023)",in_transit,939.9174729024094
1790702975.164376,17703,"(-111.8042453, 41.7456381)",in_transit,966.114485167615
1790702985.440941,17703,"(-111.8042663, 41.7458611)",in_transit,990.9022852786558
1790702995.75212,17703,"(-111.8042026, 41.7465373)",in_transit,1068.7797624140871
1790703006.085525,17703,"(-111.8042628, 41.7469255)",in_transit,1113.0043836856407
1790703016.367923,17703,"(-111.8042965, 41.7482966)",in_transit,1265.5264069835687
1790703026.679581,17703,"(-111.8043172, 41.7491427)",in_transit,1360.1016227178281
1790703037.025645,17703,"(-111.8033701, 41.749312)",in_transit,1455.5536088318413
1790703047.309323,17703,"(-111.8025588, 41.7493058)",in_transit,1523.0066204534032
1790703057.672369,17703,"(-111.8018245, 41.7493544)",in_transit,1584.1275012978524
1790703068.027468,17703,"(-111.8020105, 41.7496097)",Lundstrum,1628.7396308712791
1790703078.3328252,17703,"(-111.8020327, 41.7496071)",Lundstrum,1630.2755643127502
1790703088.607965,17703,"(-111.8020494, 41.7496052)",Lundstrum,1631.2915093200127
1790703098.9625652,17703,"(-111.802057, 41.7496061)",Lundstrum,1631.9247634851156
1790703109.2745202,17703,"(-111.8022359, 41.7495721)",Lundstrum,1647.8079669634183
1790703119.5507772,17703,"(-111.8024155, 41.7494367)",in_transit,1669.5746602714414
1790703129.936605,17703,"(-111.8032129, 41.749321)",in_transit,1468.6172044843727
1790703140.2951198,17703,"(-111.8042779, 41.7494802)",in_transit,1835.6218076893322
1790703150.564539,17703,"(-111.8043652, 41.749925)",in_transit,1886.7189558849984
1790703160.9035342,17703,"(-111.8043038, 41.7507401)",Aggie Village 1,1977.8548217343684
1790703171.240184,17703,"(-111.8043093, 41.7507483)",Aggie Village 1,1978.7762217620318
1790703181.524731,17703,"(-111.8043572, 41.7512428)",in_transit,2033.9012183699056
1790703191.836062,17703,"(-111.8043668, 41.7519487)",in_transit,2112.3079271838424
1790703202.16309,17703,"(-111.8043819, 41.7529819)",in_transit,2227.0670111386844
1790703212.4441652,17703,"(-111.8051183, 41.7530525)",in_transit,2291.452819676685
1790703222.7962592,17703,"(-111.8060203, 41.7530451)",Aggie Village 2,2366.4681072200383
1790703233.109091,17703,"(-111.8060461, 41.7530446)",Aggie Village 2,2368.6140674203675
1790703243.375765,17703,"(-111.8060519, 41.7530416)",Aggie Village 2,2369.097579825652
1790703253.713713,17703,"(-111.8066046, 41.7530067)",in_transit,2415.6079280801687
1790703264.0338151,17703,"(-111.8071875, 41.7528908)",in_transit,2466.1567375499053
1790703274.297753,17703,"(-111.8083596, 41.7525471)",in_transit,2570.789719176643
1790703284.632573,17703,"(-111.8091418, 41.7519404)",in_transit,2671.0076217121164
1790703294.966841,17703,"(-111.809239, 41.7515512)",Aggie Village 3,2716.0025061224237
1790703305.351465,17703,"(-111.8092334, 41.7515534)",Aggie Village 3,2715.7498671365765
1790703315.62537,17703,"(-111.8092127, 41.7512548)",in_transit,2748.8786350299483
1790703325.9788039,17703,"(-111.8092301, 41.7503792)",in_transit,2846.1401936752463
1790703336.279288,17703,"(-111.809237, 41.7501678)",in_transit,2869.626550548387
1790703346.5535,17703,"(-111.8095729, 41.7500448)",in_transit,2907.3620783123242
1790703356.919347,17703,"(-111.8111294, 41.7501144)",in_transit,3036.9559168368232
1790703367.2175272,17703,"(-111.8126254, 41.7501403)",in_transit,3161.4169123666543
1790703377.495975,17703,"(-111.8132187, 41.7501413)",in_transit,3210.7550459905815
1790703387.8363378,17703,"(-111.8136696, 41.7501368)",in_transit,3248.2393582128475
1790703398.1446102,17703,"(-111.8136642, 41.7501319)",in_transit,3247.77892563044
1790703408.4412649,17703,"(-111.8136998, 41.7501292)",in_transit,3250.732981087135
1790703418.782113,17703,"(-111.8137374, 41.7501256)",in_transit,3253.8502698066427
1790703429.08161,17703,"(-111.813919, 41.7497509)",in_transit,3313.6429039841187
1790703439.365173,17703,"(-111.8139891, 41.7487504)",in_transit,3424.8886719588845
1790703449.705892,17703,"(-111.8140431, 41.7485415)",800 E 900 N,3448.2138447354864
1790703460.013823,17703,"(-111.8140602, 41.7485345)",800 E 900 N,3449.0331989627566
1790703470.337892,17703,"(-111.8140713, 41.7485288)",800 E 900 N,3449.693413699454
1790703480.635348,17703,"(-111.8140703, 41.7485217)",800 E 900 N,3450.4791783906894
1790703490.947231,17703,"(-111.8140774, 41.7485215)",800 E 900 N,3450.5189129109194
1790703501.209984,17703,"(-111.8140776, 41.7485177)",800 E 900 N,3450.94127835216
1790703511.572258,17703,"(-111.8140848, 41.7485111)",800 E 900 N,3451.6917803549986
1790703521.876343,17703,"(-111.8140784, 41.7484885)",800 E 900 N,3454.185003956738
1790703532.164415,17703,"(-111.8140619, 41.7476165)",in_transit,3550.9527449334732
1790703542.50041,17703,"(-111.8141007, 41.7465504)",in_transit,3669.405492865408
1790703552.813128,17703,"(-111.8141205, 41.7459276)",in_transit,3738.5971418657555
1790703563.081357,17703,"(-111.8141481, 41.7448461)",in_transit,3858.7319465255296
1790703573.416521,17703,"(-111.8141376, 41.7446438)",in_transit,3881.1650600800085
1790703583.741081,17703,"(-111.8141361, 41.7446459)",in_transit,3880.928213503692
1790703594.021777,17703,"(-111.8141332, 41.7446443)",in_transit,3881.0986754592805
1790703604.387093,17703,"(-111.8141257, 41.7446384)",in_transit,3881.735147751737
1790703614.677854,17703,"(-111.8141118, 41.7445286)",in_transit,2.9419528237290185
1790703624.948399,17703,"(-111.8136603, 41.7444382)",in_transit,43.48012241438266
1790703635.324511,17703,"(-111.813452, 41.7444435)",Field House,58.574764754439855
1790703645.605647,17703,"(-111.813438, 41.7444396)",Field House,59.751901028971915
1790703655.8639219,17703,"(-111.813344, 41.7444631)",Field House,67.4881359695153
1790703666.1686342,17703,"(-111.8127956, 41.7444856)",in_transit,113.00772516234707
1790703676.542919,17703,"(-111.8116864, 41.7444736)",in_transit,206.25388341596366
1790703686.819916,17703,"(-111.8108958, 41.744454)",Veterinary Science,272.0435189879629
1790703697.1708958,17703,"(-111.8108958, 41.7444558)",Veterinary Science,272.03733897318523
1790703707.4725802,17703,"(-111.8108954, 41.7444589)",Veterinary Science,272.0599520758552
1790703717.759777,17703,"(-111.8108829, 41.7444588)",Veterinary Science,273.09955985746444
1790703728.171207,17703,"(-111.8108822, 41.7444615)",Veterinary Science,273.1484885969334
1790703738.505026,17703,"(-111.8108791, 41.744461)",Veterinary Science,273.40794285040556
1790703748.7845051,17703,"(-111.8108796, 41.7444642)",Veterinary Science,273.3553855136025
1790703759.115115,17703,"(-111.8108819, 41.7444661)",Veterinary Science,273.1576374901361
1790703769.449752,17703,"(-111.8108827, 41.7444657)",Veterinary Science,273.09249791687046
1790703779.733809,17703,"(-111.8108769, 41.7444617)",Veterinary Science,273.5884500293159
1790703790.0387552,17703,"(-111.8108232, 41.7444635)",in_transit,278.0469496488206
1790703800.374541,17703,"(-111.8100704, 41.7444514)",in_transit,340.67621825519876
1790703810.662099,17703,"(-111.8100704, 41.7444514)",in_transit,340.67621825519876
1790703820.9555311,17703,"(-111.8085544, 41.7444122)",in_transit,466.8793515969217
1790703831.304394,17703,"(-111.8080742, 41.7443934)",in_transit,506.8627878698735
1790703841.578689,17703,"(-111.8080758, 41.7443941)",in_transit,506.7277814206607
1790703851.899037,17703,"(-111.8080772, 41.7443955)",in_transit,506.60744676700574
1790703862.252543,17703,"(-111.8073657, 41.7443892)",in_transit,565.7888142079355
1790703872.5186088,17703,"(-111.8058862, 41.7443458)",in_transit,688.9784900480012
1790703882.9045062,17703,"(-111.8051263, 41.7443356)",in_transit,752.1956949766237
1790703893.261176,17703,"(-111.8045678, 41.7443376)",in_transit,798.6310905142393
1790703903.555746,17703,"(-111.8045577, 41.7443391)",in_transit,799.4666374253998
1790703913.84339,17703,"(-111.8045444, 41.7443359)",in_transit,800.5817537432321
1790703924.200216,17703,"(-111.8044742, 41.7443383)",in_transit,806.4122345526714
1790703934.492893,17703,"(-111.8042453, 41.7449367)",in_transit,888.232284373323
1790703944.7749891,17703,"(-111.8042669, 41.745455)",in_transit,945.824728010318
1790703955.122698,17703,"(-111.804273, 41.7456747)",in_transit,970.2313970810485
1790703965.5182788,17703,"(-111.8042919, 41.7457149)",in_transit,974.7312399480741
1790703975.7881322,17703,"(-111.8043099, 41.7463533)",in_transit,1046.0121694541608
1790703986.111189,17703,"(-111.8043058, 41.7471476)",in_transit,1137.7414646733544
1790703996.455621,17703,"(-111.8043141, 41.7477984)",in_transit,1210.2390946892558
1790704006.722132,17703,"(-111.8043409, 41.7490554)",in_transit,1350.2649049186325
1790704017.042697,17703,"(-111.8037406, 41.7493613)",in_transit,1424.6804805482484
1790704027.402245,17703,"(-111.8028821, 41.7493456)",in_transit,1715.467462079333
1790704037.772057,17703,"(-111.801815, 41.7493955)",in_transit,1599.5373033624842
1790704048.075362,17703,"(-111.8020002, 41.7496243)",Lundstrum,1628.6754658053705
1790704058.421411,17703,"(-111.8020426, 41.7496178)",Lundstrum,1631.154139374119
1790704068.711215,17703,"(-111.8020477, 41.7496168)",Lundstrum,1631.1652384672918
1790704079.0023081,17703,"(-111.802272, 41.7495483)",in_transit,1651.7158349943777
1790704089.349906,17703,"(-111.8027826, 41.7493194)",in_transit,1504.3995832226778
1790704099.6388638,17703,"(-111.8034361, 41.7493196)",in_transit,1450.05534627224
1790704109.908415,17703,"(-111.8039757, 41.749347)",in_transit,1806.7037975227101
1790704120.265517,17703,"(-111.8041409, 41.7493746)",in_transit,1819.9629923639395
1790704130.5757592,17703,"(-111.8043674, 41.749636)",in_transit,1854.2914155439212
1790704140.868147,17703,"(-111.8043409, 41.7500857)",in_transit,1904.846436312727
1790704151.2056088,17703,"(-111.8043097, 41.7507702)",Aggie Village 1,1981.2087102796663
1790704161.504107,17703,"(-111.8043303, 41.7507736)",Aggie Village 1,1981.6270674621492
1790704171.783017,17703,"(-111.8043747, 41.7515107)",in_transit,2063.662775896571
1790704182.139908,17703,"(-111.8043867, 41.7521699)",in_transit,2136.881788209819
1790704192.4401212,17703,"(-111.8043964, 41.752965)",in_transit,2225.194190390668
1790704202.7229922,17703,"(-111.8050055, 41.7530847)",in_transit,2282.0712617168188
1790704213.065919,17703,"(-111.8055381, 41.7530645)",in_transit,2326.3675604257196
1790704223.370326,17703,"(-111.806067, 41.7530612)",Aggie Village 2,2370.3460584828417
1790704233.6407812,17703,"(-111.8060633, 41.7530547)",Aggie Village 2,2370.0407790539425
1790704244.0117278,17703,"(-111.8060612, 41.7530525)",Aggie Village 2,2369.8669515960823
1790704254.3077939,17703,"(-111.8062317, 41.7530379)",Aggie Village 2,2384.0528425810626
1790704264.589372,17703,"(-111.8072732, 41.7528847)",in_transit,2473.064962245241
1790704274.937365,17703,"(-111.8083565, 41.7525592)",in_transit,2570.089281499282
1790704285.23583,17703,"(-111.8088659, 41.7523438)",in_transit,2620.0869733841355
1790704295.53888,17703,"(-111.8092522, 41.7516407)",Aggie Village 3,2706.0831495132907
1790704305.872714,17703,"(-111.8092549, 41.7515514)",Aggie Village 3,2716.0039433807824
1790704316.172665,17703,"(-111.8092545, 41.7515498)",Aggie Village 3,2716.1810287210587
1790704326.4563892,17703,"(-111.8092421, 41.7513981)",in_transit,2733.00822731881
1790704336.792695,17703,"(-111.809243, 41.7505903)",in_transit,2822.719823589386
1790704347.101525,17703,"(-111.8092496, 41.750157)",in_transit,2870.844262309476
1790704357.383397,17703,"(-111.8092454, 41.7501618)",in_transit,2870.305097440232
1790704367.7409751,17703,"(-111.8093301, 41.7500804)",in_transit,2887.258244791409
1790704378.143512,17703,"(-111.81088, 41.7501266)",in_transit,3016.2454735828233
1790704388.423212,17703,"(-111.8123325, 41.7501523)",in_transit,3137.0883569501575
1790704398.732886,17703,"(-111.8129157, 41.750155)",in_transit,3185.591377500513
1790704409.0757701,17703,"(-111.8133418, 41.7501437)",in_transit,3220.997058228817
1790704419.354809,17703,"(-111.8135674, 41.7501386)",in_transit,3239.7450596441604
1790704429.658131,17703,"(-111.813792, 41.7500191)",in_transit,3283.563370348834
1790704440.018729,17703,"(-111.813824, 41.7491569)",in_transit,3379.3628081898946
1790704450.388742,17703,"(-111.813977, 41.7485586)",800 E 900 N,3446.1522096893177
1790704460.7185159,17703,"(-111.8140083, 41.7485424)",800 E 900 N,3448.028000823884
1790704471.0223649,17703,"(-111.8140167, 41.7485416)",800 E 900 N,3448.1375569933934
1790704481.318644,17703,"(-111.8140341, 41.7485377)",800 E 900 N,3448.6134939728563
1790704491.587958,17703,"(-111.8140309, 41.7484541)",in_transit,3457.886768039659
1790704501.9432352,17703,"(-111.8140164, 41.7483445)",in_transit,3470.0186299467878
1790704512.256047,17703,"(-111.814017, 41.7476688)",in_transit,3545.0355232509146
1790704522.5345569,17703,"(-111.8140295, 41.7476211)",in_transit,3550.3620033083616
1790704532.875298,17703,"(-111.8140408, 41.7475758)",in_transit,3555.4190731689337
1790704543.280792,17703,"(-111.8140522, 41.7474252)",in_transit,3572.166663503843
1790704553.559448,17703,"(-111.8140655, 41.747217)",in_transit,3595.313487787559
1790704563.8936682,17703,"(-111.814082, 41.746929)",in_transit,3627.3276223728844
1790704574.2294369,17703,"(-111.8140864, 41.7468468)",in_transit,3636.4642267104628
1790704584.503516,17703,"(-111.8140886, 41.7468164)",in_transit,3639.844626157792
1790704594.8253188,17703,"(-111.8140915, 41.7468142)",in_transit,3640.096017261937
1790704605.160762,17703,"(-111.8140943, 41.7466307)",in_transit,3660.4748946938907
1790704615.436239,17703,"(-111.8140993, 41.7464751)",in_transit,3677.761766643453
1790704625.8027132,17703,"(-111.8141116, 41.7462315)",in_transit,3704.8365804256937
1790704636.1498501,17703,"(-111.8141228, 41.7461996)",in_transit,3708.4057819141544
1790704646.472641,17703,"(-111.8141249, 41.7461741)",in_transit,3711.2419509183583
1790704656.7373319,17703,"(-111.8141268, 41.7461351)",in_transit,3715.5763757919904
1790704667.095534,17703,"(-111.8141261, 41.7460575)",in_transit,3724.1896848782744
1790704677.401087,17703,"(-111.8141417, 41.7459307)",in_transit,3738.305433510012
1790704687.6783,17703,"(-111.81414, 41.7459064)",in_transit,3740.9989787611476
1790704698.0464141,17703,"(-111.8141379, 41.745864)",in_transit,3745.700970327391
1790704708.4268851,17703,"(-111.8141391, 41.7458277)",in_transit,3749.733912861171
1790704718.6929338,17703,"(-111.8141402, 41.745726)",in_transit,3761.0272215508157
1790704729.026738,17703,"(-111.8141474, 41.7456337)",in_transit,3771.291784039252
1790704739.381043,17703,"(-111.8141497, 41.7454401)",in_transit,3792.790697280369
1790704749.653161,17703,"(-111.8141471, 41.7454035)",in_transit,3796.8475676021953
1790704759.959216,17703,"(-111.814146, 41.7454036)",in_transit,3796.833750822403
1790704770.299459,17703,"(-111.8141442, 41.7454005)",in_transit,3797.1734664728738
1790704780.56337,17703,"(-111.814144, 41.7453894)",in_transit,3798.405281302057
1790704790.96702,17703,"(-111.81415, 41.7453755)",in_transit,3799.9632508767927
1790704801.323401,17703,"(-111.8141753, 41.7453394)",in_transit,3804.0334711420132
1790704811.618459,17703,"(-111.8141632, 41.7452798)",in_transit,3810.620326560677
1790704821.9050848,17703,"(-111.8141647, 41.7452449)",in_transit,3814.498583926357
1790704832.2625978,17703,"(-111.8141575, 41.7452252)",in_transit,3816.66788356878
1790704842.5562901,17703,"(-111.8141648, 41.7451568)",in_transit,3824.279735877466
1790704852.8416178,17703,"(-111.814163, 41.7450474)",in_transit,3836.42072499145
1790704863.182218,17703,"(-111.8141608, 41.745014)",in_transit,3840.1233095445104
1790704873.4820402,17703,"(-111.8141576, 41.7450024)",in_transit,3841.403216398412
1790704883.7496388,17703,"(-111.8141495, 41.7449808)",in_transit,3843.7811984706086
1790704894.096456,17703,"(-111.81414, 41.7449501)",in_transit,3847.1659896166566
1790704904.426105,17703,"(-111.814143, 41.7449219)",in_transit,3850.304129700671
1790704914.6781728,17703,"(-111.813949, 41.7445357)",in_transit,16.45462269999433
1790704925.039851,17703,"(-111.8135229, 41.7444944)",Field House,52.481652934810775
1790704935.3479,17703,"(-111.8135163, 41.744485)",Field House,53.083471339074855
1790704945.6147048,17703,"(-111.8135163, 41.744478)",Field House,53.12334695998177
1790704955.982709,17703,"(-111.8135093, 41.7444659)",Field House,53.77377476845342
1790704966.2869802,17703,"(-111.8135054, 41.7444462)",Field House,54.12585100065087
1790704976.55069,17703,"(-111.8135004, 41.7444447)",Field House,54.54661765105907
1790704986.92123,17703,"(-111.8134959, 41.7444423)",Field House,54.92884503638515
1790704997.218615,17703,"(-111.8134857, 41.7444397)",Field House,55.78565938947561
1790705007.512622,17703,"(-111.8134871, 41.7444393)",Field House,55.67060724827864
1790705017.847959,17703,"(-111.8134882, 41.7444376)",Field House,55.58487753879899
1790705028.151658,17703,"(-111.8134813, 41.7444356)",Field House,56.165299810495135
1790705038.4493282,17703,"(-111.8134341, 41.7444422)",Field House,60.06739794266797
1790705048.782691,17703,"(-111.812411, 41.7444709)",in_transit,145.065921866033
1790705059.079914,17703,"(-111.8118555, 41.7444682)",in_transit,190.74534919908461
1790705069.3549771,17703,"(-111.8115688, 41.7444622)",in_transit,216.07602411606032
1790705079.697054,17703,"(-111.8115703, 41.7444574)",in_transit,215.97101488564482
1790705090.016294,17703,"(-111.8114713, 41.7444556)",in_transit,224.20769287243758
1790705100.2806149,17703,"(-111.8108816, 41.744443)",Veterinary Science,273.26189044277214
1790705110.629813,17703,"(-111.8108777, 41.7444439)",Veterinary Science,273.58305099886
1790705120.94826,17703,"(-111.810875, 41.7444371)",Veterinary Science,273.83087907347465
1790705131.227222,17703,"(-111.8108712, 41.7444384)",Veterinary Science,274.1423521844119
1790705141.589673,17703,"(-111.8105157, 41.7444421)",in_transit,303.68633508706483
1790705151.8827891,17703,"(-111.8091757, 41.7444061)",in_transit,415.19881677766944
1790705162.161482,17703,"(-111.8085918, 41.7443924)",in_transit,463.6009651088065
1790705172.504134,17703,"(-111.8080416, 41.7443767)",in_transit,509.6203669296118
1790705182.810285,17703,"(-111.8080528, 41.7443831)",in_transit,508.6711232462054
1790705193.075711,17703,"(-111.8080518, 41.744382)",in_transit,508.7573564927587
1790705203.433818,17703,"(-111.8080517, 41.7443808)",in_transit,508.7690304871918
1790705213.748084,17703,"(-111.807708, 41.7443726)",in_transit,537.3722165759353
1790705224.029071,17703,"(-111.8066079, 41.7443371)",in_transit,629.1202729385752
1790705234.3832488,17703,"(-111.8058123, 41.7443235)",in_transit,695.1874278238772
1790705244.681293,17703,"(-111.8045614, 41.7443293)",in_transit,799.1870746419575
1790705254.955216,17703,"(-111.8045378, 41.7443288)",in_transit,801.1509273902662
1790705265.2944481,17703,"(-111.8045163, 41.7443319)",in_transit,802.9298338187565
1790705275.614115,17703,"(-111.8044267, 41.7443677)",in_transit,810.2761274635089
1790705285.9502249,17703,"(-111.8043199, 41.7452841)",Aggie Ice Cream,926.9493934864932
1790705296.306684,17703,"(-111.8043244, 41.7456491)",in_transit,967.486988296235
1790705306.657075,17703,"(-111.8043234, 41.745648)",in_transit,967.362936019393
1790705316.9304478,17703,"(-111.8043294, 41.745927)",in_transit,998.3507690263543
1790705327.23361,17703,"(-111.8042773, 41.7466815)",in_transit,1085.8745593986403
1790705337.576886,17703,"(-111.8043175, 41.7479667)",in_transit,1228.933446356244
1790705347.962781,17703,"(-111.8043287, 41.7486351)",in_transit,1303.2142393670272
1790705358.256085,17703,"(-111.8039968, 41.749322)",in_transit,1403.2944759244317
1790705368.661022,17703,"(-111.8024719, 41.7492988)",in_transit,1530.1916983533529
1790705379.005912,17703,"(-111.8017969, 41.7494135)",in_transit,1600.5762267830107
1790705389.279957,17703,"(-111.8020331, 41.7496019)",Lundstrum,1630.053750269289
1790705399.599817,17703,"(-111.8020897, 41.749609)",Lundstrum,1634.6481556335943
1790705409.9254742,17703,"(-111.802104, 41.7496103)",Lundstrum,1635.8391605428658
1790705420.1926138,17703,"(-111.8021102, 41.7496129)",Lundstrum,1636.3581936693527
1790705430.509263,17703,"(-111.8021131, 41.7496164)",Lundstrum,1636.603943100086
1790705440.8660831,17703,"(-111.8021139, 41.7496131)",Lundstrum,1636.6661780744653
1790705451.243519,17703,"(-111.8021537, 41.749606)",Lundstrum,1639.9670372625897
1790705461.519249,17703,"(-111.8023896, 41.7494771)",in_transit,1664.6258687152929
1790705471.877088,17703,"(-111.8025593, 41.7493631)",in_transit,1522.9955596622933
1790705482.183156,17703,"(-111.8041566, 41.7493718)",in_transit,1820.8791464819076
1790705492.466987,17703,"(-111.8042461, 41.7494395)",in_transit,1831.239337263587
1790705502.810965,17703,"(-111.8043533, 41.7503222)",in_transit,1931.1470465888062
1790705513.110507,17703,"(-111.8043448, 41.7507918)",Aggie Village 1,1983.676671054252
1790705523.357217,17703,"(-111.8043561, 41.7508039)",Aggie Village 1,1985.0426100176414
1790705533.7396648,17703,"(-111.80437, 41.7510437)",in_transit,2011.6966763865723
1790705544.047761,17703,"(-111.8043791, 41.7521563)",in_transit,2135.3690637337495
1790705554.3334541,17703,"(-111.8043779, 41.7529955)",in_transit,2228.5763630648917
1790705564.681231,17703,"(-111.8044362, 41.7530427)",in_transit,2233.835691971966
1790705574.976243,17703,"(-111.8058124, 41.7530749)",in_transit,2349.1659662216894
1790705585.2355468,17703,"(-111.8060682, 41.7530714)",Aggie Village 2,2370.4420210817343
1790705595.524549,17703,"(-111.8060707, 41.753071)",Aggie Village 2,2370.6500952540214
1790705605.81391,17703,"(-111.8061411, 41.7530479)",Aggie Village 2,2376.513922809563
1790705616.18156,17703,"(-111.8071818, 41.7529118)",in_transit,2464.8636577229463
1790705626.5192041,17703,"(-111.8085735, 41.7525024)",in_transit,2589.760393540058
1790705636.840852,17703,"(-111.8090741, 41.7521262)",in_transit,2649.919573738823
1790705647.105559,17703,"(-111.8092568, 41.7515618)",Aggie Village 3,2714.851847606495
1790705657.460534,17703,"(-111.8092435, 41.7515669)",Aggie Village 3,2714.2657114605486
1790705667.7793238,17703,"(-111.8092169, 41.7510819)",in_transit,2768.0854904540047
1790705678.050517,17703,"(-111.8092191, 41.7505141)",in_transit,2831.143298201768
1790705688.4036381,17703,"(-111.8093487, 41.7500766)",in_transit,2888.7925274863615
1790705698.711504,17703,"(-111.8109173, 41.7501001)",in_transit,3019.285287096085
1790705708.992476,17703,"(-111.811973, 41.7501295)",in_transit,3107.1409174693786
1790705719.36017,17703,"(-111.8135862, 41.750141)",in_transit,3241.3139621432706
1790705729.6453462,17703,"(-111.8136638, 41.7501371)",in_transit,3247.757754312106
1790705739.9192169,17703,"(-111.8136626, 41.7501336)",in_transit,3247.6498297257494
1790705750.27355,17703,"(-111.8136726, 41.750135)",in_transit,3248.484639206533
1790705760.5744011,17703,"(-111.8137432, 41.750132)",in_transit,3254.347751839793
1790705770.865047,17703,"(-111.8139284, 41.7493301)",in_transit,3360.3833823971145
1790705781.284331,17703,"(-111.813999, 41.7487667)",in_transit,3423.103509621006
1790705791.624747,17703,"(-111.8140663, 41.7485512)",800 E 900 N,3447.1942459025267
1790705801.9950469,17703,"(-111.8140713, 41.7485431)",800 E 900 N,3448.105844186217
1790705812.266103,17703,"(-111.814018, 41.7480375)",in_transit,3504.1053793688498
1790705822.618264,17703,"(-111.8140305, 41.7475034)",in_transit,3563.4313803788805
1790705832.92508,17703,"(-111.8140738, 41.7462654)",in_transit,3700.979531994948
1790705843.218931,17703,"(-111.8141056, 41.7449409)",in_transit,3848.1023357198064
1790705853.589796,17703,"(-111.8141055, 41.7446516)",in_transit,3880.2197741199534
1790705863.96452,17703,"(-111.8141067, 41.7446522)",in_transit,3880.1561289814363
1790705874.251609,17703,"(-111.8141081, 41.7446448)",in_transit,3880.981127065027
1790705884.5578299,17703,"(-111.8141142, 41.7446286)",in_transit,3882.794705837521
1790705894.8787358,17703,"(-111.8141176, 41.7446264)",in_transit,3883.047350499668
1790705905.146786,17703,"(-111.8139698, 41.744472)",in_transit,14.969296564118157
1790705915.493641,17703,"(-111.8134986, 41.7444417)",Field House,54.706381230856046
1790705925.843053,17703,"(-111.8134788, 41.7444474)",Field House,56.33340272586728
1790705936.215393,17703,"(-111.813473, 41.7444466)",Field House,56.818325255766574
1790705946.568337,17703,"(-111.8128634, 41.7444999)",in_transit,107.32247084914795
1790705956.908542,17703,"(-111.8114988, 41.7444757)",in_transit,221.8393767710666
1790705967.2477021,17703,"(-111.8109394, 41.7444626)",Veterinary Science,268.3890380368151
1790705977.516255,17703,"(-111.8108546, 41.7444524)",Veterinary Science,275.4744282702303
1790705987.8526359,17703,"(-111.8108447, 41.7444506)",Veterinary Science,276.303705912792
1790705998.1981719,17703,"(-111.8097211, 41.7444288)",in_transit,369.78588706167704
1790706008.563382,17703,"(-111.8089058, 41.7444078)",in_transit,437.6390543845828
1790706018.8229609,17703,"(-111.8080394, 41.7443792)",in_transit,509.79631006062675
1790706029.1965902,17703,"(-111.8080451, 41.7443839)",in_transit,509.3091745655198
1790706039.4984682,17703,"(-111.8080086, 41.7443828)",in_transit,512.3473957955744
1790706049.7955892,17703,"(-111.8066984, 41.7443453)",in_transit,621.5522746718838
1790706060.113823,17703,"(-111.8049704, 41.7443197)",in_transit,765.2048822683658
1790706070.431273,17703,"(-111.8042656, 41.7444265)",in_transit,831.6186722854114
1790706080.699429,17703,"(-111.8042315, 41.7448093)",in_transit,874.0565084290578
1790706091.060678,17703,"(-111.8042642, 41.7456365)",in_transit,965.9729220958977
1790706101.360189,17703,"(-111.8042722, 41.7456395)",in_transit,966.3213171542025
1790706111.654449,17703,"(-111.8042816, 41.7457098)",in_transit,974.1452711086786
1790706122.003526,17703,"(-111.8042417, 41.7465339)",in_transit,1067.34956587772
1790706132.297908,17703,"(-111.8043084, 41.7477118)",in_transit,1200.6124212740187
1790706142.568289,17703,"(-111.8043354, 41.7490407)",in_transit,1348.681368508512
1790706152.921283,17703,"(-111.8041388, 41.7492889)",in_transit,1391.179603345753
1790706163.228672,17703,"(-111.8025621, 41.7492793)",in_transit,1522.7180293154722
1790706173.495542,17703,"(-111.8017887, 41.7493697)",in_transit,1595.9753053169904
1790706183.8552399,17703,"(-111.8020446, 41.7496017)",Lundstrum,1630.904915937554
1790706194.253403,17703,"(-111.8020604, 41.7495988)",Lundstrum,1632.198024342645
1790706204.510156,17703,"(-111.8020747, 41.7496024)",Lundstrum,1633.3920264965495
1790706214.8590999,17703,"(-111.8021809, 41.749588)",Lundstrum,1642.9509233026538
1790706225.2030149,17703,"(-111.8023905, 41.7494482)",in_transit,1667.310005301334
1790706235.447969,17703,"(-111.8033538, 41.7493236)",in_transit,1456.895468197784
1790706245.79789,17703,"(-111.8040337, 41.7493587)",in_transit,1811.6643364164925
1790706256.127721,17703,"(-111.8043709, 41.7499488)",in_transit,1889.3107439971761
1790706266.3836732,17703,"(-111.8043391, 41.7504913)",in_transit,1949.1414454685626
1790706276.76478,17703,"(-111.804337, 41.7507141)",Aggie Village 1,1975.0336868287595
1790706287.057056,17703,"(-111.8043617, 41.7511668)",in_transit,2025.4615246123983
1790706297.32937,17703,"(-111.804357, 41.7518463)",in_transit,2100.9317924281745
1790706307.6676538,17703,"(-111.8043758, 41.7529722)",in_transit,2225.98788485327
1790706317.986412,17703,"(-111.8054303, 41.7530626)",in_transit,2317.4018332918913
1790706328.245648,17703,"(-111.8060589, 41.7530521)",Aggie Village 2,2369.6758124817725
1790706338.566606,17703,"(-111.8060593, 41.7530467)",Aggie Village 2,2369.711113522755
1790706348.8341389,17703,"(-111.8060656, 41.7530425)",Aggie Village 2,2370.236662537123
1790706359.122158,17703,"(-111.8060984, 41.7530356)",Aggie Village 2,2372.967219172026
1790706369.451769,17703,"(-111.8065557, 41.7530109)",in_transit,2411.010826755864
1790706379.758441,17703,"(-111.807979, 41.7526664)",in_transit,2536.510696664248
1790706390.0392241,17703,"(-111.8091415, 41.7519995)",in_transit,2665.0437993728037
1790706400.3839061,17703,"(-111.8092522, 41.7515388)",Aggie Village 3,2717.3991596756855
1790706410.6898088,17703,"(-111.8092409, 41.7515391)",Aggie Village 3,2717.3490386905387
1790706420.977207,17703,"(-111.8092399, 41.751539)",Aggie Village 3,2717.358656448261
1790706431.325949,17703,"(-111.8092108, 41.751181)",in_transit,2757.0712761955174
1790706441.7410822,17703,"(-111.8092133, 41.7506377)",in_transit,2817.4047934636437
1790706452.106463,17703,"(-111.8092212, 41.7501329)",in_transit,2873.479196622283
1790706462.389395,17703,"(-111.8092191, 41.7501353)",in_transit,2873.209614136794
1790706472.7474391,17703,"(-111.8105498, 41.7500801)",in_transit,2988.679000359998
1790706483.043421,17703,"(-111.8116243, 41.7501147)",in_transit,3078.1101893506207
1790706493.321289,17703,"(-111.8134972, 41.7501213)",in_transit,3233.8673203080075
1790706503.688724,17703,"(-111.8137068, 41.7501237)",in_transit,3251.3022810189123
1790706513.97678,17703,"(-111.8139089, 41.7500679)",in_transit,3278.4108082612756
1790706524.275551,17703,"(-111.8139607, 41.7491493)",in_transit,3380.53336201992
1790706534.599359,17703,"(-111.8140664, 41.74853)",800 E 900 N,3449.5480923761124
1790706544.901388,17703,"(-111.8140672, 41.7485356)",800 E 900 N,3448.9283621338063
1790706555.1461508,17703,"(-111.8140678, 41.7485327)",800 E 900 N,3449.251798266579
1790706565.4525702,17703,"(-111.8140628, 41.7484872)",800 E 900 N,3454.2908101155845
1790706575.7275789,17703,"(-111.8140494, 41.7475639)",in_transit,3556.7614455278444
1790706586.0597818,17703,"(-111.8140725, 41.7469694)",in_transit,3622.8190364587595
1790706596.395765,17703,"(-111.8141196, 41.745609)",in_transit,3773.9653350137523
1790706606.768346,17703,"(-111.8141281, 41.7447305)",in_transit,3871.516265532666
1790706617.038357,17703,"(-111.8141211, 41.7445979)",in_transit,3886.2143217620824
1790706627.3835452,17703,"(-111.8138542, 41.7444162)",in_transit,24.79287488457969
1790706637.70436,17703,"(-111.8134921, 41.7444212)",Field House,55.315871847461096
1790706647.984002,17703,"(-111.81349, 41.744422)",Field House,55.487776321531726
1790706658.320662,17703,"(-111.8128966, 41.7444716)",in_transit,104.65750040473313
1790706668.634051,17703,"(-111.812156, 41.7444529)",in_transit,166.2887540615461
1790706678.896429,17703,"(-111.8115244, 41.7444451)",in_transit,219.83684043099123
1790706689.271103,17703,"(-111.8108674, 41.7444295)",Veterinary Science,274.4888457342202
1790706699.572649,17703,"(-111.8108738, 41.7444329)",Veterinary Science,273.9450686456038
1790706709.834644,17703,"(-111.8107942, 41.7444385)",in_transit,280.5438797045147
1790706720.184146,17703,"(-111.8094277, 41.7444029)",in_transit,394.2509580465388
1790706730.4966269,17703,"(-111.8081199, 41.7443687)",Industrial Science,503.1317512926378
1790706740.785665,17703,"(-111.8080513, 41.7443643)",in_transit,508.84847217908674
1790706751.13802,17703,"(-111.8080539, 41.7443689)",in_transit,508.6193958109094
1790706761.44416,17703,"(-111.8076391, 41.7443722)",in_transit,543.1026879131895
1790706771.767828,17703,"(-111.8068606, 41.7443368)",in_transit,608.1376324333854
1790706782.087661,17703,"(-111.8052771, 41.7443075)",in_transit,739.7370244265409
1790706792.365317,17703,"(-111.8046136, 41.7443165)",in_transit,794.8831773383895
1790706802.642497,17703,"(-111.8044028, 41.7444491)",in_transit,834.3903428505005
1790706813.006818,17703,"(-111.8043612, 41.7449797)",in_transit,893.2281045726833
1790706823.4853601,17703,"(-111.804355, 41.7456349)",in_transit,965.968690423374
1790706833.79154,17703,"(-111.8043441, 41.7456893)",in_transit,971.988360050154
1790706844.065613,17703,"(-111.8043589, 41.7460751)",in_transit,1014.8561790715362
1790706854.433207,17703,"(-111.8043146, 41.7469011)",in_transit,1110.3503719644652
1790706864.7184908,17703,"(-111.8043491, 41.7482733)",in_transit,1263.0371457968204
1790706874.983775,17703,"(-111.8043689, 41.7491949)",in_transit,1365.2720554927419
1790706885.267264,17703,"(-111.8043112, 41.7492585)",in_transit,1373.701925533916
1790706895.541725,17703,"(-111.8029159, 41.7493047)",in_transit,1493.2542809190102
1790706905.864334,17703,"(-111.8018077, 41.749405)",in_transit,1600.1750081009884
1790706916.21154,17703,"(-111.801935, 41.7495591)",Lundstrum,1620.6381842762867
1790706926.4730911,17703,"(-111.8020856, 41.7496078)",Lundstrum,1634.3056007284965
1790706936.866113,17703,"(-111.8020965, 41.7496083)",Lundstrum,1635.2127900056041
1790706947.226241,17703,"(-111.8020999, 41.7496113)",Lundstrum,1635.4994723032166
1790706957.5227551,17703,"(-111.8020979, 41.7496126)",Lundstrum,1635.3348290336526
1790706967.798079,17703,"(-111.8020983, 41.7496152)",Lundstrum,1635.3714843221776
1790706978.152601,17703,"(-111.8021901, 41.7495943)",Lundstrum,1643.280738175339
1790706988.448155,17703,"(-111.8024156, 41.7494512)",in_transit,1668.2217761649538
1790706998.7127428,17703,"(-111.8032023, 41.7493057)",in_transit,1469.517024002786
1790707009.006973,17703,"(-111.8041736, 41.7493794)",in_transit,1822.5240447895587
1790707019.386846,17703,"(-111.8043786, 41.7501376)",in_transit,1910.7196722142673
1790707029.646786,17703,"(-111.8043586, 41.7506945)",Aggie Village 1,1972.9001913121374
1790707040.016269,17703,"(-111.8043629, 41.7507936)",Aggie Village 1,1983.912415140436
1790707050.316096,17703,"(-111.8043761, 41.7514018)",in_transit,2051.5667968999333
1790707060.573836,17703,"(-111.8043795, 41.7521448)",in_transit,2134.0919066798924
1790707070.871945,17703,"(-111.8044302, 41.7530044)",in_transit,2229.580070219257
1790707081.139692,17703,"(-111.8055448, 41.7530182)",in_transit,2326.9247991310936
1790707091.488359,17703,"(-111.8060418, 41.7530275)",Aggie Village 2,2368.26287704191
1790707101.884374,17703,"(-111.8060394, 41.7530283)",Aggie Village 2,2368.0629690919163
1790707112.179499,17703,"(-111.806223, 41.7530172)",Aggie Village 2,2383.3370667500612
1790707122.454955,17703,"(-111.8075846, 41.7527694)",in_transit,2501.772580004786
1790707132.804168,17703,"(-111.8083518, 41.7525488)",in_transit,2570.115477430748
1790707143.118664,17703,"(-111.8092245, 41.7517649)",in_transit,2692.248881078137
1790707153.392075,17703,"(-111.8092402, 41.7515447)",Aggie Village 3,2716.726116787762
1790707163.74209,17703,"(-111.8092274, 41.7514933)",Aggie Village 3,2722.414660837967
1790707174.0464268,17703,"(-111.8092086, 41.7510475)",in_transit,2771.8933718119497
1790707184.3574378,17703,"(-111.8092276, 41.75018)",in_transit,2868.2580312004943
1790707194.695869,17703,"(-111.8092246, 41.7501512)",in_transit,2871.451922125545
1790707205.1491652,17703,"(-111.8103666, 41.7500812)",in_transit,2973.4475131055924
1790707215.4712389,17703,"(-111.8114886, 41.7501158)",in_transit,3066.8286001198085
1790707225.7418518,17703,"(-111.8133891, 41.7501336)",in_transit,3224.90682130885
1790707236.099203,17703,"(-111.8136565, 41.7501274)",in_transit,3247.128165547867
1790707246.402866,17703,"(-111.8138926, 41.7499975)",in_transit,3286.201801534983
1790707256.662962,17703,"(-111.8139476, 41.7489738)",in_transit,3399.984587603539
1790707267.018351,17703,"(-111.8140513, 41.7485442)",800 E 900 N,3447.934340834201
1790707277.3365052,17703,"(-111.814057, 41.7485406)",800 E 900 N,3448.348082766133
1790707287.626668,17703,"(-111.814057, 41.7485406)",800 E 900 N,3448.348082766133
1790707297.966291,17703,"(-111.8140412, 41.7472821)",in_transit,3588.026246168713
1790707308.268939,17703,"(-111.8140933, 41.7459926)",in_transit,3731.313641399589
1790707318.542882,17703,"(-111.8141175, 41.7453514)",in_transit,3802.5585899954363
1790707328.893091,17703,"(-111.8141101, 41.7448869)",in_transit,3854.10846376458
1790707339.214431,17703,"(-111.8137301, 41.7444186)",in_transit,35.10031396774863
1790707349.5460548,17703,"(-111.8134939, 41.7444245)",Field House,55.155097512479735
1790707359.931061,17703,"(-111.8134906, 41.7444272)",Field House,55.42037219346505
1790707370.3106902,17703,"(-111.8128722, 41.7444697)",in_transit,106.69258233046287
1790707380.622355,17703,"(-111.8118582, 41.7444525)",in_transit,189.59775437796287
1790707390.889705,17703,"(-111.8116574, 41.744459)",in_transit,208.72433524226926
1790707401.264168,17703,"(-111.8108796, 41.7444375)",Veterinary Science,273.4470562861195
1790707411.5529358,17703,"(-111.810883, 41.7444367)",Veterinary Science,273.16712295093157
1790707421.832339,17703,"(-111.8106123, 41.7444394)",in_transit,295.6641693136983
1790707432.194153,17703,"(-111.8091769, 41.7444009)",in_transit,415.112329795737
1790707442.48656,17703,"(-111.8080736, 41.7443722)",in_transit,506.9720141287592
1790707452.774459,17703,"(-111.8080662, 41.7443803)",in_transit,507.5646882523911
1790707463.122732,17703,"(-111.8080626, 41.7443814)",in_transit,507.86096615262625
1790707473.4178739,17703,"(-111.8069967, 41.74435)",in_transit,596.7507839089359
1790707483.6804302,17703,"(-111.8053062, 41.7443077)",in_transit,737.3166901860036
1790707494.035746,17703,"(-111.8045592, 41.7443118)",in_transit,799.420198700074
1790707504.346507,17703,"(-111.804564, 41.7443155)",in_transit,799.0104516770632
1790707514.680309,17703,"(-111.8045617, 41.7443186)",in_transit,799.1928141938948
1790707524.9759,17703,"(-111.8045507, 41.744322)",in_transit,800.0977504911493
1790707535.284469,17703,"(-111.804544, 41.7443261)",in_transit,800.643119822528
1790707545.547093,17703,"(-111.804455, 41.7443332)",in_transit,808.0233894622173
1790707555.887554,17703,"(-111.8043171, 41.7450914)",Aggie Ice Cream,905.546942289171
1790707566.215596,17703,"(-111.8043254, 41.7456248)",in_transit,964.7906650860284
1790707576.481786,17703,"(-111.8043255, 41.7456268)",in_transit,965.012932898674
1790707586.843921,17703,"(-111.8043192, 41.7456939)",in_transit,972.4515767491343
1790707597.148808,17703,"(-111.804344, 41.7462884)",in_transit,1038.5061866913966
1790707607.42959,17703,"(-111.8043309, 41.7471273)",in_transit,1135.8299842342726
1790707617.791158,17703,"(-111.8043444, 41.7478295)",in_transit,1213.7488716144683
1790707628.076959,17703,"(-111.8043819, 41.7490797)",in_transit,1352.637771401391
1790707638.329354,17703,"(-111.8036682, 41.7493286)",in_transit,1780.895633957233
1790707648.625696,17703,"(-111.802759, 41.7493127)",in_transit,1506.3589123445677
1790707658.8917491,17703,"(-111.8018751, 41.7493544)",in_transit,1579.9193603916785
1790707669.231891,17703,"(-111.8020858, 41.7496401)",Lundstrum,1634.364322494149
1790707679.638842,17703,"(-111.8021058, 41.7496254)",Lundstrum,1636.0085394711234
1790707689.9485922,17703,"(-111.8021077, 41.7496232)",Lundstrum,1636.1636931565015
1790707700.218239,17703,"(-111.8021112, 41.7496224)",Lundstrum,1636.4537407942462
1790707710.580121,17703,"(-111.8021128, 41.7496162)",Lundstrum,1636.5787319229576
1790707720.8781528,17703,"(-111.8021123, 41.7496126)",Lundstrum,1636.532456821079
1790707731.149909,17703,"(-111.8021168, 41.749614)",Lundstrum,1636.9085396988037
1790707741.507776,17703,"(-111.802359, 41.7494998)",in_transit,1661.1073391152331
1790707751.814288,17703,"(-111.8024694, 41.7494028)",in_transit,1674.9304494085934
1790707762.132389,17703,"(-111.8035709, 41.7493467)",in_transit,1438.8117848562647
1790707772.4621062,17703,"(-111.8042416, 41.7494656)",in_transit,1832.5685911478918
1790707782.746359,17703,"(-111.8043537, 41.750296)",in_transit,1928.2377116601335
1790707793.006783,17703,"(-111.8043509, 41.7507301)",Aggie Village 1,1976.8378212254756
1790707803.36829,17703,"(-111.8043575, 41.7507979)",Aggie Village 1,1984.3791671878046
1790707813.681213,17703,"(-111.804375, 41.7510856)",in_transit,2016.3590103009606
1790707823.946143,17703,"(-111.8043954, 41.7523744)",in_transit,2159.5975713016865
1790707834.313344,17703,"(-111.8043963, 41.7528826)",in_transit,2216.042217690038
1790707844.611438,17703,"(-111.8044756, 41.7530011)",in_transit,2229.226752227525
1790707854.896447,17703,"(-111.8060661, 41.7530436)",Aggie Village 2,2370.2778330728634
1790707865.250271,17703,"(-111.8060658, 41.7530442)",Aggie Village 2,2370.2526563133156
1790707875.546301,17703,"(-111.8060692, 41.7530483)",Aggie Village 2,2370.53388863962
1790707885.815242,17703,"(-111.8069159, 41.7529771)",in_transit,2441.6089024588528
1790707896.084188,17703,"(-111.8083395, 41.7525807)",in_transit,2567.9461549234547
1790707906.350889,17703,"(-111.8089441, 41.7522972)",in_transit,2628.127300239589
1790707916.674355,17703,"(-111.8092705, 41.7515774)",Aggie Village 3,2713.1398404040992
1790707927.03123,17703,"(-111.8092594, 41.7515748)",Aggie Village 3,2713.4120625042633
1790707937.30217,17703,"(-111.80924, 41.7514281)",in_transit,2729.673629938192
1790707947.6332412,17703,"(-111.8092395, 41.7504391)",in_transit,2839.5022185381395
1790707957.9750578,17703,"(-111.8093661, 41.7500869)",in_transit,2890.271982494918
1790707968.249635,17703,"(-111.8109197, 41.7501244)",in_transit,3019.5416011309203
1790707978.56376,17703,"(-111.8119818, 41.7501475)",in_transit,3107.9145975383403
1790707988.893852,17703,"(-111.8137921, 41.7501403)",in_transit,3258.4337079012257
1790707999.182671,17703,"(-111.8139752, 41.749361)",in_transit,3357.064678695555
1790708009.538811,17703,"(-111.8140396, 41.7487996)",in_transit,3419.5512373024194
1790708019.9270022,17703,"(-111.8141006, 41.7485746)",800 E 900 N,3444.681095288555
1790708030.3250508,17703,"(-111.8141006, 41.7485704)",800 E 900 N,3445.147374457424
1790708040.604513,17703,"(-111.8140374, 41.7478961)",in_transit,3519.8513663533927
1790708050.912498,17703,"(-111.8140559, 41.7473301)",in_transit,3582.733687673675
1790708061.245162,17703,"(-111.8140828, 41.7467216)",in_transit,3650.3549223918303
1790708071.5168378,17703,"(-111.8141394, 41.7449086)",in_transit,3851.7717794395203
1790708081.834593,17703,"(-111.8141373, 41.7447581)",in_transit,3868.4748910460366
1790708092.255164,17703,"(-111.8141253, 41.7447543)",in_transit,3868.867101836363
1790708102.564065,17703,"(-111.8141346, 41.7447155)",in_transit,3873.197610560429
1790708112.8203762,17703,"(-111.8138454, 41.7444849)",in_transit,25.261477422122667
1790708123.1126988,17703,"(-111.8135302, 41.7444636)",Field House,52.050684004248716
1790708133.378268,17703,"(-111.8135195, 41.7444671)",Field House,52.919610454325
1790708143.710207,17703,"(-111.813488, 41.7444696)",Field House,55.49369968719765
1790708154.0518348,17703,"(-111.8123502, 41.7444976)",in_transit,150.10529707426252
1790708165.4148116,17703,"(-111.8117006, 41.7444901)",in_transit,205.00588223146943
1790708175.672047,17703,"(-111.8115967, 41.7444844)",in_transit,213.66585230944094
1790708185.9787536,17703,"(-111.8115913, 41.7444799)",in_transit,214.13317015182218
1790708196.2744071,17703,"(-111.8112563, 41.7444748)",in_transit,241.99972422227918
1790708206.5413084,17703,"(-111.8109032, 41.7444585)",Veterinary Science,271.4128243940163
1790708216.7976687,17703,"(-111.8108905, 41.7444641)",Veterinary Science,272.4494903281221
1790708227.047808,17703,"(-111.8108446, 41.7444613)",Veterinary Science,276.2752825754062
1790708237.3081927,17703,"(-111.810556, 41.7444511)",in_transit,300.3048420922378
1790708247.588115,17703,"(-111.809813, 41.744431)",in_transit,362.1379585168467
1790708257.8271158,17703,"(-111.8084086, 41.7443964)",Industrial Science,479.0475005484118
1790708268.0884566,17703,"(-111.8080722, 41.7443834)",in_transit,507.05708455020533
1790708278.3847327,17703,"(-111.8080709, 41.7443846)",in_transit,507.1618270124684
1790708288.6478944,17703,"(-111.8079419, 41.7443963)",in_transit,517.8560215095429
1790708298.9631588,17703,"(-111.8065094, 41.7443512)",in_transit,637.0851170477262
1790708309.2134356,17703,"(-111.8057064, 41.7443259)",in_transit,703.9864585227671
1790708319.5225458,17703,"(-111.8045862, 41.7443238)",in_transit,797.1406445662576
1790708329.7847223,17703,"(-111.8045319, 41.7443296)",in_transit,801.639237821563
1790708340.0534277,17703,"(-111.8045319, 41.7443296)",in_transit,801.639237821563
1790708350.308179,17703,"(-111.8043558, 41.7456156)",in_transit,963.8271772795599
1790708360.5698547,17703,"(-111.8043486, 41.7456365)",in_transit,966.13412748744
1790708370.8430552,17703,"(-111.8043809, 41.7459674)",in_transit,1002.9437580166368
1790708381.1064072,17703,"(-111.8043735, 41.7461388)",in_transit,1021.728274387334
1790708391.3620427,17703,"(-111.8043549, 41.7470237)",in_transit,1123.935824152269
1790708401.6126363,17703,"(-111.804372, 41.7484088)",in_transit,1278.1316103635445
1790708411.87656,17703,"(-111.8043971, 41.7489607)",in_transit,1339.3604328338156
1790708422.138655,17703,"(-111.8038133, 41.749221)",in_transit,1418.8009835454739
1790708432.394994,17703,"(-111.8021419, 41.7492009)",in_transit,1557.4690795022793
1790708442.701536,17703,"(-111.8020123, 41.749443)",in_transit,1568.6602994633697
1790708452.9579449,17703,"(-111.8021153, 41.7494863)",Lundstrum,1636.6173939968676
1790708463.201867,17703,"(-111.8021381, 41.7494989)",Lundstrum,1644.6373883047102
1790708473.4542804,17703,"(-111.8021387, 41.7495156)",Lundstrum,1638.601719892155
1790708483.7137358,17703,"(-111.8021378, 41.7495227)",Lundstrum,1638.5361191226384
1790708493.9949188,17703,"(-111.8021351, 41.7495367)",Lundstrum,1638.3298052146054
1790708504.2657845,17703,"(-111.8023471, 41.7494772)",in_transit,1662.4235203776777
1790708514.5620031,17703,"(-111.8024795, 41.749352)",in_transit,1680.3652808175261
1790708524.8129022,17703,"(-111.8036861, 41.7493004)",in_transit,1782.3508136612254
1790708535.085707,17703,"(-111.8043978, 41.7497864)",in_transit,1871.155368289267
1790708545.3609378,17703,"(-111.8043445, 41.7507663)",Aggie Village 1,1980.8446499666416
1790708555.6210203,17703,"(-111.8043466, 41.7507773)",Aggie Village 1,1982.0702122997748
1790708565.881075,17703,"(-111.8043561, 41.7507993)",Aggie Village 1,1984.5318428975052
1790708576.145526,17703,"(-111.8043796, 41.7521082)",in_transit,2130.0268744796067
1790708586.388815,17703,"(-111.8043779, 41.7529202)",in_transit,2220.2129970125848
1790708596.6554492,17703,"(-111.8044717, 41.7529824)",in_transit,2227.148659764184
1790708606.913864,17703,"(-111.805566, 41.7530145)",in_transit,2328.688002564705
1790708617.1906419,17703,"(-111.8060523, 41.7530147)",Aggie Village 2,2369.1409760270153
1790708627.437096,17703,"(-111.8060499, 41.7530144)",Aggie Village 2,2368.9414821969176
1790708637.700693,17703,"(-111.8064427, 41.7529931)",in_transit,2401.620132326158
1790708647.964863,17703,"(-111.8079158, 41.7526567)",in_transit,2531.93143261926
1790708658.2130516,17703,"(-111.8086383, 41.7524284)",in_transit,2599.0641886627573
1790708668.4775786,17703,"(-111.8092362, 41.7516487)",Aggie Village 3,2705.170952289605
1790708678.7398586,17703,"(-111.8092344, 41.7515358)",Aggie Village 3,2717.7058369831816
1790708689.0050871,17703,"(-111.8092353, 41.751535)",Aggie Village 3,2717.79601563749
1790708699.2856581,17703,"(-111.8092173, 41.7513103)",in_transit,2742.7222471366813
1790708709.5489323,17703,"(-111.8092209, 41.7503225)",in_transit,2852.423055523058
1790708719.8025396,17703,"(-111.809311, 41.7500845)",in_transit,2885.6833487352224
1790708730.0658815,17703,"(-111.8097788, 41.7500382)",in_transit,2924.4683460938318
1790708740.3517363,17703,"(-111.8118188, 41.750116)",in_transit,3094.2869208250722
1790708750.6438172,17703,"(-111.8135384, 41.7501287)",in_transit,3237.310531811335
1790708760.9064486,17703,"(-111.8136904, 41.750128)",in_transit,3249.948529863167
1790708771.1698678,17703,"(-111.8136886, 41.7501285)",in_transit,3249.8000126477764
1790708781.4320502,17703,"(-111.8137532, 41.750132)",in_transit,3255.1792986066366
1790708791.7041783,17703,"(-111.8139225, 41.7494317)",in_transit,3349.089448840584
1790708801.968194,17703,"(-111.8139788, 41.7488607)",in_transit,3412.6178596923883
1790708812.2214816,17703,"(-111.8140574, 41.7485685)",800 E 900 N,3445.2516445808988
1790708822.4927702,17703,"(-111.8140629, 41.7485645)",800 E 900 N,3445.7093001947687
1790708832.7606456,17703,"(-111.8140713, 41.7485602)",800 E 900 N,3446.207421890866
1790708843.0263495,17703,"(-111.8140765, 41.7485566)",800 E 900 N,3446.619929157813
1790708853.281547,17703,"(-111.8140763, 41.7485242)",800 E 900 N,3450.216445996316
1790708863.5384538,17703,"(-111.8140288, 41.7482411)",in_transit,3481.528643967432
1790708873.797928,17703,"(-111.8140496, 41.7472161)",in_transit,3595.374205939768
1790708884.0638053,17703,"(-111.8140964, 41.7459733)",in_transit,3733.4639692208557
1790708894.3285737,17703,"(-111.8141268, 41.7447869)",in_transit,3865.2516024626566
1790708904.6169398,17703,"(-111.813986, 41.744464)",in_transit,13.653185720286423
1790708914.8910167,17703,"(-111.8134861, 41.7444107)",Field House,55.850101930429005
1790708925.1557372,17703,"(-111.8134796, 41.7444206)",Field House,56.35717674112641
1790708935.4200826,17703,"(-111.8134742, 41.744422)",Field House,56.80143066788655
1790708945.710444,17703,"(-111.8134718, 41.7444246)",Field House,56.99221377734281
1790708955.9903097,17703,"(-111.8127862, 41.744469)",in_transit,113.84520484812008
1790708966.2475388,17703,"(-111.8115131, 41.7444541)",in_transit,220.73924917906717
1790708976.4964085,17703,"(-111.8109815, 41.7444428)",Veterinary Science,264.95677349097093
1790708986.762382,17703,"(-111.8108901, 41.7444412)",Veterinary Science,272.5613704767323
1790708997.0202513,17703,"(-111.8108882, 41.7444475)",Veterinary Science,272.6977086020835
1790709007.2797163,17703,"(-111.8105372, 41.7444494)",in_transit,301.8737332738107
1790709017.5261493,17703,"(-111.8097605, 41.7444286)",in_transit,366.5099384140351
1790709027.7818787,17703,"(-111.8082117, 41.7443904)",Industrial Science,495.4374288388979
1790709038.0300872,17703,"(-111.8079844, 41.7443787)",in_transit,514.3712122181731
1790709048.2831678,17703,"(-111.8079884, 41.7443792)",in_transit,514.037194408047
1790709058.542094,17703,"(-111.8079341, 41.7443865)",in_transit,518.5320566699774
1790709068.805501,17703,"(-111.8067939, 41.7443452)",in_transit,613.6224619625096
1790709079.0722163,17703,"(-111.8051439, 41.7443292)",in_transit,750.7505511951999
1790709089.3489096,17703,"(-111.8046626, 41.7443329)",in_transit,790.761632811153
1790709099.6120214,17703,"(-111.804627, 41.744339)",in_transit,793.7043985184191
1790709109.8705282,17703,"(-111.804611, 41.7443418)",in_transit,795.0268221024082
1790709120.1355772,17703,"(-111.8046022, 41.7443422)",in_transit,795.7574242642501
1790709130.385318,17703,"(-111.8044315, 41.7443563)",in_transit,809.9101967997004
1790709140.648694,17703,"(-111.8043357, 41.744921)",in_transit,886.6603879240698
1790709150.9037097,17703,"(-111.8043435, 41.745491)",in_transit,949.9682987269189
1790709161.1513805,17703,"(-111.8043353, 41.7456446)",in_transit,967.0081348945355
1790709171.4056075,17703,"(-111.8043343, 41.745693)",in_transit,972.3804837016353
1790709181.691522,17703,"(-111.8042769, 41.7464776)",in_transit,1060.34864328098
1790709191.9569726,17703,"(-111.8043244, 41.7469118)",in_transit,1111.5492566690818
1790709202.2406259,17703,"(-111.8043515, 41.7482866)",in_transit,1264.5184470978218
1790709212.5030658,17703,"(-111.8042528, 41.7492727)",in_transit,1381.7067653559207
1790709222.756781,17703,"(-111.8036642, 41.7493082)",in_transit,1780.5386751136461
1790709233.0459056,17703,"(-111.8020647, 41.7492877)",in_transit,1564.0375098815018
1790709243.3167083,17703,"(-111.8019777, 41.7495846)",Lundstrum,1625.0691304825796
1790709253.5936618,17703,"(-111.8020963, 41.749609)",Lundstrum,1635.1970684000155
1790709263.8526328,17703,"(-111.8021035, 41.7496095)",Lundstrum,1635.7965338327886
1790709274.096826,17703,"(-111.8021088, 41.7496106)",Lundstrum,1636.2387607213604
1790709284.3813846,17703,"(-111.8021122, 41.7496093)",Lundstrum,1636.5198400549082
1790709294.6712792,17703,"(-111.8021763, 41.7495993)",Lundstrum,1642.0076261060208
1790709304.9202838,17703,"(-111.8024373, 41.7494358)",in_transit,1670.4636278666062
1790709315.1804018,17703,"(-111.8033299, 41.749316)",in_transit,1458.8922775153785
1790709325.4360917,17703,"(-111.8041603, 41.7493746)",in_transit,1821.3075205169364
1790709335.6871977,17703,"(-111.804406, 41.7497557)",in_transit,1867.8672463754388
1790709345.935658,17703,"(-111.8043612, 41.7507367)",Aggie Village 1,1977.5910781854395
1790709356.2113001,17703,"(-111.8043665, 41.7507816)",Aggie Village 1,1982.58711531445
1790709366.5158584,17703,"(-111.8043813, 41.7508646)",Aggie Village 1,1991.8324683057883
1790709376.7677042,17703,"(-111.8044001, 41.7520306)",in_transit,2121.414017217638
1790709387.016932,17703,"(-111.8043999, 41.7529425)",in_transit,2222.696194383367
1790709397.2753272,17703,"(-111.8050342, 41.7530747)",in_transit,2284.458234783324
1790709407.5788574,17703,"(-111.8056649, 41.7530521)",in_transit,2336.9070504534193
1790709417.8432963,17703,"(-111.8060842, 41.7530503)",Aggie Village 2,2371.7806772795557
1790709428.1021101,17703,"(-111.8060808, 41.7530526)",Aggie Village 2,2371.4970350736658
1790709438.350294,17703,"(-111.8060833, 41.7530561)",Aggie Village 2,2371.7036407244696
1790709448.609638,17703,"(-111.806088, 41.7530585)",Aggie Village 2,2372.093633336799
1790709458.867929,17703,"(-111.8068981, 41.7529892)",in_transit,2439.877957867334
1790709469.133068,17703,"(-111.8075472, 41.7528171)",in_transit,2497.049325778359
1790709479.4399867,17703,"(-111.8088343, 41.7523853)",in_transit,2614.9494776181064
1790709489.7041585,17703,"(-111.8092786, 41.7516039)",Aggie Village 3,2710.2090579571645
1790709499.9671257,17703,"(-111.809263, 41.7515593)",Aggie Village 3,2715.1386938537435
1790709510.2474189,17703,"(-111.8092498, 41.7514992)",Aggie Village 3,2721.7922906208546
1790709520.5389552,17703,"(-111.8092438, 41.7505666)",in_transit,2825.3496545939015
1790709530.8291922,17703,"(-111.8092483, 41.7501745)",in_transit,2868.8989786466
1790709541.0789156,17703,"(-111.8092463, 41.7501605)",in_transit,2870.4507751322612
1790709551.3438137,17703,"(-111.8101604, 41.7500905)",in_transit,2956.322609855565
1790709561.6069834,17703,"(-111.8121221, 41.7501499)",in_transit,3119.5868822168104
1790709571.872021,17703,"(-111.8135459, 41.7501494)",in_transit,3237.982331555276
1790709582.1606019,17703,"(-111.8136353, 41.7501476)",in_transit,3245.412239396079
1790709592.417684,17703,"(-111.8136686, 41.7501456)",in_transit,3248.176664181501
1790709602.6794362,17703,"(-111.813905, 41.7492849)",in_transit,3365.3456361585454
1790709612.9367418,17703,"(-111.8139905, 41.7487746)",in_transit,3422.2054726030337
1790709623.2448013,17703,"(-111.8140569, 41.748564)",800 E 900 N,3445.7499948294653
1790709633.5018775,17703,"(-111.8140636, 41.7485617)",800 E 900 N,3446.0218813582837
1790709643.7442262,17703,"(-111.8140746, 41.7485546)",800 E 900 N,3446.837275532959
1790709653.989981,17703,"(-111.8140808, 41.7485488)",800 E 900 N,3447.4964933656292
1790709664.255748,17703,"(-111.8140383, 41.7481923)",in_transit,3486.969832779594
1790709674.5030866,17703,"(-111.814064, 41.747139)",in_transit,3603.969267897892
1790709684.752905,17703,"(-111.814092, 41.7465366)",in_transit,3670.9161057223882
1790709695.011042,17703,"(-111.8141406, 41.7452268)",in_transit,3816.448542714499
1790709705.272822,17703,"(-111.8141362, 41.7447381)",in_transit,3870.6925445288216
1790709715.5378156,17703,"(-111.8141262, 41.7447434)",in_transit,3870.0794292386354
1790709725.8085577,17703,"(-111.8141238, 41.744742)",in_transit,3870.2289232936755
1790709736.0823202,17703,"(-111.8141258, 41.7447122)",in_transit,3873.5422213334114
1790709746.3413904,17703,"(-111.8141232, 41.7446957)",in_transit,3875.36760210822
1790709756.626514,17703,"(-111.8141198, 41.7446799)",in_transit,3877.1132924925714
1790709766.8878427,17703,"(-111.8141281, 41.7446686)",in_transit,3878.3883176936242
1790709777.1593244,17703,"(-111.814133, 41.7446588)",in_transit,3879.488411256997
1790709787.427891,17703,"(-111.8141366, 41.7446525)",in_transit,3880.196726498173
1790709797.6876574,17703,"(-111.8141378, 41.7446415)",in_transit,3881.420897220145
1790709807.9478395,17703,"(-111.8141394, 41.7446186)",in_transit,3883.9671780701365
1790709818.2023156,17703,"(-111.8140796, 41.7445201)",in_transit,5.6606344051651165
1790709828.477479,17703,"(-111.8137517, 41.7444684)",in_transit,33.114052811942905
1790709838.729713,17703,"(-111.8135545, 41.7444603)",Field House,50.050846704970375
1790709849.0228007,17703,"(-111.8135462, 41.7444563)",Field House,50.76312549296818
1790709859.303461,17703,"(-111.8135374, 41.7444513)",Field House,51.5226365727747
1790709869.5925882,17703,"(-111.8135205, 41.7444483)",Field House,52.943633458102425
1790709879.853166,17703,"(-111.812778, 41.7444878)",in_transit,114.46362086417705
1790709890.1219397,17703,"(-111.8116001, 41.7444737)",in_transit,213.42709318009963
1790709900.3829434,17703,"(-111.8110534, 41.7444573)",Veterinary Science,258.9291421184434
1790709910.668275,17703,"(-111.8108873, 41.7444449)",Veterinary Science,272.78146237094757
1790709920.926697,17703,"(-111.8108651, 41.7444451)",Veterinary Science,274.62650973798486
1790709931.1733391,17703,"(-111.8108552, 41.7444462)",Veterinary Science,275.44583061079396
1790709941.4299843,17703,"(-111.8108004, 41.7444497)",in_transit,279.9899496051164
1790709951.6807065,17703,"(-111.8095272, 41.7444171)",in_transit,385.94032300520666
1790709961.9280705,17703,"(-111.8081645, 41.7443851)",Industrial Science,499.37715801006664
1790709972.186409,17703,"(-111.8080141, 41.7443789)",in_transit,511.90096097156703
1790709982.44306,17703,"(-111.8080198, 41.744382)",in_transit,511.4183034367363
1790709992.6998098,17703,"(-111.8080139, 41.7443771)",in_transit,511.922629778648
1790710002.9495616,17703,"(-111.8079941, 41.7443784)",in_transit,513.5654523007058
1790710013.219599,17703,"(-111.806943, 41.7443459)",in_transit,601.2364818982393
1790710023.484395,17703,"(-111.8054287, 41.7443082)",in_transit,727.1289805808937
1790710033.746232,17703,"(-111.8048121, 41.744324)",in_transit,778.3557290965814
1790710044.0303142,17703,"(-111.8045913, 41.7443282)",in_transit,796.7039442990699
1790710054.2899039,17703,"(-111.8044155, 41.7444813)",in_transit,837.9899975451106
1790710064.560852,17703,"(-111.8043897, 41.7455434)",in_transit,955.8749564517611
1790710074.8244674,17703,"(-111.8043797, 41.7456283)",in_transit,965.2830158101374
1790710085.1219,17703,"(-111.8043657, 41.7456295)",in_transit,965.3895207715717
1790710095.3819106,17703,"(-111.8043744, 41.7460669)",in_transit,1013.9779918640078
1790710105.6795537,17703,"(-111.8043806, 41.7462762)",in_transit,1036.8531742714756
1790710115.929397,17703,"(-111.8043598, 41.7470882)",in_transit,1131.9026474881252
1790710126.2150073,17703,"(-111.8043718, 41.7485526)",in_transit,1294.101413557775
1790710136.4713118,17703,"(-111.8041426, 41.7493288)",in_transit,1390.8414596856294
1790710146.7320225,17703,"(-111.8034437, 41.7493133)",in_transit,1449.4307546690845
1790710156.988202,17703,"(-111.8019702, 41.7493025)",in_transit,1571.9218436472545
1790710167.2745311,17703,"(-111.8018833, 41.7495245)",in_transit,1614.839081021753
1790710177.5445273,17703,"(-111.8020088, 41.7495918)",Lundstrum,1627.745750843458
1790710187.8111548,17703,"(-111.8021774, 41.7496194)",Lundstrum,1641.5682825753788
1790710198.0627372,17703,"(-111.8021896, 41.7496125)",Lundstrum,1642.263975365409
1790710208.324202,17703,"(-111.8021951, 41.7496165)",Lundstrum,1642.4485584322215
1790710218.5750701,17703,"(-111.8021967, 41.7496179)",Lundstrum,1642.4895229162873
1790710228.8419855,17703,"(-111.8021975, 41.7496212)",Lundstrum,1642.3699488174984
1790710239.111971,17703,"(-111.8021981, 41.7496226)",Lundstrum,1642.3381761478252
1790710249.405151,17703,"(-111.802198, 41.7496226)",Lundstrum,1642.3309024340476
1790710259.6996129,17703,"(-111.8021992, 41.7496204)",Lundstrum,1642.536696219029
1790710269.961713,17703,"(-111.8022004, 41.7496184)",Lundstrum,1642.7317164429196
1790710280.21388,17703,"(-111.802199, 41.7496176)",Lundstrum,1642.6729787004551
1790710290.4895322,17703,"(-111.8021965, 41.7496175)",Lundstrum,1642.4965226164722
1790710300.7819824,17703,"(-111.8021976, 41.7496162)",Lundstrum,1642.6465616485448
1790710311.0490701,17703,"(-111.8022007, 41.7496153)",Lundstrum,1642.9205278487261
1790710321.3292563,17703,"(-111.8022007, 41.7496146)",Lundstrum,1642.9582353285523
1790710331.5914562,17703,"(-111.802201, 41.7496134)",Lundstrum,1643.0446978646926
1790710341.885459,17703,"(-111.802201, 41.7496141)",Lundstrum,1643.0069903852848
1790710352.128796,17703,"(-111.8022019, 41.7496138)",Lundstrum,1643.0886141691615
1790710362.3897266,17703,"(-111.8024188, 41.7494578)",in_transit,1667.7697029442081
1790710372.6631038,17703,"(-111.8030515, 41.7493285)",in_transit,1482.0394117798687
1790710382.9617991,17703,"(-111.8042053, 41.7494386)",in_transit,1828.3564035364373
1790710393.2233937,17703,"(-111.8044138, 41.7498154)",in_transit,1874.1784128143063
1790710403.507209,17703,"(-111.8043545, 41.7507415)",Aggie Village 1,1978.1107714610005
1790710413.7767422,17703,"(-111.8043527, 41.7507988)",Aggie Village 1,1984.4695850880237
1790710424.0556567,17703,"(-111.8043567, 41.7508145)",Aggie Village 1,1986.2207844727864
1790710434.3614016,17703,"(-111.8043831, 41.7517297)",in_transit,2087.988941673845
1790710444.6521227,17703,"(-111.8043923, 41.7529313)",in_transit,2221.4500309201644
1790710454.9007318,17703,"(-111.8054151, 41.7530631)",in_transit,2316.1376505354215
1790710465.2042568,17703,"(-111.8059758, 41.7530546)",Aggie Village 2,2362.763490438887
1790710475.4662848,17703,"(-111.8060803, 41.7530475)",Aggie Village 2,2371.4573707908485
1790710485.7287588,17703,"(-111.8061378, 41.7530337)",Aggie Village 2,2376.2448117712693
1790710495.9948971,17703,"(-111.8065845, 41.753017)",in_transit,2413.732252445927
1790710506.245119,17703,"(-111.8078983, 41.7526926)",in_transit,2529.2096906545808
1790710516.5525992,17703,"(-111.8090737, 41.7521233)",in_transit,2650.1976848371314
1790710526.7937703,17703,"(-111.8092761, 41.7515355)",Aggie Village 3,2717.8011700688407
1790710537.0399556,17703,"(-111.8092701, 41.7515421)",Aggie Village 3,2717.0593157416524
1790710547.3064392,17703,"(-111.8092722, 41.7515494)",Aggie Village 3,2716.2517728413522
1790710557.5676024,17703,"(-111.8092471, 41.7511621)",in_transit,2759.224433322498
1790710567.8282397,17703,"(-111.8092495, 41.750649)",in_transit,2816.2128438486857
1790710578.105564,17703,"(-111.8092618, 41.7501536)",in_transit,2871.239615028989
1790710588.3820472,17703,"(-111.8093492, 41.750078)",in_transit,2888.838559331085
1790710598.673156,17703,"(-111.8113194, 41.7501241)",in_transit,3052.7781673609807
1790710608.9428856,17703,"(-111.812386, 41.750141)",in_transit,3141.5098428068277
1790710619.200998,17703,"(-111.8138863, 41.7500868)",in_transit,3276.2428165771444
1790710629.4486473,17703,"(-111.8139677, 41.7490792)",in_transit,3388.332733098534
1790710639.7025554,17703,"(-111.8140559, 41.748611)",800 E 900 N,3440.529639817413
1790710649.9502466,17703,"(-111.8140834, 41.7485277)",800 E 900 N,3449.8454107409075
1790710660.2210565,17703,"(-111.8140868, 41.7485273)",800 E 900 N,3449.898213249961
1790710670.5128415,17703,"(-111.8140598, 41.7484578)",in_transit,3457.547356744284
1790710680.8322299,17703,"(-111.8140348, 41.7480454)",in_transit,3503.2698413960375
1790710691.0910022,17703,"(-111.8140802, 41.7469205)",in_transit,3628.266845785737
1790710701.3605964,17703,"(-111.814123, 41.745661)",in_transit,3768.2007496634624
1790710711.6206732,17703,"(-111.814123, 41.745661)",in_transit,3768.2007496634624
1790710721.8913467,17703,"(-111.8141247, 41.7448684)",in_transit,3856.1983946186892
1790710732.1386752,17703,"(-111.814123, 41.7448516)",in_transit,3858.0593055850413
1790710742.4818811,17703,"(-111.8141238, 41.7448477)",in_transit,3858.494255528073
1790710752.7337646,17703,"(-111.8139784, 41.7445055)",in_transit,14.12614734334886
1790710762.9995992,17703,"(-111.8135398, 41.7444505)",Field House,51.32782230367155
1790710773.2595901,17703,"(-111.8135411, 41.7444542)",Field House,51.198752432137645
1790710783.5119934,17703,"(-111.81354, 41.744451)",Field House,51.308359771014636
1790710793.7741854,17703,"(-111.8135379, 41.7444477)",Field House,51.501608214709584
1790710804.032872,17703,"(-111.8135367, 41.7444459)",Field House,51.61154763380708
1790710814.2958713,17703,"(-111.8135058, 41.7444531)",Field House,54.069348345849804
1790710824.555084,17703,"(-111.8123409, 41.7444847)",in_transit,150.88752816623304
1790710834.8247826,17703,"(-111.8115887, 41.7444746)",in_transit,214.37101976587599
1790710845.1246254,17703,"(-111.8115962, 41.7444739)",in_transit,213.75045773699486
1790710855.3825963,17703,"(-111.8114941, 41.7444654)",in_transit,222.27228533872642
1790710865.617331,17703,"(-111.8109184, 41.7444454)",Veterinary Science,270.19405520645955
1790710875.8693478,17703,"(-111.8109156, 41.7444402)",Veterinary Science,270.4447037375485
1790710886.1242397,17703,"(-111.8109123, 41.7444367)",Veterinary Science,270.7310862543567
1790710896.418706,17703,"(-111.810154, 41.744427)",in_transit,333.81898858793
1790710906.701878,17703,"(-111.8086979, 41.7443947)",in_transit,454.78585486901846
1790710916.9585571,17703,"(-111.8080429, 41.7443779)",in_transit,509.5089074023056
1790710927.220784,17703,"(-111.8080429, 41.7443779)",in_transit,509.5089074023056
1790710937.4620216,17703,"(-111.8080448, 41.7443789)",in_transit,509.3481148800535
1790710947.732764,17703,"(-111.808006, 41.7443774)",in_transit,512.5787114485152
1790710957.9979243,17703,"(-111.8077033, 41.7443727)",in_transit,537.7627632560898
1790710968.271586,17703,"(-111.8063338, 41.7443309)",in_transit,651.8021806995166
1790710978.5417283,17703,"(-111.8048331, 41.7443281)",in_transit,776.5977520751106
1790710988.8082988,17703,"(-111.804562, 41.744327)",in_transit,799.1437785969641
1790710999.3955235,17703,"(-111.8045528, 41.7443292)",in_transit,799.9024801516787
1790711009.6459262,17703,"(-111.804544, 41.7443331)",in_transit,800.6230450030204
1790711019.905604,17703,"(-111.8045158, 41.7443303)",in_transit,802.9759990747991
1790711030.1647801,17703,"(-111.8044992, 41.744328)",in_transit,804.3629406282781
1790711040.4206161,17703,"(-111.8043117, 41.7446381)",in_transit,855.2029098641231
1790711050.69381,17703,"(-111.8043306, 41.7456058)",in_transit,962.6908676027275
1790711060.9537435,17703,"(-111.8043179, 41.7456537)",in_transit,967.9853497674699
1790711071.216457,17703,"(-111.804312, 41.7456559)",in_transit,968.2183651181424
1790711081.486617,17703,"(-111.8043194, 41.7459193)",in_transit,997.474988828481
1790711091.7451756,17703,"(-111.8042797, 41.7466802)",in_transit,1085.7507271362972
1790711101.9981933,17703,"(-111.8043249, 41.747271)",in_transit,1151.5295240942976
1790711112.2955003,17703,"(-111.8043456, 41.7486639)",in_transit,1306.4320574708947
1790711122.550629,17703,"(-111.8043033, 41.749269)",in_transit,1375.0379510560294
1790711132.8079169,17703,"(-111.8038084, 41.7493231)",in_transit,1792.5495103027572
1790711143.1159246,17703,"(-111.8021757, 41.7493012)",in_transit,1554.8292379443337
1790711153.3590693,17703,"(-111.801957, 41.74959)",Lundstrum,1623.7810432063652
1790711163.623883,17703,"(-111.8020958, 41.749625)",Lundstrum,1635.1763324622982
1790711173.8781657,17703,"(-111.8021093, 41.7496253)",Lundstrum,1636.299499200782
1790711184.1380746,17703,"(-111.8021228, 41.7496264)",Lundstrum,1637.4237083215664
1790711194.4192283,17703,"(-111.8021271, 41.7496281)",Lundstrum,1637.7835482813728
1790711204.673329,17703,"(-111.8022367, 41.7496087)",Lundstrum,1645.8945927818093
1790711214.9324923,17703,"(-111.8025672, 41.7493676)",in_transit,1522.3408849539733
1790711225.1938286,17703,"(-111.8037818, 41.7493514)",in_transit,1421.2656630926033
1790711235.6564755,17703,"(-111.8043671, 41.749592)",in_transit,1849.7598339656977
1790711245.9284787,17703,"(-111.8043826, 41.7500707)",in_transit,1903.3059583552329
1790711256.1631641,17703,"(-111.8043638, 41.7508041)",Aggie Village 1,1985.0800806369043
1790711266.423885,17703,"(-111.804369, 41.7508107)",Aggie Village 1,1985.8232281681971
1790711276.697113,17703,"(-111.804387, 41.7510871)",in_transit,2016.549351995468
1790711286.9461212,17703,"(-111.8043939, 41.7524462)",in_transit,2167.571764269324
1790711297.2091024,17703,"(-111.8043923, 41.7529677)",in_transit,2225.492879834465
1790711307.466218,17703,"(-111.8050875, 41.7530704)",in_transit,2288.8911893901127
1790711317.7526293,17703,"(-111.8057609, 41.7530584)",in_transit,2344.8889476535232
1790711328.0561733,17703,"(-111.8060656, 41.7530588)",Aggie Village 2,2370.2305249663336
1790711338.3071344,17703,"(-111.806068, 41.7530548)",Aggie Village 2,2370.4316377810374
1790711348.5530088,17703,"(-111.8060689, 41.7530539)",Aggie Village 2,2370.5068291669145
1790711358.818182,17703,"(-111.8060699, 41.7530533)",Aggie Village 2,2370.590224537189
1790711369.0793343,17703,"(-111.8068072, 41.752992)",in_transit,2432.4227564268767
1790711379.321073,17703,"(-111.8083329, 41.7525671)",in_transit,2567.9449243868967
1790711389.5695922,17703,"(-111.8089602, 41.752246)",in_transit,2633.4830345386745
1790711399.8401372,17703,"(-111.8092564, 41.7515389)",Aggie Village 3,2717.394301085954
1790711410.0937529,17703,"(-111.8092349, 41.751536)",Aggie Village 3,2717.6843705846454
1790711420.3610263,17703,"(-111.8092137, 41.7513581)",in_transit,2737.4086310792673
1790711430.6162035,17703,"(-111.8092086, 41.7502969)",in_transit,2855.2476492748074
1790711440.8824408,17703,"(-111.8092179, 41.7501224)",in_transit,2874.6404205853705
1790711451.1747518,17703,"(-111.8093337, 41.7500645)",in_transit,2887.5068697648267
1790711461.4397335,17703,"(-111.8115134, 41.7501172)",in_transit,3068.8941259604335
1790711471.7400498,17703,"(-111.8134861, 41.7501402)",in_transit,3232.988244831569
1790711481.9811072,17703,"(-111.8136763, 41.7501403)",in_transit,3248.804637564193
1790711492.2573292,17703,"(-111.8136737, 41.7501369)",in_transit,3248.5805279609667
1790711502.5271058,17703,"(-111.8137139, 41.7501315)",in_transit,3251.91082042392
1790711512.7870705,17703,"(-111.8139833, 41.7495352)",in_transit,3337.7439718921796
1790711523.0421135,17703,"(-111.8139879, 41.7489225)",in_transit,3405.7793639973497
1790711533.337246,17703,"(-111.8140749, 41.748533)",800 E 900 N,3449.236023376461
1790711543.6012578,17703,"(-111.8140748, 41.7485205)",800 E 900 N,3450.6235120515034
1790711553.8545873,17703,"(-111.8140529, 41.7477431)",in_transit,3536.875533743617
1790711564.0993013,17703,"(-111.8140775, 41.7471541)",in_transit,3602.3261637169962
1790711574.362408,17703,"(-111.8141267, 41.7457895)",in_transit,3753.9441439177344
1790711584.6053448,17703,"(-111.8141413, 41.7447303)",in_transit,3871.571095169801
1790711594.8970032,17703,"(-111.8141003, 41.7445302)",in_transit,3.889434944380631
1790711605.142093,17703,"(-111.8135429, 41.7444096)",Field House,51.3032869953452
1790711615.447648,17703,"(-111.8135267, 41.7444266)",Field House,52.55220463760896
1790711625.7408853,17703,"(-111.8135219, 41.7444281)",Field House,52.942402938418866
1790711636.0119228,17703,"(-111.8135201, 41.7444283)",Field House,53.09079228197005
1790711646.2703168,17703,"(-111.8135181, 41.7444301)",Field House,53.24668149496421
1790711656.5380862,17703,"(-111.8135202, 41.7444314)",Field House,53.064825947312166
1790711666.810156,17703,"(-111.8135159, 41.7444339)",Field House,53.40779195508334
1790711677.102553,17703,"(-111.8132138, 41.7444445)",in_transit,78.37597430258651
1790711687.3648508,17703,"(-111.8120003, 41.7444342)",in_transit,179.25235207089514
1790711697.6364772,17703,"(-111.8116438, 41.7444417)",in_transit,209.92574277046103
1790711707.916103,17703,"(-111.8116413, 41.7444426)",in_transit,210.12986403070306
1790711718.1880033,17703,"(-111.8116209, 41.7444457)",in_transit,211.8128908724376
1790711728.4624798,17703,"(-111.8109838, 41.7444347)",Veterinary Science,264.79335793530925
1790711738.7574594,17703,"(-111.8109187, 41.7444353)",Veterinary Science,270.2037893091103
1790711749.0680938,17703,"(-111.8109047, 41.7444392)",Veterinary Science,271.354375931487
1790711759.3399465,17703,"(-111.8101133, 41.744428)",in_transit,337.1986784987704
1790711769.5974503,17703,"(-111.8094887, 41.7444132)",in_transit,389.151916788711
1790711779.9124897,17703,"(-111.8083165, 41.7443889)",Industrial Science,486.7270258053372
1790711790.1675472,17703,"(-111.8080847, 41.7443922)",Industrial Science,505.99302327912073
1790711800.4419956,17703,"(-111.808086, 41.7443979)",Industrial Science,505.86896953586745
1790711810.6936867,17703,"(-111.807872, 41.7443965)",in_transit,523.6679661952602
1790711820.947053,17703,"(-111.8067706, 41.7443417)",in_transit,615.579841652491
1790711831.2728977,17703,"(-111.8056842, 41.7443246)",in_transit,705.8361960901041
1790711841.5339854,17703,"(-111.8050983, 41.7443226)",in_transit,754.5612721788843
1790711851.78126,17703,"(-111.8045847, 41.7443356)",in_transit,797.231534791348
1790711862.0453393,17703,"(-111.8045867, 41.7443398)",in_transit,797.0531834630581
1790711872.3386607,17703,"(-111.8045835, 41.7443365)",in_transit,797.3287377881379
1790711882.5980263,17703,"(-111.804554, 41.7443352)",in_transit,799.7854892316909
1790711892.876731,17703,"(-111.804329, 41.7444778)",in_transit,837.4364290895069
1790711903.140718,17703,"(-111.804326, 41.7453668)",in_transit,936.1439136014275
1790711913.4048173,17703,"(-111.8043217, 41.7456728)",in_transit,970.1134414360787
1790711923.646699,17703,"(-111.8043068, 41.7456804)",in_transit,970.9288739863888
1790711933.942208,17703,"(-111.8043225, 41.7461197)",in_transit,1020.0422555867142
1790711944.2196116,17703,"(-111.8043354, 41.7462743)",in_transit,1037.0196191680725
1790711954.4795074,17703,"(-111.804276, 41.7464315)",in_transit,1055.0667525117965
1790711964.74428,17703,"(-111.8043308, 41.7472743)",in_transit,1151.966321253002
1790711975.0134664,17703,"(-111.8043461, 41.7485968)",in_transit,1298.980688717822
1790711985.2741826,17703,"(-111.8043652, 41.7491019)",in_transit,1355.2210949559683
1790711995.538552,17703,"(-111.8036223, 41.7493138)",in_transit,1434.576010754402
1790712005.8115933,17703,"(-111.8022533, 41.7493044)",in_transit,1548.3811018040255
1790712016.0675254,17703,"(-111.8018642, 41.749546)",in_transit,1615.6996107984194
1790712026.337729,17703,"(-111.8020622, 41.7496556)",Lundstrum,1632.4217419747488
1790712036.5907638,17703,"(-111.8021261, 41.7496487)",Lundstrum,1637.727221173938
1790712046.8428717,17703,"(-111.8021378, 41.7496402)",Lundstrum,1638.689217978806
1790712057.102058,17703,"(-111.8021397, 41.7496398)",Lundstrum,1638.8467170587867
1790712067.3670835,17703,"(-111.802374, 41.749518)",in_transit,1660.3326733418323
1790712077.6388385,17703,"(-111.8027562, 41.7493615)",in_transit,1506.6178088979832
1790712087.8965154,17703,"(-111.8034739, 41.7493559)",in_transit,1446.868311854739
1790712098.1618528,17703,"(-111.8043789, 41.7496369)",in_transit,1854.6429707856332
1790712108.5050545,17703,"(-111.8043583, 41.7505512)",in_transit,1956.988091422067
1790712118.768408,17703,"(-111.8043807, 41.7519401)",in_transit,2111.3567905631285
1790712129.046352,17703,"(-111.8043817, 41.7525845)",in_transit,2182.9288191333344
1790712139.3170784,17703,"(-111.8045002, 41.7530799)",in_transit,2239.56922569131
1790712149.5649753,17703,"(-111.8052917, 41.7530716)",in_transit,2305.874483017439
1790712159.8264666,17703,"(-111.8057515, 41.7530693)",in_transit,2344.103055037051
1790712170.092727,17703,"(-111.8060571, 41.7530762)",Aggie Village 2,2369.5170331737027
1790712180.359805,17703,"(-111.806062, 41.7530702)",Aggie Village 2,2369.926822509481
1790712190.6696,17703,"(-111.8069076, 41.7529936)",in_transit,2440.5469879074144
1790712200.924274,17703,"(-111.8074449, 41.7528512)",in_transit,2487.760737639144
1790712211.1989381,17703,"(-111.8085306, 41.7525247)",in_transit,2585.008297094637
1790712221.469601,17703,"(-111.8092116, 41.751857)",in_transit,2682.002291248068
1790712231.743364,17703,"(-111.8092709, 41.7515999)",Aggie Village 3,2710.6418069379824
1790712242.0073075,17703,"(-111.8092542, 41.751569)",Aggie Village 3,2714.0484197088626
1790712252.2747018,17703,"(-111.8092221, 41.7510425)",in_transit,2772.4685519975483
1790712262.5311952,17703,"(-111.8092345, 41.7502792)",in_transit,2857.251747227726
1790712272.8354537,17703,"(-111.8092426, 41.7501724)",in_transit,2869.1238782403184
1790712283.084205,17703,"(-111.8092413, 41.7501777)",in_transit,2868.533414370503
1790712293.3406675,17703,"(-111.8092425, 41.7501768)",in_transit,2868.6351089616046
1790712303.6081753,17703,"(-111.8092446, 41.7501737)",in_transit,2868.982426966654
1790712313.878077,17703,"(-111.809644, 41.7500461)",in_transit,2913.2774619699903
1790712324.1254694,17703,"(-111.8115896, 41.7501255)",in_transit,3075.2499779925056
1790712334.3864,17703,"(-111.8115896, 41.7501255)",in_transit,3075.2499779925056
1790712344.6538908,17703,"(-111.8137679, 41.7501468)",in_transit,3256.4367868845266
1790712354.9179084,17703,"(-111.8140149, 41.7498155)",in_transit,3306.6999976517523
1790712365.1824865,17703,"(-111.8140608, 41.7487528)",in_transit,3424.799265335264
1790712375.4627037,17703,"(-111.8140992, 41.7485679)",800 E 900 N,3445.421464848994
1790712385.7196546,17703,"(-111.8140937, 41.7485589)",800 E 900 N,3446.4070544599776
1790712395.9854789,17703,"(-111.8140873, 41.7485469)",800 E 900 N,3447.7234783854437
1790712406.2810092,17703,"(-111.8140564, 41.7484386)",in_transit,3459.6705234697083
1790712416.5359883,17703,"(-111.8140332, 41.747463)",in_transit,3567.923208869563
1790712426.7884543,17703,"(-111.8140842, 41.7462147)",in_transit,3706.63390376579
1790712437.0438023,17703,"(-111.8141288, 41.7449751)",in_transit,3844.3628415447965
1790712447.349121,17703,"(-111.8141322, 41.7445963)",in_transit,3886.4221148439738
1790712457.6407847,17703,"(-111.8140727, 41.7444921)",in_transit,6.375779757996407
1790712467.8988698,17703,"(-111.813509, 41.744413)",Field House,53.93838569177519
1790712478.1491704,17703,"(-111.8134854, 41.7444165)",Field House,55.88876189059541
1790712488.4128344,17703,"(-111.8134763, 41.7444226)",Field House,56.62480966189409
1790712498.6711764,17703,"(-111.8134695, 41.7444254)",Field House,57.180746756157525
1790712508.9434142,17703,"(-111.8128288, 41.7444484)",in_transit,110.37274777222575
1790712519.2093873,17703,"(-111.812169, 41.7444361)",in_transit,165.21870801201442
1790712529.4712412,17703,"(-111.8116282, 41.744439)",in_transit,211.23354931985529
1790712539.7450187,17703,"(-111.8110568, 41.7444279)",Veterinary Science,258.74739636127646
1790712550.0671656,17703,"(-111.8109472, 41.7444257)",Veterinary Science,267.8672249271767
1790712560.3116589,17703,"(-111.8109067, 41.7444308)",Veterinary Science,271.21693352031815
1790712570.5899777,17703,"(-111.8100192, 41.7444163)",in_transit,345.06585116369126
1790712580.8533912,17703,"(-111.808683, 41.7443821)",in_transit,455.9862107213986
1790712591.123954,17703,"(-111.8082104, 41.7443671)",Industrial Science,495.61073661731007
1790712601.3759334,17703,"(-111.8081429, 41.7443698)",Industrial Science,501.2161167031996
1790712611.6306167,17703,"(-111.8081373, 41.7443755)",Industrial Science,501.66583010583656
1790712621.935434,17703,"(-111.8078905, 41.7443787)",in_transit,522.1794285806454
1790712632.2223303,17703,"(-111.8065755, 41.7443324)",in_transit,631.8410500120135
1790712642.4759748,17703,"(-111.8051365, 41.7443156)",in_transit,751.40489001883
1790712652.7359154,17703,"(-111.8046198, 41.7443216)",in_transit,794.3530010721017
1790712662.9981844,17703,"(-111.8046217, 41.7443212)",in_transit,794.1961567956637
1790712673.2657814,17703,"(-111.8045432, 41.7443268)",in_transit,800.7076350158821
1790712683.526463,17703,"(-111.8042972, 41.7447401)",in_transit,866.5011874338534
1790712693.7918353,17703,"(-111.8043191, 41.7452357)",Aggie Ice Cream,921.5736060885212
1790712704.098132,17703,"(-111.8043146, 41.7456686)",in_transit,969.6335189380469
1790712714.3537729,17703,"(-111.8043143, 41.7456891)",in_transit,971.9092332723071
1790712724.6164262,17703,"(-111.8043464, 41.7462066)",in_transit,1029.4465104979004
1790712734.874633,17703,"(-111.8042629, 41.7465612)",in_transit,1070.3594867092409
1790712745.144705,17703,"(-111.8043452, 41.7476377)",in_transit,1192.452905642084
1790712755.4450336,17703,"(-111.804377, 41.7490233)",in_transit,1346.4378507459767
1790712765.706233,17703,"(-111.8042215, 41.7493088)",in_transit,1384.290126115038
1790712775.975066,17703,"(-111.8027552, 41.7493095)",in_transit,1704.963263818847
1790712786.2492838,17703,"(-111.8018359, 41.7494131)",in_transit,1602.084595164015
1790712796.5196004,17703,"(-111.8019154, 41.749561)",Lundstrum,1619.6706094846777
1790712806.797433,17703,"(-111.8020926, 41.7496234)",Lundstrum,1634.908108161527
1790712817.0459642,17703,"(-111.8020994, 41.749622)",Lundstrum,1635.4718302975716
1790712827.3080919,17703,"(-111.8024327, 41.7494437)",in_transit,1669.5073848822362
1790712837.575485,17703,"(-111.8026158, 41.7493468)",in_transit,1518.2875617513726
1790712847.838089,17703,"(-111.8037872, 41.7493279)",in_transit,1420.8445107460477
1790712858.18986,17703,"(-111.8041454, 41.7493751)",in_transit,1820.3055716164286
1790712868.4437878,17703,"(-111.8041438, 41.7493809)",in_transit,1820.5508512359204
1790712878.726879,17703,"(-111.8043432, 41.7495644)",in_transit,1846.2120520148767
1790712888.995582,17703,"(-111.8043526, 41.7504995)",in_transit,1950.292122150996
1790712899.25316,17703,"(-111.8043866, 41.7517998)",in_transit,2095.775772560305
1790712909.5174553,17703,"(-111.8043845, 41.7524176)",in_transit,2164.392507333997
1790712919.8044605,17703,"(-111.8043948, 41.7529234)",in_transit,2220.5733263843854
1790712930.0982714,17703,"(-111.8046533, 41.7530754)",in_transit,2252.7054198718397
1790723209.222951,17703,"(-111.8037398, 41.7493736)",in_transit,1424.7323786932427
1790723219.490071,17703,"(-111.804133, 41.7494136)",in_transit,1821.810405185852
1790723229.7862768,17703,"(-111.8041421, 41.7494208)",in_transit,1822.8832257433653
1790723240.0428033,17703,"(-111.8041465, 41.7494239)",in_transit,1823.3785359748795
1790723250.295449,17703,"(-111.8041493, 41.7494252)",in_transit,1823.6524223054096
1790723260.5636063,17703,"(-111.8041532, 41.7494261)",in_transit,1823.9779813622197
1790723270.828137,17703,"(-111.8042139, 41.749465)",in_transit,1830.5736101395603
1790723281.0881972,17703,"(-111.8043593, 41.7503394)",in_transit,1933.0635012473322
1790723291.3489435,17703,"(-111.8043499, 41.7507991)",Aggie Village 1,1984.4973456995108
1790723301.6401937,17703,"(-111.8043494, 41.7507976)",Aggie Village 1,1984.3298000800824
1790723311.9068336,17703,"(-111.8043656, 41.751071)",in_transit,2014.7192465379537
1790723322.1675308,17703,"(-111.8043758, 41.7525082)",in_transit,2174.452671409965
1790723332.4327111,17703,"(-111.8044305, 41.7530211)",in_transit,2231.434981041662
1790723342.7384598,17703,"(-111.8048494, 41.7530636)",in_transit,2269.035267206177
1790723353.003008,17703,"(-111.8059861, 41.7530402)",Aggie Village 2,2363.6255563885557
1790723363.2622695,17703,"(-111.8060326, 41.7530398)",Aggie Village 2,2367.493086947375
1790723373.530305,17703,"(-111.806039, 41.7530399)",Aggie Village 2,2368.025333853556
1790723383.8016937,17703,"(-111.8060497, 41.7530407)",Aggie Village 2,2368.914945880237
1790723394.054694,17703,"(-111.8060539, 41.7530446)",Aggie Village 2,2369.262789175022
1790723404.3126903,17703,"(-111.8062952, 41.7530226)",in_transit,2389.3398690433555
1790723414.5957873,17703,"(-111.8069559, 41.7529445)",in_transit,2446.0467830420025
1790723424.8494515,17703,"(-111.8084158, 41.7525396)",in_transit,2575.467954402852
1790723435.1073015,17703,"(-111.8092343, 41.7518342)",in_transit,2684.5673440075043
1790723445.368259,17703,"(-111.8092797, 41.751573)",Aggie Village 3,2713.642143512204
1790723455.6192055,17703,"(-111.8092631, 41.7515722)",Aggie Village 3,2713.7062956648324
1790723465.8769035,17703,"(-111.8092226, 41.7509868)",in_transit,2778.654796908942
1790723476.142507,17703,"(-111.8092956, 41.7501255)",in_transit,2874.40940118275
1790723486.4133954,17703,"(-111.8093972, 41.7500809)",in_transit,2892.836047134917
1790723496.681321,17703,"(-111.8117202, 41.7501234)",in_transit,3086.105142008102
1790723506.9745984,17703,"(-111.8135312, 41.7501396)",in_transit,3236.7371588497663
1790723517.2414942,17703,"(-111.8137038, 41.7501412)",in_transit,3251.093504175597
1790723527.498786,17703,"(-111.8136982, 41.7501379)",in_transit,3250.6201609408017
1790723537.788188,17703,"(-111.8137961, 41.7501394)",in_transit,3258.7641912606714
1790723548.0937145,17703,"(-111.8139159, 41.7501279)",in_transit,3271.773163146535
1790723558.3572109,17703,"(-111.8139191, 41.7501246)",in_transit,3272.149381460021
1790723568.6363816,17703,"(-111.8140063, 41.7497346)",in_transit,3315.6611325581443
1790723578.8974335,17703,"(-111.8140547, 41.7487375)",800 E 900 N,3426.4827921327515
1790723589.1621373,17703,"(-111.8140942, 41.748548)",800 E 900 N,3447.6183944620316
1790723599.4117692,17703,"(-111.8140991, 41.748549)",800 E 900 N,3447.519474188556
1790723609.7143438,17703,"(-111.8141181, 41.7485444)",800 E 900 N,3448.0770735205783
1790723619.9697657,17703,"(-111.8141321, 41.7485425)",800 E 900 N,3448.3225763153355
1790723630.2151482,17703,"(-111.8141318, 41.7485404)",800 E 900 N,3448.5549751805615
1790723640.4847937,17703,"(-111.8141284, 41.7485346)",800 E 900 N,3449.1904896846404
1790723650.7403228,17703,"(-111.8141271, 41.7485276)",800 E 900 N,3449.9644118402484
1790723661.0005443,17703,"(-111.8141307, 41.7485257)",800 E 900 N,3450.184236293896
1790723671.2532072,17703,"(-111.8140973, 41.7484921)",800 E 900 N,3453.832002244276
1790723681.5094938,17703,"(-111.8140404, 41.7477965)",in_transit,3530.916246876751
1790723691.768837,17703,"(-111.8140527, 41.7472667)",in_transit,3589.7642895418367
1790723702.03124,17703,"(-111.8140862, 41.7460646)",in_transit,3723.3027389755525
1790723712.3367636,17703,"(-111.8141073, 41.745117)",in_transit,3828.556157829426
1790723722.5939376,17703,"(-111.8140993, 41.7447831)",in_transit,3865.605502037014
1790723732.8511853,17703,"(-111.8141061, 41.7447787)",in_transit,3866.1107914272716
1790723743.1741576,17703,"(-111.8141088, 41.7447773)",in_transit,3866.272891035761
1790723753.4235902,17703,"(-111.8141113, 41.7447657)",in_transit,3867.566886177644
1790723763.693388,17703,"(-111.8141084, 41.7447248)",in_transit,3872.10037961716
1790723773.9544365,17703,"(-111.8138782, 41.7444971)",in_transit,22.488069274220436
1790723784.21247,17703,"(-111.8134966, 41.7444654)",Field House,54.79282270020419
1790723794.4899597,17703,"(-111.8134795, 41.7444664)",Field House,56.211192626245115
1790723804.7619305,17703,"(-111.8134756, 41.7444678)",Field House,56.53073230510409
1790723815.0209281,17703,"(-111.8132702, 41.7444971)",Field House,73.50950777436411
1790723825.2994292,17703,"(-111.8121839, 41.7445023)",in_transit,163.9348635106485
1790723835.5497131,17703,"(-111.8117049, 41.7444943)",in_transit,204.63123144341043
1790723845.8141105,17703,"(-111.8113699, 41.7444843)",in_transit,232.52227883860195
1790723856.0779994,17703,"(-111.8108913, 41.7444684)",Veterinary Science,272.3682140157244
1790723866.3332348,17703,"(-111.8108891, 41.7444699)",Veterinary Science,272.54597450646196
1790723876.5972476,17703,"(-111.8108892, 41.7444676)",Veterinary Science,272.54555709650236
1790723886.844903,17703,"(-111.8108794, 41.7444639)",Veterinary Science,273.3730437517694
1790723897.130745,17703,"(-111.8104364, 41.7444586)",in_transit,310.22276963811703
1790723907.3789506,17703,"(-111.8098211, 41.7444438)",in_transit,361.4316344943581
1790723917.6457694,17703,"(-111.8084026, 41.744409)",Industrial Science,479.5111690833312
1790723927.9098804,17703,"(-111.8080654, 41.7443988)",in_transit,507.5794348476413
1790723938.2156339,17703,"(-111.8080651, 41.7444007)",in_transit,507.59906357273576
1790723948.4839857,17703,"(-111.8080235, 41.7444032)",in_transit,511.0512965775523
1790723958.7325835,17703,"(-111.8066932, 41.7443542)",in_transit,621.9268381167658
1790723968.9982944,17703,"(-111.8052405, 41.7443247)",in_transit,742.7309951595931
1790723979.2595174,17703,"(-111.8052405, 41.7443247)",in_transit,742.7309951595931
1790723989.5200682,17703,"(-111.8045619, 41.7443404)",in_transit,799.113665298267
1790723999.7768176,17703,"(-111.8045012, 41.7443402)",in_transit,804.1616457353439
1790724010.0451002,17703,"(-111.8044369, 41.7443623)",in_transit,809.4436994861067
1790724020.3024526,17703,"(-111.8043183, 41.7451146)",Aggie Ice Cream,908.1253240307041
1790724030.5490623,17703,"(-111.8043148, 41.7456777)",in_transit,970.6443504441352
1790724040.8651583,17703,"(-111.8043047, 41.7456732)",in_transit,970.1253864241726
1790724051.1220684,17703,"(-111.8043069, 41.7457082)",in_transit,974.0159327231379
1790724061.3914895,17703,"(-111.8043163, 41.7463233)",in_transit,1042.5936522365498
1790724071.647425,17703,"(-111.8042783, 41.7464026)",in_transit,1051.87600524748
1790724081.89787,17703,"(-111.8042847, 41.7467158)",in_transit,1089.7264955736932
1790724092.195703,17703,"(-111.8043464, 41.7479389)",in_transit,1225.9003642357911
1790724102.4519384,17703,"(-111.8043682, 41.7490216)",in_transit,1346.31735876515
1790724112.718616,17703,"(-111.8041902, 41.7493149)",in_transit,1386.8900863632716
1790724122.9814925,17703,"(-111.8036032, 41.7493279)",in_transit,1436.1477740288553
1790724133.232128,17703,"(-111.802083, 41.7493148)",in_transit,1562.5618278774102
1790724143.5052743,17703,"(-111.8019456, 41.7496105)",Lundstrum,1623.9201845418336
1790724153.7640913,17703,"(-111.8020272, 41.7496373)",Lundstrum,1631.154139374119
1790724164.0230641,17703,"(-111.8020761, 41.7496429)",Lundstrum,1633.561235986305
1790724174.2857022,17703,"(-111.8021345, 41.749629)",Lundstrum,1638.4001684254242
1790724184.5470552,17703,"(-111.802584, 41.749408)",in_transit,1520.965091219655
1790724194.8081772,17703,"(-111.8031792, 41.7493484)",in_transit,1740.2491275754844
1790724205.0688195,17703,"(-111.8041136, 41.7494122)",in_transit,1820.379906358234
1790724215.3669488,17703,"(-111.8041543, 41.7494255)",in_transit,1824.0173724206604
1790724225.6275067,17703,"(-111.8041646, 41.7494305)",in_transit,1825.0382610652362
1790724235.8879528,17703,"(-111.8041684, 41.749426)",in_transit,1825.0252845127002
1790724246.1449525,17703,"(-111.8041798, 41.7494251)",in_transit,1825.7601000871305
1790724256.4410908,17703,"(-111.8041801, 41.7494219)",in_transit,1825.5843850912972
1790724266.7335112,17703,"(-111.8041843, 41.7494188)",in_transit,1825.6851025545725
1790724277.0014808,17703,"(-111.8041858, 41.749415)",in_transit,1825.555709243403
1790724287.279954,17703,"(-111.8041908, 41.7494143)",in_transit,1825.8592511792833
1790724297.545026,17703,"(-111.8041891, 41.7494149)",in_transit,1825.7782767306342
1790724307.8280485,17703,"(-111.8041923, 41.7494145)",in_transit,1825.9754911739772
1790724318.0864246,17703,"(-111.8041965, 41.7494128)",in_transit,1826.162180376739
1790724328.397984,17703,"(-111.8043126, 41.7495141)",in_transit,1840.3633830254514
1790724338.6591382,17703,"(-111.8043658, 41.750351)",in_transit,1934.3585442155488
1790724348.9196577,17703,"(-111.8043691, 41.7508006)",Aggie Village 1,1984.7019594597473
1790724359.1833522,17703,"(-111.8043712, 41.750799)",Aggie Village 1,1984.5284640852356
1790724369.5077171,17703,"(-111.8043884, 41.7511389)",in_transit,2022.3710981146019
1790724379.758634,17703,"(-111.8043962, 41.7523581)",in_transit,2157.7874076474563
1790724390.0149767,17703,"(-111.8044577, 41.7529953)",in_transit,2228.5773557754346
1790724400.2721047,17703,"(-111.8050552, 41.7530433)",in_transit,2286.2047953944057
1790724410.5195353,17703,"(-111.8060309, 41.7530417)",Aggie Village 2,2367.3509835238883
1790724420.7747345,17703,"(-111.8060401, 41.7530444)",Aggie Village 2,2368.1151259869275
1790724431.0468438,17703,"(-111.8061001, 41.7530408)",Aggie Village 2,2373.1066490388475
1790724441.3074062,17703,"(-111.8064465, 41.7530141)",in_transit,2401.9273910732722
1790724451.5893247,17703,"(-111.8077416, 41.7527426)",in_transit,2515.0658327482515
1790724461.847763,17703,"(-111.8089355, 41.7522929)",in_transit,2628.081299829006
1790724472.1098218,17703,"(-111.8089355, 41.7522929)",in_transit,2628.081299829006
1790724482.3789158,17703,"(-111.8092726, 41.7515771)",Aggie Village 3,2713.17627862565
1790724492.654326,17703,"(-111.8092626, 41.7515608)",Aggie Village 3,2714.9715237349847
1790724502.9110384,17703,"(-111.809245, 41.750705)",in_transit,2809.986585855279
1790724513.1893024,17703,"(-111.809248, 41.7502717)",in_transit,2858.1046961070633
1790724523.4639645,17703,"(-111.8093927, 41.7500941)",in_transit,2892.506439778665
1790724533.7217698,17703,"(-111.811654, 41.7501356)",in_transit,3080.62883376812
1790724543.9767945,17703,"(-111.8127046, 41.7501492)",in_transit,3168.0237201776185
1790724554.2672765,17703,"(-111.8137129, 41.7501568)",in_transit,3251.8864900599783
1790724564.5343194,17703,"(-111.8137039, 41.7501542)",in_transit,3251.1320461849837
1790724574.7988534,17703,"(-111.8138609, 41.7501344)",in_transit,3264.14075138709
1790724585.0587413,17703,"(-111.8139924, 41.7493295)",in_transit,3360.6029856828936
1790724595.3227763,17703,"(-111.8140842, 41.7485582)",800 E 900 N,3446.461311167237
1790724605.652138,17703,"(-111.8140813, 41.7485205)",800 E 900 N,3450.6395613048044
1790724615.9217067,17703,"(-111.8140412, 41.7481718)",in_transit,3489.252882908772
1790724626.2139492,17703,"(-111.8140614, 41.7470357)",in_transit,3615.4311152169676
1790724636.469996,17703,"(-111.8140819, 41.7463765)",in_transit,3688.6654082041196
1790724646.7536862,17703,"(-111.8141405, 41.7450629)",in_transit,3834.6443245645332
1790724657.0058703,17703,"(-111.8141722, 41.7446644)",in_transit,3878.96359553364
1790724667.255192,17703,"(-111.8141681, 41.7446661)",in_transit,3878.7647302111845
1790724677.5073638,17703,"(-111.8141664, 41.7446019)",in_transit,3885.893453980969
1790724687.7650595,17703,"(-111.814182, 41.7442642)",in_transit,0.0
1790724698.0241208,17703,"(-111.8142747, 41.7436055)",in_transit,0.0
1790724708.3148437,17703,"(-111.81403, 41.7435858)",in_transit,13.3565780161234
1790724718.568354,17703,"(-111.8140082, 41.7436095)",in_transit,15.078160316828766
1790724728.8439093,17703,"(-111.8139928, 41.7436162)",in_transit,16.332758643062025
1790724739.106693,17703,"(-111.8139826, 41.7436088)",in_transit,17.209033795454598
1790724749.360352,17703,"(-111.813965, 41.7436113)",in_transit,18.662598794456425
1790724759.6133523,17703,"(-111.8139554, 41.7436113)",in_transit,19.460671620286274
1790724769.8745987,17703,"(-111.8139477, 41.7436114)",in_transit,20.10040978515811
1790724780.1196299,17703,"(-111.8139393, 41.7436109)",in_transit,20.80063723443378
1790724790.375698,17703,"(-111.8139319, 41.7436125)",in_transit,21.409694409704752
1790724800.63035,17703,"(-111.813924, 41.7436117)",in_transit,22.06950380697986
1790724810.893383,17703,"(-111.813926, 41.7436148)",in_transit,21.891373445343092
1790724821.1819823,17703,"(-111.8139223, 41.7436166)",in_transit,22.192074515794438
1790724831.448265,17703,"(-111.8139216, 41.7436161)",in_transit,22.25218106499777
1790712940.3925524,17703,"(-111.8051184, 41.7530704)",in_transit,2291.4611393205446
1790712950.6495483,17703,"(-111.8059458, 41.753054)",Aggie Village 2,2360.2686329728576
1790712960.90804,17703,"(-111.8060793, 41.7530625)",Aggie Village 2,2371.368553003538
1790712971.1700823,17703,"(-111.8060873, 41.7530633)",Aggie Village 2,2372.0336072145524
1790712981.4359648,17703,"(-111.8063407, 41.7530415)",in_transit,2393.1168508926435
1790712991.6822636,17703,"(-111.8073619, 41.7528647)",in_transit,2480.758274741421
1790713001.9621518,17703,"(-111.8084249, 41.7525485)",in_transit,2575.8425796984257
1790713012.2182393,17703,"(-111.8088614, 41.7523483)",in_transit,2619.4625674933623
1790713022.466785,17703,"(-111.8092559, 41.7517339)",Aggie Village 3,2695.737233622255
1790713032.73471,17703,"(-111.8092801, 41.751584)",Aggie Village 3,2712.4211867603253
1790713042.9970026,17703,"(-111.8092702, 41.7515822)",Aggie Village 3,2712.606353519036
1790713053.260308,17703,"(-111.8092519, 41.7514219)",in_transit,2730.379584179407
1790713063.5518475,17703,"(-111.809255, 41.7505114)",in_transit,2831.4961833336633
1790713073.818335,17703,"(-111.8092562, 41.75018)",in_transit,2868.2997125140373
1790713084.0997136,17703,"(-111.8092946, 41.7501074)",in_transit,2884.3928504785426
1790713094.405455,17703,"(-111.8103476, 41.7501104)",in_transit,2971.9357661744843
1790713104.690668,17703,"(-111.8125512, 41.7501604)",in_transit,3155.2940896367572
1790713114.969855,17703,"(-111.8133231, 41.7501619)",in_transit,3219.4843780291667
1790713125.2157655,17703,"(-111.8136653, 41.7501605)",in_transit,3247.9368962410385
1790713135.5046344,17703,"(-111.8136888, 41.7501561)",in_transit,3249.8808173828816
1790713145.772124,17703,"(-111.8138845, 41.7500849)",in_transit,3276.448100667345
1790713156.0168054,17703,"(-111.8139483, 41.7494621)",in_transit,3345.7760609741345
1790713166.3086236,17703,"(-111.8140732, 41.7485927)",800 E 900 N,3442.604000633929
1790713176.566253,17703,"(-111.8140813, 41.7485731)",800 E 900 N,3444.7999699028833
1790713186.8257663,17703,"(-111.8140803, 41.7485704)",800 E 900 N,3445.0972516841703
1790713197.0787258,17703,"(-111.8140804, 41.7485639)",800 E 900 N,3445.819121110375
1790713207.348928,17703,"(-111.8140333, 41.7483554)",in_transit,3468.8502536347405
1790713217.5982866,17703,"(-111.81404, 41.7473462)",in_transit,3580.9069994337888
1790713227.8788586,17703,"(-111.8140652, 41.7467557)",in_transit,3646.5257866983084
1790713238.1412437,17703,"(-111.8140923, 41.7460989)",in_transit,3719.509893869994
1790713248.4127746,17703,"(-111.8141415, 41.7446873)",in_transit,3876.345389905755
1790713258.6782923,17703,"(-111.8141409, 41.7446899)",in_transit,3876.055258516755
1790713268.9326403,17703,"(-111.8141389, 41.7446921)",in_transit,3875.8060742571897
1790713279.1885815,17703,"(-111.8141339, 41.7446881)",in_transit,3876.2377904090426
1790713289.446098,17703,"(-111.8141385, 41.7446521)",in_transit,3880.2458300985
1790713299.7061095,17703,"(-111.8141454, 41.7446101)",in_transit,3884.9260895550724
1790713310.0058494,17703,"(-111.8137434, 41.7444677)",in_transit,33.80672353075279
1790713320.26838,17703,"(-111.8134612, 41.744455)",Field House,57.77110904306151
1790713330.5253787,17703,"(-111.8134581, 41.7444536)",Field House,58.03356780144925
1790713340.802637,17703,"(-111.8134529, 41.7444517)",Field House,58.472310613871386
1790713351.053932,17703,"(-111.8134255, 41.7444622)",Field House,60.715044170372096
1790713361.3444426,17703,"(-111.8124254, 41.7444882)",in_transit,143.856522616422
1790713371.61582,17703,"(-111.8119043, 41.7444856)",in_transit,187.76194812287702
1790713381.8886242,17703,"(-111.8114094, 41.7444729)",in_transit,229.27733650349876
1790713392.149559,17703,"(-111.8109418, 41.7444537)",Veterinary Science,268.2200554880536
1790713402.4220827,17703,"(-111.8109406, 41.7444518)",Veterinary Science,268.3263481248939
1790713412.7044046,17703,"(-111.8109236, 41.7444456)",Veterinary Science,269.76103444245274
1790713422.9679072,17703,"(-111.810903, 41.7444486)",Veterinary Science,271.46344261541077
1790713433.2428167,17703,"(-111.8108931, 41.7444495)",Veterinary Science,272.28345017730663
1790713443.506263,17703,"(-111.8102698, 41.7444354)",in_transit,324.16037475542237
1790713453.771616,17703,"(-111.8089027, 41.744407)",in_transit,437.89889396642474
1790713464.0463653,17703,"(-111.8081882, 41.7443856)",Industrial Science,497.4049948910959
1790713474.3292065,17703,"(-111.8081775, 41.7443872)",Industrial Science,498.29027122663797
1790713484.5795107,17703,"(-111.8081513, 41.744389)",Industrial Science,500.4638838716107
1790713494.8357332,17703,"(-111.8069243, 41.7443458)",in_transit,602.7899999544727
1790713505.098498,17703,"(-111.8061981, 41.7443265)",in_transit,663.0987363685144
1790713515.3473294,17703,"(-111.8048564, 41.7443177)",in_transit,774.6901003371042
1790713525.6567144,17703,"(-111.8046069, 41.7443213)",in_transit,795.4265396332784
1790713535.9079945,17703,"(-111.8043995, 41.744389)",in_transit,812.4758390949414
1790713546.1755345,17703,"(-111.8043199, 41.7447352)",in_transit,866.000380558769
1790713556.4501212,17703,"(-111.8043389, 41.7452867)",Aggie Ice Cream,927.2743507046281
1790713566.7022123,17703,"(-111.8043283, 41.745662)",in_transit,968.926832869196
1790713576.9866111,17703,"(-111.8043222, 41.7457333)",in_transit,976.8322201080031
1790713587.23387,17703,"(-111.804299, 41.7464062)",in_transit,1051.9543873653292
1790713597.480508,17703,"(-111.8043196, 41.7470804)",in_transit,1130.2409950940987
1790713607.7382655,17703,"(-111.8043382, 41.748365)",in_transit,1273.1992062676993
1790713618.0165522,17703,"(-111.8043536, 41.7488808)",in_transit,1330.529546081373
1790713628.2754414,17703,"(-111.8042871, 41.7492997)",in_transit,1378.6322456964747
1790713638.5423179,17703,"(-111.8031478, 41.7493198)",in_transit,1474.0329947808987
1790713648.7996645,17703,"(-111.8023959, 41.7493169)",in_transit,1536.5431190977245
1790713659.0684345,17703,"(-111.8018014, 41.7494737)",in_transit,1606.5332758030281
1790713669.3315916,17703,"(-111.802072, 41.749643)",Lundstrum,1633.2203752065966
1790713679.5916348,17703,"(-111.8021026, 41.7496307)",Lundstrum,1635.7493059886845
1790713689.874901,17703,"(-111.8021133, 41.7496307)",Lundstrum,1636.639209723622
1790713700.149794,17703,"(-111.8023484, 41.7495053)",in_transit,1660.0762820603234
1790713710.398721,17703,"(-111.8026608, 41.7493502)",in_transit,1514.5465568845004
1790713720.6717038,17703,"(-111.803209, 41.7493385)",in_transit,1468.9207292091764
1790713730.9713633,17703,"(-111.8041687, 41.7494303)",in_transit,1825.3101320442388
1790713741.2798612,17703,"(-111.804361, 41.7500978)",in_transit,1906.249486201426
1790713751.5458536,17703,"(-111.8043534, 41.7506326)",in_transit,1966.016735046041
1790713761.84948,17703,"(-111.804379, 41.7519226)",in_transit,2109.4126195342856
1790713772.120405,17703,"(-111.8043863, 41.7529434)",in_transit,2222.792200314741
1790713782.3883307,17703,"(-111.8049456, 41.7530962)",in_transit,2276.9723775912526
1790713792.64466,17703,"(-111.8054609, 41.7530687)",in_transit,2319.9468307909947
1790713802.8997936,17703,"(-111.8060683, 41.753076)",Aggie Village 2,2370.4486059336828
1790713813.1627338,17703,"(-111.8060619, 41.7530816)",Aggie Village 2,2369.914213087051
1790713823.4271514,17703,"(-111.8060632, 41.7530832)",Aggie Village 2,2370.0217308617343
1790713833.6867516,17703,"(-111.8063441, 41.753067)",in_transit,2393.389691976182
1790713843.9407032,17703,"(-111.8075516, 41.7528249)",in_transit,2497.0997113268854
1790713854.215748,17703,"(-111.8086443, 41.7524788)",in_transit,2596.0723256383326
1790713864.4622953,17703,"(-111.8090067, 41.7522138)",in_transit,2638.6634091581404
1790713874.7478135,17703,"(-111.8092717, 41.7516142)",Aggie Village 3,2709.0549795758134
1790713885.0015826,17703,"(-111.8092573, 41.7515792)",Aggie Village 3,2712.920318646684
1790713895.2501748,17703,"(-111.8092295, 41.7513)",in_transit,2743.8843155520467
1790713905.5184603,17703,"(-111.8092376, 41.7503272)",in_transit,2851.925951278603
1790713915.787337,17703,"(-111.8093196, 41.7500715)",in_transit,2886.3569137686795
1790713926.0473495,17703,"(-111.8106849, 41.7501057)",in_transit,2999.973070460166
1790713936.299816,17703,"(-111.8119037, 41.7501442)",in_transit,3101.4124799114143
1790713946.5573072,17703,"(-111.813518, 41.7501562)",in_transit,3235.678108174816
1790713956.829925,17703,"(-111.8136415, 41.7501536)",in_transit,3245.9417540822255
1790713967.083211,17703,"(-111.8136377, 41.7501521)",in_transit,3245.622275764361
1790713977.328085,17703,"(-111.8136448, 41.7501515)",in_transit,3246.211284008996
1790713987.5877078,17703,"(-111.8138055, 41.7501452)",in_transit,3259.55960596138
1790713997.8750124,17703,"(-111.8139468, 41.7499523)",in_transit,3291.3494885619184
1790714008.1340969,17703,"(-111.8139855, 41.7488252)",in_transit,3416.575572653883
1790714018.4223437,17703,"(-111.8140702, 41.7485506)",800 E 900 N,3447.270486795246
1790714028.7281103,17703,"(-111.8140728, 41.7485509)",800 E 900 N,3447.243600856643
1790714038.9889708,17703,"(-111.8140753, 41.748549)",800 E 900 N,3447.460709464267
1790714049.2530468,17703,"(-111.8140493, 41.7484153)",in_transit,3462.2397315836906
1790714059.5564942,17703,"(-111.8140364, 41.7474898)",in_transit,3564.95581335523
1790714069.80621,17703,"(-111.8140603, 41.7469636)",in_transit,3623.4328691672135
1790714080.0528228,17703,"(-111.8141004, 41.74599)",in_transit,3731.619855410766
1790714090.3084075,17703,"(-111.8141226, 41.745519)",in_transit,3783.9644299287065
1790714100.5961413,17703,"(-111.8141405, 41.7447483)",in_transit,3869.5707827757024
1790714110.8621962,17703,"(-111.8141407, 41.7446915)",in_transit,3875.877134405815
1790714121.1171443,17703,"(-111.8141394, 41.7446955)",in_transit,3875.42984679838
1790714131.3829029,17703,"(-111.8141408, 41.744699)",in_transit,3875.044741970163
1790714141.643684,17703,"(-111.8141406, 41.7446982)",in_transit,3875.133062528437
1790714151.9080133,17703,"(-111.8141417, 41.7446693)",in_transit,3878.344219270826
1790714162.1610136,17703,"(-111.8137647, 41.7444997)",in_transit,31.913536852272905
1790714172.4351206,17703,"(-111.8134923, 41.7444861)",Field House,55.08059884797849
1790714182.6934824,17703,"(-111.8134893, 41.7444876)",Field House,55.32497322077947
1790714192.9526505,17703,"(-111.8134735, 41.7444827)",Field House,56.65513418707293
1790714203.2212977,17703,"(-111.8134637, 41.7444709)",Field House,57.50968565907015
1790714213.4735522,17703,"(-111.8134314, 41.7444858)",Field House,60.14499375459905
1790714223.7335262,17703,"(-111.8125645, 41.7444929)",in_transit,132.21554671586304
1790714233.9908428,17703,"(-111.8119322, 41.7444846)",in_transit,185.47720129493996
1790714244.2548196,17703,"(-111.8116164, 41.7444702)",in_transit,212.08651619306838
1790714254.5087972,17703,"(-111.8116121, 41.7444693)",in_transit,212.44763973981085
1790714264.7591572,17703,"(-111.8115028, 41.744466)",in_transit,221.54664493752298
1790714275.0584815,17703,"(-111.8109301, 41.7444528)",Veterinary Science,269.19589707068417
1790714285.3156185,17703,"(-111.8109256, 41.7444545)",Veterinary Science,269.5641956933443
1790714295.615442,17703,"(-111.8108378, 41.7444567)",Veterinary Science,276.85643611452116
1790714305.932277,17703,"(-111.809654, 41.7444307)",in_transit,375.36098854579063
1790714316.1887672,17703,"(-111.8089431, 41.7444126)",in_transit,434.5249457651139
1790714326.4425797,17703,"(-111.8080777, 41.744389)",in_transit,506.5840613239312
1790714337.041707,17703,"(-111.8080751, 41.7443916)",in_transit,506.7929864964596
1790714347.3471038,17703,"(-111.808059, 41.7443952)",in_transit,508.1216996727286
1790714357.5986927,17703,"(-111.8077496, 41.7443925)",in_transit,533.8572819828682
1790714367.8855402,17703,"(-111.8062969, 41.7443395)",in_transit,654.8457237878222
1790714378.152102,17703,"(-111.8048909, 41.7443331)",in_transit,771.7771515362357
1790714388.4165993,17703,"(-111.8046184, 41.7443363)",in_transit,794.4272600404645
1790714398.6552413,17703,"(-111.8043771, 41.7443362)",in_transit,814.4922293004689
1790714408.9802425,17703,"(-111.8042191, 41.7446854)",in_transit,860.2784746860434
1790714419.235964,17703,"(-111.8042785, 41.7456102)",in_transit,963.0799247737089
1790714429.4896955,17703,"(-111.8042829, 41.7456751)",in_transit,970.2947213268346
1790714439.7392983,17703,"(-111.8042942, 41.7457191)",in_transit,975.20199426842
1790714449.999295,17703,"(-111.8043219, 41.7462581)",in_transit,1035.3417875168232
1790714460.3126798,17703,"(-111.8042826, 41.7465691)",in_transit,1070.885574538907
1790714470.5916398,17703,"(-111.8043348, 41.7477138)",in_transit,1200.8836724390492
1790714480.8612537,17703,"(-111.8043609, 41.7489736)",in_transit,1341.0648442272116
1790714491.1252415,17703,"(-111.8039709, 41.7493375)",in_transit,1805.9395915183438
1790714501.3914714,17703,"(-111.8032849, 41.7493227)",in_transit,1462.6269466295153
1790714511.6823194,17703,"(-111.8019122, 41.7493374)",in_transit,1576.8049443855527
1790714521.9405417,17703,"(-111.8019431, 41.7496035)",Lundstrum,1623.3941398207091
1790714532.254167,17703,"(-111.8020546, 41.7496368)",Lundstrum,1631.7651632482662
1790714542.5212698,17703,"(-111.8020893, 41.7496314)",Lundstrum,1634.6440760881603
1790714552.780766,17703,"(-111.8022386, 41.7495901)",Lundstrum,1647.0347357087123
1790714563.0365248,17703,"(-111.8025583, 41.7493652)",in_transit,1523.0798520994733
1790714573.3061643,17703,"(-111.8030109, 41.7493212)",in_transit,1726.2397191784403
1790714583.5635195,17703,"(-111.8041455, 41.749393)",in_transit,1821.411711926775
1790714593.8240943,17703,"(-111.8041446, 41.749402)",in_transit,1821.9020122354123
1790714604.0836854,17703,"(-111.8041446, 41.749402)",in_transit,1821.9020122354123
1790714614.3454144,17703,"(-111.8041468, 41.7494031)",in_transit,1822.1220336328302
1790714624.6163094,17703,"(-111.8041523, 41.7494072)",in_transit,1822.754988397627
1790714634.8859513,17703,"(-111.8041554, 41.7494078)",in_transit,1823.0066805903662
1790714645.1787806,17703,"(-111.8041664, 41.7494123)",in_transit,1824.0453791341592
1790714655.4647598,17703,"(-111.8044046, 41.7497849)",in_transit,1870.9578479300908
1790714665.7119677,17703,"(-111.8043575, 41.750784)",Aggie Village 1,1982.8357622002197
1790714675.9691374,17703,"(-111.8043531, 41.7508066)",Aggie Village 1,1985.3364613652084
1790714686.2363272,17703,"(-111.8043666, 41.7508103)",Aggie Village 1,1985.7740562098522
1790714696.495858,17703,"(-111.8044155, 41.7517695)",in_transit,2092.418839257013
1790714706.7542737,17703,"(-111.8043964, 41.7529208)",in_transit,2220.2850167167326
1790714717.0426486,17703,"(-111.8043979, 41.7529787)",in_transit,2226.716248284222
1790714727.3125503,17703,"(-111.8044061, 41.7529672)",in_transit,2225.441359049805
1790714737.5723372,17703,"(-111.8044052, 41.7529651)",in_transit,2225.2078560508266
1790714747.8529675,17703,"(-111.8045254, 41.7530491)",in_transit,2242.044320416145
1790714758.1212378,17703,"(-111.8056421, 41.7530647)",in_transit,2335.006049491522
1790714768.3835957,17703,"(-111.8060873, 41.75307)",Aggie Village 2,2372.0310842235494
1790714778.678296,17703,"(-111.8060858, 41.7530688)",Aggie Village 2,2371.9067819649454
1790714788.9307477,17703,"(-111.8062431, 41.7530555)",Aggie Village 2,2384.994343404828
1790714799.1877434,17703,"(-111.8073303, 41.7528896)",in_transit,2477.347810702527
1790714809.438072,17703,"(-111.808447, 41.7525636)",in_transit,2576.9989824516224
1790714819.696433,17703,"(-111.808891, 41.7523624)",in_transit,2619.6831522989733
1790714829.9445126,17703,"(-111.8092699, 41.7517834)",in_transit,2690.260625975775
1790714840.2452013,17703,"(-111.8092928, 41.7516044)",Aggie Village 3,2710.1746513003995
1790714850.5153513,17703,"(-111.8092869, 41.7516039)",Aggie Village 3,2710.221401844458
1790714860.7780352,17703,"(-111.809262, 41.7508939)",in_transit,2789.0211837798975
1790714871.05743,17703,"(-111.8092726, 41.7501998)",in_transit,2866.125776091165
1790714881.316181,17703,"(-111.8092712, 41.7501793)",in_transit,2868.3993085948223
1790714891.5782402,17703,"(-111.8092954, 41.7501475)",in_transit,2871.96599203358
1790714901.8383145,17703,"(-111.810115, 41.7501003)",in_transit,2952.5702521341373
1790714912.105921,17703,"(-111.8123272, 41.7501666)",in_transit,3136.6809245774975
1790714922.4038866,17703,"(-111.8131953, 41.7501714)",in_transit,3208.8792149161773
1790714932.6774216,17703,"(-111.8136977, 41.7501676)",in_transit,3250.6476393185467
1790714942.943865,17703,"(-111.8136895, 41.7501653)",in_transit,3249.96041736968
1790714953.2080402,17703,"(-111.8137187, 41.7501612)",in_transit,3252.3790217810238
1790714963.475529,17703,"(-111.8137187, 41.7501612)",in_transit,3252.3790217810238
1790714973.735406,17703,"(-111.8139295, 41.7494139)",in_transit,3351.0823729874
1790714984.0171607,17703,"(-111.8140514, 41.7485764)",800 E 900 N,3444.3597808642385
1790714994.283363,17703,"(-111.8140667, 41.7485492)",800 E 900 N,3447.417271248134
1790715004.5378613,17703,"(-111.8140758, 41.7485518)",800 E 900 N,3447.1510912480007
1790715014.8020973,17703,"(-111.8140783, 41.7485497)",800 E 900 N,3447.3904036186336
1790715025.0684102,17703,"(-111.8140783, 41.7485497)",800 E 900 N,3447.3904036186336
1790715035.3312955,17703,"(-111.8140415, 41.7474023)",in_transit,3574.6825545250085
1790715045.6108546,17703,"(-111.8140929, 41.7461563)",in_transit,3713.138912487648
1790715055.8618746,17703,"(-111.8141359, 41.7451093)",in_transit,3829.4816906865954
1790715066.1196342,17703,"(-111.8141308, 41.7449479)",in_transit,3847.387491395278
1790715076.3797956,17703,"(-111.8141167, 41.7449403)",in_transit,3848.1963824812924
1790715086.640648,17703,"(-111.8141261, 41.7447251)",in_transit,3872.1108227161258
1790715096.8884592,17703,"(-111.8141261, 41.7447251)",in_transit,3872.1108227161258
1790715107.144797,17703,"(-111.813489, 41.7444648)",Field House,55.42672801870813
1790715117.4382253,17703,"(-111.8134618, 41.7444666)",Field House,57.682143259271555
1790715127.7035282,17703,"(-111.8134531, 41.7444652)",Field House,58.41020066605352
1790715137.9570823,17703,"(-111.8132667, 41.7444886)",Field House,73.82914527180151
1790715148.218981,17703,"(-111.8122024, 41.7444897)",in_transit,162.40450990490655
1790715158.4742436,17703,"(-111.811424, 41.7444768)",in_transit,228.0500882653612
1790715168.77368,17703,"(-111.8109923, 41.744466)",Veterinary Science,263.9791980932213
1790715179.038341,17703,"(-111.8108729, 41.7444616)",Veterinary Science,273.92135797193333
1790715189.287303,17703,"(-111.8108764, 41.744462)",Veterinary Science,273.6289905954444
1790715199.6262748,17703,"(-111.8105647, 41.7444523)",in_transit,299.5773935187466
1790715209.8829787,17703,"(-111.8100856, 41.7444359)",in_transit,339.4714522829511
1790715220.1471322,17703,"(-111.8091793, 41.7444111)",in_transit,414.88665271482057
1790715230.409837,17703,"(-111.8083254, 41.7443908)",Industrial Science,485.98163293893754
1790715240.6613512,17703,"(-111.8080796, 41.7443807)",Industrial Science,506.44929718086354
1790715250.930209,17703,"(-111.8080802, 41.7443802)",Industrial Science,506.40080379511613
1790715261.1940932,17703,"(-111.808084, 41.7443895)",Industrial Science,506.05878807588385
1790715271.458271,17703,"(-111.808082, 41.7443894)",Industrial Science,506.2253771165515
1790715281.7260005,17703,"(-111.8078343, 41.7443909)",in_transit,526.818568165291
1790715292.0015666,17703,"(-111.8066383, 41.7443482)",in_transit,626.5244086550838
1790715302.3031778,17703,"(-111.8052239, 41.7443241)",in_transit,744.1130632118794
1790715312.5582278,17703,"(-111.8046899, 41.7443342)",in_transit,788.4878187258508
1790715322.8146093,17703,"(-111.8044885, 41.7443418)",in_transit,805.2131043186581
1790715333.068605,17703,"(-111.8042712, 41.7449316)",in_transit,887.7154112183517
1790715343.3779297,17703,"(-111.8042963, 41.7456799)",in_transit,970.8532996714076
1790715353.6306436,17703,"(-111.8042996, 41.7456828)",in_transit,971.1816140777939
1790715363.8981576,17703,"(-111.8043191, 41.7459527)",in_transit,1001.1828622298435
1790715374.1574059,17703,"(-111.8042429, 41.7465202)",in_transit,1065.9705852159727
1790715384.4469554,17703,"(-111.804304, 41.7470903)",in_transit,1131.3439437219988
1790715394.7074401,17703,"(-111.8043289, 41.7484044)",in_transit,1277.5935607134904
1790715404.9524255,17703,"(-111.8043537, 41.7491904)",in_transit,1365.0946795600723
1790715415.1997864,17703,"(-111.8041763, 41.7493283)",in_transit,1388.0387843834324
1790715425.4573903,17703,"(-111.8028303, 41.7493143)",in_transit,1500.396624694726
1790715435.7710886,17703,"(-111.8018338, 41.7493704)",in_transit,1583.381361234276
1790715446.0261986,17703,"(-111.8020519, 41.7496498)",Lundstrum,1631.5575481460653
1790715456.2905908,17703,"(-111.8020854, 41.7496418)",Lundstrum,1634.3332702305872
1790715466.5375965,17703,"(-111.8021066, 41.7496366)",Lundstrum,1636.0896680343071
1790715476.7862659,17703,"(-111.8021173, 41.7496404)",Lundstrum,1636.9845230708775
1790715487.048323,17703,"(-111.8021225, 41.7496395)",Lundstrum,1637.4158268975461
1790715497.3135383,17703,"(-111.8025199, 41.749414)",in_transit,1675.6653093916007
1790715507.5752108,17703,"(-111.8036428, 41.7493569)",in_transit,1432.819730296021
1790715517.828892,17703,"(-111.804008, 41.7493827)",in_transit,1810.6761252253348
1790715528.0945575,17703,"(-111.804006, 41.749382)",in_transit,1810.492778828852
1790715538.3588603,17703,"(-111.8040405, 41.749386)",in_transit,1813.3207592188394
1790715548.6480045,17703,"(-111.8041358, 41.7494158)",in_transit,1822.139559084637
1790715558.9354355,17703,"(-111.8043683, 41.7497341)",in_transit,1865.1910093400472
1790715569.2213156,17703,"(-111.8043394, 41.7506885)",Aggie Village 1,1972.1959142175933
1790715579.485683,17703,"(-111.804337, 41.7507905)",Aggie Village 1,1983.5168623816596
1790715589.7436569,17703,"(-111.8043789, 41.7511954)",in_transit,2028.643420135114
1790715599.9986665,17703,"(-111.8043845, 41.7518642)",in_transit,2102.9278920049323
1790715610.2876866,17703,"(-111.804391, 41.7529514)",in_transit,2223.6821051873603
1790715620.5539856,17703,"(-111.8051704, 41.7530761)",in_transit,2295.785974619916
1790715630.8396344,17703,"(-111.8057249, 41.7530601)",in_transit,2341.894208471006
1790715641.1191747,17703,"(-111.8060645, 41.7530682)",Aggie Village 2,2370.1354991400485
1790715651.380705,17703,"(-111.8060777, 41.7530718)",Aggie Village 2,2371.231979963755
1790715661.6863992,17703,"(-111.8067078, 41.7530343)",in_transit,2423.3496768594377
1790715671.9580407,17703,"(-111.8072679, 41.7529069)",in_transit,2471.8139122804428
1790715682.2190914,17703,"(-111.8085174, 41.7525456)",in_transit,2583.1850042464152
1790715692.4944823,17703,"(-111.80917, 41.7519834)",in_transit,2667.664102557475
1790715702.8192842,17703,"(-111.8092714, 41.751695)",Aggie Village 3,2700.081681163938
1790715713.099612,17703,"(-111.8092771, 41.7515961)",Aggie Village 3,2711.073018295103
1790715723.3448403,17703,"(-111.8092621, 41.7515299)",Aggie Village 3,2718.402229672385
1790715733.5924911,17703,"(-111.8092453, 41.751073)",in_transit,2769.115761589799
1790715743.855739,17703,"(-111.8092654, 41.7503173)",in_transit,2853.06668270405
1790715754.1200202,17703,"(-111.8092689, 41.7501741)",in_transit,2868.9734208469254
1790715764.3918934,17703,"(-111.8098173, 41.7500774)",in_transit,2927.761416352604
1790715774.661775,17703,"(-111.8108612, 41.7501236)",in_transit,3014.675149008693
1790715784.9527042,17703,"(-111.8129689, 41.7501606)",in_transit,3190.028391469959
1790715795.198063,17703,"(-111.8136517, 41.7501634)",in_transit,3246.812725929314
1790715805.5323653,17703,"(-111.8140269, 41.7496831)",in_transit,3321.427980892401
1790715815.7942958,17703,"(-111.8140973, 41.7486114)",800 E 900 N,3440.5874535885614
1790715826.054445,17703,"(-111.814118, 41.7485607)",800 E 900 N,3446.267219364418
1790715836.316397,17703,"(-111.8141143, 41.7485565)",800 E 900 N,3446.724362945762
1790715846.56933,17703,"(-111.8140971, 41.7485236)",800 E 900 N,3450.3344147417665
1790715856.8171005,17703,"(-111.8140564, 41.7476971)",in_transit,3541.991044202891
1790715867.0739079,17703,"(-111.8140972, 41.7464794)",in_transit,3677.279208071311
1790715877.318305,17703,"(-111.8140972, 41.7464794)",in_transit,3677.279208071311
1790715887.5890539,17703,"(-111.8141431, 41.7447579)",in_transit,3868.5114303590253
1790715897.8530982,17703,"(-111.8141377, 41.744683)",in_transit,3876.813377644372
1790715908.0958455,17703,"(-111.8141404, 41.7446807)",in_transit,3877.0753939310243
1790715918.3637178,17703,"(-111.814144, 41.7446784)",in_transit,3877.3396346994296
1790715928.6231048,17703,"(-111.8141537, 41.7446021)",in_transit,3885.8367226940154
1790715938.8757908,17703,"(-111.8138076, 41.7444721)",in_transit,28.452840541286225
1790715949.1294265,17703,"(-111.8135739, 41.7444603)",Field House,48.43926094389097
1790715959.396376,17703,"(-111.8134829, 41.7444591)",Field House,55.95310108503905
1790715969.6490314,17703,"(-111.8134804, 41.7444598)",Field House,56.158599395266165
1790715979.9062445,17703,"(-111.8134794, 41.7444558)",Field House,56.255217868400116
1790715990.1680553,17703,"(-111.8134723, 41.7444505)",Field House,56.86338612942909
1790716000.4259489,17703,"(-111.813468, 41.7444528)",Field House,57.213150853400606
1790716010.6848423,17703,"(-111.8134613, 41.7444534)",Field House,57.768185153208044
1790716020.937388,17703,"(-111.8134611, 41.7444525)",Field House,57.78784576723296
1790716031.200963,17703,"(-111.8134586, 41.7444551)",Field House,57.98694300217763
1790716041.4490376,17703,"(-111.8134544, 41.7444558)",Field House,58.33378378352059
1790716051.712067,17703,"(-111.8134339, 41.7444609)",Field House,60.02102582422527
1790716061.9961245,17703,"(-111.8127048, 41.7444662)",in_transit,120.62359053455465
1790716072.277574,17703,"(-111.8118845, 41.7444569)",in_transit,188.5429855219056
1790716082.5302548,17703,"(-111.8114202, 41.7444578)",in_transit,228.43124539041384
1790716092.8177266,17703,"(-111.8110428, 41.7444468)",Veterinary Science,259.8464865549252
1790716103.0890427,17703,"(-111.8108798, 41.7444476)",Veterinary Science,273.3957510937171
1790716113.3556027,17703,"(-111.8108777, 41.744455)",Veterinary Science,273.544940650841
1790716123.6089473,17703,"(-111.8108756, 41.7444589)",Veterinary Science,273.70614695494066
1790716133.8963661,17703,"(-111.8103822, 41.7444504)",in_transit,314.75935875303304
1790716144.16771,17703,"(-111.8094588, 41.7444225)",in_transit,391.61457814207876
1790716154.4289374,17703,"(-111.8080494, 41.7443892)",in_transit,508.9367762873104
1790716164.6888418,17703,"(-111.8080271, 41.7443921)",in_transit,510.7830069363491
1790716174.9535902,17703,"(-111.8080263, 41.7443984)",in_transit,510.83189809046723
1790716185.216588,17703,"(-111.80797, 41.7444069)",in_transit,515.4897098825137
1790716195.4716516,17703,"(-111.8077519, 41.7444114)",in_transit,533.6131223120569
1790716205.7291212,17703,"(-111.8064366, 41.7443871)",in_transit,643.0919722450149
1790716216.027399,17703,"(-111.80513, 41.7443666)",in_transit,751.7991209412319
1790716226.2789588,17703,"(-111.8047894, 41.7443592)",in_transit,780.1423735869466
1790716236.565129,17703,"(-111.8046162, 41.7443517)",in_transit,794.5660341906613
1790716246.8150346,17703,"(-111.8042955, 41.7447385)",in_transit,866.3202845340408
1790716257.1398342,17703,"(-111.804328, 41.7456533)",in_transit,967.9602257273058
1790716267.4077153,17703,"(-111.8043189, 41.7456921)",in_transit,972.2511346095756
1790716277.6584668,17703,"(-111.8043073, 41.7456968)",in_transit,972.7508588795995
1790716287.924905,17703,"(-111.8043117, 41.7457665)",in_transit,980.4986400590732
1790716298.1828249,17703,"(-111.8043411, 41.7461039)",in_transit,1018.1413066056027
1790716308.4504404,17703,"(-111.8043041, 41.7467159)",in_transit,1089.8979278616757
1790716318.713285,17703,"(-111.804355, 41.7479448)",in_transit,1226.5715179056813
1790716328.973932,17703,"(-111.8043644, 41.7488676)",in_transit,1329.0759682949613
1790716339.229432,17703,"(-111.804362, 41.7490544)",in_transit,1349.9924199721872
1790716349.4833326,17703,"(-111.8038602, 41.749267)",in_transit,1414.8455726126585
1790716359.7315216,17703,"(-111.8023305, 41.749269)",in_transit,1541.9003635966974
1790716370.0168662,17703,"(-111.8018261, 41.7493399)",in_transit,1583.9697034580283
1790716380.3547351,17703,"(-111.8019605, 41.7496161)",Lundstrum,1625.306667197465
1790716390.6394064,17703,"(-111.8020068, 41.7496248)",Lundstrum,1629.1937251662591
1790716400.8911288,17703,"(-111.8020285, 41.7496352)",Lundstrum,1631.154139374119
1790716411.2039204,17703,"(-111.8020343, 41.749638)",Lundstrum,1631.154139374119
1790716421.4687295,17703,"(-111.8020456, 41.7496418)",Lundstrum,1631.154139374119
1790716431.7662497,17703,"(-111.8020519, 41.7496421)",Lundstrum,1631.5475144392565
1790716442.0272086,17703,"(-111.8020557, 41.749642)",Lundstrum,1631.863424653248
1790716452.2887545,17703,"(-111.8020738, 41.7496398)",Lundstrum,1633.365908847918
1790716462.5485818,17703,"(-111.8022914, 41.749567)",in_transit,1652.119606138615
1790716472.8119915,17703,"(-111.8026966, 41.7493821)",in_transit,1511.5859385350589
1790716483.0789335,17703,"(-111.8031985, 41.749355)",in_transit,1469.7743656416048
1790716493.3389328,17703,"(-111.8041702, 41.74943)",in_transit,1825.3956678297543
1790716503.6044207,17703,"(-111.8044195, 41.7498635)",in_transit,1879.221640859035
1790716513.8611376,17703,"(-111.804371, 41.7502934)",in_transit,1927.9669401613116
1790716524.1218696,17703,"(-111.804373, 41.7508304)",Aggie Village 1,1988.018572939044
1790716534.397679,17703,"(-111.8043826, 41.7508284)",Aggie Village 1,1987.815530069399
1790716544.639571,17703,"(-111.8043923, 41.7512481)",in_transit,2034.5008454594467
1790716554.9139826,17703,"(-111.8043947, 41.7517782)",in_transit,2093.379075615191
1790716565.179474,17703,"(-111.804406, 41.7528568)",in_transit,2213.179502648311
1790716575.480493,17703,"(-111.804408, 41.7529921)",in_transit,2228.207486802286
1790716585.7428117,17703,"(-111.8044073, 41.7529911)",in_transit,2228.0962159678247
1790716596.0126233,17703,"(-111.8045398, 41.753063)",in_transit,2243.056629552125
1790716606.2689128,17703,"(-111.8056549, 41.7530573)",in_transit,2336.0734007106807
1790716616.522837,17703,"(-111.8060292, 41.7530597)",Aggie Village 2,2367.2028185944127
1790716626.8091862,17703,"(-111.8060659, 41.7530614)",Aggie Village 2,2370.2544967970352
1790716637.089101,17703,"(-111.8069273, 41.7529616)",in_transit,2442.8993586262313
1790716647.349435,17703,"(-111.8075939, 41.7527907)",in_transit,2501.6977212507786
1790716657.630588,17703,"(-111.8088411, 41.7523705)",in_transit,2616.3927737336944
1790716667.902988,17703,"(-111.809273, 41.7516377)",Aggie Village 3,2706.447234429574
1790716678.152608,17703,"(-111.8092603, 41.7515619)",Aggie Village 3,2714.8459479290605
1790716688.4131086,17703,"(-111.809252, 41.7515232)",Aggie Village 3,2719.1302989918704
1790716698.6660058,17703,"(-111.8092144, 41.7506337)",in_transit,2817.8508778055348
1790716708.936084,17703,"(-111.809313, 41.7501034)",in_transit,2885.9098670004764
1790716719.2498045,17703,"(-111.8107451, 41.7501055)",in_transit,3004.978552653574
1790716729.5100024,17703,"(-111.8118649, 41.7501342)",in_transit,3098.1627656397977
1790716739.7765589,17703,"(-111.8136044, 41.7501528)",in_transit,3242.8548285430156
1790716750.0526574,17703,"(-111.8140185, 41.7500205)",in_transit,3283.9490843658887
1790716760.29771,17703,"(-111.8140458, 41.7492777)",in_transit,3366.481570640158
1790716770.5583184,17703,"(-111.8141223, 41.7485585)",800 E 900 N,3446.522077854146
1790716780.835084,17703,"(-111.8141216, 41.748555)",800 E 900 N,3446.908915477232
1790716791.0983853,17703,"(-111.8141371, 41.7485551)",800 E 900 N,3446.9360841075986
1790716801.3681962,17703,"(-111.8141412, 41.7485559)",800 E 900 N,3446.857392156826
1790716811.6890166,17703,"(-111.8141405, 41.7485525)",800 E 900 N,3447.233127911076
1790716821.9451654,17703,"(-111.814137, 41.7485501)",800 E 900 N,3447.490931453388
1790716832.1982682,17703,"(-111.8141337, 41.7485494)",800 E 900 N,3447.560496749583
1790716842.514648,17703,"(-111.814111, 41.7485376)",800 E 900 N,3448.814471224721
1790716852.794086,17703,"(-111.8140802, 41.7483624)",in_transit,3468.188924534
1790716863.052441,17703,"(-111.8140785, 41.7469414)",in_transit,3625.94235884277
1790716873.313072,17703,"(-111.814103, 41.7463416)",in_transit,3692.592158744077
1790716883.5878067,17703,"(-111.8141293, 41.745656)",in_transit,3768.771392638454
1790716893.895513,17703,"(-111.8141537, 41.7446496)",in_transit,3880.560945741382
1790716904.156436,17703,"(-111.8141521, 41.7446514)",in_transit,3880.357157607794
1790716914.43049,17703,"(-111.8141537, 41.7446584)",in_transit,3879.5839819508947
1790716924.7089615,17703,"(-111.8141585, 41.7446543)",in_transit,3880.0510221473924
1790716934.9843764,17703,"(-111.8141694, 41.7446519)",in_transit,3880.3444076398055
1790716945.2411225,17703,"(-111.8137214, 41.7444766)",in_transit,35.60154926923265
1790716955.5117762,17703,"(-111.8134547, 41.7444613)",Field House,58.29031153698276
1790716965.7755585,17703,"(-111.8134452, 41.7444622)",Field House,59.07713440819972
1790716976.0308886,17703,"(-111.8134405, 41.7444622)",Field House,59.46790475949584
1790716986.2882612,17703,"(-111.8129732, 41.7444863)",in_transit,98.23924394733906
1790716996.558165,17703,"(-111.8120955, 41.7444776)",in_transit,171.30451183781528
1790717006.8020923,17703,"(-111.8117212, 41.7444734)",in_transit,203.36198052182098
1790717017.0573647,17703,"(-111.8109524, 41.7444634)",Veterinary Science,267.3054564372231
1790717027.3404794,17703,"(-111.8108982, 41.7444653)",Veterinary Science,271.8051834738294
1790717037.6190922,17703,"(-111.8108194, 41.7444604)",in_transit,278.3735296710678
1790717047.880842,17703,"(-111.8103895, 41.7444502)",in_transit,314.1509346945496
1790717058.1656854,17703,"(-111.8093591, 41.7444225)",in_transit,399.90551933110066
1790717068.413622,17703,"(-111.80848, 41.7444003)",in_transit,473.0993501881439
1790717078.6692243,17703,"(-111.8081207, 41.7443931)",Industrial Science,502.99693955556967
1790717088.9760206,17703,"(-111.8080942, 41.7444036)",Industrial Science,505.1711493096955
1790717099.2405627,17703,"(-111.8080952, 41.7444102)",Industrial Science,505.0695231715072
1790717109.5052273,17703,"(-111.8080883, 41.7444117)",in_transit,505.63909151953476
1790717119.7504022,17703,"(-111.8080857, 41.7444128)",in_transit,505.85221475313904
1790717130.0179994,17703,"(-111.8080729, 41.7444136)",in_transit,506.9143540406907
1790717140.2680948,17703,"(-111.8080629, 41.7444097)",in_transit,507.7568147455852
1790717150.5562177,17703,"(-111.8080593, 41.7444092)",in_transit,508.05757053594044
1790717160.8135772,17703,"(-111.8080614, 41.7444148)",in_transit,507.86727287316353
1790717171.068921,17703,"(-111.8080649, 41.7444173)",in_transit,507.5692350409781
1790717181.339236,17703,"(-111.808054, 41.7444152)",in_transit,508.48149703693167
1790717191.5931191,17703,"(-111.8079935, 41.7444223)",in_transit,513.4924754135592
1790717201.862488,17703,"(-111.8074438, 41.7443769)",in_transit,559.3283173497979
1790717212.1093163,17703,"(-111.8066019, 41.7443594)",in_transit,629.4750673973576
1790717222.3742828,17703,"(-111.8059414, 41.7443469)",in_transit,684.3852717774444
1790717232.6389725,17703,"(-111.8051959, 41.7443385)",in_transit,746.39996264599
1790717242.8949392,17703,"(-111.8045842, 41.744341)",in_transit,797.2576254470447
1790717253.1539428,17703,"(-111.8045737, 41.744337)",in_transit,798.1422065425586
1790717263.4272778,17703,"(-111.8045409, 41.7443403)",in_transit,800.8601719273557
1790717273.752919,17703,"(-111.8044553, 41.7443325)",in_transit,808.0004823569667
1790717284.0106373,17703,"(-111.8043437, 41.7448489)",in_transit,878.6719436834592
1790717294.3239768,17703,"(-111.8043513, 41.7454076)",in_transit,940.7225619074117
1790717304.628725,17703,"(-111.8043367, 41.7456756)",in_transit,970.4529995313893
1790717314.8920746,17703,"(-111.8043402, 41.7459157)",in_transit,997.1185907824945
1790717325.162409,17703,"(-111.8043444, 41.7462922)",in_transit,1038.9227922801854
1790717335.4133263,17703,"(-111.8043048, 41.7469031)",in_transit,1110.56192925561
1790717345.6717317,17703,"(-111.8043408, 41.7481991)",in_transit,1254.7825233948824
1790717355.9237888,17703,"(-111.8043569, 41.7491739)",in_transit,1363.247563362145
1790717366.1988883,17703,"(-111.8041034, 41.7493348)",in_transit,1394.996819938607
1790717376.46729,17703,"(-111.8026622, 41.7493126)",in_transit,1514.4100776811915
1790717386.7489984,17703,"(-111.8018225, 41.7493872)",in_transit,1599.024673038279
1790717396.9997354,17703,"(-111.8018497, 41.7495652)",in_transit,1616.6016414960377
1790717407.272808,17703,"(-111.8020362, 41.7496276)",Lundstrum,1631.154139374119
1790717417.5357308,17703,"(-111.8020482, 41.7496286)",Lundstrum,1631.2221991481697
1790717427.7851484,17703,"(-111.8020555, 41.7496346)",Lundstrum,1631.8371481917939
1790717438.0444314,17703,"(-111.8020615, 41.7496362)",Lundstrum,1632.338244505557
1790717448.2902038,17703,"(-111.8020663, 41.7496376)",Lundstrum,1632.7392779066197
1790717458.5437245,17703,"(-111.8020705, 41.7496397)",Lundstrum,1633.0913222898664
1790717468.8047311,17703,"(-111.8020728, 41.7496409)",Lundstrum,1633.284173644683
1790717479.071331,17703,"(-111.802322, 41.7495381)",in_transit,1655.8662157398312
1790717489.3234425,17703,"(-111.8030377, 41.7493483)",in_transit,1483.2373790769566
1790717499.5749538,17703,"(-111.8040863, 41.7494034)",in_transit,1817.9474718090448
1790717509.8365147,17703,"(-111.8041865, 41.74943)",in_transit,1826.5253479779205
1790717520.089623,17703,"(-111.8041772, 41.7494349)",in_transit,1826.1817073594011
1790717530.3608913,17703,"(-111.804176, 41.7494349)",in_transit,1826.0985407299595
1790717540.63119,17703,"(-111.8041774, 41.7494363)",in_transit,1826.2815401306357
1790717550.9032235,17703,"(-111.8044081, 41.749861)",in_transit,1879.1171180381398
1790717561.1841853,17703,"(-111.8043813, 41.7507615)",Aggie Village 1,1980.3846226732978
1790717571.4911785,17703,"(-111.8043783, 41.7508485)",Aggie Village 1,1990.0388365513606
1790717581.7430518,17703,"(-111.8043779, 41.7508433)",Aggie Village 1,1989.460654719987
1790717591.9975297,17703,"(-111.8043995, 41.7514756)",in_transit,2059.7727014503625
1790717602.2508264,17703,"(-111.8044059, 41.752609)",in_transit,2185.6570040743723
1790717612.53897,17703,"(-111.8044396, 41.7530215)",in_transit,2231.4820544212967
1790717622.8016734,17703,"(-111.8052827, 41.7530859)",in_transit,2305.1259530418524
1790717633.0543404,17703,"(-111.8060495, 41.7530851)",Aggie Village 2,2368.881594611027
1790717643.3164296,17703,"(-111.8060453, 41.7530814)",Aggie Village 2,2368.5336762082625
1790717653.5703495,17703,"(-111.8061787, 41.7530647)",Aggie Village 2,2379.634765904754
1790717663.8628554,17703,"(-111.8072859, 41.7528897)",in_transit,2473.870225085543
1790717674.116969,17703,"(-111.8085115, 41.7525313)",in_transit,2583.265008918314
1790717684.462886,17703,"(-111.8085115, 41.7525313)",in_transit,2583.265008918314
1790717694.7233427,17703,"(-111.809276, 41.7516083)",Aggie Village 3,2709.716570524193
1790717704.9900029,17703,"(-111.8092621, 41.751586)",Aggie Village 3,2712.1723163784586
1790717715.2574358,17703,"(-111.8092618, 41.7515888)",Aggie Village 3,2711.860929789409
1790717725.5105343,17703,"(-111.8092655, 41.7515938)",Aggie Village 3,2711.311181810673
1790717735.7642536,17703,"(-111.809259, 41.7515326)",Aggie Village 3,2718.0977838382973
1790717746.0185843,17703,"(-111.8092459, 41.750617)",in_transit,2819.7599918806063
1790717756.276266,17703,"(-111.8092533, 41.7502616)",in_transit,2859.234182704018
1790717766.605256,17703,"(-111.8093899, 41.7500884)",in_transit,2892.2554824497915
1790717776.8516605,17703,"(-111.8114752, 41.7501258)",in_transit,3065.737725702772
1790717787.1471837,17703,"(-111.8124415, 41.7501414)",in_transit,3146.1259266104526
1790717797.4219778,17703,"(-111.8136152, 41.7501481)",in_transit,3243.7419783098067
1790717807.7203856,17703,"(-111.8139665, 41.7500844)",in_transit,3276.7585804382024
1790717817.984041,17703,"(-111.8140409, 41.7492093)",in_transit,3374.063758690231
1790717828.256269,17703,"(-111.814073, 41.7488128)",in_transit,3418.168257200508
1790717838.5394342,17703,"(-111.8141246, 41.7485766)",800 E 900 N,3444.5183155248906
1790717848.8043914,17703,"(-111.8141151, 41.7485871)",800 E 900 N,3443.329161393438
1790717859.09975,17703,"(-111.8141155, 41.7485867)",800 E 900 N,3443.374556566633
1790717869.343942,17703,"(-111.8141144, 41.7485808)",800 E 900 N,3444.026851799133
1790717879.5982668,17703,"(-111.8141093, 41.7485526)",800 E 900 N,3447.1449910460683
1790717889.8581262,17703,"(-111.8140788, 41.7482903)",in_transit,3476.1899261203325
1790717900.1534214,17703,"(-111.8140804, 41.7472204)",in_transit,3594.9727566931924
1790717910.405303,17703,"(-111.8141288, 41.7459342)",in_transit,3737.884953757543
1790717920.6597679,17703,"(-111.8141519, 41.7447979)",in_transit,3864.09243617435
1790717930.9528182,17703,"(-111.8139996, 41.7444924)",in_transit,12.423499356433819
1790717941.198234,17703,"(-111.8133928, 41.744429)",Field House,63.54566122418859
1790717951.4670355,17703,"(-111.8133887, 41.7444388)",Field House,63.85352921756242
1790717961.746632,17703,"(-111.8133917, 41.7444414)",Field House,63.59534166098268
1790717972.0168853,17703,"(-111.8130729, 41.744458)",in_transit,90.04528453006034
1790717982.2740717,17703,"(-111.8118129, 41.7444694)",in_transit,195.75588598857163
1790717992.5466206,17703,"(-111.8116185, 41.7444704)",in_transit,211.91113547005887
1790718002.8156078,17703,"(-111.8116159, 41.7444745)",in_transit,212.1104511427309
1790718013.0702538,17703,"(-111.8115931, 41.7444756)",in_transit,214.0011738683356
1790718023.3290465,17703,"(-111.8109414, 41.7444563)",Veterinary Science,268.24438541627086
1790718033.6261985,17703,"(-111.8109088, 41.7444549)",Veterinary Science,270.9595938852232
1790718043.893281,17703,"(-111.8109098, 41.7444591)",Veterinary Science,270.86203276522116
1790718054.1571226,17703,"(-111.8109149, 41.7444648)",Veterinary Science,270.4184429621928
1790718064.4396622,17703,"(-111.8103501, 41.744453)",in_transit,317.4180363116925
1790718074.731731,17703,"(-111.8097247, 41.7444417)",in_transit,369.4535206787994
1790718085.0011208,17703,"(-111.8084825, 41.7444085)",in_transit,472.8685182690987
1790718095.2592049,17703,"(-111.808068, 41.7443988)",in_transit,507.3632329616365
1790718105.5134876,17703,"(-111.8080692, 41.7444022)",in_transit,507.253931704814
1790718115.7723172,17703,"(-111.8080635, 41.7444081)",in_transit,507.7114000318361
1790718126.068504,17703,"(-111.8072475, 41.7443762)",in_transit,575.755470183476
1790718136.3519874,17703,"(-111.8058182, 41.7443377)",in_transit,694.6560191471576
1790718146.6495173,17703,"(-111.8050984, 41.7443338)",in_transit,754.5208352565382
1790718156.9106562,17703,"(-111.8046468, 41.7443482)",in_transit,792.0315797445079
1790718167.1802711,17703,"(-111.8046497, 41.7443507)",in_transit,791.7832658799884
1790718177.4417055,17703,"(-111.8046504, 41.7443519)",in_transit,791.7216173249953
1790718187.7045236,17703,"(-111.8044234, 41.7443882)",in_transit,810.490826753016
1790718197.9603543,17703,"(-111.8043323, 41.7451885)",Aggie Ice Cream,916.3577807608644
1790718208.2248302,17703,"(-111.8043327, 41.7456435)",in_transit,966.8810265367706
1790718218.4789479,17703,"(-111.8043218, 41.7456866)",in_transit,971.6459624493374
1790718228.742298,17703,"(-111.8043362, 41.7460521)",in_transit,1012.255144992489
1790718239.0266209,17703,"(-111.8042745, 41.746611)",in_transit,1078.3657777306564
1790718249.296659,17703,"(-111.8043175, 41.747001)",in_transit,1121.4482328293564
1790718259.5713692,17703,"(-111.8043461, 41.7480822)",in_transit,1241.8118269647944
1790718269.8631065,17703,"(-111.8043719, 41.7491191)",in_transit,1357.0719102640746
1790718280.131575,17703,"(-111.8042191, 41.7493364)",in_transit,1384.4744697677643
1790718290.3862913,17703,"(-111.8028411, 41.7493453)",in_transit,1712.0589630283755
1790718300.6405125,17703,"(-111.8018733, 41.7493922)",in_transit,1580.133538610322
1790718310.939015,17703,"(-111.802031, 41.7496246)",Lundstrum,1630.9955662848956
1790718321.2048578,17703,"(-111.8020536, 41.7496229)",Lundstrum,1631.6638819169307
1790718331.4703948,17703,"(-111.8020702, 41.7496251)",Lundstrum,1633.0473471130485
1790718341.7640133,17703,"(-111.8020726, 41.7496279)",Lundstrum,1633.2506002515568
1790718352.027817,17703,"(-111.8020756, 41.74963)",Lundstrum,1633.5028423817187
1790718362.2850814,17703,"(-111.8020829, 41.749636)",Lundstrum,1634.1177912065505
1790718372.5362494,17703,"(-111.8020879, 41.7496399)",Lundstrum,1634.5387158661783
1790718382.7977495,17703,"(-111.8020945, 41.7496426)",Lundstrum,1635.0911465355093
1790718393.0494878,17703,"(-111.8020972, 41.749644)",Lundstrum,1635.3175258726744
1790718403.3044057,17703,"(-111.8020991, 41.7496436)",Lundstrum,1635.4750249217516
1790718413.560615,17703,"(-111.802101, 41.7496435)",Lundstrum,1635.6329148765817
1790718423.8220356,17703,"(-111.8021032, 41.749644)",Lundstrum,1635.8165372096646
1790718434.0778382,17703,"(-111.8023058, 41.7495931)",in_transit,1651.7610678501842
1790718444.3489656,17703,"(-111.8029138, 41.7493497)",in_transit,1493.5435739142652
1790718454.61835,17703,"(-111.804073, 41.7493982)",in_transit,1816.7063846643548
1790718464.9060209,17703,"(-111.8041803, 41.7494221)",in_transit,1825.6105278646148
1790718475.178427,17703,"(-111.8044259, 41.7498114)",in_transit,1873.6232812502433
1790718485.443195,17703,"(-111.8043792, 41.750641)",in_transit,1967.000582603539
1790718495.6936464,17703,"(-111.8043706, 41.7508205)",Aggie Village 1,1986.9145558287094
1790718505.9546857,17703,"(-111.8043798, 41.7508477)",Aggie Village 1,1989.9529808916766
1790718516.2030075,17703,"(-111.8044038, 41.7517914)",in_transit,2094.8478093284457
1790718526.4862864,17703,"(-111.8044065, 41.7523985)",in_transit,2162.277519980674
1790718536.7713976,17703,"(-111.80461, 41.7530893)",in_transit,2249.078000620037
1790718547.0305557,17703,"(-111.8057671, 41.7530863)",in_transit,2345.3941034070876
1790718557.3421135,17703,"(-111.806039, 41.7530871)",Aggie Village 2,2368.0075628605505
1790718567.625563,17703,"(-111.8060386, 41.7530867)",Aggie Village 2,2367.97444570104
1790718577.885908,17703,"(-111.8066284, 41.753031)",in_transit,2416.9724818156
1790718588.1478472,17703,"(-111.8078484, 41.7527353)",in_transit,2523.6968073651215
1790718598.406999,17703,"(-111.8084591, 41.7525633)",in_transit,2577.9564469239544
1790718608.6644108,17703,"(-111.8091909, 41.7519286)",in_transit,2673.953524756672
1790718618.9173272,17703,"(-111.809261, 41.7515859)",Aggie Village 3,2712.181785433779
1790718629.1790867,17703,"(-111.8092526, 41.7515832)",Aggie Village 3,2712.469128015019
1790718639.4949725,17703,"(-111.8092362, 41.7513709)",in_transit,2736.020158293185
1790718649.7571726,17703,"(-111.8092372, 41.75044)",in_transit,2839.398874541208
1790718660.0190322,17703,"(-111.809269, 41.7501292)",in_transit,2873.9597476725544
1790718670.2723565,17703,"(-111.8099207, 41.7500726)",in_transit,2936.3484623849217
1790718680.5240505,17703,"(-111.8119494, 41.7501424)",in_transit,3105.2084885078975
1790718690.800154,17703,"(-111.8135426, 41.7501561)",in_transit,3237.723498360153
1790718701.0706792,17703,"(-111.8136574, 41.7501578)",in_transit,3247.2736906780433
1790718711.41326,17703,"(-111.8136572, 41.7501587)",in_transit,3247.2591522535395
1790718721.7073631,17703,"(-111.8136596, 41.7501599)",in_transit,3247.4615154034464
1790718731.963219,17703,"(-111.8138536, 41.7501155)",in_transit,3263.488882126553
1790718742.2561975,17703,"(-111.813999, 41.7498199)",in_transit,3306.1735145626362
1790718752.5548146,17703,"(-111.814038, 41.7487648)",in_transit,3423.410742821662
1790718762.8094175,17703,"(-111.8140762, 41.7485728)",800 E 900 N,3444.8206830796557
1790718773.157443,17703,"(-111.8140759, 41.7485727)",800 E 900 N,3444.831044229659
1790718783.409572,17703,"(-111.8140773, 41.7485718)",800 E 900 N,3444.9344179574855
1790718793.6692348,17703,"(-111.8140624, 41.7483882)",in_transit,3465.280687948253
1790718803.9373622,17703,"(-111.8140446, 41.7473752)",in_transit,3577.6988219939085
1790718814.235021,17703,"(-111.8140691, 41.746767)",in_transit,3645.2808875884107
1790718824.4827015,17703,"(-111.8141131, 41.7454733)",in_transit,3789.014541154671
1790718834.7427003,17703,"(-111.8141224, 41.7448317)",in_transit,3860.26709308553
1790718844.9905825,17703,"(-111.8141179, 41.7448004)",in_transit,3863.7308532822126
1790718855.2410448,17703,"(-111.814115, 41.7447918)",in_transit,3864.6784455247216
1790718865.4980059,17703,"(-111.8138891, 41.7445386)",in_transit,21.42309395384697
1790718875.7563896,17703,"(-111.8134598, 41.7445051)",Field House,57.71872256075866
1790718886.026446,17703,"(-111.8134615, 41.7445022)",Field House,57.58715023768771
1790718896.29568,17703,"(-111.8134519, 41.7444787)",Field House,58.46449037413373
1790718906.5582173,17703,"(-111.8134444, 41.7444686)",Field House,59.12208687779167
1790718916.8100445,17703,"(-111.8134442, 41.744469)",Field House,59.137367799207716
1790718927.0719736,17703,"(-111.8134369, 41.7444705)",Field House,59.73925539604335
1790718937.3373816,17703,"(-111.8134315, 41.7444752)",Field House,60.172391124982376
1790718947.6051748,17703,"(-111.8134308, 41.7444807)",Field House,60.21206132713082
1790718957.8580165,17703,"(-111.8134363, 41.7444859)",Field House,59.73725812552831
1790718968.122794,17703,"(-111.8131771, 41.7445148)",in_transit,81.19044423217613
1790718978.4218416,17703,"(-111.812149, 41.7445051)",in_transit,166.83594106126807
1790718988.750978,17703,"(-111.8117067, 41.7444985)",in_transit,204.4643911616666
1790718998.9953923,17703,"(-111.8116151, 41.7444864)",in_transit,212.12816836222993
1790719009.2501457,17703,"(-111.81161, 41.7444882)",in_transit,212.54472294154652
1790719019.5591338,17703,"(-111.8112017, 41.74449)",Veterinary Science,246.48704990490415
1790719029.816699,17703,"(-111.8109042, 41.7444801)",Veterinary Science,271.2555232906244
1790719040.0731022,17703,"(-111.8108923, 41.7444844)",Veterinary Science,272.2301393337173
1790719050.3335328,17703,"(-111.8108547, 41.7444819)",Veterinary Science,275.36482902841834
1790719060.6343381,17703,"(-111.8103795, 41.7444779)",in_transit,314.879423693072
1790719070.9926221,17703,"(-111.8091171, 41.7444427)",in_transit,419.9782881342868
1790719081.2493556,17703,"(-111.8080874, 41.7444127)",in_transit,505.7111318858119
1790719091.50034,17703,"(-111.8080664, 41.7444135)",in_transit,507.4551385065277
1790719101.7874498,17703,"(-111.8080716, 41.7444126)",in_transit,507.02525371092594
1790719112.0501022,17703,"(-111.8077442, 41.7444092)",in_transit,534.2595705050983
1790719122.3038576,17703,"(-111.8067895, 41.7443645)",in_transit,613.8636935171332
1790719132.5749228,17703,"(-111.8067433, 41.7443622)",in_transit,617.7150015182643
1790719142.8467202,17703,"(-111.8057616, 41.744346)",in_transit,699.3386401008468
1790719153.105465,17703,"(-111.8046048, 41.7443474)",in_transit,795.5263132992793
1790719163.3554277,17703,"(-111.8046048, 41.7443474)",in_transit,795.5263132992793
1790719173.612135,17703,"(-111.8042126, 41.7446418)",in_transit,855.4248042559095
1790719183.8782184,17703,"(-111.8042514, 41.7451661)",Aggie Ice Cream,913.7161426914953
1790719194.126002,17703,"(-111.8042712, 41.7456805)",in_transit,970.8719818807215
1790719204.3769732,17703,"(-111.8042693, 41.7456838)",in_transit,971.2347796641467
1790719214.6289823,17703,"(-111.8042971, 41.7461513)",in_transit,1023.7458862234381
1790719224.8794181,17703,"(-111.8042806, 41.7468552)",in_transit,1105.2161558502853
1790719235.1487634,17703,"(-111.8043232, 41.7475004)",in_transit,1177.166211163963
1790719245.418809,17703,"(-111.8043428, 41.748863)",in_transit,1328.5403488062914
1790719255.7552135,17703,"(-111.8040662, 41.7493608)",in_transit,1814.259226227567
1790719266.006479,17703,"(-111.8024724, 41.7493318)",in_transit,1530.206434547154
1790719276.2652283,17703,"(-111.8018758, 41.7493585)",in_transit,1579.8681390420368
1790719286.5371394,17703,"(-111.8019738, 41.7496227)",Lundstrum,1626.621794391748
1790719296.806424,17703,"(-111.8020352, 41.7496261)",Lundstrum,1631.154139374119
1790719307.0862362,17703,"(-111.8020429, 41.7496283)",Lundstrum,1631.154139374119
1790719317.3463626,17703,"(-111.8020501, 41.7496297)",Lundstrum,1631.381652830206
1790719327.6498735,17703,"(-111.802056, 41.7496292)",Lundstrum,1631.871695878615
1790719337.9442887,17703,"(-111.8020639, 41.7496295)",Lundstrum,1632.5291185380843
1790719348.211119,17703,"(-111.8020679, 41.7496296)",Lundstrum,1632.8619231415043
1790719358.4894705,17703,"(-111.8020729, 41.7496306)",Lundstrum,1633.2790690642455
1790719368.7416947,17703,"(-111.8020798, 41.749632)",Lundstrum,1633.854756479034
1790719379.005314,17703,"(-111.8022461, 41.749605)",Lundstrum,1646.7776330071483
1790719389.265774,17703,"(-111.8024749, 41.7494401)",in_transit,1671.4134437514929
1790719399.537838,17703,"(-111.8035526, 41.7493502)",in_transit,1440.329627678638
1790719409.7956872,17703,"(-111.8042727, 41.7494874)",in_transit,1836.0323996288328
1790719420.0597572,17703,"(-111.8044153, 41.74985)",in_transit,1877.9826587017396
1790719430.3129036,17703,"(-111.8043697, 41.7506842)",Aggie Village 1,1971.7785202534023
1790719440.573469,17703,"(-111.8043684, 41.7507957)",Aggie Village 1,1984.1564938593021
1790719450.8538275,17703,"(-111.8043789, 41.7508663)",Aggie Village 1,1992.016472618777
1790719461.1255887,17703,"(-111.8043892, 41.7520518)",in_transit,2123.765473240689
1790719471.3802123,17703,"(-111.8044783, 41.7530315)",in_transit,2238.3775913391264
1790719481.648374,17703,"(-111.805616, 41.7530548)",in_transit,2332.8390493694264
1790719491.9130316,17703,"(-111.8060444, 41.7530528)",Aggie Village 2,2368.4695919553137
1790719502.1779425,17703,"(-111.8060641, 41.7530527)",Aggie Village 2,2370.1080676801394
1790719512.4348109,17703,"(-111.80631, 41.7530424)",in_transit,2390.5633157532975
1790719522.6824036,17703,"(-111.8068218, 41.7530071)",in_transit,2433.2552963052844
1790719532.954477,17703,"(-111.8080368, 41.7526831)",in_transit,2540.4014798836506
1790719543.2193296,17703,"(-111.809097, 41.7521357)",in_transit,2649.764918308863
1790719553.4700048,17703,"(-111.8092651, 41.7517403)",Aggie Village 3,2695.0399201392993
1790719563.7322407,17703,"(-111.8092814, 41.7515766)",Aggie Village 3,2713.2448912488017
1790719574.0390942,17703,"(-111.8092737, 41.7515758)",Aggie Village 3,2713.3222797636727
1790719584.296372,17703,"(-111.8092411, 41.7511277)",in_transit,2763.0351051787916
1790719594.566348,17703,"(-111.8092581, 41.7506392)",in_transit,2817.31600147477
1790719604.8448584,17703,"(-111.8093073, 41.7501247)",in_transit,2885.5038611273126
1790719615.1086538,17703,"(-111.8105062, 41.750122)",in_transit,2985.1512878695476
1790719625.3575583,17703,"(-111.8115033, 41.7501609)",in_transit,3068.156538254845
1790719635.6687906,17703,"(-111.8134155, 41.7501694)",in_transit,3227.185376669895
1790719645.962018,17703,"(-111.8136651, 41.7501648)",in_transit,3247.930263360653
1790719656.2171097,17703,"(-111.8136582, 41.7501607)",in_transit,3247.346957991953
1790719666.4822729,17703,"(-111.8136579, 41.7501592)",in_transit,3247.318523615257
1790719676.745582,17703,"(-111.8136974, 41.7501627)",in_transit,3250.6112996088764
1790719687.0101426,17703,"(-111.8137902, 41.750145)",in_transit,3258.2868651341387
1790719697.2690463,17703,"(-111.8139584, 41.7498532)",in_transit,3302.379484141823
1790719707.538361,17703,"(-111.8140045, 41.7488211)",in_transit,3417.0776644506223
1790719717.837131,17703,"(-111.8140675, 41.7485849)",800 E 900 N,3443.455873670427
1790719728.1060152,17703,"(-111.8140732, 41.7485853)",800 E 900 N,3443.4255401177497
1790719738.3509407,17703,"(-111.8140773, 41.7485841)",800 E 900 N,3443.568886113128
1790719748.609358,17703,"(-111.8140793, 41.7485735)",800 E 900 N,3444.7506241404462
1790719758.8727584,17703,"(-111.8140578, 41.7482234)",in_transit,3483.565330083924
1790719769.1329706,17703,"(-111.8140493, 41.7477119)",in_transit,3540.3304237668326
1790719779.4003656,17703,"(-111.8140996, 41.7465072)",in_transit,3674.1987986961935
1790719789.7061381,17703,"(-111.8141452, 41.7452548)",in_transit,3813.351370323521
1790719800.0233576,17703,"(-111.8141465, 41.7446779)",in_transit,3877.401323135833
1790719810.3035748,17703,"(-111.8141425, 41.7446822)",in_transit,3876.91405648859
1790719820.5639122,17703,"(-111.8141363, 41.7446824)",in_transit,3876.8765284882784
1790719830.8224428,17703,"(-111.8141373, 41.7446804)",in_transit,3877.101037375138
1790719841.1116135,17703,"(-111.8141381, 41.7446648)",in_transit,3878.8349050582583
1790719851.3577774,17703,"(-111.813984, 41.7445095)",in_transit,13.645301618776054
1790719861.6122096,17703,"(-111.8134728, 41.7444655)",Field House,56.77128027398783
1790719871.864493,17703,"(-111.8134643, 41.7444689)",Field House,57.46653804831755
1790719882.1717064,17703,"(-111.8134597, 41.7444637)",Field House,57.866512824529316
1790719892.4376292,17703,"(-111.8134601, 41.7444617)",Field House,57.83999374396687
1790719902.7451203,17703,"(-111.8134544, 41.7444635)",Field House,58.30784254195445
1790719912.9994936,17703,"(-111.8134498, 41.7444651)",Field House,58.68490822590772
1790719923.2573142,17703,"(-111.8134383, 41.7444589)",Field House,59.661936282317036
1790719933.5464478,17703,"(-111.8134327, 41.7444584)",Field House,60.12921952937682
1790719943.8218215,17703,"(-111.8134278, 41.7444589)",Field House,60.53493391469477
1790719954.1068258,17703,"(-111.8133532, 41.7444645)",Field House,66.71850706062011
1790719964.3629618,17703,"(-111.812425, 41.7444893)",in_transit,143.88905574594693
1790719974.6192899,17703,"(-111.8112932, 41.7444793)",in_transit,238.9163681573712
1790719984.9339802,17703,"(-111.8108851, 41.7444711)",Veterinary Science,272.8744190463145
1790719995.2093534,17703,"(-111.8108541, 41.744474)",Veterinary Science,275.44183752193464
1790720005.4691536,17703,"(-111.8107643, 41.7444761)",in_transit,282.9007009792173
1790720015.738715,17703,"(-111.8103024, 41.7444663)",in_transit,321.3329585254904
1790720026.0236902,17703,"(-111.8091152, 41.7444286)",in_transit,420.17236457615184
1790720036.3127813,17703,"(-111.8085317, 41.7444208)",in_transit,468.74289601511043
1790720046.5737734,17703,"(-111.808051, 41.7444049)",in_transit,508.7597881157855
1790720056.8261824,17703,"(-111.8080558, 41.7444082)",in_transit,508.3514102605519
1790720067.0778112,17703,"(-111.8080523, 41.7444056)",in_transit,508.64972803940606
1790720077.3467686,17703,"(-111.8080353, 41.7444002)",in_transit,510.0784691120886
1790720087.6126902,17703,"(-111.8079859, 41.7444016)",in_transit,514.1823863697992
1790720097.9134262,17703,"(-111.8066236, 41.7443461)",in_transit,627.7586265097666
1790720108.1774914,17703,"(-111.8051479, 41.744338)",in_transit,750.3927000095656
1790720118.436605,17703,"(-111.8051479, 41.744338)",in_transit,750.3927000095656
1790720128.6821504,17703,"(-111.8045762, 41.7443383)",in_transit,797.9305950880552
1790720138.951933,17703,"(-111.8045534, 41.7443392)",in_transit,799.8239099528236
1790720149.23905,17703,"(-111.8043129, 41.7444368)",in_transit,832.8533142091302
1790720159.506418,17703,"(-111.8042902, 41.7448195)",in_transit,875.3033269358366
1790720169.7708845,17703,"(-111.8043215, 41.7456637)",in_transit,969.1026099324599
1790720180.0638242,17703,"(-111.8043257, 41.7456713)",in_transit,969.9545239528242
1790720190.353173,17703,"(-111.8043418, 41.7461168)",in_transit,1019.5610516251085
1790720200.5970476,17703,"(-111.8042828, 41.7464897)",in_transit,1060.9210758931408
1790720210.8681467,17703,"(-111.8043223, 41.7473506)",in_transit,1160.5307495473992
1790720221.1376448,17703,"(-111.8043411, 41.7483883)",in_transit,1275.8195215262222
1790720231.3869438,17703,"(-111.8043534, 41.748857)",in_transit,1327.886153985354
1790720241.6481216,17703,"(-111.8042852, 41.7493053)",in_transit,1378.9938994478935
1790720251.911559,17703,"(-111.8031135, 41.7493313)",in_transit,1476.8720279163967
1790720262.1649215,17703,"(-111.8023443, 41.7493285)",in_transit,1540.8542218782627
1790720272.4276853,17703,"(-111.8017794, 41.7494554)",in_transit,1603.8517393582074
1790720282.6884356,17703,"(-111.8020071, 41.7496333)",Lundstrum,1629.6277075440703
1790720292.9748027,17703,"(-111.8020394, 41.7496326)",Lundstrum,1631.154139374119
1790720303.3062785,17703,"(-111.8020452, 41.7496336)",Lundstrum,1631.154139374119
1790720313.5596905,17703,"(-111.8020553, 41.7496359)",Lundstrum,1631.8222084764666
1790720323.812624,17703,"(-111.8022534, 41.7495978)",Lundstrum,1647.696462878416
1790720334.1012301,17703,"(-111.8024445, 41.749457)",in_transit,1669.0571632901265
1790720344.3536756,17703,"(-111.8036404, 41.7493751)",in_transit,1432.997676568486
1790720354.6114504,17703,"(-111.8041045, 41.7494292)",in_transit,1820.793169171805
1790720364.8648946,17703,"(-111.8043379, 41.7500788)",in_transit,1904.071607387046
1790720375.1270733,17703,"(-111.8043081, 41.7505401)",in_transit,1955.6560800051873
1790720385.3793933,17703,"(-111.80431, 41.7508211)",Aggie Village 1,1986.8610542221804
1790720395.6273506,17703,"(-111.8043273, 41.7508521)",Aggie Village 1,1990.3374728310168
1790720405.87939,17703,"(-111.8043453, 41.7511696)",in_transit,2025.767386600988
1790720416.1305788,17703,"(-111.804362, 41.7522234)",in_transit,2142.8167041958563
1790720426.4031706,17703,"(-111.8043625, 41.7529939)",in_transit,2228.3941777368436
1790720436.6613073,17703,"(-111.804383, 41.753016)",in_transit,2230.8547252231183
1790720446.9529002,17703,"(-111.804476, 41.7530613)",in_transit,2237.8072353790303
1790720457.2465599,17703,"(-111.8058374, 41.7530948)",in_transit,2351.2377143615736
1790720467.5048816,17703,"(-111.806009, 41.7530949)",Aggie Village 2,2365.509544381971
1790720477.7726424,17703,"(-111.8060111, 41.7530949)",Aggie Village 2,2365.684200104821
1790720488.0376005,17703,"(-111.8066067, 41.753064)",in_transit,2414.4340729902815
1790720498.2963257,17703,"(-111.8078506, 41.7527307)",in_transit,2524.0422411833206
1790720508.5803466,17703,"(-111.8084995, 41.7525444)",in_transit,2581.830816267988
1790720518.8415275,17703,"(-111.8091526, 41.7518408)",in_transit,2683.7152992980996
1790720529.1256378,17703,"(-111.8092108, 41.7516133)",Aggie Village 3,2709.0643508923667
1790720539.3805254,17703,"(-111.8092151, 41.7516128)",Aggie Village 3,2709.126271276977
1790720549.6297886,17703,"(-111.8092165, 41.7515739)",Aggie Village 3,2713.448204230865
1790720559.8860893,17703,"(-111.8091953, 41.7507704)",in_transit,2802.652405720024
1790720570.1541524,17703,"(-111.8092275, 41.7502152)",in_transit,2864.348545876395
1790720580.4175873,17703,"(-111.8092293, 41.7502141)",in_transit,2864.4733774252804
1790720590.6687162,17703,"(-111.8098327, 41.7501217)",in_transit,2929.1455117571313
1790720600.9820962,17703,"(-111.8118148, 41.7501972)",in_transit,3094.143389553186
1790720611.2224789,17703,"(-111.8134684, 41.7501946)",in_transit,3231.6428965104888
1790720621.5012364,17703,"(-111.8137261, 41.7501925)",in_transit,3253.0693525853376
1790720631.7612834,17703,"(-111.8139292, 41.7501294)",in_transit,3271.648035119767
1790720642.014415,17703,"(-111.8139667, 41.749331)",in_transit,3360.375018143595
1790720652.2833595,17703,"(-111.8140147, 41.7488344)",in_transit,3415.626299206163
1790720662.5570712,17703,"(-111.8140753, 41.7485808)",800 E 900 N,3443.930310085326
1790720672.8258908,17703,"(-111.8140771, 41.7485848)",800 E 900 N,3443.4906790941177
1790720683.0801103,17703,"(-111.8140821, 41.7485704)",800 E 900 N,3445.101696083705
1790720693.3416336,17703,"(-111.8140582, 41.7483852)",in_transit,3465.6033740936655
1790720703.6124392,17703,"(-111.814052, 41.7473419)",in_transit,3581.414030267646
1790720713.877684,17703,"(-111.8140964, 41.7461022)",in_transit,3719.1536761904654
1790720724.1367452,17703,"(-111.8141204, 41.7454558)",in_transit,3790.975387072739
1790720734.3957005,17703,"(-111.8141195, 41.7447107)",in_transit,3873.6931777175387
1790720744.6539927,17703,"(-111.8141099, 41.7447067)",in_transit,3874.1135240399617
1790720754.9194365,17703,"(-111.8141077, 41.7447023)",in_transit,3874.596568226646
1790720765.181473,17703,"(-111.8141053, 41.7446892)",in_transit,3876.044979995904
1790720775.4447434,17703,"(-111.8141105, 41.7446233)",in_transit,3883.373959234057
1790720785.7158942,17703,"(-111.8139995, 41.74453)",in_transit,12.266354161588179
1790720795.9791656,17703,"(-111.8136288, 41.744462)",Field House,44.93702164170594
1790720806.2332268,17703,"(-111.8135002, 41.7444708)",Field House,54.475317006343936
1790720816.5197423,17703,"(-111.8134967, 41.7444691)",Field House,54.772043364831916
1790720826.8194585,17703,"(-111.8134959, 41.744468)",Field House,54.842263294143585
1790720837.1062384,17703,"(-111.8134888, 41.7444619)",Field House,55.4531264951893
1790720847.3921452,17703,"(-111.8128962, 41.7444973)",in_transit,104.60415601164453
1790720857.6509745,17703,"(-111.8118275, 41.7444939)",in_transit,194.44184509617824
1790720867.9019518,17703,"(-111.8116387, 41.7444902)",in_transit,210.1508599231858
1790720878.1688156,17703,"(-111.811628, 41.7444915)",in_transit,211.03495966508237
1790720888.412725,17703,"(-111.8115656, 41.7444883)",in_transit,216.23502720567058
1790720898.6799135,17703,"(-111.8111572, 41.7444798)",Veterinary Science,250.22184662183884
1790720908.9436216,17703,"(-111.8108744, 41.7444619)",Veterinary Science,273.7956162343502
1790720919.2216141,17703,"(-111.8108748, 41.7444628)",Veterinary Science,273.7592697429563
1790720929.5082428,17703,"(-111.8108398, 41.7444645)",Veterinary Science,276.6633731787956
1790720939.7753444,17703,"(-111.8106089, 41.7444579)",in_transit,295.8833256987617
1790720950.0341737,17703,"(-111.8094972, 41.7444294)",in_transit,388.403626597344
1790720960.3230224,17703,"(-111.8083628, 41.744399)",Industrial Science,482.8487046157181
1790720970.5871544,17703,"(-111.8080896, 41.7443962)",Industrial Science,505.57437091465744
1790720980.8486545,17703,"(-111.8080886, 41.7443964)",Industrial Science,505.6569657439332
1790720991.1394608,17703,"(-111.808081, 41.7443955)",in_transit,506.2914593794039
1790721001.4044278,17703,"(-111.808041, 41.7443976)",in_transit,509.61176492945543
1790721011.6702197,17703,"(-111.8076538, 41.7443871)",in_transit,541.8386059892082
1790721021.9327934,17703,"(-111.8062386, 41.7443338)",in_transit,659.7099842024367
1790721032.1857882,17703,"(-111.805411, 41.7443149)",in_transit,728.5815366843613
1790721042.4363928,17703,"(-111.8045797, 41.7443352)",in_transit,797.6484485709343
1790721052.6964898,17703,"(-111.8045686, 41.7443358)",in_transit,798.5697298904112
1790721062.9465356,17703,"(-111.8044962, 41.7443338)",in_transit,804.5957668726938
1790721073.253351,17703,"(-111.8043532, 41.7444329)",in_transit,832.4977587158464
1790721083.5408018,17703,"(-111.8043351, 41.7452636)",Aggie Ice Cream,924.7021111217563
1790721093.802517,17703,"(-111.8043288, 41.7456679)",in_transit,969.5829144810688
1790721104.085126,17703,"(-111.804329, 41.7456662)",in_transit,969.3945311995525
1790721114.3696334,17703,"(-111.804324, 41.7456714)",in_transit,969.9623807363439
1790721124.6352146,17703,"(-111.8043415, 41.7462887)",in_transit,1038.5601589363132
1790721134.9337397,17703,"(-111.8043191, 41.746862)",in_transit,1106.0128366723222
1790721145.2111268,17703,"(-111.8043472, 41.747438)",in_transit,1170.2819693995923
1790721155.474183,17703,"(-111.8043603, 41.748554)",in_transit,1294.2437131889008
1790721165.7354133,17703,"(-111.8043578, 41.7488004)",in_transit,1321.605355872413
1790721176.006226,17703,"(-111.8043582, 41.7488346)",in_transit,1325.403972666096
1790721186.2650816,17703,"(-111.804326, 41.7488696)",in_transit,1329.254072327085
1790721196.5536501,17703,"(-111.8039113, 41.7491188)",in_transit,1404.9963497281747
1790721206.8204446,17703,"(-111.8025381, 41.7491142)",in_transit,1524.6262491230605
1790721217.0820253,17703,"(-111.8019873, 41.7491308)",in_transit,1570.206802622686
1790721227.3536692,17703,"(-111.8019383, 41.7494282)",in_transit,1609.388859634573
1790721237.618986,17703,"(-111.8020489, 41.7494625)",in_transit,1565.6497392062215
1790721247.8712444,17703,"(-111.8020835, 41.7494916)",Lundstrum,1633.9795336041063
1790721258.148193,17703,"(-111.8020932, 41.7495042)",Lundstrum,1634.8026886148584
1790721268.4171693,17703,"(-111.8021061, 41.7495321)",Lundstrum,1635.9119192590692
1790721278.683553,17703,"(-111.8021136, 41.7495507)",Lundstrum,1636.5599203013535
1790721288.9370034,17703,"(-111.8021159, 41.7495629)",Lundstrum,1636.7671048183586
1790721299.2031693,17703,"(-111.8023985, 41.7494552)",in_transit,1667.0481723994822
1790721309.464053,17703,"(-111.8027918, 41.7493033)",in_transit,1503.6258029187952
1790721319.7129998,17703,"(-111.8038615, 41.7493304)",in_transit,1796.9745191890033
1790721329.9754348,17703,"(-111.8039466, 41.7493409)",in_transit,1804.2054478696741
1790721340.237973,17703,"(-111.803983, 41.7493662)",in_transit,1808.0630226216763
1790721350.4997802,17703,"(-111.8040674, 41.7493892)",in_transit,1815.5291287022658
1790721360.7665727,17703,"(-111.8040987, 41.749404)",in_transit,1818.8437052257939
1790721371.0171576,17703,"(-111.8042606, 41.749518)",in_transit,1838.251458669753
1790721381.2876189,17703,"(-111.8043192, 41.7504436)",in_transit,1943.6022772335969
1790721391.5800073,17703,"(-111.8043338, 41.7507929)",Aggie Village 1,1983.7770064390058
1790721401.8652823,17703,"(-111.8043424, 41.7507922)",Aggie Village 1,1983.7163282137515
1790721412.143016,17703,"(-111.8043674, 41.75106)",in_transit,2013.5014148541459
1790721422.407396,17703,"(-111.8043786, 41.7523318)",in_transit,2154.86122112574
1790721432.664406,17703,"(-111.8043766, 41.7528285)",in_transit,2210.027749877474
1790721442.9228976,17703,"(-111.8044548, 41.753045)",in_transit,2236.2637464607064
1790721453.2344806,17703,"(-111.8058338, 41.7531002)",in_transit,2350.9362728436545
1790721463.4919465,17703,"(-111.8060216, 41.7531012)",Aggie Village 2,2366.5551068797877
1790721473.7521656,17703,"(-111.8060233, 41.7530954)",Aggie Village 2,2366.698678440296
1790721484.002473,17703,"(-111.8060286, 41.7530898)",Aggie Village 2,2367.1415845605893
1790721494.268876,17703,"(-111.8060343, 41.7530866)",Aggie Village 2,2367.616854921561
1790721504.5448675,17703,"(-111.8060777, 41.7530815)",Aggie Village 2,2371.2283273943235
1790721514.8065917,17703,"(-111.8069315, 41.7529849)",in_transit,2442.694033479489
1790721525.0588946,17703,"(-111.8081815, 41.7526466)",in_transit,2553.097377089458
1790721535.3182402,17703,"(-111.8087335, 41.7524446)",in_transit,2604.2897882924935
1790721545.5720077,17703,"(-111.8092601, 41.7516939)",Aggie Village 3,2700.1870306367637
1790721555.8691354,17703,"(-111.8092574, 41.7515867)",Aggie Village 3,2712.0875912586375
1790721566.119691,17703,"(-111.8092532, 41.7515731)",Aggie Village 3,2713.5916268586743
1790721576.3774219,17703,"(-111.8092273, 41.7512966)",in_transit,2744.2585935555066
1790721586.643402,17703,"(-111.8092323, 41.7503057)",in_transit,2854.3056481177823
1790721596.932625,17703,"(-111.80951, 41.7501011)",in_transit,2902.263170066943
1790721607.1887317,17703,"(-111.810337, 41.7501506)",in_transit,2971.148218330517
1790721617.4358115,17703,"(-111.8123585, 41.7501832)",in_transit,3139.3185828713845
1790721627.6968887,17703,"(-111.8137183, 41.750178)",in_transit,3252.384821212721
1790721637.9529986,17703,"(-111.814028, 41.7499474)",in_transit,3292.0874901086827
1790721648.2138855,17703,"(-111.8140013, 41.7494313)",in_transit,3349.322226297974
1790721658.4894972,17703,"(-111.8140791, 41.7486151)",800 E 900 N,3440.1317461729586
1790721668.788221,17703,"(-111.8140935, 41.7485704)",800 E 900 N,3445.1298438769754
1790721679.0559814,17703,"(-111.8140942, 41.7485693)",800 E 900 N,3445.253692978334
1790721689.3139906,17703,"(-111.8140983, 41.7485654)",800 E 900 N,3445.6967897874893
1790721699.5772913,17703,"(-111.8140596, 41.7481815)",in_transit,3488.2214639482145
1790721709.8248732,17703,"(-111.8140521, 41.747648)",in_transit,3547.4314402016216
1790721720.085189,17703,"(-111.8140926, 41.746434)",in_transit,3682.3081267431517
1790721730.3466725,17703,"(-111.8141371, 41.745122)",in_transit,3828.074720075476
1790721740.607751,17703,"(-111.8141388, 41.7446673)",in_transit,3878.5590886886293
1790721750.8747828,17703,"(-111.8141347, 41.7446712)",in_transit,3878.1159822924656
1790721761.3170145,17703,"(-111.8141371, 41.7446716)",in_transit,3878.0775068363773
1790721771.581491,17703,"(-111.8138634, 41.7444711)",in_transit,23.817931389453868
1790721781.887743,17703,"(-111.8135173, 41.7444525)",Field House,53.18553671186628
1790721792.176894,17703,"(-111.813497, 41.7444613)",Field House,54.77337829555589
1790721802.4449692,17703,"(-111.8134924, 41.7444596)",Field House,55.161561600035824
1790721812.712405,17703,"(-111.8134898, 41.7444585)",Field House,55.38143828587132
1790721822.970758,17703,"(-111.8134882, 41.744459)",Field House,55.512782025521645
1790721833.2375646,17703,"(-111.813482, 41.7444571)",Field House,56.03466736936725
1790721843.4937794,17703,"(-111.8134727, 41.744456)",Field House,56.811599742068324
1790721853.7518864,17703,"(-111.8134719, 41.744457)",Field House,56.874744881895374
1790721864.0352185,17703,"(-111.8134237, 41.7444678)",Field House,60.84583432198717
1790721874.2878633,17703,"(-111.8125418, 41.7444879)",in_transit,134.11712977855453
1790721884.545282,17703,"(-111.8118808, 41.7444854)",in_transit,190.04044342553476
1790721894.8340933,17703,"(-111.8118605, 41.7444828)",in_transit,191.2910110567178
1790721905.0958712,17703,"(-111.8115749, 41.7444671)",in_transit,215.54887931561342
1790721915.3856614,17703,"(-111.8109935, 41.7444518)",Veterinary Science,263.92818039176325
1790721925.640025,17703,"(-111.8109827, 41.744456)",Veterinary Science,264.8116854330639
1790721935.9403791,17703,"(-111.8109617, 41.7444612)",Veterinary Science,266.5397968920418
1790721946.204111,17703,"(-111.810943, 41.7444649)",Veterinary Science,268.081833341285
1790721956.4704156,17703,"(-111.8102935, 41.744457)",in_transit,322.10814058100726
1790721966.7360525,17703,"(-111.8096429, 41.7444392)",in_transit,376.26231077334404
1790721977.005624,17703,"(-111.8084924, 41.7444111)",in_transit,472.0380126739894
1790721987.2670436,17703,"(-111.8080867, 41.7443984)",Industrial Science,505.8093619680921
1790721997.5383375,17703,"(-111.8080822, 41.7443997)",in_transit,506.1799191819182
1790722007.8084192,17703,"(-111.8080723, 41.7443996)",in_transit,507.0034293032333
1790722018.0873995,17703,"(-111.8079954, 41.7444012)",in_transit,513.3935375354137
1790722028.3447938,17703,"(-111.8067839, 41.744354)",in_transit,614.3962685799133
1790722038.6236508,17703,"(-111.8060132, 41.7443386)",in_transit,678.4388280487265
1790722048.884687,17703,"(-111.8046668, 41.7443412)",in_transit,790.3885870917837
1790722059.1423132,17703,"(-111.8042319, 41.7447348)",in_transit,865.7881799902426
1790722069.42958,17703,"(-111.8042774, 41.7452347)",Aggie Ice Cream,921.3829936892206
1790722079.6912224,17703,"(-111.8042878, 41.7456779)",in_transit,970.6149878453933
1790722089.9535375,17703,"(-111.8042942, 41.7456795)",in_transit,970.8048733000754
1790722100.242721,17703,"(-111.8043301, 41.7459571)",in_transit,1001.694316624613
1790722110.4989157,17703,"(-111.8042955, 41.7463351)",in_transit,1044.0708837181423
1790722120.757647,17703,"(-111.8043223, 41.7471679)",in_transit,1140.1784065442102
1790722131.0620275,17703,"(-111.8043429, 41.7485447)",in_transit,1293.1909382885754
1790722141.3126936,17703,"(-111.8043604, 41.7491202)",in_transit,1357.2817979590718
1790722151.5624523,17703,"(-111.803521, 41.749302)",in_transit,1443.015170265131
1790722161.809007,17703,"(-111.8019417, 41.749333)",in_transit,1574.3440748285543
1790722172.0861578,17703,"(-111.8019417, 41.749333)",in_transit,1574.3440748285543
1790722182.3716412,17703,"(-111.8020392, 41.7496176)",Lundstrum,1631.154139374119
1790722192.6275446,17703,"(-111.8020601, 41.7496232)",Lundstrum,1632.20486862587
1790722202.9623573,17703,"(-111.8020705, 41.7496297)",Lundstrum,1633.0782917395982
1790722213.2271113,17703,"(-111.8020723, 41.7496301)",Lundstrum,1633.2285163951794
1790722223.5226722,17703,"(-111.802075, 41.7496278)",Lundstrum,1633.4500745301282
1790722233.8016825,17703,"(-111.8020785, 41.7496298)",Lundstrum,1633.7437706369178
1790722244.0668905,17703,"(-111.8020789, 41.7496293)",Lundstrum,1633.7763865447525
1790722254.3347828,17703,"(-111.8020783, 41.7496294)",Lundstrum,1633.7266157055276
1790722264.590239,17703,"(-111.8021936, 41.7496155)",Lundstrum,1642.3933205264407
1790722274.8439744,17703,"(-111.8021936, 41.7496155)",Lundstrum,1642.3933205264407
1790722285.1200688,17703,"(-111.8034867, 41.7493558)",in_transit,1445.8038565430518
1790722295.3821094,17703,"(-111.8041911, 41.7494346)",in_transit,1827.1266317080185
1790722305.6329057,17703,"(-111.8043659, 41.7501841)",in_transit,1915.8430935656443
1790722315.8904393,17703,"(-111.8043569, 41.7506316)",in_transit,1965.9126366125001
1790722326.1574495,17703,"(-111.8043533, 41.7508231)",Aggie Village 1,1987.1689572760872
1790722336.4185724,17703,"(-111.8043586, 41.7508179)",Aggie Village 1,1986.6020742763365
1790722346.6813507,17703,"(-111.8043625, 41.7518715)",in_transit,2103.732285978431
1790722356.9775507,17703,"(-111.8043628, 41.752532)",in_transit,2177.0922923770554
1790722367.2304707,17703,"(-111.8047486, 41.7530284)",in_transit,2260.7206191020396
1790722377.5012982,17703,"(-111.8059634, 41.7530096)",Aggie Village 2,2361.749127678326
1790722387.7476096,17703,"(-111.8060587, 41.7530208)",Aggie Village 2,2369.670963958891
1790722398.021528,17703,"(-111.806066, 41.7530325)",Aggie Village 2,2370.2736957067864
1790722408.2729342,17703,"(-111.8060747, 41.7530407)",Aggie Village 2,2370.994182397376
1790722418.550032,17703,"(-111.8060761, 41.7530415)",Aggie Village 2,2371.1103184006906
1790722428.7969732,17703,"(-111.8060786, 41.7530439)",Aggie Village 2,2371.317338319298
1790722439.0528572,17703,"(-111.8060981, 41.7530449)",Aggie Village 2,2372.938766141925
1790722449.3148582,17703,"(-111.8066887, 41.7529972)",in_transit,2422.6675601981187
1790722459.5634828,17703,"(-111.8072124, 41.7528913)",in_transit,2468.059366676954
1790722469.8180344,17703,"(-111.8085414, 41.7525065)",in_transit,2586.541723409456
1790722480.090994,17703,"(-111.8092364, 41.7517785)",in_transit,2690.7559379204476
1790722490.3592892,17703,"(-111.8092725, 41.7515658)",Aggie Village 3,2714.4309965807543
1790722500.6087234,17703,"(-111.8092541, 41.7515698)",Aggie Village 3,2713.9594308665864
1790722510.867118,17703,"(-111.8092552, 41.7515703)",Aggie Village 3,2713.905541759999
1790722521.152732,17703,"(-111.8092618, 41.7515703)",Aggie Village 3,2713.9153575393048
1790722531.4061022,17703,"(-111.8092648, 41.7515699)",Aggie Village 3,2713.964239302942
1790722541.7228382,17703,"(-111.8092694, 41.751571)",Aggie Village 3,2713.848925404031
1790722551.9809961,17703,"(-111.8092684, 41.7515065)",Aggie Village 3,2721.0088799594296
1790722562.2368672,17703,"(-111.8092509, 41.7510992)",in_transit,2766.21450757773
1790722572.5001044,17703,"(-111.8092638, 41.7502149)",in_transit,2864.4358350104794
1790722582.7662613,17703,"(-111.8093646, 41.7501201)",in_transit,2890.253088360152
1790722593.0225456,17703,"(-111.8109573, 41.7501496)",in_transit,3022.727081396123
1790722603.2804759,17703,"(-111.8120999, 41.7501727)",in_transit,3117.7939193249003
1790722613.5938919,17703,"(-111.8136907, 41.7501801)",in_transit,3250.094615754537
1790722623.8447454,17703,"(-111.8136958, 41.7501678)",in_transit,3250.490109114162
1790722634.1159558,17703,"(-111.813697, 41.7501629)",in_transit,3250.5785024778615
1790722644.368223,17703,"(-111.8138725, 41.7501285)",in_transit,3265.0913480616873
1790722654.6150224,17703,"(-111.8139899, 41.7492335)",in_transit,3371.255116163492
1790722664.8725827,17703,"(-111.814046, 41.748717)",800 E 900 N,3428.7371971545663
1790722675.135547,17703,"(-111.8140872, 41.7485514)",800 E 900 N,3447.22364665856
1790722685.39411,17703,"(-111.8140869, 41.7485526)",800 E 900 N,3447.0896833072775
1790722695.6513,17703,"(-111.8140481, 41.7482117)",in_transit,3484.840282768064
1790722705.9268053,17703,"(-111.8140481, 41.7482117)",in_transit,3484.840282768064
1790722716.1873262,17703,"(-111.814091, 41.7464836)",in_transit,3676.7976435193505
1790722726.4386613,17703,"(-111.8141297, 41.7451448)",in_transit,3825.525205153699
1790722736.6978025,17703,"(-111.8141359, 41.7448225)",in_transit,3861.32183180444
1790722746.96796,17703,"(-111.8141346, 41.7448171)",in_transit,3861.9181191843927
1790722757.236385,17703,"(-111.8141378, 41.7448031)",in_transit,3863.4802891288955
1790722767.5384881,17703,"(-111.8140217, 41.7445122)",in_transit,10.51180248914431
1790722777.796236,17703,"(-111.8135867, 41.744437)",Field House,47.50867337246651
1790722788.055967,17703,"(-111.8134263, 41.7444489)",Field House,60.6933381443579
1790722798.3346584,17703,"(-111.8132383, 41.7444746)",in_transit,76.2375645428584
1790722808.5880113,17703,"(-111.8127562, 41.7444883)",in_transit,116.27444406520618
1790722818.874004,17703,"(-111.8117317, 41.7444781)",in_transit,202.46991003708436
1790722829.1316242,17703,"(-111.8108964, 41.7444616)",Veterinary Science,271.96754090055936
1790722839.4070833,17703,"(-111.8109107, 41.7444681)",Veterinary Science,270.75630582247925
1790722849.664066,17703,"(-111.8109141, 41.7444685)",Veterinary Science,270.4722526035433
1790722859.9394264,17703,"(-111.8108691, 41.7444699)",Veterinary Science,274.2087973304275
1790722870.2009559,17703,"(-111.8100911, 41.7444568)",in_transit,338.934878603812
1790722880.461152,17703,"(-111.8095741, 41.7444465)",in_transit,381.96496849201696
1790722890.7175128,17703,"(-111.8084745, 41.7444147)",in_transit,473.5164057410421
1790722900.9659114,17703,"(-111.8080329, 41.7444008)",in_transit,510.2763607952608
1790722911.2293143,17703,"(-111.8080336, 41.744399)",in_transit,510.2231904410891
1790722921.4970095,17703,"(-111.8080316, 41.7443966)",in_transit,510.39621671139787
1790722931.7829235,17703,"(-111.8080289, 41.7443984)",in_transit,510.615696205644
1790722942.0448606,17703,"(-111.80802, 41.7443913)",in_transit,511.37564350110927
1790722952.295677,17703,"(-111.808014, 41.7443882)",in_transit,511.8832473419516
1790722962.5910726,17703,"(-111.8079359, 41.7443928)",in_transit,518.3647451818101
1790722972.8489926,17703,"(-111.8068516, 41.7443552)",in_transit,608.7666455469458
1790722983.0937188,17703,"(-111.8061529, 41.7443387)",in_transit,666.8220645612287
1790722993.3619342,17703,"(-111.8047776, 41.7443353)",in_transit,781.1921166550108
1790723003.639747,17703,"(-111.8045322, 41.7443403)",in_transit,801.5836058632977
1790723013.9281976,17703,"(-111.8044638, 41.7443491)",in_transit,807.2460554651999
1790723024.2623918,17703,"(-111.8042282, 41.744536)",in_transit,843.7066767430351
1790723034.5170128,17703,"(-111.804276, 41.7455426)",in_transit,955.5689536633419
1790723044.7792869,17703,"(-111.8042838, 41.7456796)",in_transit,970.7961131559068
1790723055.0278573,17703,"(-111.8042819, 41.7456799)",in_transit,970.8257956900736
1790723065.3222685,17703,"(-111.8043111, 41.7461513)",in_transit,1023.6292971100147
1790723075.589376,17703,"(-111.8042707, 41.7467118)",in_transit,1089.1686861170042
1790723085.8854682,17703,"(-111.8043292, 41.7477923)",in_transit,1209.5898756554684
1790723096.1641643,17703,"(-111.8043374, 41.7483557)",in_transit,1272.165044789634
1790723106.4208043,17703,"(-111.8043363, 41.749229)",in_transit,1369.6051362004148
1790723116.683441,17703,"(-111.8035953, 41.7493256)",in_transit,1436.8075538676474
1790723127.0155425,17703,"(-111.8027793, 41.7493288)",in_transit,1504.6790669691418
1790723137.283057,17703,"(-111.8018069, 41.7494833)",in_transit,1607.6837482133626
1790723147.5674937,17703,"(-111.8019545, 41.7496259)",Lundstrum,1625.3319943451954
1790723157.8118725,17703,"(-111.8019818, 41.7496276)",Lundstrum,1627.457877676078
1790723168.1406605,17703,"(-111.8019835, 41.7496284)",Lundstrum,1627.6238652996694
1790723178.412319,17703,"(-111.8019901, 41.7496275)",Lundstrum,1628.074343898473
1790723188.6595318,17703,"(-111.8022751, 41.7495861)",in_transit,1649.9051133067048
1790723198.9485457,17703,"(-111.8024848, 41.7494416)",in_transit,1671.6268580366227
