timestamp,vehicle_id,coordinates,stop
1790970124.0064614,13066,"(-111.8177076, 41.7406386)",670 E 500 N
1790970134.3157394,13066,"(-111.8176945, 41.740643)",670 E 500 N
1790970144.6044288,13066,"(-111.8172416, 41.7406423)",in_transit
1790970154.8729503,13066,"(-111.8167673, 41.7408221)",in_transit
1790970165.1272402,13066,"(-111.8167385, 41.7417041)",in_transit
1790970175.400144,13066,"(-111.8167181, 41.7425176)",in_transit
1790970185.665668,13066,"(-111.8166485, 41.7436838)",in_transit
1790970195.946631,13066,"(-111.8157216, 41.7444695)",in_transit
1790970206.206123,13066,"(-111.8148418, 41.7444633)",in_transit
1790970216.4715917,13066,"(-111.8142498, 41.7444065)",in_transit
1790970226.7290998,13066,"(-111.8142498, 41.7444065)",in_transit
1790970236.9987414,13066,"(-111.8143003, 41.7435651)",in_transit
1790970247.257212,13066,"(-111.8140595, 41.7435591)",in_transit
1790970257.5005636,13066,"(-111.8140536, 41.7437963)",Taggart Student Center
1790970267.7738402,13066,"(-111.8140331, 41.743806)",Taggart Student Center
1790970278.046923,13066,"(-111.8140293, 41.7438115)",Taggart Student Center
1790970288.3091123,13066,"(-111.8140456, 41.7438051)",Taggart Student Center
1790970298.5630312,13066,"(-111.8140583, 41.7438155)",Taggart Student Center
1790970308.8235836,13066,"(-111.8140551, 41.7438213)",Taggart Student Center
1790970319.0844646,13066,"(-111.8141251, 41.7441386)",in_transit
1790970329.3358927,13066,"(-111.8141163, 41.7443303)",in_transit
1790970339.5988379,13066,"(-111.8140978, 41.7447931)",in_transit
1790970349.858146,13066,"(-111.8140718, 41.7459616)",in_transit
1790970360.1580753,13066,"(-111.8140308, 41.7472911)",in_transit
1790970370.4254525,13066,"(-111.8139818, 41.7483183)",in_transit
1790970380.6827252,13066,"(-111.8138401, 41.7496441)",in_transit
1790970390.931808,13066,"(-111.813813, 41.7499255)",in_transit
1790970401.2069614,13066,"(-111.8135631, 41.7500723)",in_transit
1790970411.5018742,13066,"(-111.8132041, 41.7500441)",The Bull
1790970421.766903,13066,"(-111.8132031, 41.7500305)",The Bull
1790970432.0654883,13066,"(-111.81321, 41.7500315)",The Bull
1790970442.3322718,13066,"(-111.8132156, 41.7500358)",The Bull
1790970452.5910816,13066,"(-111.8127171, 41.7500856)",in_transit
1790970462.8425653,13066,"(-111.8119738, 41.7501008)",in_transit
1790970473.1268537,13066,"(-111.8105233, 41.7500843)",in_transit
1790970483.376655,13066,"(-111.8093955, 41.7500675)",in_transit
1790970493.629921,13066,"(-111.8076355, 41.7500288)",in_transit
1790970503.9109888,13066,"(-111.806527, 41.7499966)",in_transit
1790970514.2051532,13066,"(-111.8057776, 41.7499623)",Logan Cemetery
1790970524.4853597,13066,"(-111.8057241, 41.7499558)",Logan Cemetery
1790970534.7320497,13066,"(-111.8052298, 41.749972)",in_transit
1790970544.991981,13066,"(-111.804984, 41.7499785)",in_transit
1790970555.288897,13066,"(-111.8048541, 41.7499741)",in_transit
1790970565.547076,13066,"(-111.8045503, 41.7494661)",in_transit
1790970575.8325016,13066,"(-111.8040706, 41.7493006)",in_transit
1790970586.083523,13066,"(-111.8027113, 41.7493145)",in_transit
1790970596.3285792,13066,"(-111.8019425, 41.749324)",in_transit
1790970606.5950792,13066,"(-111.8019425, 41.749324)",in_transit
1790970616.8583903,13066,"(-111.802089, 41.7496188)",Lundstrum
1790970627.1136274,13066,"(-111.8021181, 41.7496098)",Lundstrum
1790970637.3727515,13066,"(-111.8021173, 41.7496086)",Lundstrum
1790970647.6377637,13066,"(-111.8021236, 41.7496103)",Lundstrum
1790970657.886984,13066,"(-111.8021266, 41.7496133)",Lundstrum
1790970668.1585882,13066,"(-111.8024383, 41.7494383)",in_transit
1790970678.438983,13066,"(-111.8026903, 41.749348)",in_transit
1790970688.7234774,13066,"(-111.802938, 41.7493443)",in_transit
1790970698.9967132,13066,"(-111.802938, 41.7493443)",in_transit
1790970709.2646656,13066,"(-111.8043633, 41.7496401)",in_transit
1790970719.5329406,13066,"(-111.804618, 41.7500776)",in_transit
1790970729.7947476,13066,"(-111.804639, 41.7498915)",in_transit
1790970740.0619605,13066,"(-111.804533, 41.7494925)",in_transit
1790970750.3253694,13066,"(-111.804439, 41.7488928)",in_transit
1790970760.5784218,13066,"(-111.8043948, 41.7470533)",in_transit
1790970770.8361824,13066,"(-111.8045206, 41.7466045)",in_transit
1790970781.0863633,13066,"(-111.8043765, 41.7460548)",in_transit
1790970791.3710742,13066,"(-111.8043616, 41.7453746)",in_transit
1790970801.6462781,13066,"(-111.8043606, 41.7445075)",in_transit
1790970811.917385,13066,"(-111.8043521, 41.7444781)",in_transit
1790970822.174473,13066,"(-111.8043536, 41.744475)",in_transit
1790970832.4459743,13066,"(-111.8043553, 41.7443271)",in_transit
1790970842.694365,13066,"(-111.8043371, 41.7435088)",Fine Arts Bldg
1790970852.941738,13066,"(-111.8043468, 41.7433285)",Fine Arts Bldg
1790970863.234554,13066,"(-111.8043281, 41.7432978)",in_transit
1790970873.4837394,13066,"(-111.8043155, 41.7431086)",in_transit
1790970883.740847,13066,"(-111.804318, 41.7429638)",in_transit
1790970894.0014207,13066,"(-111.8042936, 41.742845)",in_transit
1790970904.29352,13066,"(-111.804529, 41.7424815)",in_transit
1790970914.5431197,13066,"(-111.8061498, 41.7415183)",in_transit
1790970924.804629,13066,"(-111.8073845, 41.7409425)",in_transit
1790970935.0709107,13066,"(-111.809603, 41.740419)",in_transit
1790970945.3156943,13066,"(-111.8107975, 41.7401406)",in_transit
1790970955.5817852,13066,"(-111.8112465, 41.7400223)",Family Life Bldg
1790970965.8448262,13066,"(-111.81126, 41.7400188)",Family Life Bldg
1790970976.1449618,13066,"(-111.811282, 41.7400095)",Family Life Bldg
1790970986.4195616,13066,"(-111.8113046, 41.7399991)",in_transit
1790970996.6784725,13066,"(-111.8119361, 41.7397211)",in_transit
1790971006.9727137,13066,"(-111.8139271, 41.7389051)",in_transit
1790971017.2285774,13066,"(-111.8154351, 41.7386498)",in_transit
1790971027.4973896,13066,"(-111.8162096, 41.738741)",in_transit
1790971037.7848854,13066,"(-111.8171848, 41.738825)",in_transit
1790971048.0551126,13066,"(-111.819311, 41.739042)",in_transit
1790971058.3102396,13066,"(-111.8192901, 41.7400355)",in_transit
1790971068.5724654,13066,"(-111.819236, 41.7405101)",in_transit
1790971078.8267157,13066,"(-111.8183563, 41.7406365)",in_transit
1790971089.0958438,13066,"(-111.8177485, 41.740605)",670 E 500 N
1790971099.3575888,13066,"(-111.8177243, 41.7405986)",670 E 500 N
1790971109.619696,13066,"(-111.8177205, 41.7406025)",670 E 500 N
1790971119.9168856,13066,"(-111.8177085, 41.7406061)",670 E 500 N
1790971130.2014122,13066,"(-111.816975, 41.7406131)",in_transit
1790971140.4576983,13066,"(-111.8167648, 41.7407948)",in_transit
1790971150.7209744,13066,"(-111.8167136, 41.7421316)",in_transit
1790971160.982023,13066,"(-111.8166916, 41.7429081)",in_transit
1790971171.244609,13066,"(-111.8164673, 41.7440435)",in_transit
1790971181.4948263,13066,"(-111.815728, 41.7444623)",in_transit
1790971191.8160331,13066,"(-111.814567, 41.7444515)",in_transit
1790971202.0835178,13066,"(-111.8143213, 41.744441)",in_transit
1790971212.3522122,13066,"(-111.8142631, 41.743777)",in_transit
1790971222.6928425,13066,"(-111.8143231, 41.743594)",in_transit
1790971232.9866624,13066,"(-111.814074, 41.7435048)",in_transit
1790971243.2507038,13066,"(-111.8140543, 41.7438066)",Taggart Student Center
1790971253.5247548,13066,"(-111.8140541, 41.7438126)",Taggart Student Center
1790971263.8070452,13066,"(-111.8140738, 41.7438156)",Taggart Student Center
1790971274.0759873,13066,"(-111.8140941, 41.743811)",Taggart Student Center
1790971284.3398092,13066,"(-111.8141025, 41.743813)",in_transit
1790971294.607434,13066,"(-111.814109, 41.7438156)",in_transit
1790971304.861494,13066,"(-111.8141031, 41.7438243)",in_transit
1790971315.1149695,13066,"(-111.8140963, 41.7438386)",in_transit
1790971325.3755457,13066,"(-111.8140895, 41.7438483)",in_transit
1790971335.6421502,13066,"(-111.814099, 41.7438431)",in_transit
1790971345.9037967,13066,"(-111.8140945, 41.7438363)",in_transit
1790971356.173655,13066,"(-111.8141395, 41.7441535)",in_transit
1790971366.4380295,13066,"(-111.8141186, 41.7442805)",in_transit
1790971376.7346735,13066,"(-111.8141146, 41.7443285)",in_transit
1790971387.0036988,13066,"(-111.8141136, 41.7449288)",in_transit
1790971397.2617247,13066,"(-111.814113, 41.7457011)",in_transit
1790971407.560253,13066,"(-111.8140608, 41.7469805)",in_transit
1790971417.825724,13066,"(-111.8139758, 41.748475)",in_transit
1790971428.1416464,13066,"(-111.8138741, 41.7493918)",in_transit
1790971438.4050303,13066,"(-111.8138076, 41.7499545)",in_transit
1790971448.6736789,13066,"(-111.8135656, 41.7500611)",in_transit
1790971458.9849293,13066,"(-111.8132475, 41.7500465)",The Bull
1790971469.2366688,13066,"(-111.8132418, 41.7500546)",The Bull
1790971479.530618,13066,"(-111.8132436, 41.7500595)",The Bull
1790971489.790907,13066,"(-111.8132513, 41.7500628)",The Bull
1790971500.0637288,13066,"(-111.8132513, 41.7500625)",The Bull
1790971510.3252447,13066,"(-111.8129995, 41.7500763)",in_transit
1790971520.612751,13066,"(-111.8122616, 41.7500918)",in_transit
1790971530.8626044,13066,"(-111.8113105, 41.750099)",in_transit
1790971541.1711912,13066,"(-111.810521, 41.7500943)",in_transit
1790971551.4324315,13066,"(-111.8090808, 41.75006)",in_transit
1790971561.69868,13066,"(-111.807532, 41.7500191)",in_transit
1790971571.957417,13066,"(-111.8065336, 41.7499925)",in_transit
1790971582.219801,13066,"(-111.8058208, 41.7499445)",Logan Cemetery
1790971592.5115068,13066,"(-111.8057216, 41.7499358)",Logan Cemetery
1790971602.7862217,13066,"(-111.80572, 41.7499336)",Logan Cemetery
1790971613.0457962,13066,"(-111.8049356, 41.7499613)",in_transit
1790971623.3034208,13066,"(-111.8047648, 41.7499448)",in_transit
1790971633.572196,13066,"(-111.8045458, 41.7497553)",in_transit
1790971643.8301945,13066,"(-111.8042858, 41.749275)",in_transit
1790971654.0864878,13066,"(-111.8039561, 41.7492791)",in_transit
1790971664.3551881,13066,"(-111.8027808, 41.74929)",in_transit
1790971674.6248815,13066,"(-111.8020038, 41.7492966)",in_transit
1790971684.9018583,13066,"(-111.8018755, 41.74948)",in_transit
1790971695.2265246,13066,"(-111.8021165, 41.7496035)",Lundstrum
1790971705.4771807,13066,"(-111.8021188, 41.7496056)",Lundstrum
1790971715.7337284,13066,"(-111.8021175, 41.7496111)",Lundstrum
1790971726.0004377,13066,"(-111.8021115, 41.7496135)",Lundstrum
1790971736.259598,13066,"(-111.8021041, 41.7496088)",Lundstrum
1790971746.5377398,13066,"(-111.8021013, 41.7496053)",Lundstrum
1790971756.7949693,13066,"(-111.802127, 41.7496036)",Lundstrum
1790971767.0664265,13066,"(-111.8023685, 41.7494965)",in_transit
1790971777.32565,13066,"(-111.802432, 41.7494286)",in_transit
1790971787.597503,13066,"(-111.8033481, 41.7493446)",in_transit
1790971797.8537128,13066,"(-111.8040266, 41.7493631)",in_transit
1790971808.1172493,13066,"(-111.8043741, 41.7497275)",in_transit
1790971818.383499,13066,"(-111.8046333, 41.750084)",in_transit
1790971828.641593,13066,"(-111.8045198, 41.7495226)",in_transit
1790971838.9413285,13066,"(-111.8044276, 41.7488363)",in_transit
1790971849.1877527,13066,"(-111.8044023, 41.7481036)",in_transit
1790971859.4467063,13066,"(-111.8043668, 41.7469905)",in_transit
1790971869.7041895,13066,"(-111.8044513, 41.7464216)",in_transit
1790971879.9657078,13066,"(-111.8043501, 41.7456465)",in_transit
1790971890.220304,13066,"(-111.8043411, 41.7449313)",in_transit
1790971900.478861,13066,"(-111.8043295, 41.7438931)",in_transit
1790971910.7487957,13066,"(-111.8043278, 41.7433588)",Fine Arts Bldg
1790971921.0122206,13066,"(-111.8043313, 41.7433043)",Fine Arts Bldg
1790971931.28013,13066,"(-111.8043298, 41.7433036)",Fine Arts Bldg
1790971941.5845091,13066,"(-111.8043135, 41.7429358)",in_transit
1790971951.893455,13066,"(-111.8044033, 41.7425636)",in_transit
1790971962.1693168,13066,"(-111.8055273, 41.741896)",in_transit
1790971972.4382064,13066,"(-111.8067116, 41.7412175)",in_transit
1790971982.715945,13066,"(-111.8090048, 41.740547)",in_transit
1790971992.9687636,13066,"(-111.810929, 41.740113)",in_transit
1790972003.2257044,13066,"(-111.8111913, 41.740041)",Family Life Bldg
1790972013.4928334,13066,"(-111.8112458, 41.7400246)",Family Life Bldg
1790972023.760635,13066,"(-111.8112536, 41.7400245)",Family Life Bldg
1790972034.0539424,13066,"(-111.8115061, 41.7398951)",in_transit
1790972044.34776,13066,"(-111.812375, 41.7395405)",in_transit
1790972054.6141915,13066,"(-111.8137106, 41.7389996)",in_transit
1790972064.8783593,13066,"(-111.8160111, 41.7387128)",in_transit
1790972075.143463,13066,"(-111.8180735, 41.7388488)",in_transit
1790972085.409482,13066,"(-111.8190765, 41.7388673)",in_transit
1790972095.6574066,13066,"(-111.8192061, 41.7388666)",in_transit
1790972105.922017,13066,"(-111.8193075, 41.739258)",in_transit
1790972116.1849952,13066,"(-111.8192958, 41.740212)",in_transit
1790972126.4612577,13066,"(-111.8190266, 41.7406356)",in_transit
1790972136.7071722,13066,"(-111.8179105, 41.7406175)",in_transit
1790972146.9577265,13066,"(-111.8176876, 41.7406148)",670 E 500 N
1790972157.2595549,13066,"(-111.8176731, 41.7405978)",670 E 500 N
1790972167.5209093,13066,"(-111.8174215, 41.7406008)",in_transit
1790972177.778183,13066,"(-111.816921, 41.740599)",in_transit
1790972188.0432024,13066,"(-111.8167426, 41.7413123)",in_transit
1790972198.2952998,13066,"(-111.8167038, 41.7425295)",in_transit
1790972208.5924265,13066,"(-111.8166808, 41.7432693)",in_transit
1790972218.8516946,13066,"(-111.8161593, 41.7443443)",in_transit
1790972229.128316,13066,"(-111.8149585, 41.7444591)",in_transit
1790972239.3897643,13066,"(-111.8145825, 41.744451)",in_transit
1790972249.6512973,13066,"(-111.8143838, 41.7444401)",in_transit
1790972259.9345078,13066,"(-111.8143536, 41.7444396)",in_transit
1790972270.1878848,13066,"(-111.814231, 41.7440195)",in_transit
1790972280.4531107,13066,"(-111.8142405, 41.7438215)",in_transit
1790972290.7127032,13066,"(-111.8139946, 41.7437013)",Taggart Student Center
1790972300.981516,13066,"(-111.8140576, 41.7438165)",Taggart Student Center
1790972311.2345529,13066,"(-111.8140573, 41.7438216)",Taggart Student Center
1790972321.4857433,13066,"(-111.814045, 41.7438268)",Taggart Student Center
1790972331.7433648,13066,"(-111.8140373, 41.7438386)",Taggart Student Center
1790972342.0778277,13066,"(-111.8140398, 41.7438468)",in_transit
1790972352.328288,13066,"(-111.8141448, 41.7439295)",in_transit
1790972362.5823076,13066,"(-111.8141091, 41.7441185)",in_transit
1790972372.8670228,13066,"(-111.8141285, 41.7442186)",in_transit
1790972383.1633384,13066,"(-111.814129, 41.7446746)",in_transit
1790972393.428743,13066,"(-111.8141541, 41.7453246)",in_transit
1790972403.7034066,13066,"(-111.8141013, 41.7464993)",in_transit
1790972413.990254,13066,"(-111.8140455, 41.7478571)",in_transit
1790972424.3206365,13066,"(-111.8139695, 41.748608)",in_transit
1790972434.5947256,13066,"(-111.8138265, 41.7498115)",in_transit
1790972444.853045,13066,"(-111.8135676, 41.7500828)",in_transit
1790972455.1189365,13066,"(-111.8135676, 41.7500828)",in_transit
1790972465.3787737,13066,"(-111.813181, 41.7500445)",The Bull
1790972475.6403015,13066,"(-111.8131875, 41.7500501)",The Bull
1790972485.9160297,13066,"(-111.8126383, 41.7500833)",in_transit
1790972496.185878,13066,"(-111.8116603, 41.7500833)",in_transit
1790972506.4654067,13066,"(-111.8099776, 41.7500573)",in_transit
1790972516.7149923,13066,"(-111.808876, 41.7500326)",in_transit
1790972526.9769843,13066,"(-111.8071178, 41.7499933)",in_transit
1790972537.240239,13066,"(-111.8060643, 41.7499566)",in_transit
1790972547.511846,13066,"(-111.805695, 41.7499451)",Logan Cemetery
1790972557.769994,13066,"(-111.8055908, 41.7499505)",in_transit
1790972568.0270302,13066,"(-111.805002, 41.749965)",in_transit
1790972578.295516,13066,"(-111.8045233, 41.7497568)",in_transit
1790972588.610867,13066,"(-111.8042921, 41.7492711)",in_transit
1790972598.8799198,13066,"(-111.8032655, 41.749291)",in_transit
1790972609.1386757,13066,"(-111.802298, 41.749296)",in_transit
1790972619.3980258,13066,"(-111.8018491, 41.7494911)",in_transit
1790972629.6630228,13066,"(-111.8018491, 41.7494911)",in_transit
1790972639.9213305,13066,"(-111.8020835, 41.7496386)",Lundstrum
1790972650.1775434,13066,"(-111.8021031, 41.749651)",Lundstrum
1790972660.4390552,13066,"(-111.8021111, 41.749658)",Lundstrum
1790972670.7381494,13066,"(-111.802395, 41.749507)",in_transit
1790972681.0390694,13066,"(-111.8025896, 41.74937)",in_transit
1790972691.2958567,13066,"(-111.8030933, 41.749355)",in_transit
1790972701.5578012,13066,"(-111.8040823, 41.749393)",in_transit
1790972711.8288634,13066,"(-111.8041673, 41.7494291)",in_transit
1790972722.0890782,13066,"(-111.8043535, 41.7498483)",in_transit
1790972732.352802,13066,"(-111.8045883, 41.7501051)",in_transit
1790972742.6433043,13066,"(-111.80452, 41.7494903)",in_transit
1790972752.9050927,13066,"(-111.8044253, 41.748874)",in_transit
1790972763.1619797,13066,"(-111.8044075, 41.7477291)",in_transit
1790972773.4197347,13066,"(-111.8043931, 41.7470058)",in_transit
1790972783.6757133,13066,"(-111.8044416, 41.7463776)",in_transit
1790972793.9388509,13066,"(-111.8043731, 41.7457376)",in_transit
1790972804.2348096,13066,"(-111.8043641, 41.744667)",in_transit
1790972814.4908006,13066,"(-111.804355, 41.7439825)",in_transit
1790972824.801925,13066,"(-111.8043513, 41.743441)",Fine Arts Bldg
1790972835.097979,13066,"(-111.8043583, 41.7433096)",Fine Arts Bldg
1790972845.358193,13066,"(-111.804344, 41.7432938)",in_transit
1790972855.6172962,13066,"(-111.8043331, 41.743292)",in_transit
1790972865.8854551,13066,"(-111.8043248, 41.7430975)",in_transit
1790972876.134979,13066,"(-111.8043065, 41.7429155)",in_transit
1790972886.4042754,13066,"(-111.804269, 41.7428085)",in_transit
1790972896.6672761,13066,"(-111.8042613, 41.7428043)",in_transit
1790972906.9082577,13066,"(-111.8043223, 41.7426061)",in_transit
1790972917.1639836,13066,"(-111.8050453, 41.7421701)",in_transit
1790972927.4426346,13066,"(-111.806843, 41.7411445)",in_transit
1790972937.7307885,13066,"(-111.8091316, 41.740513)",in_transit
1790972947.975159,13066,"(-111.8105105, 41.740201)",in_transit
1790972958.2589495,13066,"(-111.8112068, 41.740035)",Family Life Bldg
1790972968.525621,13066,"(-111.8112583, 41.7400168)",Family Life Bldg
1790972978.8290029,13066,"(-111.8112658, 41.7400135)",Family Life Bldg
1790972989.1178942,13066,"(-111.8112728, 41.7400128)",Family Life Bldg
1790972999.3719432,13066,"(-111.8112743, 41.7400136)",Family Life Bldg
1790973009.6226683,13066,"(-111.8112855, 41.7400086)",Family Life Bldg
1790973019.8834047,13066,"(-111.8112858, 41.7400125)",Family Life Bldg
1790973030.185323,13066,"(-111.8112896, 41.7400116)",Family Life Bldg
1790973040.4514165,13066,"(-111.8112921, 41.740007)",Family Life Bldg
1790973050.7078846,13066,"(-111.8115908, 41.7398491)",in_transit
1790973060.9791977,13066,"(-111.813226, 41.7391935)",in_transit
1790973071.2521884,13066,"(-111.815651, 41.7386676)",in_transit
1790973081.5193045,13066,"(-111.8173896, 41.7388425)",in_transit
1790973091.7844563,13066,"(-111.819174, 41.7388716)",in_transit
1790973102.0645037,13066,"(-111.8193048, 41.7390596)",in_transit
1790973112.3274336,13066,"(-111.8192963, 41.740087)",in_transit
1790973122.5928586,13066,"(-111.8192116, 41.7405661)",in_transit
1790973132.8603005,13066,"(-111.8183533, 41.7406555)",in_transit
1790973143.1245399,13066,"(-111.8177353, 41.7406181)",670 E 500 N
1790973153.3817563,13066,"(-111.8177146, 41.7406133)",670 E 500 N
1790973163.6473198,13066,"(-111.8177026, 41.7406113)",670 E 500 N
1790973173.902703,13066,"(-111.8169371, 41.7406025)",in_transit
1790973184.1694684,13066,"(-111.8167578, 41.7407838)",in_transit
1790973194.4292562,13066,"(-111.816717, 41.7420316)",in_transit
1790973204.6879013,13066,"(-111.8166978, 41.7425293)",in_transit
1790973214.963899,13066,"(-111.8166666, 41.743326)",in_transit
1790973225.2208834,13066,"(-111.8164763, 41.7440385)",in_transit
1790973235.4744935,13066,"(-111.8155898, 41.7444821)",in_transit
1790973245.7379975,13066,"(-111.8145151, 41.7444485)",in_transit
1790973255.9977846,13066,"(-111.8142726, 41.7444206)",in_transit
1790973266.2873218,13066,"(-111.8142421, 41.7437986)",in_transit
1790973276.5363271,13066,"(-111.8142421, 41.7437986)",in_transit
1790973286.7784386,13066,"(-111.8140146, 41.7436116)",Taggart Student Center
1790973297.0937507,13066,"(-111.814044, 41.7438158)",Taggart Student Center
1790973307.4167721,13066,"(-111.8140413, 41.7438236)",Taggart Student Center
1790973317.6761603,13066,"(-111.8140481, 41.7438163)",Taggart Student Center
1790973327.92781,13066,"(-111.8140618, 41.7438106)",Taggart Student Center
1790973338.1977172,13066,"(-111.8140833, 41.7438223)",Taggart Student Center
1790973348.4860885,13066,"(-111.8141028, 41.7438388)",in_transit
1790973358.7418056,13066,"(-111.8141183, 41.7438396)",in_transit
1790973369.0136836,13066,"(-111.8141475, 41.7438503)",in_transit
1790973379.3067765,13066,"(-111.8141196, 41.744429)",in_transit
1790973389.6016338,13066,"(-111.8140865, 41.74508)",in_transit
1790973399.8504217,13066,"(-111.8140828, 41.7454751)",in_transit
1790973410.1075559,13066,"(-111.8140828, 41.7454751)",in_transit
1790973420.3654108,13066,"(-111.8140828, 41.7454751)",in_transit
1790973430.6217403,13066,"(-111.8140828, 41.7454751)",in_transit
1790973440.9118555,13066,"(-111.8140828, 41.7454751)",in_transit
1790973451.1883,13066,"(-111.8140828, 41.7454751)",in_transit
1790973461.4390616,13066,"(-111.8140828, 41.7454751)",in_transit
1790973471.6987052,13066,"(-111.8140828, 41.7454751)",in_transit
1790973481.958957,13066,"(-111.8131875, 41.7500683)",The Bull
1790973492.2196524,13066,"(-111.8126383, 41.7500978)",in_transit
1790973502.486037,13066,"(-111.8112096, 41.7500976)",in_transit
1790973512.7504776,13066,"(-111.8101763, 41.7500806)",in_transit
1790973523.029363,13066,"(-111.8085546, 41.750046)",in_transit
1790973533.2857833,13066,"(-111.807383, 41.7500226)",in_transit
1790973543.549342,13066,"(-111.8058935, 41.7499695)",Logan Cemetery
1790973553.8200316,13066,"(-111.8057025, 41.7499646)",Logan Cemetery
1790973564.0888057,13066,"(-111.8056788, 41.7499631)",Logan Cemetery
1790973574.359091,13066,"(-111.8048913, 41.7499818)",in_transit
1790973584.6749263,13066,"(-111.8045195, 41.749713)",in_transit
1790973594.9378355,13066,"(-111.804288, 41.7492891)",in_transit
1790973605.182569,13066,"(-111.8036086, 41.7493055)",in_transit
1790973615.4791567,13066,"(-111.802683, 41.74932)",in_transit
1790973625.729364,13066,"(-111.801907, 41.7493345)",in_transit
1790973635.9890332,13066,"(-111.8018766, 41.7495195)",in_transit
1790973646.2501369,13066,"(-111.802081, 41.749635)",Lundstrum
1790973656.5188549,13066,"(-111.80207, 41.7496363)",Lundstrum
1790973666.7781785,13066,"(-111.8020695, 41.7496355)",Lundstrum
1790973677.0421515,13066,"(-111.802072, 41.7496303)",Lundstrum
1790973687.3008912,13066,"(-111.8020673, 41.7496236)",Lundstrum
1790973697.5514946,13066,"(-111.8020648, 41.7496218)",Lundstrum
1790973707.8111534,13066,"(-111.8020616, 41.7496258)",Lundstrum
1790973718.0869353,13066,"(-111.8022903, 41.7495443)",in_transit
1790973728.3511317,13066,"(-111.8030283, 41.7493431)",in_transit
1790973738.6579113,13066,"(-111.8038225, 41.7493533)",in_transit
1790973748.9127238,13066,"(-111.804354, 41.7497965)",in_transit
1790973759.1646404,13066,"(-111.804627, 41.750077)",in_transit
1790973769.4149654,13066,"(-111.8046118, 41.749888)",in_transit
1790973779.6852078,13066,"(-111.8046118, 41.749888)",in_transit
1790973789.94825,13066,"(-111.8044198, 41.7482173)",in_transit
1790973800.1995618,13066,"(-111.8044003, 41.7471146)",in_transit
1790973810.466089,13066,"(-111.8044941, 41.7466558)",in_transit
1790973820.719083,13066,"(-111.8045013, 41.7464706)",in_transit
1790973830.9890888,13066,"(-111.8043651, 41.744965)",in_transit
1790973841.2576122,13066,"(-111.8043535, 41.744247)",in_transit
1790973851.5561388,13066,"(-111.8043796, 41.7433843)",Fine Arts Bldg
1790973861.8494897,13066,"(-111.8043608, 41.7433153)",Fine Arts Bldg
1790973872.109165,13066,"(-111.8043496, 41.7433065)",Fine Arts Bldg
1790973882.3697128,13066,"(-111.8043436, 41.7433003)",Fine Arts Bldg
1790973892.6721585,13066,"(-111.8043378, 41.7432885)",in_transit
1790973902.9421568,13066,"(-111.8043288, 41.7432746)",in_transit
1790973913.2577815,13066,"(-111.8043251, 41.7432111)",in_transit
1790973923.5217586,13066,"(-111.8043253, 41.7430246)",in_transit
1790973933.804921,13066,"(-111.8042928, 41.742657)",in_transit
1790973944.0764532,13066,"(-111.8050826, 41.742155)",in_transit
1790973954.3361204,13066,"(-111.80699, 41.7410851)",in_transit
1790973964.5924106,13066,"(-111.8094731, 41.7404468)",in_transit
1790973974.8569431,13066,"(-111.8107901, 41.7401468)",in_transit
1790973985.1404397,13066,"(-111.8111265, 41.7400701)",Family Life Bldg
1790973995.3993874,13066,"(-111.8112408, 41.7400321)",Family Life Bldg
1790974005.7003152,13066,"(-111.8112448, 41.7400321)",Family Life Bldg
1790974015.9639504,13066,"(-111.8112683, 41.740022)",Family Life Bldg
1790974026.2177393,13066,"(-111.8121006, 41.7396523)",in_transit
1790974036.4952412,13066,"(-111.8134265, 41.7391026)",in_transit
1790974046.754237,13066,"(-111.8149493, 41.7386605)",in_transit
1790974057.016539,13066,"(-111.8174051, 41.7388383)",in_transit
1790974067.2996526,13066,"(-111.819152, 41.7388771)",in_transit
1790974077.5530858,13066,"(-111.8191988, 41.7388793)",in_transit
1790974087.8253007,13066,"(-111.8193065, 41.7390625)",in_transit
1790974098.1005495,13066,"(-111.8192851, 41.7401531)",in_transit
1790974108.352802,13066,"(-111.8191641, 41.7405846)",in_transit
1790974118.614807,13066,"(-111.8183046, 41.7406445)",in_transit
1790974128.8767207,13066,"(-111.8176958, 41.7406093)",670 E 500 N
1790974139.1359882,13066,"(-111.8176966, 41.7406011)",670 E 500 N
1790974149.4306242,13066,"(-111.8175805, 41.7406005)",670 E 500 N
1790974159.7042403,13066,"(-111.816851, 41.7406463)",in_transit
1790974169.9666476,13066,"(-111.8167488, 41.7412451)",in_transit
1790974180.263328,13066,"(-111.8167028, 41.7425395)",in_transit
1790974190.5171947,13066,"(-111.816667, 41.743386)",in_transit
1790974200.7715795,13066,"(-111.8160036, 41.7444246)",in_transit
1790974211.0528295,13066,"(-111.8148923, 41.7444736)",in_transit
1790974221.3237772,13066,"(-111.8145348, 41.7444465)",in_transit
1790974231.589678,13066,"(-111.8143708, 41.744433)",in_transit
1790974241.8559504,13066,"(-111.8143525, 41.7444453)",in_transit
1790974252.1144881,13066,"(-111.8142185, 41.7442786)",in_transit
1790974262.3728325,13066,"(-111.8143213, 41.7437405)",in_transit
1790974272.6225471,13066,"(-111.8140443, 41.7435811)",in_transit
1790974282.8868415,13066,"(-111.8139633, 41.7436661)",Taggart Student Center
1790974293.1567094,13066,"(-111.8139698, 41.7436768)",Taggart Student Center
1790974303.449503,13066,"(-111.813985, 41.7436736)",Taggart Student Center
1790974313.7167957,13066,"(-111.8139945, 41.7436601)",Taggart Student Center
1790974323.9627886,13066,"(-111.8140045, 41.7436536)",Taggart Student Center
1790974334.23246,13066,"(-111.8140158, 41.74365)",Taggart Student Center
1790974344.4941807,13066,"(-111.8140113, 41.7436381)",Taggart Student Center
1790974354.7721295,13066,"(-111.8140023, 41.7436313)",Taggart Student Center
1790974365.0249896,13066,"(-111.8140808, 41.7437941)",Taggart Student Center
1790974375.2790687,13066,"(-111.8140983, 41.744165)",in_transit
1790974385.52251,13066,"(-111.81408, 41.745083)",in_transit
1790974395.8123324,13066,"(-111.8140795, 41.745881)",in_transit
1790974406.0639915,13066,"(-111.8140308, 41.7472)",in_transit
1790974416.3440857,13066,"(-111.8139923, 41.7482121)",in_transit
1790974426.6149964,13066,"(-111.8138523, 41.7495886)",in_transit
1790974436.8769884,13066,"(-111.8138048, 41.749837)",in_transit
1790974447.1302319,13066,"(-111.8138016, 41.7499885)",in_transit
1790974457.4140253,13066,"(-111.8138006, 41.7500163)",in_transit
1790974467.6709552,13066,"(-111.8136218, 41.7501151)",in_transit
1790974477.9261112,13066,"(-111.8131805, 41.750078)",The Bull
1790974488.1796033,13066,"(-111.8131753, 41.750078)",The Bull
1790974498.4661968,13066,"(-111.8131778, 41.7500673)",The Bull
1790974508.7461705,13066,"(-111.8131748, 41.7500708)",The Bull
1790974519.0057695,13066,"(-111.8128966, 41.7501111)",in_transit
1790974529.2636888,13066,"(-111.8115835, 41.7501193)",in_transit
1790974539.5410888,13066,"(-111.810522, 41.7500998)",in_transit
1790974549.7922301,13066,"(-111.80873, 41.7500571)",in_transit
1790974560.0485694,13066,"(-111.8073316, 41.7500191)",in_transit
1790974570.2940211,13066,"(-111.8060166, 41.7499573)",Logan Cemetery
1790974580.5925684,13066,"(-111.8057758, 41.7499493)",Logan Cemetery
1790974590.858691,13066,"(-111.805466, 41.7499681)",in_transit
1790974601.117977,13066,"(-111.8049281, 41.749979)",in_transit
1790974611.3771424,13066,"(-111.8045203, 41.7497543)",in_transit
1790974621.6293929,13066,"(-111.8043136, 41.7492775)",in_transit
1790974631.883278,13066,"(-111.8031768, 41.7492936)",in_transit
1790974642.1595,13066,"(-111.8021665, 41.7492996)",in_transit
1790974652.4545348,13066,"(-111.8018446, 41.749491)",in_transit
1790974662.7257671,13066,"(-111.8018446, 41.749491)",in_transit
1790974673.0271301,13066,"(-111.8020873, 41.7496116)",Lundstrum
1790974683.2881649,13066,"(-111.8020918, 41.7496093)",Lundstrum
1790974693.5511467,13066,"(-111.8020938, 41.7496106)",Lundstrum
1790974703.8170128,13066,"(-111.8021083, 41.7496078)",Lundstrum
1790974714.0635834,13066,"(-111.802351, 41.7494998)",in_transit
1790974724.3240974,13066,"(-111.802496, 41.7493756)",in_transit
1790974734.5858924,13066,"(-111.8030955, 41.7493525)",in_transit
1790974744.8560395,13066,"(-111.8038703, 41.7493618)",in_transit
1790974755.1247706,13066,"(-111.8043038, 41.7495915)",in_transit
1790974765.3883278,13066,"(-111.80435, 41.7497981)",in_transit
1790974775.6484451,13066,"(-111.8045396, 41.7501106)",in_transit
1790974785.8971457,13066,"(-111.804525, 41.7493455)",in_transit
1790974796.166362,13066,"(-111.804414, 41.7491315)",in_transit
1790974806.4212394,13066,"(-111.8043868, 41.7475585)",in_transit
1790974816.663924,13066,"(-111.8044421, 41.7466778)",in_transit
1790974826.927747,13066,"(-111.8044168, 41.7463508)",in_transit
1790974837.2089212,13066,"(-111.8043591, 41.7451938)",in_transit
1790974847.4670782,13066,"(-111.8043475, 41.744686)",in_transit
1790974857.7681208,13066,"(-111.8043203, 41.7446276)",in_transit
1790974868.0198386,13066,"(-111.8042923, 41.7446141)",in_transit
1790974878.321425,13066,"(-111.8043055, 41.7441905)",in_transit
1790974889.5947316,13066,"(-111.8043166, 41.7434056)",Fine Arts Bldg
1790974899.881979,13066,"(-111.8043315, 41.7433141)",Fine Arts Bldg
1790974910.173808,13066,"(-111.8043308, 41.7433108)",Fine Arts Bldg
1790974920.4839242,13066,"(-111.8043268, 41.7431295)",in_transit
1790974930.7328432,13066,"(-111.80432, 41.7429486)",in_transit
1790974940.9911828,13066,"(-111.8043003, 41.7428393)",in_transit
1790974951.2463725,13066,"(-111.8042813, 41.742796)",in_transit
1790974961.5219953,13066,"(-111.804386, 41.7425408)",in_transit
1790974971.7932034,13066,"(-111.8056136, 41.7418103)",in_transit
1790974982.046838,13066,"(-111.8062946, 41.7414095)",in_transit
1790974992.3393276,13066,"(-111.8101741, 41.7402793)",in_transit
1790975002.6129923,13066,"(-111.811084, 41.7400716)",Family Life Bldg
1790975012.8741603,13066,"(-111.8112263, 41.7400331)",Family Life Bldg
1790975023.1194105,13066,"(-111.8112418, 41.7400253)",Family Life Bldg
1790975033.3737235,13066,"(-111.8116441, 41.739826)",in_transit
1790975043.637913,13066,"(-111.8137141, 41.7389725)",in_transit
1790975053.8894463,13066,"(-111.8145486, 41.7387045)",in_transit
1790975064.1583672,13066,"(-111.8173975, 41.7388308)",in_transit
1790975074.400445,13066,"(-111.8192278, 41.7388761)",in_transit
1790975084.6567874,13066,"(-111.8192965, 41.7394928)",in_transit
1790975094.9117298,13066,"(-111.8192821, 41.7402473)",in_transit
1790975105.179505,13066,"(-111.8190005, 41.740655)",in_transit
1790975115.4452693,13066,"(-111.8177621, 41.740621)",670 E 500 N
1790975125.7533438,13066,"(-111.8177005, 41.7406003)",670 E 500 N
1790975136.0464435,13066,"(-111.8174941, 41.7406181)",670 E 500 N
1790975146.3237908,13066,"(-111.8167588, 41.7408766)",in_transit
1790975156.5859833,13066,"(-111.816723, 41.7418011)",in_transit
1790975166.8623028,13066,"(-111.8166708, 41.7433291)",in_transit
1790975177.1467445,13066,"(-111.816324, 41.7442075)",in_transit
1790975187.404243,13066,"(-111.8153768, 41.7444801)",in_transit
1790975197.6679351,13066,"(-111.8144441, 41.7444413)",in_transit
1790975207.9326391,13066,"(-111.8142333, 41.7440356)",in_transit
1790975218.192489,13066,"(-111.8143285, 41.7436466)",in_transit
1790975228.4651775,13066,"(-111.8140485, 41.7434928)",in_transit
1790975238.7305896,13066,"(-111.8139423, 41.7434988)",in_transit
1790975248.9989557,13066,"(-111.8139363, 41.7434995)",in_transit
1790975259.2578945,13066,"(-111.8139425, 41.7435018)",in_transit
1790975269.5350394,13066,"(-111.8139546, 41.7435121)",in_transit
1790975279.7959998,13066,"(-111.8139668, 41.7435278)",in_transit
1790975290.06667,13066,"(-111.8139706, 41.7435338)",in_transit
1790975300.3354676,13066,"(-111.8139613, 41.7436065)",Taggart Student Center
1790975310.597037,13066,"(-111.8140045, 41.743779)",Taggart Student Center
1790975320.906374,13066,"(-111.8140453, 41.7437903)",Taggart Student Center
1790975331.170007,13066,"(-111.8141228, 41.7439725)",in_transit
1790975341.4443796,13066,"(-111.814045, 41.7441558)",in_transit
1790975351.6910758,13066,"(-111.814062, 41.7442583)",in_transit
1790975361.9424365,13066,"(-111.8140653, 41.7442845)",in_transit
1790975372.198823,13066,"(-111.8140725, 41.7445011)",in_transit
1790975382.4611022,13066,"(-111.8140718, 41.7453846)",in_transit
1790975392.7201416,13066,"(-111.8140343, 41.7467426)",in_transit
1790975402.975686,13066,"(-111.8139971, 41.7477511)",in_transit
1790975413.230619,13066,"(-111.8138661, 41.7493495)",in_transit
1790975423.50591,13066,"(-111.8137906, 41.7499491)",in_transit
1790975433.769586,13066,"(-111.8135453, 41.7500858)",in_transit
1790975444.0689232,13066,"(-111.8132521, 41.7500643)",The Bull
1790975454.3271601,13066,"(-111.813167, 41.7500655)",The Bull
1790975464.582622,13066,"(-111.8131685, 41.7500638)",The Bull
1790975474.858486,13066,"(-111.813155, 41.7500598)",The Bull
1790975485.131768,13066,"(-111.8123563, 41.7501113)",in_transit
1790975495.4047918,13066,"(-111.8112563, 41.750105)",in_transit
1790975505.6873643,13066,"(-111.8094755, 41.7500633)",in_transit
1790975515.9852524,13066,"(-111.8075108, 41.7500213)",in_transit
1790975526.27465,13066,"(-111.8063328, 41.7499846)",in_transit
1790975536.5421784,13066,"(-111.8059118, 41.7499515)",Logan Cemetery
1790975546.7913299,13066,"(-111.8056935, 41.749941)",Logan Cemetery
1790975557.0459125,13066,"(-111.804842, 41.7499755)",in_transit
1790975567.3046374,13066,"(-111.804739, 41.7499598)",in_transit
1790975577.5933497,13066,"(-111.8045236, 41.7497741)",in_transit
1790975587.8742003,13066,"(-111.8043063, 41.7492815)",in_transit
1790975598.1320162,13066,"(-111.803299, 41.7493005)",in_transit
1790975608.3889215,13066,"(-111.8022155, 41.7493143)",in_transit
1790975618.6525657,13066,"(-111.8019, 41.7493271)",in_transit
1790975628.9120152,13066,"(-111.8020883, 41.749607)",Lundstrum
1790975639.2206442,13066,"(-111.8021006, 41.7496186)",Lundstrum
1790975649.4781442,13066,"(-111.8021008, 41.7496283)",Lundstrum
1790975659.7731864,13066,"(-111.8022535, 41.7495768)",Lundstrum
1790975670.0610821,13066,"(-111.802414, 41.7494323)",in_transit
1790975680.325203,13066,"(-111.8024326, 41.7494216)",in_transit
1790975690.5878317,13066,"(-111.802509, 41.7493558)",in_transit
1790975700.843072,13066,"(-111.8036995, 41.7493315)",in_transit
1790975711.1311173,13066,"(-111.8042956, 41.7495083)",in_transit
1790975721.390975,13066,"(-111.8043318, 41.7499938)",in_transit
1790975731.6503837,13066,"(-111.8046341, 41.7498863)",in_transit
1790975741.9373045,13066,"(-111.8045125, 41.7495143)",in_transit
1790975752.1950283,13066,"(-111.8044301, 41.7485761)",in_transit
1790975762.4587662,13066,"(-111.8044181, 41.7476405)",in_transit
1790975772.7234478,13066,"(-111.8043888, 41.7468456)",in_transit
1790975783.0153544,13066,"(-111.8045213, 41.746476)",in_transit
1790975793.2864385,13066,"(-111.8043816, 41.7457001)",in_transit
1790975803.5410407,13066,"(-111.8043648, 41.744376)",in_transit
1790975813.838421,13066,"(-111.8043533, 41.743427)",Fine Arts Bldg
1790975824.0955057,13066,"(-111.8043731, 41.7432931)",in_transit
1790975834.3599384,13066,"(-111.804371, 41.7432465)",in_transit
1790975844.62657,13066,"(-111.8043256, 41.7428448)",in_transit
1790975854.8860435,13066,"(-111.8043048, 41.7427861)",in_transit
1790975865.1659153,13066,"(-111.804594, 41.7424486)",in_transit
1790975875.4604228,13066,"(-111.8057076, 41.7417778)",in_transit
1790975885.7308264,13066,"(-111.8080573, 41.7407438)",in_transit
1790975895.9948785,13066,"(-111.809716, 41.7403766)",in_transit
1790975906.2588046,13066,"(-111.8111618, 41.7400445)",Family Life Bldg
1790975916.5260012,13066,"(-111.8112403, 41.7400211)",Family Life Bldg
1790975926.816736,13066,"(-111.8112373, 41.7400191)",Family Life Bldg
1790975937.077614,13066,"(-111.8112345, 41.7400231)",Family Life Bldg
1790975947.361735,13066,"(-111.8112235, 41.7400206)",Family Life Bldg
1790975957.6298065,13066,"(-111.8112233, 41.7400238)",Family Life Bldg
1790975967.8781178,13066,"(-111.811233, 41.7400258)",Family Life Bldg
1790975978.1283846,13066,"(-111.8112326, 41.7400233)",Family Life Bldg
1790975988.384894,13066,"(-111.8112275, 41.7400176)",Family Life Bldg
1790975998.6258535,13066,"(-111.8112351, 41.7400153)",Family Life Bldg
1790976008.8830745,13066,"(-111.8118611, 41.7397306)",in_transit
1790976019.1328318,13066,"(-111.813198, 41.739171)",in_transit
1790976029.4004986,13066,"(-111.815775, 41.7386715)",in_transit
1790976039.6660333,13066,"(-111.8166436, 41.7388018)",in_transit
1790976049.9241626,13066,"(-111.8192598, 41.7388838)",in_transit
1790976060.2242184,13066,"(-111.8193026, 41.7395101)",in_transit
1790976070.5190132,13066,"(-111.819232, 41.7404998)",in_transit
1790976080.7875397,13066,"(-111.818636, 41.7406518)",in_transit
1790976091.0626652,13066,"(-111.8178433, 41.7406148)",670 E 500 N
1790976101.3320305,13066,"(-111.8176766, 41.7406095)",670 E 500 N
1790976111.6047533,13066,"(-111.81764, 41.740608)",670 E 500 N
1790976121.8630524,13066,"(-111.8171283, 41.7406123)",in_transit
1790976132.1466365,13066,"(-111.8167386, 41.7412591)",in_transit
1790976142.397263,13066,"(-111.8167128, 41.7421815)",in_transit
1790976152.6574798,13066,"(-111.8166385, 41.7436093)",in_transit
1790976162.934261,13066,"(-111.8158623, 41.7444293)",in_transit
1790976173.1944788,13066,"(-111.8147736, 41.7444661)",in_transit
1790976183.4575448,13066,"(-111.8144586, 41.7444536)",in_transit
1790976193.7250013,13066,"(-111.8142231, 41.7442423)",in_transit
1790976203.9848862,13066,"(-111.8142635, 41.7437426)",in_transit
1790976214.2400913,13066,"(-111.8140445, 41.7434888)",in_transit
1790976224.5314019,13066,"(-111.8139741, 41.7436005)",Taggart Student Center
1790976234.7876906,13066,"(-111.8139793, 41.7436066)",Taggart Student Center
1790976245.033706,13066,"(-111.813997, 41.743603)",Taggart Student Center
1790976255.3048687,13066,"(-111.8140063, 41.743608)",Taggart Student Center
1790976265.5810077,13066,"(-111.8140198, 41.7437181)",Taggart Student Center
1790976275.8464143,13066,"(-111.8141563, 41.7439061)",in_transit
1790976286.1002438,13066,"(-111.8140541, 41.7441486)",in_transit
1790976296.3792207,13066,"(-111.8140653, 41.7444466)",in_transit
1790976306.6400962,13066,"(-111.8140663, 41.7450825)",in_transit
1790976316.896805,13066,"(-111.8140515, 41.7459931)",in_transit
1790976327.1584811,13066,"(-111.8140251, 41.7469778)",in_transit
1790976337.4451876,13066,"(-111.8139451, 41.7485351)",in_transit
1790976347.713776,13066,"(-111.8138633, 41.7493543)",in_transit
1790976357.9684844,13066,"(-111.8137818, 41.74995)",in_transit
1790976368.2792056,13066,"(-111.813542, 41.750081)",in_transit
1790976378.5444987,13066,"(-111.8131715, 41.7500595)",The Bull
1790976388.8236983,13066,"(-111.8129291, 41.7500858)",in_transit
1790976399.0935078,13066,"(-111.812156, 41.7500963)",in_transit
1790976409.3564687,13066,"(-111.8104668, 41.7500771)",in_transit
1790976419.6602597,13066,"(-111.809269, 41.7500566)",in_transit
1790976429.9180918,13066,"(-111.8072343, 41.7500136)",in_transit
1790976440.2180731,13066,"(-111.8060821, 41.7499616)",in_transit
1790976450.4782648,13066,"(-111.805642, 41.7499525)",in_transit
1790976460.745599,13066,"(-111.8055953, 41.7499618)",in_transit
1790976471.0055704,13066,"(-111.8050676, 41.7499851)",in_transit
1790976481.2683434,13066,"(-111.8048235, 41.7499746)",in_transit
1790976491.5226467,13066,"(-111.8045171, 41.7497666)",in_transit
1790976501.79079,13066,"(-111.8042751, 41.7492818)",in_transit
1790976512.05146,13066,"(-111.8030061, 41.7493026)",in_transit
1790976522.3252378,13066,"(-111.8020378, 41.7493071)",in_transit
1790976532.5800304,13066,"(-111.8019165, 41.7493091)",in_transit
1790976542.872514,13066,"(-111.801946, 41.7493008)",in_transit
1790976553.129129,13066,"(-111.801946, 41.7493008)",in_transit
1790976563.3937936,13066,"(-111.8020876, 41.7496073)",Lundstrum
1790976573.6581745,13066,"(-111.8021273, 41.7496131)",Lundstrum
1790976583.9642322,13066,"(-111.80213, 41.749616)",Lundstrum
1790976594.2292793,13066,"(-111.802175, 41.7496095)",Lundstrum
1790976604.4885447,13066,"(-111.8024138, 41.749431)",in_transit
1790976614.7475436,13066,"(-111.8024221, 41.7494156)",in_transit
1790976625.0117059,13066,"(-111.8033965, 41.7493285)",in_transit
1790976635.2777593,13066,"(-111.8040453, 41.7493498)",in_transit
1790976645.582707,13066,"(-111.8043318, 41.7499568)",in_transit
1790976655.8460286,13066,"(-111.804654, 41.7498873)",in_transit
1790976666.164007,13066,"(-111.8045141, 41.7495111)",in_transit
1790976676.4170375,13066,"(-111.8044313, 41.7488593)",in_transit
1790976686.681112,13066,"(-111.8044111, 41.7475646)",in_transit
1790976696.950036,13066,"(-111.8043838, 41.7468256)",in_transit
1790976707.2224038,13066,"(-111.8044266, 41.7463405)",in_transit
1790976717.4862103,13066,"(-111.8043685, 41.7450966)",in_transit
1790976727.7965817,13066,"(-111.804356, 41.7441675)",in_transit
1790976738.0531118,13066,"(-111.8043481, 41.7435116)",Fine Arts Bldg
1790976748.3461657,13066,"(-111.8043638, 41.743312)",Fine Arts Bldg
1790976758.6005266,13066,"(-111.8043678, 41.7433086)",Fine Arts Bldg
1790976768.8708875,13066,"(-111.8043576, 41.7431275)",in_transit
1790976779.1401227,13066,"(-111.8043406, 41.74292)",in_transit
1790976789.3855886,13066,"(-111.8043058, 41.7428021)",in_transit
1790976799.6328669,13066,"(-111.8043233, 41.7426178)",in_transit
1790976809.8975167,13066,"(-111.805579, 41.7418673)",in_transit
1790976820.1843646,13066,"(-111.8069091, 41.741124)",in_transit
1790976830.4526906,13066,"(-111.8093326, 41.7404853)",in_transit
1790976840.7262208,13066,"(-111.8110328, 41.7400981)",Family Life Bldg
1790976850.9841352,13066,"(-111.8112536, 41.740035)",Family Life Bldg
1790976861.2462153,13066,"(-111.8112705, 41.7400406)",Family Life Bldg
1790976871.512727,13066,"(-111.8112838, 41.740039)",Family Life Bldg
1790976881.7764244,13066,"(-111.811283, 41.740034)",Family Life Bldg
1790976892.0705547,13066,"(-111.811292, 41.740033)",Family Life Bldg
1790976902.377817,13066,"(-111.811301, 41.7400303)",Family Life Bldg
1790976912.6240778,13066,"(-111.8113165, 41.7400283)",in_transit
1790976922.872516,13066,"(-111.8113281, 41.7400301)",in_transit
1790976933.1221683,13066,"(-111.8115808, 41.7398703)",in_transit
1790976943.3879604,13066,"(-111.8140848, 41.7388416)",in_transit
1790976953.6467476,13066,"(-111.8159795, 41.7386911)",in_transit
1790976963.903144,13066,"(-111.818586, 41.7388551)",in_transit
1790976974.162696,13066,"(-111.819282, 41.7389085)",in_transit
1790976984.4188533,13066,"(-111.819311, 41.7399581)",in_transit
1790976994.6904638,13066,"(-111.8192495, 41.7405133)",in_transit
1790977004.9577157,13066,"(-111.8182265, 41.7406376)",in_transit
1790977015.2138908,13066,"(-111.8178465, 41.7406128)",670 E 500 N
1790977025.4896667,13066,"(-111.8176875, 41.7406103)",670 E 500 N
1790977035.7771723,13066,"(-111.8173558, 41.74063)",in_transit
1790977046.0550625,13066,"(-111.8167465, 41.7408626)",in_transit
1790977056.321672,13066,"(-111.8167398, 41.7417935)",in_transit
1790977066.5827384,13066,"(-111.8166793, 41.743346)",in_transit
1790977076.8374546,13066,"(-111.8163513, 41.7441476)",in_transit
1790977087.1046495,13066,"(-111.8155021, 41.744438)",in_transit
1790977097.4042752,13066,"(-111.8145475, 41.7444293)",in_transit
1790977107.6846688,13066,"(-111.8142131, 41.7442353)",in_transit
1790977117.9762487,13066,"(-111.8143115, 41.7436645)",in_transit
1790977128.2755458,13066,"(-111.8140873, 41.74346)",in_transit
1790977138.5504074,13066,"(-111.813996, 41.743712)",Taggart Student Center
1790977148.8130434,13066,"(-111.8140118, 41.7437323)",Taggart Student Center
1790977159.0742033,13066,"(-111.8140215, 41.7437533)",Taggart Student Center
1790977169.3447378,13066,"(-111.8140163, 41.7437685)",Taggart Student Center
1790977179.6014726,13066,"(-111.8140038, 41.743779)",Taggart Student Center
1790977189.864783,13066,"(-111.8141563, 41.743895)",in_transit
1790977200.1308823,13066,"(-111.814136, 41.7440756)",in_transit
1790977210.405974,13066,"(-111.8141368, 41.7442298)",in_transit
1790977220.674923,13066,"(-111.8141315, 41.7446863)",in_transit
1790977230.9356408,13066,"(-111.8141148, 41.7453846)",in_transit
1790977241.2135303,13066,"(-111.81406, 41.7468945)",in_transit
1790977251.4822035,13066,"(-111.8139661, 41.7484745)",in_transit
1790977261.7458663,13066,"(-111.8138663, 41.7494181)",in_transit
1790977272.0597599,13066,"(-111.813806, 41.7499071)",in_transit
1790977282.3214488,13066,"(-111.8138036, 41.7500021)",in_transit
1790977292.6049323,13066,"(-111.8135608, 41.750078)",in_transit
1790977302.8718936,13066,"(-111.8131581, 41.75006)",The Bull
1790977313.1308856,13066,"(-111.8130991, 41.7500698)",The Bull
1790977323.3910513,13066,"(-111.8125381, 41.750096)",in_transit
1790977333.6923132,13066,"(-111.8111135, 41.7500926)",in_transit
1790977343.9546676,13066,"(-111.8101171, 41.7500641)",in_transit
1790977354.214402,13066,"(-111.808355, 41.7500266)",in_transit
1790977364.479833,13066,"(-111.8064941, 41.749988)",in_transit
1790977374.7717855,13066,"(-111.8057473, 41.7499528)",Logan Cemetery
1790977385.047103,13066,"(-111.8056376, 41.7499546)",in_transit
1790977395.3164191,13066,"(-111.8056285, 41.7499546)",in_transit
1790977405.584933,13066,"(-111.8056256, 41.7499621)",in_transit
1790977415.8533044,13066,"(-111.8055623, 41.7499666)",in_transit
1790977426.1448953,13066,"(-111.8046566, 41.7499385)",in_transit
1790977436.4083135,13066,"(-111.8045131, 41.7495241)",in_transit
1790977446.6755555,13066,"(-111.8043035, 41.7492941)",in_transit
1790977456.9690967,13066,"(-111.8028288, 41.7493158)",in_transit
1790977467.233929,13066,"(-111.8019056, 41.7493243)",in_transit
1790977477.499369,13066,"(-111.8018576, 41.7495056)",in_transit
1790977487.7545342,13066,"(-111.802071, 41.749606)",Lundstrum
1790977498.0203388,13066,"(-111.802072, 41.7496081)",Lundstrum
1790977508.290144,13066,"(-111.802162, 41.7495935)",Lundstrum
1790977518.5527623,13066,"(-111.8024026, 41.7494326)",in_transit
1790977528.8372142,13066,"(-111.8032935, 41.7493445)",in_transit
1790977539.1016877,13066,"(-111.8036843, 41.7493491)",in_transit
1790977549.370184,13066,"(-111.8043418, 41.7496128)",in_transit
1790977559.628971,13066,"(-111.8043576, 41.7498715)",in_transit
1790977569.8914938,13066,"(-111.804632, 41.7498848)",in_transit
1790977580.1485915,13066,"(-111.8044428, 41.74911)",in_transit
1790977590.4130538,13066,"(-111.8044228, 41.7479271)",in_transit
1790977600.670053,13066,"(-111.8043851, 41.7468111)",in_transit
1790977610.9263616,13066,"(-111.804463, 41.7466955)",in_transit
1790977621.1853566,13066,"(-111.8044248, 41.7463235)",in_transit
1790977631.4454317,13066,"(-111.8043686, 41.7453936)",in_transit
1790977641.7287414,13066,"(-111.8043631, 41.7449318)",in_transit
1790977651.9908805,13066,"(-111.8043501, 41.7439608)",in_transit
1790977662.2460625,13066,"(-111.8043498, 41.7434906)",Fine Arts Bldg
1790977672.5355678,13066,"(-111.8043621, 41.7433101)",Fine Arts Bldg
1790977682.811373,13066,"(-111.8043505, 41.7432918)",in_transit
1790977693.0907671,13066,"(-111.8043191, 41.742919)",in_transit
1790977703.3439772,13066,"(-111.8042863, 41.7427933)",in_transit
1790977713.6077216,13066,"(-111.8052401, 41.7420596)",in_transit
1790977723.8633754,13066,"(-111.8065895, 41.741259)",in_transit
1790977734.1232402,13066,"(-111.8095033, 41.7404355)",in_transit
1790977744.3985698,13066,"(-111.810799, 41.7401471)",in_transit
1790977754.6629484,13066,"(-111.8111105, 41.7400735)",Family Life Bldg
1790977764.9746451,13066,"(-111.8112506, 41.7400256)",Family Life Bldg
1790977775.2280083,13066,"(-111.8119641, 41.7396988)",in_transit
1790977785.4824464,13066,"(-111.8134886, 41.7390731)",in_transit
1790977795.7419193,13066,"(-111.8162716, 41.7387488)",in_transit
1790977806.0089648,13066,"(-111.8183785, 41.7388465)",in_transit
1790977816.2707953,13066,"(-111.819109, 41.738864)",in_transit
1790977826.538932,13066,"(-111.8192971, 41.7395076)",in_transit
1790977836.8326485,13066,"(-111.8192266, 41.7405083)",in_transit
1790977847.093968,13066,"(-111.8186436, 41.7406426)",in_transit
1790977857.3605819,13066,"(-111.8177458, 41.7406125)",670 E 500 N
1790977867.6183639,13066,"(-111.817668, 41.740617)",670 E 500 N
1790977877.885206,13066,"(-111.8176016, 41.7406338)",670 E 500 N
1790977888.1491199,13066,"(-111.8168633, 41.7406333)",in_transit
1790977898.443488,13066,"(-111.8167291, 41.7413616)",in_transit
1790977908.6943064,13066,"(-111.8167055, 41.7426255)",in_transit
1790977918.9671655,13066,"(-111.8166738, 41.74342)",in_transit
1790977929.2343826,13066,"(-111.8158671, 41.7444421)",in_transit
1790977939.4984763,13066,"(-111.8147981, 41.7444648)",in_transit
1790977949.7679486,13066,"(-111.8144518, 41.7444406)",in_transit
1790977960.0273166,13066,"(-111.8142175, 41.7442418)",in_transit
1790977970.2831664,13066,"(-111.8142386, 41.7437948)",in_transit
1790977980.5287793,13066,"(-111.8140818, 41.7434923)",in_transit
1790977990.7967722,13066,"(-111.8139873, 41.7437248)",Taggart Student Center
1790978001.0839753,13066,"(-111.8139865, 41.743736)",Taggart Student Center
1790978011.3434622,13066,"(-111.8139858, 41.7437408)",Taggart Student Center
1790978021.6267312,13066,"(-111.8140015, 41.7437473)",Taggart Student Center
1790978031.8964555,13066,"(-111.8140236, 41.7437623)",Taggart Student Center
1790978042.1599824,13066,"(-111.8140825, 41.743813)",Taggart Student Center
1790978052.445524,13066,"(-111.8141636, 41.7439998)",in_transit
1790978062.742596,13066,"(-111.814113, 41.7441848)",in_transit
1790978073.0076084,13066,"(-111.8141178, 41.7444626)",in_transit
1790978083.263365,13066,"(-111.8141108, 41.7447126)",in_transit
1790978093.5258784,13066,"(-111.814067, 41.7464233)",in_transit
1790978103.8142073,13066,"(-111.8140103, 41.747862)",in_transit
1790978114.0817695,13066,"(-111.8139178, 41.7489701)",in_transit
1790978124.3732367,13066,"(-111.8138011, 41.7498776)",in_transit
1790978134.640598,13066,"(-111.8138028, 41.7499518)",in_transit
1790978144.9135911,13066,"(-111.8138061, 41.7499628)",in_transit
1790978155.177764,13066,"(-111.8137331, 41.7500728)",in_transit
1790978165.4820914,13066,"(-111.8132215, 41.7500471)",The Bull
1790978175.7470374,13066,"(-111.8131798, 41.7500561)",The Bull
1790978185.9971974,13066,"(-111.8126043, 41.750098)",in_transit
1790978196.2491283,13066,"(-111.8115791, 41.7500956)",in_transit
1790978206.5158975,13066,"(-111.8098473, 41.7500651)",in_transit
1790978216.7904916,13066,"(-111.8085473, 41.7500371)",in_transit
1790978227.053051,13066,"(-111.806547, 41.7499953)",in_transit
1790978237.3244147,13066,"(-111.8057016, 41.749948)",Logan Cemetery
1790978247.5950875,13066,"(-111.8056186, 41.7499385)",in_transit
1790978257.849185,13066,"(-111.805069, 41.7499661)",in_transit
1790978268.1155717,13066,"(-111.8044851, 41.7496588)",in_transit
1790978278.3878052,13066,"(-111.8042976, 41.7492728)",in_transit
1790978288.6638682,13066,"(-111.803175, 41.7492913)",in_transit
1790978298.9563184,13066,"(-111.8022143, 41.7493036)",in_transit
1790978309.2150173,13066,"(-111.8019708, 41.749307)",in_transit
1790978319.4738662,13066,"(-111.8018466, 41.7494916)",in_transit
1790978329.7589996,13066,"(-111.8020773, 41.7496048)",Lundstrum
1790978340.0151408,13066,"(-111.8020873, 41.7496118)",Lundstrum
1790978350.2669024,13066,"(-111.8022196, 41.7495895)",Lundstrum
1790978360.5349104,13066,"(-111.8023951, 41.7494366)",in_transit
1790978370.7971964,13066,"(-111.8026445, 41.7493525)",in_transit
1790978381.0629132,13066,"(-111.8038145, 41.7493476)",in_transit
1790978391.3190758,13066,"(-111.80406, 41.7493656)",in_transit
1790978401.6193075,13066,"(-111.8043246, 41.7499955)",in_transit
1790978411.8828738,13066,"(-111.8046448, 41.749903)",in_transit
1790978422.1589093,13066,"(-111.8045291, 41.7493678)",in_transit
1790978432.4574618,13066,"(-111.804416, 41.7482965)",in_transit
1790978442.7163017,13066,"(-111.8043771, 41.7469053)",in_transit
1790978452.9838686,13066,"(-111.8044115, 41.746309)",in_transit
1790978463.2430387,13066,"(-111.804365, 41.7453608)",in_transit
1790978473.5038977,13066,"(-111.8043545, 41.7446908)",in_transit
1790978483.7591765,13066,"(-111.804344, 41.7444283)",in_transit
1790978494.0680616,13066,"(-111.8043418, 41.7439008)",in_transit
1790978504.3227563,13066,"(-111.80435, 41.7433413)",Fine Arts Bldg
1790978514.5859098,13066,"(-111.8043421, 41.7433026)",Fine Arts Bldg
1790978524.8811274,13066,"(-111.8043361, 41.7433016)",Fine Arts Bldg
1790978535.1344843,13066,"(-111.804336, 41.7432963)",in_transit
1790978545.4353948,13066,"(-111.8043211, 41.7429298)",in_transit
1790978555.6955965,13066,"(-111.8042901, 41.7428)",in_transit
1790978565.9551275,13066,"(-111.8045776, 41.7424523)",in_transit
1790978576.2192097,13066,"(-111.8057733, 41.7417418)",in_transit
1790978586.512913,13066,"(-111.8080688, 41.740763)",in_transit
1790978596.7709177,13066,"(-111.8102111, 41.7402811)",in_transit
1790978607.0439322,13066,"(-111.8107663, 41.7401568)",in_transit
1790978617.3323038,13066,"(-111.8112355, 41.740037)",Family Life Bldg
1790978627.5927846,13066,"(-111.8112438, 41.7400403)",Family Life Bldg
1790978637.8535094,13066,"(-111.8112493, 41.7400406)",Family Life Bldg
1790978648.1091223,13066,"(-111.8115221, 41.7398916)",in_transit
1790978658.3721313,13066,"(-111.8131953, 41.739212)",in_transit
1790978668.6761224,13066,"(-111.815531, 41.7386573)",in_transit
1790978678.9465442,13066,"(-111.8173795, 41.7388355)",in_transit
1790978689.1975498,13066,"(-111.8188023, 41.7388598)",in_transit
1790978699.4488313,13066,"(-111.8190421, 41.7388688)",in_transit
1790978709.7060697,13066,"(-111.8191905, 41.7388643)",in_transit
1790978719.978556,13066,"(-111.8193453, 41.7390493)",in_transit
1790978730.2463582,13066,"(-111.8193453, 41.7390493)",in_transit
1790978740.5075727,13066,"(-111.8192611, 41.7404473)",in_transit
1790978750.7659695,13066,"(-111.8181466, 41.7406228)",in_transit
1790978761.045367,13066,"(-111.8178005, 41.740599)",670 E 500 N
1790978771.308265,13066,"(-111.8176611, 41.7406048)",670 E 500 N
1790978781.582412,13066,"(-111.8173958, 41.7406303)",in_transit
1790978791.8481915,13066,"(-111.8167486, 41.7408133)",in_transit
1790978802.1060624,13066,"(-111.8167425, 41.7413)",in_transit
1790978812.3706095,13066,"(-111.8167046, 41.7426335)",in_transit
1790978822.6453178,13066,"(-111.8164776, 41.7440098)",in_transit
1790978832.9300048,13066,"(-111.8156291, 41.744457)",in_transit
1790978843.1738663,13066,"(-111.8144006, 41.7444303)",in_transit
1790978853.4533143,13066,"(-111.8142161, 41.7442403)",in_transit
1790978863.7364802,13066,"(-111.8142938, 41.743733)",in_transit
1790978874.0763032,13066,"(-111.8140898, 41.7434808)",in_transit
1790978884.39146,13066,"(-111.8139843, 41.7435345)",in_transit
1790978894.6447933,13066,"(-111.8139543, 41.7435436)",in_transit
1790978904.9016542,13066,"(-111.81396, 41.7436495)",Taggart Student Center
1790978915.1519291,13066,"(-111.8141296, 41.7438285)",in_transit
1790978925.4128854,13066,"(-111.8141085, 41.7440088)",in_transit
1790978935.665737,13066,"(-111.814112, 41.7446611)",in_transit
1790978945.9198568,13066,"(-111.8140508, 41.745597)",in_transit
1790978956.1887772,13066,"(-111.8140261, 41.746587)",in_transit
1790978966.4588058,13066,"(-111.8139458, 41.748298)",in_transit
1790978976.711743,13066,"(-111.8138095, 41.7495518)",in_transit
1790978986.9773595,13066,"(-111.8137538, 41.7500126)",in_transit
1790978997.2555048,13066,"(-111.8135125, 41.7500406)",in_transit
1790979007.5277984,13066,"(-111.8131875, 41.7500335)",The Bull
1790979017.7934124,13066,"(-111.8126226, 41.7500821)",in_transit
1790979028.0842593,13066,"(-111.8110881, 41.7500826)",in_transit
1790979038.3420775,13066,"(-111.809944, 41.7500701)",in_transit
1790979048.6086981,13066,"(-111.8079833, 41.7500313)",in_transit
1790979058.8716197,13066,"(-111.8066931, 41.750004)",in_transit
1790979069.136479,13066,"(-111.8057881, 41.7499478)",Logan Cemetery
1790979079.4087012,13066,"(-111.8056176, 41.7499491)",in_transit
1790979089.6653852,13066,"(-111.8050481, 41.7499798)",in_transit
1790979099.9268708,13066,"(-111.8048003, 41.7499725)",in_transit
1790979110.194989,13066,"(-111.8045638, 41.7493638)",in_transit
1790979120.4791074,13066,"(-111.8042985, 41.7492886)",in_transit
1790979130.7495582,13066,"(-111.8024973, 41.7493248)",in_transit
1790979141.017592,13066,"(-111.8018305, 41.7493875)",in_transit
1790979151.2865534,13066,"(-111.8018305, 41.7493875)",in_transit
1790979161.5441725,13066,"(-111.8020855, 41.749613)",Lundstrum
1790979171.816465,13066,"(-111.8020938, 41.7496113)",Lundstrum
1790979182.0881343,13066,"(-111.8020996, 41.7496126)",Lundstrum
1790979192.3735876,13066,"(-111.8021048, 41.7496131)",Lundstrum
1790979202.7161222,13066,"(-111.8023431, 41.7495123)",in_transit
1790979212.9600887,13066,"(-111.803509, 41.7493458)",in_transit
1790979223.2183828,13066,"(-111.8038596, 41.749352)",in_transit
1790979233.505626,13066,"(-111.8043853, 41.7498228)",in_transit
1790979243.7683177,13066,"(-111.8046378, 41.7500743)",in_transit
1790979254.02991,13066,"(-111.804565, 41.7494185)",in_transit
1790979264.3311443,13066,"(-111.804565, 41.7494185)",in_transit
1790979274.5939384,13066,"(-111.804417, 41.7484425)",in_transit
1790979284.906867,13066,"(-111.804415, 41.7474175)",in_transit
1790979295.1709375,13066,"(-111.8045418, 41.7465218)",in_transit
1790979305.4252148,13066,"(-111.8043846, 41.7459555)",in_transit
1790979315.686041,13066,"(-111.8043656, 41.744719)",in_transit
1790979325.9403872,13066,"(-111.8043628, 41.7445303)",in_transit
1790979336.1994576,13066,"(-111.8043568, 41.7445021)",in_transit
1790979346.4741116,13066,"(-111.8043541, 41.7438333)",in_transit
1790979356.742972,13066,"(-111.8043561, 41.7433746)",Fine Arts Bldg
1790979366.9972925,13066,"(-111.8043521, 41.7433075)",Fine Arts Bldg
1790979377.251789,13066,"(-111.8043103, 41.7428916)",in_transit
1790979387.5471897,13066,"(-111.8042871, 41.7428161)",in_transit
1790979397.8202088,13066,"(-111.8045638, 41.7424626)",in_transit
1790979408.1127076,13066,"(-111.8057353, 41.7417623)",in_transit
1790979418.3798115,13066,"(-111.8081676, 41.740739)",in_transit
1790979428.6422575,13066,"(-111.8103396, 41.7402578)",in_transit
1790979438.8995066,13066,"(-111.8108486, 41.7401481)",in_transit
1790979449.1972675,13066,"(-111.8112183, 41.7400478)",Family Life Bldg
1790979459.4411094,13066,"(-111.8112183, 41.7400353)",Family Life Bldg
1790979469.7147408,13066,"(-111.8112158, 41.7400231)",Family Life Bldg
1790979479.9842432,13066,"(-111.8114783, 41.7398768)",in_transit
1790979490.2545872,13066,"(-111.812958, 41.7392743)",in_transit
1790979500.5199978,13066,"(-111.8154555, 41.7386415)",in_transit
1790979510.7891133,13066,"(-111.8173831, 41.7388256)",in_transit
1790979521.093618,13066,"(-111.8185765, 41.7388485)",in_transit
1790979531.346434,13066,"(-111.8190773, 41.7388665)",in_transit
1790979541.5951097,13066,"(-111.8193165, 41.7391101)",in_transit
1790979551.85256,13066,"(-111.8193226, 41.7399143)",in_transit
1790979562.1765437,13066,"(-111.8193226, 41.7399143)",in_transit
1790979572.4402854,13066,"(-111.8181703, 41.7406248)",in_transit
1790979582.7212372,13066,"(-111.81771, 41.7406141)",670 E 500 N
1790979592.9848335,13066,"(-111.8176233, 41.7406271)",670 E 500 N
1790979603.2502322,13066,"(-111.8170175, 41.7406335)",in_transit
1790979613.5079432,13066,"(-111.8167296, 41.7414358)",in_transit
1790979623.833913,13066,"(-111.8167113, 41.7424036)",in_transit
1790979634.1275058,13066,"(-111.8165585, 41.7439128)",in_transit
1790979644.4098196,13066,"(-111.81578, 41.7444623)",in_transit
1790979654.6839252,13066,"(-111.814489, 41.7444496)",in_transit
1790979664.9478877,13066,"(-111.8142478, 41.7444246)",in_transit
1790979675.2352228,13066,"(-111.8142113, 41.7438698)",in_transit
1790979685.4967024,13066,"(-111.8140813, 41.7434766)",in_transit
1790979695.7684991,13066,"(-111.8139845, 41.7437155)",Taggart Student Center
1790979706.0677757,13066,"(-111.813996, 41.7437506)",Taggart Student Center
1790979716.3549333,13066,"(-111.8140081, 41.7437526)",Taggart Student Center
1790979726.6253114,13066,"(-111.8140408, 41.7437756)",Taggart Student Center
1790979736.8983748,13066,"(-111.8141743, 41.7439563)",in_transit
1790979747.2054248,13066,"(-111.8141185, 41.744138)",in_transit
1790979757.4557116,13066,"(-111.8141061, 41.7442045)",in_transit
1790979767.699389,13066,"(-111.8141208, 41.7442231)",in_transit
1790979777.959133,13066,"(-111.814135, 41.744243)",in_transit
1790979788.2157476,13066,"(-111.8140943, 41.7451283)",in_transit
1790979798.5328836,13066,"(-111.814092, 41.7460766)",in_transit
1790979808.8015294,13066,"(-111.814024, 41.7475648)",in_transit
1790979819.0743878,13066,"(-111.8140098, 41.7481188)",in_transit
1790979829.3331308,13066,"(-111.8140175, 41.7481366)",in_transit
1790979839.5965548,13066,"(-111.8139616, 41.7486443)",in_transit
1790979849.8600264,13066,"(-111.8138611, 41.7495113)",in_transit
1790979860.1714976,13066,"(-111.8138158, 41.7500095)",in_transit
1790979870.457122,13066,"(-111.8135733, 41.7501025)",in_transit
1790979880.7206972,13066,"(-111.8131706, 41.7500763)",The Bull
1790979890.9848785,13066,"(-111.8126181, 41.7501223)",in_transit
1790979901.2597487,13066,"(-111.8110048, 41.7501263)",in_transit
1790979911.5214853,13066,"(-111.8097845, 41.7501026)",in_transit
1790979921.7852142,13066,"(-111.8077876, 41.7500596)",in_transit
1790979932.0813735,13066,"(-111.8065481, 41.7500245)",in_transit
1790979942.3356774,13066,"(-111.8057836, 41.749986)",Logan Cemetery
1790979952.6326492,13066,"(-111.8056885, 41.7499875)",Logan Cemetery
1790979962.9001272,13066,"(-111.8051296, 41.7500126)",in_transit
1790979973.164654,13066,"(-111.8046198, 41.7499288)",in_transit
1790979983.4409091,13066,"(-111.8045043, 41.7495516)",in_transit
1790979993.700472,13066,"(-111.8043085, 41.7492921)",in_transit
1790980003.9727159,13066,"(-111.8024358, 41.7493343)",in_transit
1790980014.2338185,13066,"(-111.8018433, 41.7493681)",in_transit
1790980024.5281367,13066,"(-111.8018433, 41.7493681)",in_transit
1790980034.799237,13066,"(-111.8020915, 41.7496181)",Lundstrum
1790980045.0836024,13066,"(-111.8020993, 41.7496181)",Lundstrum
1790980055.3508759,13066,"(-111.802106, 41.7496043)",Lundstrum
1790980065.6192234,13066,"(-111.8021156, 41.7496025)",Lundstrum
1790980075.8947995,13066,"(-111.8023543, 41.7495121)",in_transit
1790980086.1859672,13066,"(-111.8027681, 41.7493378)",in_transit
1790980096.45364,13066,"(-111.8039753, 41.7493451)",in_transit
1790980106.7307222,13066,"(-111.804216, 41.7494285)",in_transit
1790980116.990627,13066,"(-111.8043673, 41.7498618)",in_transit
1790980127.2545276,13066,"(-111.8046538, 41.7498916)",in_transit
1790980137.5320828,13066,"(-111.8044461, 41.7491603)",in_transit
1790980147.7868574,13066,"(-111.8044261, 41.7484693)",in_transit
1790980158.0532901,13066,"(-111.8043893, 41.7470445)",in_transit
1790980168.3133163,13066,"(-111.804382, 41.7467743)",in_transit
1790980178.589226,13066,"(-111.804382, 41.7459846)",in_transit
1790980188.888755,13066,"(-111.8043531, 41.7448695)",in_transit
1790980199.1544333,13066,"(-111.8043483, 41.744451)",in_transit
1790980209.441632,13066,"(-111.8043326, 41.743599)",in_transit
1790980219.6973946,13066,"(-111.8043388, 41.7433986)",Fine Arts Bldg
1790980229.9688563,13066,"(-111.8043518, 41.743314)",Fine Arts Bldg
1790980240.2286947,13066,"(-111.8043441, 41.743316)",Fine Arts Bldg
1790980250.4905202,13066,"(-111.8043275, 41.7430153)",in_transit
1790980260.7576592,13066,"(-111.8042886, 41.7428345)",in_transit
1790980271.0416665,13066,"(-111.8043178, 41.742625)",in_transit
1790980281.3023226,13066,"(-111.8056521, 41.7418291)",in_transit
1790980291.554335,13066,"(-111.807055, 41.7410655)",in_transit
1790980301.8075254,13066,"(-111.8095058, 41.7404335)",in_transit
1790980312.0694528,13066,"(-111.8110351, 41.7400898)",Family Life Bldg
1790980322.330333,13066,"(-111.8112345, 41.7400325)",Family Life Bldg
1790980332.5917506,13066,"(-111.8112301, 41.740041)",Family Life Bldg
1790980342.886901,13066,"(-111.811231, 41.7400455)",Family Life Bldg
1790980353.1567914,13066,"(-111.8112281, 41.7400431)",Family Life Bldg
1790980363.4240167,13066,"(-111.8112483, 41.7400306)",Family Life Bldg
1790980373.6873229,13066,"(-111.8123313, 41.7395531)",in_transit
1790980383.9921584,13066,"(-111.8147263, 41.7386876)",in_transit
1790980394.2460191,13066,"(-111.8164468, 41.7387808)",in_transit
1790980404.497052,13066,"(-111.8184253, 41.7388473)",in_transit
1790980414.748008,13066,"(-111.8186946, 41.738853)",in_transit
1790980425.0050626,13066,"(-111.8188461, 41.7388593)",in_transit
1790980435.2656405,13066,"(-111.8188461, 41.7388593)",in_transit
1790980445.5265553,13066,"(-111.8193428, 41.7390441)",in_transit
1790980455.7900229,13066,"(-111.8192855, 41.7403526)",in_transit
1790980466.0566943,13066,"(-111.8192183, 41.7405736)",in_transit
1790980476.3167698,13066,"(-111.8177991, 41.7406395)",670 E 500 N
1790980486.571208,13066,"(-111.8177991, 41.7406395)",670 E 500 N
1790980496.8540323,13066,"(-111.8176966, 41.74065)",670 E 500 N
1790980507.1094096,13066,"(-111.8167998, 41.7406778)",in_transit
1790980517.419099,13066,"(-111.8167515, 41.7412421)",in_transit
1790980527.6745613,13066,"(-111.8167106, 41.742657)",in_transit
1790980537.9650764,13066,"(-111.8166198, 41.7437383)",in_transit
1790980548.2567503,13066,"(-111.8155588, 41.7444968)",in_transit
1790980558.5058498,13066,"(-111.814585, 41.7444821)",in_transit
1790980568.7787426,13066,"(-111.814379, 41.7444545)",in_transit
1790980579.0277002,13066,"(-111.8142718, 41.7444355)",in_transit
1790980589.292038,13066,"(-111.8142136, 41.7439923)",in_transit
1790980599.5508432,13066,"(-111.8142353, 41.7437903)",in_transit
1790980609.8121798,13066,"(-111.8142353, 41.7437903)",in_transit
1790980620.0726697,13066,"(-111.8139778, 41.7436281)",Taggart Student Center
1790980630.3796854,13066,"(-111.8139731, 41.7436365)",Taggart Student Center
1790980640.6499588,13066,"(-111.813985, 41.7437166)",Taggart Student Center
1790980650.9150708,13066,"(-111.8139891, 41.7437243)",Taggart Student Center
1790980661.1703532,13066,"(-111.8139871, 41.7437343)",Taggart Student Center
1790980671.4266524,13066,"(-111.8139825, 41.7437451)",Taggart Student Center
1790980681.681462,13066,"(-111.8141293, 41.7438495)",in_transit
1790980691.9524088,13066,"(-111.814156, 41.744031)",in_transit
1790980702.219439,13066,"(-111.814099, 41.7442736)",in_transit
1790980712.4765785,13066,"(-111.8140813, 41.7449946)",in_transit
1790980722.7422535,13066,"(-111.8141443, 41.7458208)",in_transit
1790980733.0390966,13066,"(-111.8140591, 41.7473076)",in_transit
1790980743.301247,13066,"(-111.813987, 41.7484503)",in_transit
1790980753.5634828,13066,"(-111.8138108, 41.7498263)",in_transit
1790980763.8211653,13066,"(-111.8138141, 41.7499751)",in_transit
1790980774.0740745,13066,"(-111.8137673, 41.7500668)",in_transit
1790980784.3293917,13066,"(-111.8135223, 41.7500636)",in_transit
1790980794.594775,13066,"(-111.813174, 41.7500636)",The Bull
1790980804.9069366,13066,"(-111.8130405, 41.7500781)",in_transit
1790980815.1741061,13066,"(-111.8122168, 41.7501146)",in_transit
1790980825.4281034,13066,"(-111.810467, 41.7500975)",in_transit
1790980835.6991646,13066,"(-111.8091755, 41.7500751)",in_transit
1790980845.9542582,13066,"(-111.8070453, 41.7500295)",in_transit
1790980856.213539,13066,"(-111.8057925, 41.7499806)",Logan Cemetery
1790980866.4706993,13066,"(-111.8057323, 41.7499848)",Logan Cemetery
1790980876.731358,13066,"(-111.805122, 41.7500138)",in_transit
1790980886.9909837,13066,"(-111.804878, 41.7500126)",in_transit
1790980897.3042102,13066,"(-111.8045946, 41.7499123)",in_transit
1790980907.5953074,13066,"(-111.8045655, 41.7494486)",in_transit
1790980917.8553693,13066,"(-111.803981, 41.7493153)",in_transit
1790980928.120216,13066,"(-111.802823, 41.7493283)",in_transit
1790980938.417681,13066,"(-111.801859, 41.7495195)",in_transit
1790980948.6816764,13066,"(-111.801859, 41.7495195)",in_transit
1790980958.947559,13066,"(-111.8021016, 41.7496256)",Lundstrum
1790980969.2458627,13066,"(-111.80211, 41.749627)",Lundstrum
1790980979.5054288,13066,"(-111.8021131, 41.7496281)",Lundstrum
1790980989.7573035,13066,"(-111.802117, 41.7496316)",Lundstrum
1790981000.0261166,13066,"(-111.8021176, 41.7496306)",Lundstrum
1790981010.2862344,13066,"(-111.8021215, 41.7496305)",Lundstrum
1790981020.5524979,13066,"(-111.802123, 41.7496285)",Lundstrum
1790981030.8073952,13066,"(-111.8021216, 41.7496231)",Lundstrum
1790981041.0640972,13066,"(-111.8021205, 41.7496228)",Lundstrum
1790981051.3894246,13066,"(-111.8021136, 41.74962)",Lundstrum
1790981061.6502483,13066,"(-111.8021091, 41.7496196)",Lundstrum
1790981071.9114437,13066,"(-111.8021073, 41.7496213)",Lundstrum
1790981082.1867177,13066,"(-111.8021081, 41.7496235)",Lundstrum
1790981092.4823103,13066,"(-111.8021088, 41.7496221)",Lundstrum
1790981102.7358913,13066,"(-111.8021088, 41.749626)",Lundstrum
1790981113.0209987,13066,"(-111.8021136, 41.7496291)",Lundstrum
1790981123.3306818,13066,"(-111.8022893, 41.7495755)",in_transit
1790981133.5917184,13066,"(-111.802506, 41.7493925)",in_transit
1790981143.9020667,13066,"(-111.8027625, 41.74935)",in_transit
1790981154.162897,13066,"(-111.8027625, 41.74935)",in_transit
1790981164.409558,13066,"(-111.8043465, 41.750035)",in_transit
1790981174.6919408,13066,"(-111.8046566, 41.7499046)",in_transit
1790981184.9490645,13066,"(-111.8044368, 41.7490886)",in_transit
1790981195.2549803,13066,"(-111.8044368, 41.7490886)",in_transit
1790981205.5124009,13066,"(-111.8043928, 41.7470373)",in_transit
1790981215.7699528,13066,"(-111.8043756, 41.7468066)",in_transit
1790981226.0249631,13066,"(-111.8044143, 41.7463181)",in_transit
1790981236.2721465,13066,"(-111.8043636, 41.7453535)",in_transit
1790981246.5372353,13066,"(-111.8043636, 41.7453535)",in_transit
1790981256.7918365,13066,"(-111.8043366, 41.7436271)",in_transit
1790981267.0590777,13066,"(-111.8043435, 41.7433953)",Fine Arts Bldg
1790981277.3579004,13066,"(-111.8043405, 41.7433391)",Fine Arts Bldg
1790981287.6302617,13066,"(-111.8043348, 41.7433348)",Fine Arts Bldg
1790981297.9038298,13066,"(-111.8043323, 41.7432118)",in_transit
1790981308.1588755,13066,"(-111.804333, 41.743078)",in_transit
1790981318.4287593,13066,"(-111.804279, 41.7427943)",in_transit
1790981328.7052276,13066,"(-111.8045721, 41.7424563)",in_transit
1790981338.9648283,13066,"(-111.8056576, 41.7418126)",in_transit
1790981349.217982,13066,"(-111.8062815, 41.7414388)",in_transit
1790981359.4853475,13066,"(-111.8099483, 41.7403391)",in_transit
1790981369.786249,13066,"(-111.8109906, 41.740106)",Family Life Bldg
1790981380.0619836,13066,"(-111.8112268, 41.7400373)",Family Life Bldg
1790981390.3867838,13066,"(-111.811219, 41.740036)",Family Life Bldg
1790981400.6436636,13066,"(-111.8112166, 41.7400365)",Family Life Bldg
1790981410.900098,13066,"(-111.8112186, 41.7400338)",Family Life Bldg
1790981421.1595793,13066,"(-111.811218, 41.7400263)",Family Life Bldg
1790981431.4201708,13066,"(-111.8118528, 41.739738)",in_transit
1790981441.709731,13066,"(-111.8140363, 41.7388546)",in_transit
1790981451.9935358,13066,"(-111.8157648, 41.7386753)",in_transit
1790981462.2599797,13066,"(-111.8174925, 41.738838)",in_transit
1790981472.520008,13066,"(-111.8192515, 41.7388755)",in_transit
1790981482.7813296,13066,"(-111.8193135, 41.7395246)",in_transit
1790981493.0473,13066,"(-111.8192883, 41.7402965)",in_transit
1790981503.3064766,13066,"(-111.819006, 41.7406521)",in_transit
1790981513.5681577,13066,"(-111.817735, 41.7406273)",670 E 500 N
1790981523.8300893,13066,"(-111.8176698, 41.7406286)",670 E 500 N
1790981534.0889075,13066,"(-111.8176156, 41.7406353)",670 E 500 N
1790981544.3652337,13066,"(-111.817016, 41.7406426)",in_transit
1790981554.6316202,13066,"(-111.8167466, 41.741324)",in_transit
1790981564.8920152,13066,"(-111.81672, 41.7422493)",in_transit
1790981575.1664686,13066,"(-111.81665, 41.743655)",in_transit
1790981585.420115,13066,"(-111.816175, 41.7443281)",in_transit
1790981595.692307,13066,"(-111.8149325, 41.7444821)",in_transit
1790981605.9578643,13066,"(-111.8142845, 41.744444)",in_transit
1790981616.2733433,13066,"(-111.8142783, 41.743746)",in_transit
1790981626.534333,13066,"(-111.8142783, 41.743746)",in_transit
1790981636.8003335,13066,"(-111.8140195, 41.7435183)",in_transit
1790981647.0516076,13066,"(-111.8139748, 41.7435326)",in_transit
1790981657.3575923,13066,"(-111.8139643, 41.7435323)",in_transit
1790981667.610757,13066,"(-111.8139553, 41.7435275)",in_transit
1790981677.8775318,13066,"(-111.8139403, 41.743527)",in_transit
1790981688.1397877,13066,"(-111.8139303, 41.7435225)",in_transit
1790981698.394861,13066,"(-111.8139206, 41.7435265)",in_transit
1790981708.655504,13066,"(-111.8139185, 41.7435353)",in_transit
1790981718.920018,13066,"(-111.8139195, 41.7435323)",in_transit
1790981729.175746,13066,"(-111.8139196, 41.7435343)",in_transit
1790981739.444618,13066,"(-111.8140143, 41.7437613)",Taggart Student Center
1790981749.7052717,13066,"(-111.8141366, 41.7439426)",in_transit
1790981759.9701505,13066,"(-111.81409, 41.744105)",in_transit
1790981770.2309933,13066,"(-111.8141075, 41.7441451)",in_transit
1790981780.4942238,13066,"(-111.814104, 41.7444236)",in_transit
1790981790.743776,13066,"(-111.8141243, 41.745534)",in_transit
1790981801.0354745,13066,"(-111.8140681, 41.7464111)",in_transit
1790981811.3049686,13066,"(-111.8140031, 41.7480168)",in_transit
1790981821.5752187,13066,"(-111.8138295, 41.7495993)",in_transit
1790981831.8384051,13066,"(-111.8136491, 41.7500961)",in_transit
1790981842.1020532,13066,"(-111.8134018, 41.7500628)",The Bull
1790981852.398222,13066,"(-111.8131836, 41.7500625)",The Bull
1790981862.655924,13066,"(-111.812297, 41.7501205)",in_transit
1790981872.9262528,13066,"(-111.811185, 41.750113)",in_transit
1790981883.2298899,13066,"(-111.8093186, 41.7500721)",in_transit
1790981893.5054824,13066,"(-111.807891, 41.7500405)",in_transit
1790981903.8370974,13066,"(-111.8060596, 41.7499733)",Logan Cemetery
1790981914.1103172,13066,"(-111.8057761, 41.7499563)",Logan Cemetery
1790981924.4095895,13066,"(-111.805642, 41.7499581)",in_transit
1790981934.7121384,13066,"(-111.805119, 41.7499931)",in_transit
1790981944.964609,13066,"(-111.804853, 41.7499816)",in_transit
1790981955.2211268,13066,"(-111.8045093, 41.7497098)",in_transit
1790981965.4778981,13066,"(-111.8043, 41.7492916)",in_transit
1790981975.7310934,13066,"(-111.8032621, 41.7493123)",in_transit
1790981985.9963446,13066,"(-111.802302, 41.749329)",in_transit
1790981996.26674,13066,"(-111.8019828, 41.7493413)",in_transit
1790982006.5621505,13066,"(-111.8020635, 41.7496405)",Lundstrum
1790982016.8228395,13066,"(-111.8020963, 41.7496338)",Lundstrum
1790982027.08343,13066,"(-111.8021045, 41.7496283)",Lundstrum
1790982037.36352,13066,"(-111.8022946, 41.749556)",in_transit
1790982047.626259,13066,"(-111.8024971, 41.7493858)",in_transit
1790982057.9207664,13066,"(-111.80355, 41.749341)",in_transit
1790982068.1820178,13066,"(-111.8041815, 41.7494371)",in_transit
1790982078.4406953,13066,"(-111.804342, 41.7498988)",in_transit
1790982088.6921344,13066,"(-111.804483, 41.7501221)",in_transit
1790982098.955561,13066,"(-111.804507, 41.7497425)",in_transit
1790982109.2514033,13066,"(-111.804422, 41.7490973)",in_transit
1790982119.507812,13066,"(-111.8043963, 41.7478415)",in_transit
1790982129.767177,13066,"(-111.8043736, 41.7469738)",in_transit
1790982140.030678,13066,"(-111.804431, 41.7463855)",in_transit
1790982150.3107784,13066,"(-111.8043551, 41.7454563)",in_transit
1790982160.567204,13066,"(-111.8043398, 41.7442051)",in_transit
1790982170.839759,13066,"(-111.8043365, 41.7435406)",Fine Arts Bldg
1790982181.138239,13066,"(-111.804346, 41.743359)",Fine Arts Bldg
1790982191.3909056,13066,"(-111.8043481, 41.7433355)",Fine Arts Bldg
1790982201.6584284,13066,"(-111.8043426, 41.7433326)",Fine Arts Bldg
1790982211.924482,13066,"(-111.8043281, 41.7431261)",in_transit
1790982222.179588,13066,"(-111.8043103, 41.7429341)",in_transit
1790982232.456558,13066,"(-111.8046021, 41.74244)",in_transit
1790982242.7048361,13066,"(-111.8062466, 41.741461)",in_transit
1790982252.959805,13066,"(-111.8062466, 41.741461)",in_transit
1790982263.216176,13066,"(-111.810474, 41.7402176)",in_transit
1790982273.509692,13066,"(-111.8112513, 41.7400321)",Family Life Bldg
1790982283.8029115,13066,"(-111.8112601, 41.7400273)",Family Life Bldg
1790982294.0587418,13066,"(-111.811259, 41.7400276)",Family Life Bldg
1790982304.3250613,13066,"(-111.811256, 41.7400231)",Family Life Bldg
1790982314.5814948,13066,"(-111.8112501, 41.7400165)",Family Life Bldg
1790982324.8499134,13066,"(-111.81185, 41.7397306)",in_transit
1790982335.1194973,13066,"(-111.8138908, 41.7388986)",in_transit
1790982345.383283,13066,"(-111.8155005, 41.7386355)",in_transit
1790982355.642175,13066,"(-111.8163225, 41.7387541)",in_transit
1790982365.915114,13066,"(-111.8163225, 41.7387541)",in_transit
1790982376.176994,13066,"(-111.8193118, 41.7394608)",in_transit
1790982386.4453332,13066,"(-111.819289, 41.7402546)",in_transit
1790982396.7177114,13066,"(-111.8187478, 41.7406676)",in_transit
1790982406.9897587,13066,"(-111.8177723, 41.7406256)",670 E 500 N
1790982417.2989745,13066,"(-111.8177723, 41.7406256)",670 E 500 N
1790982427.5698054,13066,"(-111.817315, 41.7406468)",in_transit
1790982437.8190737,13066,"(-111.8167551, 41.7408306)",in_transit
1790982448.08378,13066,"(-111.8167205, 41.7418288)",in_transit
1790982458.349674,13066,"(-111.816674, 41.7432866)",in_transit
1790982468.5987306,13066,"(-111.8160063, 41.7444131)",in_transit
1790982478.8665245,13066,"(-111.8148101, 41.7444706)",in_transit
1790982489.1208222,13066,"(-111.814448, 41.7444396)",in_transit
1790982499.41779,13066,"(-111.8142255, 41.744263)",in_transit
1790982509.7050817,13066,"(-111.8142813, 41.7437648)",in_transit
1790982519.978693,13066,"(-111.81432, 41.7435808)",in_transit
1790982530.274811,13066,"(-111.81432, 41.7435808)",in_transit
1790982540.575082,13066,"(-111.8139965, 41.7437283)",Taggart Student Center
1790982550.842565,13066,"(-111.8140031, 41.7437381)",Taggart Student Center
1790982561.0972803,13066,"(-111.8139903, 41.7437463)",Taggart Student Center
1790982571.3635097,13066,"(-111.8139843, 41.7437516)",Taggart Student Center
1790982581.622907,13066,"(-111.8139818, 41.743751)",Taggart Student Center
1790982591.8886878,13066,"(-111.8139996, 41.7437486)",Taggart Student Center
1790982602.1574533,13066,"(-111.8140165, 41.7437465)",Taggart Student Center
1790982612.41536,13066,"(-111.8141758, 41.7439885)",in_transit
1790982622.6780503,13066,"(-111.8141068, 41.7441761)",in_transit
1790982632.9228714,13066,"(-111.8141038, 41.7444545)",in_transit
1790982643.183478,13066,"(-111.8141631, 41.7453171)",in_transit
1790982653.4453747,13066,"(-111.8140745, 41.7469485)",in_transit
1790982663.71148,13066,"(-111.8140161, 41.7481128)",in_transit
1790982673.9722486,13066,"(-111.8138283, 41.7496135)",in_transit
1790982684.295823,13066,"(-111.8137986, 41.7498761)",in_transit
1790982694.559997,13066,"(-111.8138095, 41.7499978)",in_transit
1790982704.8974864,13066,"(-111.8132101, 41.750052)",The Bull
1790982715.150461,13066,"(-111.8131866, 41.7500636)",The Bull
1790982725.4121618,13066,"(-111.813185, 41.750068)",The Bull
1790982735.664733,13066,"(-111.8126456, 41.7501085)",in_transit
1790982745.9131906,13066,"(-111.8110818, 41.7500893)",in_transit
1790982756.2178414,13066,"(-111.8099298, 41.7500636)",in_transit
1790982766.504173,13066,"(-111.8079635, 41.7500195)",in_transit
1790982776.7913406,13066,"(-111.8066865, 41.749983)",in_transit
1790982787.048495,13066,"(-111.8058456, 41.749943)",Logan Cemetery
1790982797.3153007,13066,"(-111.8057145, 41.7499381)",Logan Cemetery
1790982807.5756376,13066,"(-111.8054071, 41.7499528)",in_transit
1790982817.8838403,13066,"(-111.8048573, 41.7499606)",in_transit
1790982828.1537225,13066,"(-111.8044915, 41.7496795)",in_transit
1790982838.4187868,13066,"(-111.8042733, 41.7492823)",in_transit
1790982848.6746874,13066,"(-111.8029526, 41.7493011)",in_transit
1790982858.950694,13066,"(-111.8019978, 41.7493068)",in_transit
1790982869.2131422,13066,"(-111.8018516, 41.7494896)",in_transit
1790982879.508958,13066,"(-111.8020895, 41.7496148)",Lundstrum
1790982889.7691867,13066,"(-111.8020895, 41.7496185)",Lundstrum
1790982900.026764,13066,"(-111.8021376, 41.7496136)",Lundstrum
1790982910.332285,13066,"(-111.8023661, 41.7494716)",in_transit
1790982920.5918689,13066,"(-111.8033943, 41.7493421)",in_transit
1790982930.8459282,13066,"(-111.8037948, 41.7493521)",in_transit
1790982941.1214266,13066,"(-111.8040385, 41.7493733)",in_transit
1790982951.3756688,13066,"(-111.8043176, 41.7499608)",in_transit
1790982961.666594,13066,"(-111.8045731, 41.7501075)",in_transit
1790982971.9297802,13066,"(-111.8045065, 41.7495066)",in_transit
1790982982.1936023,13066,"(-111.8044275, 41.7491475)",in_transit
1790982992.4406984,13066,"(-111.8043988, 41.7476586)",in_transit
1790983002.6957557,13066,"(-111.804369, 41.7469085)",in_transit
1790983012.9838421,13066,"(-111.8045121, 41.746539)",in_transit
1790983023.3020926,13066,"(-111.8043583, 41.7455523)",in_transit
1790983033.597901,13066,"(-111.8043461, 41.7447631)",in_transit
1790983043.8603985,13066,"(-111.8043333, 41.743746)",in_transit
1790983054.1279101,13066,"(-111.8043301, 41.7434825)",Fine Arts Bldg
1790983064.3994899,13066,"(-111.8043401, 41.7433495)",Fine Arts Bldg
1790983074.6722765,13066,"(-111.8043403, 41.7433473)",Fine Arts Bldg
1790983084.9422119,13066,"(-111.8043231, 41.7433471)",Fine Arts Bldg
1790983095.2116902,13066,"(-111.8043196, 41.743148)",in_transit
1790983105.4704404,13066,"(-111.8042495, 41.742762)",in_transit
1790983115.7572482,13066,"(-111.8050448, 41.7421905)",in_transit
1790983126.0194552,13066,"(-111.8062778, 41.7414565)",in_transit
1790983136.2764,13066,"(-111.8062778, 41.7414565)",in_transit
1790983146.5678942,13066,"(-111.8108401, 41.7401533)",in_transit
1790983156.8321922,13066,"(-111.8108401, 41.7401533)",in_transit
1790983167.0997925,13066,"(-111.8112358, 41.7400495)",Family Life Bldg
1790983177.3576355,13066,"(-111.8114831, 41.7399045)",in_transit
1790983187.6213913,13066,"(-111.81239, 41.7395405)",in_transit
1790983197.8754134,13066,"(-111.8145313, 41.738736)",in_transit
1790983208.168362,13066,"(-111.8161615, 41.7387533)",in_transit
1790983218.4339633,13066,"(-111.8181493, 41.7388615)",in_transit
1790983228.7017553,13066,"(-111.818544, 41.738869)",in_transit
1790983238.9670167,13066,"(-111.8190111, 41.73889)",in_transit
1790983249.2336833,13066,"(-111.819303, 41.7390998)",in_transit
1790983259.5259228,13066,"(-111.8192801, 41.7403448)",in_transit
1790983269.7848651,13066,"(-111.8189766, 41.740666)",in_transit
1790983280.0598392,13066,"(-111.8182496, 41.7406543)",in_transit
1790983290.3215744,13066,"(-111.8182496, 41.7406543)",in_transit
1790983300.582784,13066,"(-111.8175885, 41.7406315)",670 E 500 N
1790983310.8505335,13066,"(-111.8167945, 41.7406741)",in_transit
1790983321.1055565,13066,"(-111.8167356, 41.7414286)",in_transit
1790983331.3843303,13066,"(-111.81671, 41.7423718)",in_transit
1790983341.646657,13066,"(-111.8166106, 41.743785)",in_transit
1790983351.906281,13066,"(-111.8160246, 41.7444123)",in_transit
1790983362.1670322,13066,"(-111.8149501, 41.7444765)",in_transit
1790983372.4290173,13066,"(-111.8143375, 41.7444446)",in_transit
1790983382.7315671,13066,"(-111.8142201, 41.744255)",in_transit
1790983392.9837875,13066,"(-111.8142198, 41.7438001)",in_transit
1790983403.2441046,13066,"(-111.8142198, 41.7438001)",in_transit
1790983413.4960806,13066,"(-111.8142086, 41.7434653)",in_transit
1790983423.7495363,13066,"(-111.8141836, 41.7434556)",in_transit
1790983434.009789,13066,"(-111.8141546, 41.7434418)",in_transit
1790983444.3250628,13066,"(-111.8141225, 41.7434403)",in_transit
1790983454.6255522,13066,"(-111.8141048, 41.7434396)",in_transit
1790983464.903582,13066,"(-111.814097, 41.7434641)",in_transit
1790983475.1575541,13066,"(-111.8141136, 41.7434921)",in_transit
1790983485.4051125,13066,"(-111.8139615, 41.7437265)",Taggart Student Center
1790983495.679477,13066,"(-111.8139685, 41.7437393)",Taggart Student Center
1790983505.948431,13066,"(-111.8139665, 41.7437463)",Taggart Student Center
1790983516.218731,13066,"(-111.8139761, 41.7437616)",Taggart Student Center
1790983526.4691682,13066,"(-111.8141438, 41.7439491)",in_transit
1790983536.7291684,13066,"(-111.8141173, 41.7441306)",in_transit
1790983546.988514,13066,"(-111.8140953, 41.7442933)",in_transit
1790983557.2869692,13066,"(-111.8141006, 41.7447171)",in_transit
1790983567.549563,13066,"(-111.8141053, 41.745438)",in_transit
1790983577.8092074,13066,"(-111.8140548, 41.746717)",in_transit
1790983588.0842412,13066,"(-111.8140141, 41.7475843)",in_transit
1790983598.3400319,13066,"(-111.8139141, 41.7489861)",in_transit
1790983608.604153,13066,"(-111.8138143, 41.7497371)",in_transit
1790983618.8522732,13066,"(-111.8138066, 41.749942)",in_transit
1790983629.1399434,13066,"(-111.8138065, 41.7500483)",in_transit
1790983639.4166396,13066,"(-111.8135531, 41.7500985)",in_transit
1790983649.6805673,13066,"(-111.8132235, 41.7500566)",The Bull
1790983659.9447744,13066,"(-111.8131758, 41.7500548)",The Bull
1790983670.1990871,13066,"(-111.8131753, 41.7500496)",The Bull
1790983680.4595861,13066,"(-111.8121758, 41.7500976)",in_transit
1790983690.716325,13066,"(-111.8112101, 41.7500956)",in_transit
1790983701.011981,13066,"(-111.8098526, 41.7500666)",in_transit
1790983711.2941916,13066,"(-111.808246, 41.750034)",in_transit
1790983721.5495744,13066,"(-111.8069468, 41.7500038)",in_transit
1790983731.8136356,13066,"(-111.805936, 41.7499651)",Logan Cemetery
1790983742.0724537,13066,"(-111.8056978, 41.7499513)",Logan Cemetery
1790983824.2228441,13066,"(-111.8018801, 41.7493515)",in_transit
1790983834.5152907,13066,"(-111.8018801, 41.7493515)",in_transit
1790983844.7726266,13066,"(-111.8021046, 41.7496271)",Lundstrum
1790983855.0465639,13066,"(-111.802106, 41.7496306)",Lundstrum
1790983865.3027883,13066,"(-111.8021043, 41.749634)",Lundstrum
1790983875.5537958,13066,"(-111.802108, 41.749635)",Lundstrum
1790983885.8123739,13066,"(-111.8021146, 41.7496345)",Lundstrum
1790983896.0748372,13066,"(-111.8022603, 41.7495941)",Lundstrum
1790983906.3402143,13066,"(-111.802454, 41.7494106)",in_transit
1790983916.60012,13066,"(-111.803386, 41.7493435)",in_transit
1790983926.8715034,13066,"(-111.804346, 41.7495963)",in_transit
1790983937.1552274,13066,"(-111.8046046, 41.7501061)",in_transit
1790983947.4245312,13066,"(-111.8054981, 41.7500348)",in_transit
1790983957.6880062,13066,"(-111.8076376, 41.7500791)",in_transit
1790983967.948714,13066,"(-111.8091408, 41.7501136)",in_transit
1790983978.2040558,13066,"(-111.8115116, 41.7501608)",in_transit
1790983988.4602423,13066,"(-111.8133828, 41.750235)",in_transit
1790983998.705981,13066,"(-111.8136571, 41.7502388)",in_transit
1790984008.9684756,13066,"(-111.8138381, 41.7503343)",in_transit
1790984019.2200162,13066,"(-111.81383, 41.7521908)",in_transit
1790984029.478808,13066,"(-111.8138058, 41.7543508)",in_transit
1790984039.732946,13066,"(-111.8138041, 41.7547558)",in_transit
1790984049.993841,13066,"(-111.8131893, 41.7551356)",in_transit
1790984060.2800555,13066,"(-111.812919, 41.755149)",in_transit
1790984070.552227,13066,"(-111.8126788, 41.7551566)",in_transit
1790984080.8014004,13066,"(-111.8121841, 41.7551328)",in_transit
1790959854.798621,13066,"(-111.8139506, 41.7434945)",in_transit
1790959865.0585847,13066,"(-111.8139335, 41.7434963)",in_transit
1790959875.3206172,13066,"(-111.813942, 41.7434988)",in_transit
1790959885.5820172,13066,"(-111.8139453, 41.7434956)",in_transit
1790959895.8410192,13066,"(-111.8139516, 41.7434845)",in_transit
1790959906.1059895,13066,"(-111.81396, 41.7434715)",in_transit
1790959916.3606713,13066,"(-111.8139643, 41.7434698)",in_transit
1790959926.6137629,13066,"(-111.8139588, 41.7434773)",in_transit
1790959936.871058,13066,"(-111.813936, 41.7434925)",in_transit
1790959947.136381,13066,"(-111.813945, 41.7434905)",in_transit
1790959957.4045599,13066,"(-111.8139401, 41.7434818)",in_transit
1790959967.6757565,13066,"(-111.813897, 41.7434681)",in_transit
1790959977.9371498,13066,"(-111.8139086, 41.743466)",in_transit
1790959988.204239,13066,"(-111.8139276, 41.7434658)",in_transit
1790959998.528664,13066,"(-111.8139305, 41.7434628)",in_transit
1790960008.7982266,13066,"(-111.8139483, 41.7434983)",in_transit
1790960019.078128,13066,"(-111.8140043, 41.7436795)",Taggart Student Center
1790960029.3642647,13066,"(-111.8141475, 41.7440528)",in_transit
1790960039.6333187,13066,"(-111.8141373, 41.744226)",in_transit
1790960049.8895547,13066,"(-111.814171, 41.744234)",in_transit
1790960060.1547444,13066,"(-111.8141281, 41.7445363)",in_transit
1790960070.426365,13066,"(-111.8141093, 41.7450885)",in_transit
1790960080.690297,13066,"(-111.814071, 41.7461208)",in_transit
1790960090.9488347,13066,"(-111.8140146, 41.7473403)",in_transit
1790960101.204823,13066,"(-111.813957, 41.7482778)",in_transit
1790960111.4721367,13066,"(-111.813798, 41.7496871)",in_transit
1790960121.7292526,13066,"(-111.8137816, 41.7499388)",in_transit
1790960131.983546,13066,"(-111.813801, 41.7499708)",in_transit
1790960142.2373726,13066,"(-111.8135926, 41.7501051)",in_transit
1790960152.5060086,13066,"(-111.8131986, 41.7500633)",The Bull
1790960162.8049548,13066,"(-111.8132016, 41.7500551)",The Bull
1790960173.1027565,13066,"(-111.8131918, 41.7500605)",The Bull
1790960183.397333,13066,"(-111.8131733, 41.7500603)",The Bull
1790960193.6538095,13066,"(-111.8131658, 41.7500653)",The Bull
1790960203.9273965,13066,"(-111.8131623, 41.75006)",The Bull
1790960214.1854582,13066,"(-111.8131656, 41.7500548)",The Bull
1790960224.487795,13066,"(-111.8129075, 41.7500786)",in_transit
1790960234.7453449,13066,"(-111.8115551, 41.75009)",in_transit
1790960245.0611749,13066,"(-111.8103695, 41.7500701)",in_transit
1790960255.3243065,13066,"(-111.8085763, 41.7500391)",in_transit
1790960265.5844162,13066,"(-111.8072705, 41.7500196)",in_transit
1790960275.849515,13066,"(-111.805781, 41.7499713)",Logan Cemetery
1790960286.1143804,13066,"(-111.8057055, 41.7499751)",Logan Cemetery
1790960296.3916793,13066,"(-111.8057171, 41.7499735)",Logan Cemetery
1790960306.699715,13066,"(-111.8057201, 41.7499845)",Logan Cemetery
1790960316.9705603,13066,"(-111.8057363, 41.7499763)",Logan Cemetery
1790960327.2538497,13066,"(-111.8054836, 41.7499996)",in_transit
1790960337.5516303,13066,"(-111.8049531, 41.749993)",in_transit
1790960347.8418407,13066,"(-111.8045331, 41.749771)",in_transit
1790960358.1068516,13066,"(-111.8045423, 41.749527)",in_transit
1790960368.3701425,13066,"(-111.8039543, 41.7493031)",in_transit
1790960378.65536,13066,"(-111.8030175, 41.7493183)",in_transit
1790960388.9117844,13066,"(-111.8018625, 41.7494188)",in_transit
1790960399.1709738,13066,"(-111.8018625, 41.7494188)",in_transit
1790960409.4286284,13066,"(-111.8021241, 41.7496143)",Lundstrum
1790960419.724021,13066,"(-111.8021243, 41.7496191)",Lundstrum
1790960429.996702,13066,"(-111.8021285, 41.7496248)",Lundstrum
1790960440.2476952,13066,"(-111.8021205, 41.7496211)",Lundstrum
1790960450.5042963,13066,"(-111.8022978, 41.7495578)",in_transit
1790960460.7664435,13066,"(-111.8030665, 41.7493446)",in_transit
1790960471.022754,13066,"(-111.803828, 41.7493541)",in_transit
1790960481.2917414,13066,"(-111.804074, 41.7493813)",in_transit
1790960491.5523882,13066,"(-111.8043753, 41.7498063)",in_transit
1790960501.8127713,13066,"(-111.8046545, 41.7499156)",in_transit
1790960512.0962687,13066,"(-111.8045311, 41.7494911)",in_transit
1790960522.3497396,13066,"(-111.8045225, 41.7493173)",in_transit
1790960532.6431086,13066,"(-111.8044393, 41.7488003)",in_transit
1790960542.9205267,13066,"(-111.804414, 41.7473273)",in_transit
1790960553.1883984,13066,"(-111.8044273, 41.746732)",in_transit
1790960563.471008,13066,"(-111.8044846, 41.7464231)",in_transit
1790960573.7305377,13066,"(-111.8043786, 41.7453561)",in_transit
1790960583.998264,13066,"(-111.8043621, 41.744576)",in_transit
1790960594.2574224,13066,"(-111.8043588, 41.7445021)",in_transit
1790960604.5319037,13066,"(-111.8043553, 41.7444941)",in_transit
1790960614.825962,13066,"(-111.8043473, 41.7443036)",in_transit
1790960625.1008239,13066,"(-111.8043405, 41.7434151)",Fine Arts Bldg
1790960635.411831,13066,"(-111.8043545, 41.7433075)",Fine Arts Bldg
1790960645.6565564,13066,"(-111.8043601, 41.7432875)",in_transit
1790960655.9468853,13066,"(-111.8043093, 41.7428466)",in_transit
1790960666.2080057,13066,"(-111.8045981, 41.7424658)",in_transit
1790960676.47339,13066,"(-111.805806, 41.7417413)",in_transit
1790960686.7312284,13066,"(-111.808387, 41.7406921)",in_transit
1790960696.9974942,13066,"(-111.8102858, 41.7402668)",in_transit
1790960707.2439504,13066,"(-111.8111766, 41.740064)",Family Life Bldg
1790960717.52198,13066,"(-111.8112325, 41.7400375)",Family Life Bldg
1790960727.7858868,13066,"(-111.8112346, 41.7400318)",Family Life Bldg
1790960738.0844302,13066,"(-111.8112378, 41.7400175)",Family Life Bldg
1790960748.3396006,13066,"(-111.8112485, 41.7400136)",Family Life Bldg
1790960758.5977054,13066,"(-111.8116488, 41.7398263)",in_transit
1790960768.8660142,13066,"(-111.8137435, 41.7389678)",in_transit
1790960779.1308234,13066,"(-111.8155191, 41.738656)",in_transit
1790960789.430646,13066,"(-111.8176408, 41.7388315)",in_transit
1790960799.6764674,13066,"(-111.8188383, 41.7388528)",in_transit
1790960809.9328265,13066,"(-111.8189481, 41.738865)",in_transit
1790960820.254209,13066,"(-111.8189483, 41.7388616)",in_transit
1790960830.5202174,13066,"(-111.8191945, 41.738871)",in_transit
1790960840.7851245,13066,"(-111.8192981, 41.7401823)",in_transit
1790960851.0444646,13066,"(-111.8192783, 41.7403643)",in_transit
1790960861.312341,13066,"(-111.8185801, 41.7406505)",in_transit
1790960871.567786,13066,"(-111.8178031, 41.7406201)",670 E 500 N
1790960881.8402271,13066,"(-111.8176925, 41.7406221)",670 E 500 N
1790960892.0945156,13066,"(-111.8171611, 41.7406295)",in_transit
1790960902.3670895,13066,"(-111.8167545, 41.7408231)",in_transit
1790960912.6300497,13066,"(-111.816703, 41.7423096)",in_transit
1790960922.890166,13066,"(-111.8166681, 41.7432653)",in_transit
1790960933.1506457,13066,"(-111.815903, 41.7443781)",in_transit
1790960943.4475543,13066,"(-111.8147493, 41.7444326)",in_transit
1790960953.7086973,13066,"(-111.8144771, 41.7444045)",in_transit
1790960963.9643638,13066,"(-111.8143938, 41.7444358)",in_transit
1790960974.215608,13066,"(-111.8142506, 41.7441771)",in_transit
1790960984.5013914,13066,"(-111.8142658, 41.7437921)",in_transit
1790960994.7748225,13066,"(-111.8140771, 41.743515)",in_transit
1790961005.0234158,13066,"(-111.8140023, 41.7436433)",Taggart Student Center
1790961015.2863755,13066,"(-111.8140166, 41.7436578)",Taggart Student Center
1790961025.5481253,13066,"(-111.8140231, 41.7436751)",Taggart Student Center
1790961035.812691,13066,"(-111.814032, 41.7436845)",Taggart Student Center
1790961046.0751562,13066,"(-111.8140476, 41.743691)",Taggart Student Center
1790961056.328058,13066,"(-111.8140501, 41.7437028)",Taggart Student Center
1790961066.6056585,13066,"(-111.8140356, 41.7437103)",Taggart Student Center
1790961076.8664799,13066,"(-111.8140388, 41.7437105)",Taggart Student Center
1790961087.1510265,13066,"(-111.8140365, 41.7437068)",Taggart Student Center
1790961097.4183404,13066,"(-111.814027, 41.7436968)",Taggart Student Center
1790961107.6796823,13066,"(-111.814057, 41.7436741)",Taggart Student Center
1790961117.9265463,13066,"(-111.81411, 41.7436346)",Taggart Student Center
1790961128.1921375,13066,"(-111.8141415, 41.7437596)",Taggart Student Center
1790961138.4582436,13066,"(-111.8142096, 41.7439428)",in_transit
1790961148.716391,13066,"(-111.8141386, 41.7442238)",in_transit
1790961158.9758763,13066,"(-111.8141275, 41.744323)",in_transit
1790961169.2591019,13066,"(-111.8141438, 41.7443595)",in_transit
1790961179.537602,13066,"(-111.814159, 41.7444206)",in_transit
1790961189.7867599,13066,"(-111.8141741, 41.7444528)",in_transit
1790961200.0528092,13066,"(-111.8141393, 41.7449363)",in_transit
1790961210.3753014,13066,"(-111.8141126, 41.7458705)",in_transit
1790961220.634248,13066,"(-111.8140426, 41.7475808)",in_transit
1790961230.9041576,13066,"(-111.813913, 41.7493881)",in_transit
1790961241.202316,13066,"(-111.8138296, 41.7500295)",in_transit
1790961251.472997,13066,"(-111.813589, 41.7501008)",in_transit
1790961261.7348902,13066,"(-111.813199, 41.75007)",The Bull
1790961272.0281749,13066,"(-111.8131943, 41.7500725)",The Bull
1790961282.2848365,13066,"(-111.813123, 41.7500805)",The Bull
1790961292.5414345,13066,"(-111.811993, 41.7501015)",in_transit
1790961302.8316588,13066,"(-111.8116685, 41.7500976)",in_transit
1790961313.082881,13066,"(-111.811525, 41.7500931)",in_transit
1790961323.3486195,13066,"(-111.810956, 41.7500865)",in_transit
1790961333.641501,13066,"(-111.8095016, 41.750055)",in_transit
1790961343.908654,13066,"(-111.8081341, 41.7500251)",in_transit
1790961354.192808,13066,"(-111.8061033, 41.7499671)",in_transit
1790961364.4572427,13066,"(-111.8057551, 41.7499528)",Logan Cemetery
1790961374.7352188,13066,"(-111.8056875, 41.749956)",Logan Cemetery
1790961385.0019689,13066,"(-111.8056836, 41.7499541)",Logan Cemetery
1790961395.2923281,13066,"(-111.8054178, 41.7499793)",in_transit
1790961405.5613782,13066,"(-111.8051056, 41.749994)",in_transit
1790961415.83819,13066,"(-111.804928, 41.7499831)",in_transit
1790961426.0937095,13066,"(-111.8048395, 41.7499741)",in_transit
1790961436.360016,13066,"(-111.8047301, 41.7499611)",in_transit
1790961446.6452515,13066,"(-111.8045061, 41.7495328)",in_transit
1790961456.8972347,13066,"(-111.8042455, 41.7492846)",in_transit
1790961467.1912403,13066,"(-111.8028918, 41.7493115)",in_transit
1790961477.4602184,13066,"(-111.8018381, 41.7495205)",in_transit
1790961487.734333,13066,"(-111.8018381, 41.7495205)",in_transit
1790961497.9835017,13066,"(-111.8020981, 41.7496365)",Lundstrum
1790961508.248404,13066,"(-111.8020945, 41.7496446)",Lundstrum
1790961518.5179043,13066,"(-111.8021001, 41.7496453)",Lundstrum
1790961528.7719717,13066,"(-111.802099, 41.749651)",Lundstrum
1790961539.0287948,13066,"(-111.8023725, 41.7494915)",in_transit
1790961549.2940528,13066,"(-111.8026181, 41.7493638)",in_transit
1790961559.5771756,13066,"(-111.8036911, 41.7493381)",in_transit
1790961569.844949,13066,"(-111.8040225, 41.7493541)",in_transit
1790961580.092614,13066,"(-111.804352, 41.7498786)",in_transit
1790961590.4344215,13066,"(-111.8046093, 41.7500828)",in_transit
1790961600.7209482,13066,"(-111.8045371, 41.749443)",in_transit
1790961610.9722776,13066,"(-111.8044318, 41.7489975)",in_transit
1790961621.226375,13066,"(-111.804409, 41.7471793)",in_transit
1790961631.4868014,13066,"(-111.8045185, 41.7466363)",in_transit
1790961641.750909,13066,"(-111.8043745, 41.7454993)",in_transit
1790961652.0265539,13066,"(-111.8043558, 41.7447606)",in_transit
1790961662.2817924,13066,"(-111.8043503, 41.743829)",in_transit
1790961672.562651,13066,"(-111.8043491, 41.7435813)",Fine Arts Bldg
1790961682.837281,13066,"(-111.8043531, 41.7433973)",Fine Arts Bldg
1790961693.101513,13066,"(-111.8043546, 41.7433188)",Fine Arts Bldg
1790961703.354421,13066,"(-111.8043528, 41.7433065)",Fine Arts Bldg
1790961713.6211736,13066,"(-111.80436, 41.743184)",in_transit
1790961723.8780022,13066,"(-111.8043453, 41.7429773)",in_transit
1790961734.161465,13066,"(-111.8042913, 41.742797)",in_transit
1790961744.42779,13066,"(-111.8043318, 41.7426181)",in_transit
1790961754.6817033,13066,"(-111.8051266, 41.742131)",in_transit
1790961764.9779353,13066,"(-111.8064193, 41.7413608)",in_transit
1790961775.2346327,13066,"(-111.8095825, 41.740424)",in_transit
1790961785.4977345,13066,"(-111.8109095, 41.7401283)",in_transit
1790961795.7596538,13066,"(-111.8112633, 41.7400331)",Family Life Bldg
1790961806.026082,13066,"(-111.8112581, 41.7400278)",Family Life Bldg
1790961816.2816184,13066,"(-111.8112481, 41.74003)",Family Life Bldg
1790961826.5537064,13066,"(-111.811226, 41.7400341)",Family Life Bldg
1790961836.820076,13066,"(-111.8113876, 41.7399373)",in_transit
1790961847.0823119,13066,"(-111.8127025, 41.7393938)",in_transit
1790961857.3350928,13066,"(-111.8150711, 41.7386565)",in_transit
1790961867.590639,13066,"(-111.815937, 41.7387008)",in_transit
1790961877.915848,13066,"(-111.8190781, 41.7388735)",in_transit
1790961888.1778042,13066,"(-111.819307, 41.7391445)",in_transit
1790961898.4442084,13066,"(-111.8192618, 41.7403315)",in_transit
1790961908.7079978,13066,"(-111.8189921, 41.7406585)",in_transit
1790961918.9618173,13066,"(-111.8181658, 41.7406561)",in_transit
1790961929.2147,13066,"(-111.8178163, 41.7406241)",670 E 500 N
1790961939.4776487,13066,"(-111.817692, 41.7406193)",670 E 500 N
1790961949.7493043,13066,"(-111.8171478, 41.740642)",in_transit
1790961960.0266924,13066,"(-111.8167651, 41.7408453)",in_transit
1790961970.289548,13066,"(-111.8167066, 41.7419251)",in_transit
1790961980.5481439,13066,"(-111.8166416, 41.743512)",in_transit
1790961990.8256466,13066,"(-111.8156646, 41.7444693)",in_transit
1790962001.0860448,13066,"(-111.814719, 41.7444593)",in_transit
1790962011.373115,13066,"(-111.814463, 41.7444421)",in_transit
1790962021.655639,13066,"(-111.81437, 41.7444611)",in_transit
1790962031.91036,13066,"(-111.8143521, 41.7444546)",in_transit
1790962042.1663263,13066,"(-111.8142541, 41.7437688)",in_transit
1790962052.4172788,13066,"(-111.8143121, 41.7435851)",in_transit
1790962062.685806,13066,"(-111.8142923, 41.7434966)",in_transit
1790962072.9435658,13066,"(-111.8142963, 41.7434948)",in_transit
1790962083.2173767,13066,"(-111.8142925, 41.743504)",in_transit
1790962093.4701955,13066,"(-111.8142675, 41.7434931)",in_transit
1790962103.7361875,13066,"(-111.814248, 41.7434873)",in_transit
1790962113.9905384,13066,"(-111.8142453, 41.7434815)",in_transit
1790962124.2558293,13066,"(-111.814253, 41.7434768)",in_transit
1790962134.547237,13066,"(-111.8142825, 41.743472)",in_transit
1790962144.7987542,13066,"(-111.8142881, 41.7434908)",in_transit
1790962155.0680473,13066,"(-111.8142908, 41.7435121)",in_transit
1790962165.3238764,13066,"(-111.814292, 41.7435146)",in_transit
1790962175.5771687,13066,"(-111.8143038, 41.7435053)",in_transit
1790962185.857831,13066,"(-111.814015, 41.7435778)",Taggart Student Center
1790962196.1660938,13066,"(-111.8140085, 41.7437496)",Taggart Student Center
1790962206.4281688,13066,"(-111.8140033, 41.7437651)",Taggart Student Center
1790962216.7224824,13066,"(-111.8140166, 41.7437855)",Taggart Student Center
1790962226.999854,13066,"(-111.8141073, 41.7438373)",in_transit
1790962237.2581503,13066,"(-111.8140891, 41.7442033)",in_transit
1790962247.5499678,13066,"(-111.8140986, 41.7442758)",in_transit
1790962257.8226,13066,"(-111.8141235, 41.7443085)",in_transit
1790962268.1096537,13066,"(-111.8140973, 41.744751)",in_transit
1790962278.409023,13066,"(-111.814072, 41.745484)",in_transit
1790962288.737976,13066,"(-111.8140533, 41.7465046)",in_transit
1790962298.9939184,13066,"(-111.8140248, 41.7480096)",in_transit
1790962309.28669,13066,"(-111.8139421, 41.7490743)",in_transit
1790962319.554445,13066,"(-111.813821, 41.7499086)",in_transit
1790962329.814604,13066,"(-111.8135341, 41.7501003)",in_transit
1790962340.0924268,13066,"(-111.8135341, 41.7501003)",in_transit
1790962350.3640409,13066,"(-111.8132038, 41.750056)",The Bull
1790962360.6207528,13066,"(-111.8131826, 41.7500521)",The Bull
1790962370.875769,13066,"(-111.8129405, 41.75007)",in_transit
1790962381.1451313,13066,"(-111.8116418, 41.7500953)",in_transit
1790962391.4325438,13066,"(-111.8104951, 41.7500751)",in_transit
1790962401.7017746,13066,"(-111.8085885, 41.7500303)",in_transit
1790962411.9948277,13066,"(-111.8071315, 41.749997)",in_transit
1790962422.2637086,13066,"(-111.805678, 41.7499376)",in_transit
1790962432.5168004,13066,"(-111.8056166, 41.7499325)",in_transit
1790962442.7751167,13066,"(-111.8055845, 41.7499356)",in_transit
1790962453.0383248,13066,"(-111.804957, 41.7499726)",in_transit
1790962463.3398204,13066,"(-111.8047205, 41.7499423)",in_transit
1790962473.5897088,13066,"(-111.8045, 41.7495455)",in_transit
1790962483.8443384,13066,"(-111.8042723, 41.7492676)",in_transit
1790962494.1541018,13066,"(-111.802333, 41.7492965)",in_transit
1790962504.4255526,13066,"(-111.8018536, 41.7494908)",in_transit
1790962514.6915321,13066,"(-111.8018536, 41.7494908)",in_transit
1790962524.9610815,13066,"(-111.8021008, 41.7496198)",Lundstrum
1790962535.2899563,13066,"(-111.8021065, 41.749633)",Lundstrum
1790962545.5373077,13066,"(-111.8021148, 41.7496368)",Lundstrum
1790962555.7960587,13066,"(-111.8021256, 41.749647)",Lundstrum
1790962566.0669045,13066,"(-111.802126, 41.749647)",Lundstrum
1790962576.3246124,13066,"(-111.8023016, 41.7495796)",in_transit
1790962586.5770836,13066,"(-111.8024875, 41.7493935)",in_transit
1790962596.8623433,13066,"(-111.8037261, 41.7493495)",in_transit
1790962607.1232297,13066,"(-111.8042998, 41.7495195)",in_transit
1790962617.3883848,13066,"(-111.8043468, 41.7500216)",in_transit
1790962627.6830733,13066,"(-111.8046613, 41.7499128)",in_transit
1790962637.9474928,13066,"(-111.8045381, 41.7494233)",in_transit
1790962648.255918,13066,"(-111.8044066, 41.7481081)",in_transit
1790962658.5251868,13066,"(-111.8043558, 41.7468635)",in_transit
1790962668.7857816,13066,"(-111.8044461, 41.746676)",in_transit
1790962679.0713537,13066,"(-111.8043526, 41.7458473)",in_transit
1790962689.3360422,13066,"(-111.8043413, 41.7448336)",in_transit
1790962699.6017907,13066,"(-111.8043298, 41.74443)",in_transit
1790962709.8493047,13066,"(-111.8043233, 41.7434761)",Fine Arts Bldg
1790962720.1095502,13066,"(-111.8043393, 41.7432933)",in_transit
1790962730.3717027,13066,"(-111.8043413, 41.7432868)",in_transit
1790962740.6278543,13066,"(-111.804322, 41.743)",in_transit
1790962750.8773835,13066,"(-111.8042631, 41.7428145)",in_transit
1790962761.1552067,13066,"(-111.8042955, 41.7426293)",in_transit
1790962771.40764,13066,"(-111.805089, 41.7421468)",in_transit
1790962781.6649632,13066,"(-111.807165, 41.7410175)",in_transit
1790962791.9215262,13066,"(-111.8094733, 41.7404571)",in_transit
1790962802.177419,13066,"(-111.811203, 41.7400595)",Family Life Bldg
1790962812.44438,13066,"(-111.811253, 41.7400418)",Family Life Bldg
1790962822.704795,13066,"(-111.8112535, 41.7400401)",Family Life Bldg
1790962832.9898462,13066,"(-111.8112606, 41.7400398)",Family Life Bldg
1790962843.24275,13066,"(-111.8123201, 41.739569)",in_transit
1790962853.503717,13066,"(-111.8138748, 41.7389378)",in_transit
1790962863.807245,13066,"(-111.8164898, 41.7387998)",in_transit
1790962874.0647197,13066,"(-111.81834, 41.7388585)",in_transit
1790962884.3247528,13066,"(-111.8193056, 41.7390736)",in_transit
1790962894.6022182,13066,"(-111.8193195, 41.73988)",in_transit
1790962904.863565,13066,"(-111.8193195, 41.73988)",in_transit
1790962915.124566,13066,"(-111.818943, 41.7406265)",in_transit
1790962925.3923593,13066,"(-111.8178621, 41.740608)",670 E 500 N
1790962935.658477,13066,"(-111.8176795, 41.7406011)",670 E 500 N
1790962945.9198027,13066,"(-111.8171671, 41.7406205)",in_transit
1790962956.1815405,13066,"(-111.8169248, 41.7406118)",in_transit
1790962966.4379573,13066,"(-111.8167326, 41.7413328)",in_transit
1790962976.693142,13066,"(-111.8166946, 41.7426113)",in_transit
1790962986.951908,13066,"(-111.8166946, 41.7426113)",in_transit
1790962997.227881,13066,"(-111.8166921, 41.742986)",in_transit
1790963007.4882565,13066,"(-111.816413, 41.7441108)",in_transit
1790963017.741523,13066,"(-111.8155181, 41.7444651)",in_transit
1790963027.9991927,13066,"(-111.8144513, 41.7444371)",in_transit
1790963038.2828572,13066,"(-111.8142676, 41.74414)",in_transit
1790963048.57025,13066,"(-111.814303, 41.7436641)",in_transit
1790963058.8262005,13066,"(-111.8139936, 41.7436788)",Taggart Student Center
1790963069.0856493,13066,"(-111.8140398, 41.7437841)",Taggart Student Center
1790963079.3595233,13066,"(-111.8140493, 41.7437861)",Taggart Student Center
1790963089.6165998,13066,"(-111.814058, 41.7437921)",Taggart Student Center
1790963099.8774874,13066,"(-111.814058, 41.7437998)",Taggart Student Center
1790963110.145118,13066,"(-111.8140455, 41.7438143)",Taggart Student Center
1790963120.429298,13066,"(-111.8141425, 41.7439946)",in_transit
1790963130.7082732,13066,"(-111.8140713, 41.7444546)",in_transit
1790963140.9766397,13066,"(-111.8140623, 41.7455136)",in_transit
1790963151.2371187,13066,"(-111.8140623, 41.7455136)",in_transit
1790963161.5219738,13066,"(-111.8139481, 41.7489786)",in_transit
1790963171.7839272,13066,"(-111.8138221, 41.7498208)",in_transit
1790963182.0846827,13066,"(-111.8135678, 41.7500785)",in_transit
1790963192.3425584,13066,"(-111.8135678, 41.7500785)",in_transit
1790963202.6029527,13066,"(-111.8131958, 41.7500551)",The Bull
1790963212.8607101,13066,"(-111.8126158, 41.7500826)",in_transit
1790963223.1364965,13066,"(-111.8116285, 41.7500901)",in_transit
1790963233.45079,13066,"(-111.8098923, 41.7500578)",in_transit
1790963243.710973,13066,"(-111.8085823, 41.7500271)",in_transit
1790963254.0103695,13066,"(-111.8064663, 41.7499738)",in_transit
1790963264.2643645,13066,"(-111.8056761, 41.7499386)",in_transit
1790963274.524832,13066,"(-111.8056431, 41.7499368)",in_transit
1790963284.7786388,13066,"(-111.8052326, 41.7499541)",in_transit
1790963295.0279658,13066,"(-111.804913, 41.7499615)",in_transit
1790963305.2907028,13066,"(-111.8047266, 41.7499416)",in_transit
1790963315.5487115,13066,"(-111.804534, 41.7497545)",in_transit
1790963325.8046656,13066,"(-111.8045165, 41.749323)",in_transit
1790963336.059011,13066,"(-111.8035161, 41.7492966)",in_transit
1790963346.3304439,13066,"(-111.8019026, 41.7493226)",in_transit
1790963356.5879004,13066,"(-111.8018671, 41.7495058)",in_transit
1790963366.8713353,13066,"(-111.802117, 41.7496218)",Lundstrum
1790963377.1606755,13066,"(-111.802128, 41.7496301)",Lundstrum
1790963387.419311,13066,"(-111.8021833, 41.749626)",Lundstrum
1790963397.6998749,13066,"(-111.8026646, 41.7493575)",in_transit
1790963407.9672155,13066,"(-111.8036626, 41.7493553)",in_transit
1790963418.2200031,13066,"(-111.804261, 41.749496)",in_transit
1790963428.4771698,13066,"(-111.8043393, 41.749952)",in_transit
1790963438.75366,13066,"(-111.8045048, 41.7497213)",in_transit
1790963449.061446,13066,"(-111.8044376, 41.7491766)",in_transit
1790963459.3197434,13066,"(-111.8044096, 41.7483036)",in_transit
1790963469.5790937,13066,"(-111.8043948, 41.7476048)",in_transit
1790963479.8390143,13066,"(-111.804356, 41.7468638)",in_transit
1790963490.1588564,13066,"(-111.8044466, 41.7466798)",in_transit
1790963500.4463372,13066,"(-111.8043518, 41.7459726)",in_transit
1790963510.7039013,13066,"(-111.804329, 41.745152)",in_transit
1790963521.01118,13066,"(-111.8043178, 41.744515)",in_transit
1790963531.3045871,13066,"(-111.8043218, 41.7444766)",in_transit
1790963541.5859444,13066,"(-111.8043206, 41.744468)",in_transit
1790963551.843907,13066,"(-111.804313, 41.743948)",in_transit
1790963562.1059668,13066,"(-111.8043331, 41.7433586)",Fine Arts Bldg
1790963572.3959239,13066,"(-111.8043495, 41.743303)",Fine Arts Bldg
1790963582.6558468,13066,"(-111.8043448, 41.7432985)",Fine Arts Bldg
1790963592.9236197,13066,"(-111.8043226, 41.742932)",in_transit
1790963603.1751444,13066,"(-111.8044508, 41.7425256)",in_transit
1790963613.436343,13066,"(-111.8066116, 41.741253)",in_transit
1790963623.7287588,13066,"(-111.808413, 41.7406838)",in_transit
1790963634.014001,13066,"(-111.8109675, 41.7401148)",Family Life Bldg
1790963644.2645764,13066,"(-111.8112165, 41.7400403)",Family Life Bldg
1790963654.516508,13066,"(-111.8112466, 41.7400418)",Family Life Bldg
1790963664.78443,13066,"(-111.8112588, 41.7400446)",Family Life Bldg
1790963675.0714264,13066,"(-111.8115153, 41.7399013)",in_transit
1790963685.3234425,13066,"(-111.8133185, 41.7391616)",in_transit
1790963695.5870552,13066,"(-111.8150175, 41.7386735)",in_transit
1790963705.8536742,13066,"(-111.817406, 41.7388493)",in_transit
1790963716.1097398,13066,"(-111.8186246, 41.7388651)",in_transit
1790963726.3683136,13066,"(-111.8188508, 41.7388628)",in_transit
1790963736.643201,13066,"(-111.819323, 41.7390548)",in_transit
1790963746.9323587,13066,"(-111.8193141, 41.7398656)",in_transit
1790963757.2011101,13066,"(-111.8193141, 41.7398656)",in_transit
1790963767.464371,13066,"(-111.8187581, 41.7406713)",in_transit
1790963777.728874,13066,"(-111.8180865, 41.7406496)",in_transit
1790963787.9815066,13066,"(-111.8176675, 41.7406225)",670 E 500 N
1790963798.2563074,13066,"(-111.8171475, 41.7406371)",in_transit
1790963808.507006,13066,"(-111.8167355, 41.7408198)",in_transit
1790963818.7609313,13066,"(-111.8166923, 41.741863)",in_transit
1790963829.0654023,13066,"(-111.8166688, 41.7434096)",in_transit
1790963839.343507,13066,"(-111.8162483, 41.7442915)",in_transit
1790963849.6340747,13066,"(-111.8147128, 41.744455)",in_transit
1790963859.9016905,13066,"(-111.814434, 41.7444363)",in_transit
1790963870.161417,13066,"(-111.8142268, 41.7441665)",in_transit
1790963880.4170907,13066,"(-111.8143051, 41.7436918)",in_transit
1790963890.6794543,13066,"(-111.8139806, 41.7436721)",Taggart Student Center
1790963900.9470787,13066,"(-111.8139908, 41.7437495)",Taggart Student Center
1790963911.2537928,13066,"(-111.8139975, 41.7437608)",Taggart Student Center
1790963921.5042393,13066,"(-111.814014, 41.7437558)",Taggart Student Center
1790963931.7549062,13066,"(-111.8140218, 41.7437571)",Taggart Student Center
1790963942.0484118,13066,"(-111.8140245, 41.743755)",Taggart Student Center
1790963952.309344,13066,"(-111.8140251, 41.7437575)",Taggart Student Center
1790963962.5923884,13066,"(-111.8140231, 41.7437606)",Taggart Student Center
1790963972.86156,13066,"(-111.8140096, 41.7437656)",Taggart Student Center
1790963983.1248662,13066,"(-111.8139891, 41.7437821)",Taggart Student Center
1790963993.4063876,13066,"(-111.8139708, 41.7437918)",Taggart Student Center
1790964003.674082,13066,"(-111.8139633, 41.7437846)",Taggart Student Center
1790964013.9338284,13066,"(-111.8139585, 41.7437826)",Taggart Student Center
1790964024.191861,13066,"(-111.8139658, 41.7437813)",Taggart Student Center
1790964034.4764862,13066,"(-111.8139685, 41.7437651)",Taggart Student Center
1790964044.7431886,13066,"(-111.8139693, 41.7437623)",Taggart Student Center
1790964054.9895935,13066,"(-111.8141385, 41.743882)",in_transit
1790964065.2445955,13066,"(-111.8141073, 41.7451105)",in_transit
1790964075.5000215,13066,"(-111.8141011, 41.74558)",in_transit
1790964085.770015,13066,"(-111.8140268, 41.7478273)",in_transit
1790964096.0543747,13066,"(-111.8139856, 41.7484245)",in_transit
1790964106.3452327,13066,"(-111.8138255, 41.7497568)",in_transit
1790964116.637914,13066,"(-111.8138156, 41.7498868)",in_transit
1790964126.8987775,13066,"(-111.8135611, 41.7501018)",in_transit
1790964137.1539388,13066,"(-111.8135611, 41.7501018)",in_transit
1790964147.4129608,13066,"(-111.8131868, 41.7500701)",The Bull
1790964157.6654932,13066,"(-111.8131708, 41.7500668)",The Bull
1790964167.9262166,13066,"(-111.8131643, 41.750075)",The Bull
1790964178.2183378,13066,"(-111.8131583, 41.7500781)",The Bull
1790964188.4797192,13066,"(-111.8131591, 41.7500741)",The Bull
1790964198.7419279,13066,"(-111.8129161, 41.750088)",in_transit
1790964209.0095716,13066,"(-111.811536, 41.7501041)",in_transit
1790964219.26964,13066,"(-111.810359, 41.7500888)",in_transit
1790964229.5213394,13066,"(-111.8083146, 41.7500513)",in_transit
1790964239.7801933,13066,"(-111.8061881, 41.7499873)",in_transit
1790964250.0388305,13066,"(-111.805763, 41.7499676)",Logan Cemetery
1790964260.3000786,13066,"(-111.8056258, 41.7499575)",in_transit
1790964270.5684726,13066,"(-111.8050625, 41.7499833)",in_transit
1790964280.8228507,13066,"(-111.8047986, 41.7499748)",in_transit
1790964291.0871248,13066,"(-111.804717, 41.7499631)",in_transit
1790964301.3741057,13066,"(-111.8045331, 41.749429)",in_transit
1790964311.641472,13066,"(-111.8042281, 41.7492881)",in_transit
1790964321.905777,13066,"(-111.8022611, 41.7493175)",in_transit
1790964332.1636777,13066,"(-111.8018733, 41.7495196)",in_transit
1790964342.4340725,13066,"(-111.8021015, 41.7496063)",Lundstrum
1790964352.7009068,13066,"(-111.8021106, 41.7496166)",Lundstrum
1790964362.969685,13066,"(-111.8021153, 41.7496216)",Lundstrum
1790964373.230176,13066,"(-111.8021753, 41.749612)",Lundstrum
1790964383.4876783,13066,"(-111.802415, 41.7494628)",in_transit
1790964393.7647142,13066,"(-111.8032168, 41.7493455)",in_transit
1790964404.0517437,13066,"(-111.8040155, 41.7493643)",in_transit
1790964414.3092184,13066,"(-111.8043681, 41.7496593)",in_transit
1790964424.5692751,13066,"(-111.8045855, 41.7501078)",in_transit
1790964434.837022,13066,"(-111.8044985, 41.7496985)",in_transit
1790964445.09828,13066,"(-111.8044133, 41.748658)",in_transit
1790964455.400574,13066,"(-111.8044133, 41.748658)",in_transit
1790964465.6577003,13066,"(-111.8044413, 41.7466916)",in_transit
1790964475.9618797,13066,"(-111.8043985, 41.7463085)",in_transit
1790964486.2368333,13066,"(-111.8043488, 41.7449785)",in_transit
1790964496.4976714,13066,"(-111.8043356, 41.7440785)",in_transit
1790964506.7460015,13066,"(-111.8043441, 41.7434193)",Fine Arts Bldg
1790964517.0400436,13066,"(-111.8043428, 41.7432953)",in_transit
1790964527.3022077,13066,"(-111.8043505, 41.7432975)",in_transit
1790964537.5718973,13066,"(-111.8043468, 41.7432941)",in_transit
1790964547.827483,13066,"(-111.8043315, 41.743286)",in_transit
1790964558.0838456,13066,"(-111.8043105, 41.743133)",in_transit
1790964568.3488083,13066,"(-111.8043625, 41.7425735)",in_transit
1790964578.600548,13066,"(-111.8051983, 41.7420806)",in_transit
1790964588.8867457,13066,"(-111.8074331, 41.7409256)",in_transit
1790964599.1447449,13066,"(-111.8095728, 41.7404308)",in_transit
1790964609.42874,13066,"(-111.8112405, 41.7400363)",Family Life Bldg
1790964619.6943462,13066,"(-111.8112573, 41.7400463)",Family Life Bldg
1790964629.96593,13066,"(-111.8112543, 41.7400445)",Family Life Bldg
1790964640.250093,13066,"(-111.8114986, 41.7399158)",in_transit
1790964650.5188484,13066,"(-111.8138528, 41.7389528)",in_transit
1790964660.80517,13066,"(-111.8164533, 41.738801)",in_transit
1790964671.0773294,13066,"(-111.8183663, 41.7388653)",in_transit
1790964681.373494,13066,"(-111.8192998, 41.7389218)",in_transit
1790964691.6387136,13066,"(-111.8193151, 41.7399485)",in_transit
1790964701.8966827,13066,"(-111.819264, 41.7404851)",in_transit
1790964712.1906977,13066,"(-111.8191675, 41.7406001)",in_transit
1790964722.460932,13066,"(-111.8180671, 41.7406516)",in_transit
1790964732.72297,13066,"(-111.8177583, 41.7406258)",670 E 500 N
1790964742.979107,13066,"(-111.8176933, 41.7406285)",670 E 500 N
1790964753.2220833,13066,"(-111.8176895, 41.740618)",670 E 500 N
1790964763.4788158,13066,"(-111.8176758, 41.7406128)",670 E 500 N
1790964773.7405117,13066,"(-111.8176458, 41.7406118)",670 E 500 N
1790964784.02465,13066,"(-111.8174228, 41.7406411)",in_transit
1790964794.2950983,13066,"(-111.816825, 41.7406588)",in_transit
1790964804.583429,13066,"(-111.8167376, 41.7414376)",in_transit
1790964814.8357258,13066,"(-111.8167256, 41.7427026)",in_transit
1790964825.0919986,13066,"(-111.8166786, 41.7435806)",in_transit
1790964835.3550487,13066,"(-111.8156766, 41.7444703)",in_transit
1790964845.619851,13066,"(-111.8148421, 41.7444695)",in_transit
1790964855.9299712,13066,"(-111.8143515, 41.7444491)",in_transit
1790964866.1813042,13066,"(-111.8141896, 41.7442581)",in_transit
1790964876.44028,13066,"(-111.814283, 41.743675)",in_transit
1790964886.7024062,13066,"(-111.8140493, 41.7434885)",in_transit
1790964896.9675095,13066,"(-111.8139786, 41.7436688)",Taggart Student Center
1790964907.2239075,13066,"(-111.8140131, 41.7437606)",Taggart Student Center
1790964917.4922736,13066,"(-111.8140071, 41.7437453)",Taggart Student Center
1790964927.7416904,13066,"(-111.8140166, 41.7437466)",Taggart Student Center
1790964938.0027559,13066,"(-111.8140185, 41.7437625)",Taggart Student Center
1790964948.2818506,13066,"(-111.8140126, 41.7437796)",Taggart Student Center
1790964958.5530837,13066,"(-111.8140123, 41.743801)",Taggart Student Center
1790964968.8114045,13066,"(-111.8141543, 41.7439828)",in_transit
1790964979.074935,13066,"(-111.8141071, 41.7448156)",in_transit
1790964989.373246,13066,"(-111.81408, 41.7463163)",in_transit
1790964999.634273,13066,"(-111.8140331, 41.7474751)",in_transit
1790965009.9030225,13066,"(-111.8139133, 41.7492116)",in_transit
1790965020.158182,13066,"(-111.8138105, 41.7499106)",in_transit
1790965030.429423,13066,"(-111.8138176, 41.749993)",in_transit
1790965040.6794426,13066,"(-111.813529, 41.7500556)",in_transit
1790965050.9433362,13066,"(-111.813529, 41.7500556)",in_transit
1790965061.2436497,13066,"(-111.813202, 41.7500585)",The Bull
1790965071.5129862,13066,"(-111.8132058, 41.750059)",The Bull
1790965081.8312054,13066,"(-111.8132055, 41.7500735)",The Bull
1790965092.0915554,13066,"(-111.8131051, 41.7500853)",The Bull
1790965102.3487341,13066,"(-111.8123825, 41.7501198)",in_transit
1790965112.5977638,13066,"(-111.8107391, 41.7501006)",in_transit
1790965122.8811402,13066,"(-111.809587, 41.7500781)",in_transit
1790965133.1347387,13066,"(-111.8075595, 41.750036)",in_transit
1790965143.3869865,13066,"(-111.806242, 41.7499898)",in_transit
1790965153.6595151,13066,"(-111.8056611, 41.7499703)",in_transit
1790965163.924817,13066,"(-111.8056323, 41.7499703)",in_transit
1790965174.1826572,13066,"(-111.805081, 41.750011)",in_transit
1790965184.466614,13066,"(-111.8048323, 41.750002)",in_transit
1790965194.7359686,13066,"(-111.804732, 41.7499873)",in_transit
1790965204.9762383,13066,"(-111.8045405, 41.749801)",in_transit
1790965215.2268102,13066,"(-111.8042663, 41.7493025)",in_transit
1790965225.5023444,13066,"(-111.803956, 41.749322)",in_transit
1790965235.8299608,13066,"(-111.8025286, 41.749341)",in_transit
1790965246.1339562,13066,"(-111.8018285, 41.7494321)",in_transit
1790965256.4360151,13066,"(-111.8018285, 41.7494321)",in_transit
1790965266.6972778,13066,"(-111.8021116, 41.7496225)",Lundstrum
1790965276.9650407,13066,"(-111.8021088, 41.7496261)",Lundstrum
1790965287.2291627,13066,"(-111.802106, 41.7496306)",Lundstrum
1790965297.5138474,13066,"(-111.8023538, 41.749508)",in_transit
1790965307.772029,13066,"(-111.8025993, 41.7493641)",in_transit
1790965318.04743,13066,"(-111.8036571, 41.7493571)",in_transit
1790965328.2959127,13066,"(-111.8042725, 41.7495051)",in_transit
1790965338.562691,13066,"(-111.804345, 41.7499531)",in_transit
1790965348.8285153,13066,"(-111.804513, 41.7497265)",in_transit
1790965359.0919354,13066,"(-111.8044285, 41.7490281)",in_transit
1790965369.3342316,13066,"(-111.8044065, 41.7477128)",in_transit
1790965379.6123343,13066,"(-111.8043775, 41.7469016)",in_transit
1790965389.8837883,13066,"(-111.804398, 41.7462875)",in_transit
1790965400.1937551,13066,"(-111.8043613, 41.7455148)",in_transit
1790965410.4619439,13066,"(-111.8043431, 41.7441766)",in_transit
1790965420.733417,13066,"(-111.8043366, 41.7437388)",in_transit
1790965431.0075357,13066,"(-111.8043465, 41.7433055)",Fine Arts Bldg
1790965441.2639322,13066,"(-111.8043478, 41.7433053)",Fine Arts Bldg
1790965451.5523198,13066,"(-111.804339, 41.7433018)",Fine Arts Bldg
1790965461.8130908,13066,"(-111.8043315, 41.7433003)",Fine Arts Bldg
1790965472.0693414,13066,"(-111.8043168, 41.7430128)",in_transit
1790965482.3742814,13066,"(-111.8042783, 41.7428276)",in_transit
1790965492.6378896,13066,"(-111.8042803, 41.742811)",in_transit
1790965502.9167726,13066,"(-111.8042878, 41.7428158)",in_transit
1790965513.1816046,13066,"(-111.8051655, 41.7421143)",in_transit
1790965523.4429433,13066,"(-111.8064661, 41.7413403)",in_transit
1790965533.767861,13066,"(-111.8096563, 41.7404046)",in_transit
1790965544.0627074,13066,"(-111.810984, 41.7401011)",Family Life Bldg
1790965554.3664253,13066,"(-111.8112371, 41.7400248)",Family Life Bldg
1790965564.6347926,13066,"(-111.811273, 41.7400133)",Family Life Bldg
1790965574.897546,13066,"(-111.8112856, 41.7400063)",Family Life Bldg
1790965585.1568155,13066,"(-111.812277, 41.7395765)",in_transit
1790965595.4160364,13066,"(-111.814708, 41.738701)",in_transit
1790965605.6937127,13066,"(-111.8165276, 41.7388018)",in_transit
1790965615.9471343,13066,"(-111.8185228, 41.7388625)",in_transit
1790965626.216763,13066,"(-111.8190591, 41.7388728)",in_transit
1790965636.4842143,13066,"(-111.8192091, 41.7388738)",in_transit
1790965646.7900171,13066,"(-111.8193281, 41.7390648)",in_transit
1790965657.056218,13066,"(-111.8192995, 41.7398875)",in_transit
1790965667.322955,13066,"(-111.8192611, 41.7404316)",in_transit
1790965677.56955,13066,"(-111.8192375, 41.7405121)",in_transit
1790965687.848871,13066,"(-111.81817, 41.740645)",in_transit
1790965698.1211967,13066,"(-111.8178086, 41.7406326)",670 E 500 N
1790965708.3778937,13066,"(-111.8176735, 41.7406221)",670 E 500 N
1790965718.6371665,13066,"(-111.816911, 41.7406378)",in_transit
1790965728.9005105,13066,"(-111.8167321, 41.7414356)",in_transit
1790965739.1686945,13066,"(-111.8167145, 41.7423756)",in_transit
1790965749.4312246,13066,"(-111.816592, 41.7438268)",in_transit
1790965759.69233,13066,"(-111.8158645, 41.7444045)",in_transit
1790965769.9587338,13066,"(-111.814457, 41.7444165)",in_transit
1790965780.236354,13066,"(-111.8143468, 41.7444305)",in_transit
1790965790.4985788,13066,"(-111.8141961, 41.7442896)",in_transit
1790965800.8205383,13066,"(-111.8142848, 41.743654)",in_transit
1790965811.0916114,13066,"(-111.8140443, 41.7435128)",in_transit
1790965821.3531363,13066,"(-111.813997, 41.7436943)",Taggart Student Center
1790965831.6198382,13066,"(-111.8140285, 41.7437825)",Taggart Student Center
1790965841.8816545,13066,"(-111.8140201, 41.7437921)",Taggart Student Center
1790965852.1285758,13066,"(-111.8140213, 41.7438031)",Taggart Student Center
1790965862.3875206,13066,"(-111.8140215, 41.7438038)",Taggart Student Center
1790965872.6455252,13066,"(-111.8140255, 41.7438005)",Taggart Student Center
1790965882.933755,13066,"(-111.8140298, 41.7437971)",Taggart Student Center
1790965893.2053163,13066,"(-111.8140386, 41.7437976)",Taggart Student Center
1790965903.4792268,13066,"(-111.814037, 41.7438125)",Taggart Student Center
1790965913.7695894,13066,"(-111.814098, 41.7442446)",in_transit
1790965924.0753493,13066,"(-111.8141036, 41.7455873)",in_transit
1790965934.3309748,13066,"(-111.814071, 41.746683)",in_transit
1790965944.5846264,13066,"(-111.8139781, 41.7484313)",in_transit
1790965954.8474345,13066,"(-111.8138105, 41.7498528)",in_transit
1790965965.1049888,13066,"(-111.8138108, 41.7499988)",in_transit
1790965975.3892477,13066,"(-111.8136598, 41.7500825)",in_transit
1790965985.6551378,13066,"(-111.8133815, 41.7500386)",The Bull
1790965995.927048,13066,"(-111.813188, 41.7500385)",The Bull
1790966006.1990705,13066,"(-111.8131898, 41.750035)",The Bull
1790966016.4723353,13066,"(-111.8131895, 41.7500355)",The Bull
1790966026.7279825,13066,"(-111.812605, 41.7500751)",in_transit
1790966036.9949386,13066,"(-111.8118063, 41.7501111)",in_transit
1790966047.2663178,13066,"(-111.8115438, 41.7501083)",in_transit
1790966057.5328226,13066,"(-111.8114163, 41.7501021)",in_transit
1790966067.7939525,13066,"(-111.811238, 41.7500941)",in_transit
1790966078.0543118,13066,"(-111.8105345, 41.7500786)",in_transit
1790966088.3156283,13066,"(-111.808959, 41.7500535)",in_transit
1790966098.5801833,13066,"(-111.8075235, 41.7500253)",in_transit
1790966108.8490946,13066,"(-111.8058016, 41.7499563)",Logan Cemetery
1790966119.1072826,13066,"(-111.8056496, 41.7499418)",in_transit
1790966129.3764913,13066,"(-111.8053905, 41.7499538)",in_transit
1790966139.652717,13066,"(-111.8048148, 41.7499618)",in_transit
1790966149.9195356,13066,"(-111.8045053, 41.749581)",in_transit
1790966160.1789267,13066,"(-111.8042556, 41.7492901)",in_transit
1790966170.493841,13066,"(-111.8023008, 41.7493256)",in_transit
1790966180.760084,13066,"(-111.8018996, 41.7495263)",in_transit
1790966191.0169227,13066,"(-111.8018996, 41.7495263)",in_transit
1790966201.2680206,13066,"(-111.802128, 41.7496158)",Lundstrum
1790966211.5257263,13066,"(-111.8021353, 41.7496223)",Lundstrum
1790966221.821287,13066,"(-111.802148, 41.7496203)",Lundstrum
1790966232.0961514,13066,"(-111.8021458, 41.7496163)",Lundstrum
1790966242.3461866,13066,"(-111.8021443, 41.7496126)",Lundstrum
1790966252.6381128,13066,"(-111.8021445, 41.7496145)",Lundstrum
1790966262.905987,13066,"(-111.8023788, 41.7494828)",in_transit
1790966273.1724746,13066,"(-111.8024345, 41.7494228)",in_transit
1790966283.423675,13066,"(-111.8025886, 41.7493453)",in_transit
1790966293.7488315,13066,"(-111.8035716, 41.7493433)",in_transit
1790966304.015314,13066,"(-111.803902, 41.7493536)",in_transit
1790966314.2933812,13066,"(-111.8043906, 41.7498063)",in_transit
1790966324.5607285,13066,"(-111.8045961, 41.7500896)",in_transit
1790966334.8137877,13066,"(-111.8045315, 41.7494318)",in_transit
1790966345.0688038,13066,"(-111.8044233, 41.749057)",in_transit
1790966355.3370714,13066,"(-111.8044233, 41.749057)",in_transit
1790966365.6108553,13066,"(-111.8043705, 41.7468156)",in_transit
1790966375.8744264,13066,"(-111.8044801, 41.7464431)",in_transit
1790966386.1441083,13066,"(-111.8043558, 41.7454408)",in_transit
1790966396.4044547,13066,"(-111.8043413, 41.7446288)",in_transit
1790966406.676579,13066,"(-111.8043445, 41.7444768)",in_transit
1790966416.9647622,13066,"(-111.8043693, 41.7444703)",in_transit
1790966427.2252162,13066,"(-111.8043518, 41.7440658)",in_transit
1790966437.4831488,13066,"(-111.8043338, 41.7434125)",Fine Arts Bldg
1790966447.741974,13066,"(-111.8043305, 41.7432856)",in_transit
1790966458.0067525,13066,"(-111.8043126, 41.7432388)",in_transit
1790966468.2667506,13066,"(-111.80427, 41.7428418)",in_transit
1790966478.5431938,13066,"(-111.8043536, 41.7425826)",in_transit
1790966488.801504,13066,"(-111.8059206, 41.7416435)",in_transit
1790966499.07369,13066,"(-111.8066515, 41.7412261)",in_transit
1790966509.3737116,13066,"(-111.8066515, 41.7412261)",in_transit
1790966519.6374233,13066,"(-111.811214, 41.7400291)",Family Life Bldg
1790966529.9099362,13066,"(-111.8112366, 41.7400198)",Family Life Bldg
1790966540.166502,13066,"(-111.8112318, 41.7400215)",Family Life Bldg
1790966550.472637,13066,"(-111.811228, 41.7400251)",Family Life Bldg
1790966560.74803,13066,"(-111.8112993, 41.739985)",in_transit
1790966571.0634208,13066,"(-111.813177, 41.7391963)",in_transit
1790966581.318162,13066,"(-111.814879, 41.7386665)",in_transit
1790966591.5827734,13066,"(-111.8175016, 41.7388346)",in_transit
1790966601.8446634,13066,"(-111.8188123, 41.7388528)",in_transit
1790966612.1238105,13066,"(-111.819052, 41.7388613)",in_transit
1790966622.3881643,13066,"(-111.8190658, 41.7388718)",in_transit
1790966632.6764944,13066,"(-111.8190673, 41.7388671)",in_transit
1790966642.934944,13066,"(-111.8191976, 41.7388538)",in_transit
1790966653.2010448,13066,"(-111.819323, 41.7396388)",in_transit
1790966663.4585698,13066,"(-111.8192821, 41.7403443)",in_transit
1790966673.7327418,13066,"(-111.8192821, 41.7403443)",in_transit
1790966684.0365794,13066,"(-111.818737, 41.7406641)",in_transit
1790966694.309495,13066,"(-111.8178193, 41.740627)",670 E 500 N
1790966704.566361,13066,"(-111.8176866, 41.7406301)",670 E 500 N
1790966714.8285987,13066,"(-111.8171521, 41.7406398)",in_transit
1790966725.0965037,13066,"(-111.8169041, 41.7406431)",in_transit
1790966735.35265,13066,"(-111.8167673, 41.741364)",in_transit
1790966745.622873,13066,"(-111.8167361, 41.7423)",in_transit
1790966755.8794127,13066,"(-111.8166365, 41.7437591)",in_transit
1790966766.1462183,13066,"(-111.8159218, 41.7444291)",in_transit
1790966776.4151967,13066,"(-111.8144686, 41.7444423)",in_transit
1790966786.7240994,13066,"(-111.814356, 41.7444383)",in_transit
1790966796.9783778,13066,"(-111.8142255, 41.7443633)",in_transit
1790966807.2413096,13066,"(-111.814275, 41.7437413)",in_transit
1790966817.502513,13066,"(-111.8140728, 41.7435425)",in_transit
1790966827.7703764,13066,"(-111.8140728, 41.7435425)",in_transit
1790966838.0279446,13066,"(-111.8140163, 41.7437605)",Taggart Student Center
1790966848.29084,13066,"(-111.8140145, 41.7437765)",Taggart Student Center
1790966858.6170142,13066,"(-111.8140166, 41.7437788)",Taggart Student Center
1790966868.8851085,13066,"(-111.8140206, 41.7437823)",Taggart Student Center
1790966879.1633868,13066,"(-111.8140233, 41.7437941)",Taggart Student Center
1790966889.4263353,13066,"(-111.8140268, 41.7438021)",Taggart Student Center
1790966899.6904652,13066,"(-111.8140258, 41.7438068)",Taggart Student Center
1790966909.9884923,13066,"(-111.8141145, 41.74412)",in_transit
1790966920.2391276,13066,"(-111.8141181, 41.7451811)",in_transit
1790966930.5432236,13066,"(-111.8140876, 41.7461578)",in_transit
1790966940.8348265,13066,"(-111.8140225, 41.747817)",in_transit
1790966951.080267,13066,"(-111.8138873, 41.7494301)",in_transit
1790966961.3480837,13066,"(-111.8138183, 41.7497955)",in_transit
1790966971.6024973,13066,"(-111.8138125, 41.7499761)",in_transit
1790966981.8704877,13066,"(-111.813564, 41.7500821)",in_transit
1790966992.1406689,13066,"(-111.813564, 41.7500821)",in_transit
1790967002.4073129,13066,"(-111.8131883, 41.7500633)",The Bull
1790967012.6595507,13066,"(-111.8131908, 41.7500651)",The Bull
1790967022.9414454,13066,"(-111.81319, 41.7500685)",The Bull
1790967033.2034874,13066,"(-111.8131193, 41.7500758)",The Bull
1790967043.4945815,13066,"(-111.812595, 41.7501128)",in_transit
1790967053.7591414,13066,"(-111.8115261, 41.7501266)",in_transit
1790967064.024329,13066,"(-111.8114631, 41.7501251)",in_transit
1790967074.2865012,13066,"(-111.8112138, 41.7501266)",in_transit
1790967084.543265,13066,"(-111.810047, 41.7501098)",in_transit
1790967094.8398216,13066,"(-111.8089181, 41.7500866)",in_transit
1790967105.0955925,13066,"(-111.8069141, 41.7500395)",in_transit
1790967115.36337,13066,"(-111.8058605, 41.7499875)",Logan Cemetery
1790967125.6206605,13066,"(-111.8056911, 41.7499853)",Logan Cemetery
1790967135.8926013,13066,"(-111.8051961, 41.7500083)",in_transit
1790967146.1864166,13066,"(-111.8049501, 41.7500103)",in_transit
1790967156.445548,13066,"(-111.8045393, 41.7495208)",in_transit
1790967166.7508256,13066,"(-111.8042796, 41.7492865)",in_transit
1790967177.0152216,13066,"(-111.8024645, 41.7493395)",in_transit
1790967187.2764652,13066,"(-111.8018996, 41.7495343)",in_transit
1790967197.5291781,13066,"(-111.8018996, 41.7495343)",in_transit
1790967207.7839823,13066,"(-111.8021415, 41.7496108)",Lundstrum
1790967218.0506058,13066,"(-111.8021533, 41.749605)",Lundstrum
1790967228.3326948,13066,"(-111.8021536, 41.7496036)",Lundstrum
1790967238.6041615,13066,"(-111.802159, 41.7496061)",Lundstrum
1790967248.8753242,13066,"(-111.8021596, 41.7496055)",Lundstrum
1790967259.1754832,13066,"(-111.8021606, 41.7496026)",Lundstrum
1790967269.4308536,13066,"(-111.8021611, 41.7495966)",Lundstrum
1790967279.698664,13066,"(-111.802155, 41.7495903)",Lundstrum
1790967289.9626873,13066,"(-111.8021538, 41.7495923)",Lundstrum
1790967300.2071676,13066,"(-111.8021515, 41.7496006)",Lundstrum
1790967310.4672005,13066,"(-111.8021541, 41.7496041)",Lundstrum
1790967320.7534118,13066,"(-111.8021561, 41.749604)",Lundstrum
1790967331.016579,13066,"(-111.8021601, 41.7496075)",Lundstrum
1790967341.2823524,13066,"(-111.8021656, 41.7496151)",Lundstrum
1790967351.5490375,13066,"(-111.8021666, 41.7496178)",Lundstrum
1790967361.8475814,13066,"(-111.8021626, 41.7496098)",Lundstrum
1790967372.1043053,13066,"(-111.8022031, 41.7496013)",Lundstrum
1790967382.3719265,13066,"(-111.8024193, 41.7494603)",in_transit
1790967392.6299758,13066,"(-111.8026025, 41.7493425)",in_transit
1790967402.932763,13066,"(-111.803472, 41.7493318)",in_transit
1790967413.2228222,13066,"(-111.8037998, 41.7493416)",in_transit
1790967423.4922245,13066,"(-111.8040008, 41.7493548)",in_transit
1790967433.7521815,13066,"(-111.8040023, 41.7493535)",in_transit
1790967444.0201707,13066,"(-111.8042986, 41.749581)",in_transit
1790967454.3042405,13066,"(-111.804316, 41.7499958)",in_transit
1790967464.5644314,13066,"(-111.8045153, 41.7497451)",in_transit
1790967474.8429873,13066,"(-111.8044366, 41.7491695)",in_transit
1790967485.1128328,13066,"(-111.8044206, 41.7485306)",in_transit
1790967495.4045458,13066,"(-111.8044, 41.7474241)",in_transit
1790967505.701128,13066,"(-111.804375, 41.7468496)",in_transit
1790967515.9868898,13066,"(-111.8044838, 41.7464578)",in_transit
1790967526.2440848,13066,"(-111.8043621, 41.7452905)",in_transit
1790967536.504785,13066,"(-111.8043485, 41.744528)",in_transit
1790967546.7613647,13066,"(-111.8043306, 41.7435278)",Fine Arts Bldg
1790967557.0191772,13066,"(-111.804341, 41.7433475)",Fine Arts Bldg
1790967567.3130927,13066,"(-111.804346, 41.7432901)",in_transit
1790967577.5852501,13066,"(-111.8043516, 41.7432701)",in_transit
1790967587.8518422,13066,"(-111.8043518, 41.7432536)",in_transit
1790967598.1104681,13066,"(-111.8043483, 41.743192)",in_transit
1790967608.4079163,13066,"(-111.804341, 41.7431093)",in_transit
1790967618.6796856,13066,"(-111.804341, 41.7430818)",in_transit
1790967628.9634624,13066,"(-111.804331, 41.7429873)",in_transit
1790967639.215993,13066,"(-111.8042953, 41.7428376)",in_transit
1790967649.4714053,13066,"(-111.8042863, 41.7428111)",in_transit
1790967659.743429,13066,"(-111.8042818, 41.7427926)",in_transit
1790967670.0391135,13066,"(-111.8043661, 41.7425921)",in_transit
1790967680.2911508,13066,"(-111.805466, 41.7419315)",in_transit
1790967690.5584984,13066,"(-111.8059503, 41.741642)",in_transit
1790967700.813536,13066,"(-111.8059503, 41.741642)",in_transit
1790967711.0793657,13066,"(-111.810379, 41.7402405)",in_transit
1790967721.3312962,13066,"(-111.8111453, 41.7400606)",Family Life Bldg
1790967731.5935946,13066,"(-111.811257, 41.7400236)",Family Life Bldg
1790967741.8835516,13066,"(-111.8112611, 41.7400253)",Family Life Bldg
1790967752.1323235,13066,"(-111.8112646, 41.7400275)",Family Life Bldg
1790967762.3842037,13066,"(-111.8112643, 41.7400235)",Family Life Bldg
1790967772.6382608,13066,"(-111.8115841, 41.7398491)",in_transit
1790967782.9056392,13066,"(-111.8129565, 41.7392928)",in_transit
1790967793.1683378,13066,"(-111.8144318, 41.7387405)",in_transit
1790967803.4368892,13066,"(-111.8160126, 41.7387028)",in_transit
1790967813.6931207,13066,"(-111.8186255, 41.7388466)",in_transit
1790967823.9516592,13066,"(-111.8190271, 41.7388518)",in_transit
1790967834.2384336,13066,"(-111.8192016, 41.7388523)",in_transit
1790967844.5215895,13066,"(-111.8193018, 41.7396886)",in_transit
1790967854.7966516,13066,"(-111.819289, 41.7401708)",in_transit
1790967865.089473,13066,"(-111.8192203, 41.7405348)",in_transit
1790967875.3453841,13066,"(-111.8189716, 41.7406465)",in_transit
1790967885.6109736,13066,"(-111.817712, 41.7406251)",670 E 500 N
1790967895.911459,13066,"(-111.8177063, 41.740638)",670 E 500 N
1790967906.156826,13066,"(-111.8177065, 41.740645)",670 E 500 N
1790967916.4089134,13066,"(-111.8171985, 41.7406525)",in_transit
1790967926.6733603,13066,"(-111.816766, 41.7408336)",in_transit
1790967936.9364018,13066,"(-111.8167355, 41.7417296)",in_transit
1790967947.1928048,13066,"(-111.8166958, 41.7430538)",in_transit
1790967957.462803,13066,"(-111.8165485, 41.7439128)",in_transit
1790967967.720179,13066,"(-111.8153181, 41.7444701)",in_transit
1790967977.978579,13066,"(-111.8145245, 41.7444495)",in_transit
1790967988.239374,13066,"(-111.8143408, 41.7444513)",in_transit
1790967998.4903948,13066,"(-111.8142168, 41.7440028)",in_transit
1790968008.7530177,13066,"(-111.8142261, 41.7438168)",in_transit
1790968019.0251467,13066,"(-111.8140188, 41.7435756)",in_transit
1790968029.2798123,13066,"(-111.8140188, 41.7435756)",in_transit
1790968039.5442195,13066,"(-111.8140478, 41.743817)",Taggart Student Center
1790968049.8086233,13066,"(-111.8140548, 41.7438228)",Taggart Student Center
1790968060.0692637,13066,"(-111.814062, 41.7438281)",Taggart Student Center
1790968070.3261898,13066,"(-111.8140625, 41.7438285)",Taggart Student Center
1790968080.5980446,13066,"(-111.8140475, 41.743821)",Taggart Student Center
1790968090.8668592,13066,"(-111.8140316, 41.7438126)",Taggart Student Center
1790968101.1335347,13066,"(-111.8141221, 41.7438961)",in_transit
1790968111.3966796,13066,"(-111.8140876, 41.7442686)",in_transit
1790968121.6640368,13066,"(-111.8140798, 41.7448093)",in_transit
1790968131.927851,13066,"(-111.8140726, 41.7459788)",in_transit
1790968142.1846879,13066,"(-111.8140311, 41.7473213)",in_transit
1790968152.440372,13066,"(-111.8139785, 41.7483791)",in_transit
1790968162.7063746,13066,"(-111.81382, 41.7497225)",in_transit
1790968172.9626975,13066,"(-111.8135585, 41.7500615)",in_transit
1790968183.2155008,13066,"(-111.8135585, 41.7500615)",in_transit
1790968193.4652016,13066,"(-111.8131726, 41.7500526)",The Bull
1790968203.7289565,13066,"(-111.8131725, 41.7500591)",The Bull
1790968214.0360043,13066,"(-111.8131626, 41.7500608)",The Bull
1790968224.3044138,13066,"(-111.8131606, 41.7500645)",The Bull
1790968234.5729153,13066,"(-111.8131543, 41.7500825)",The Bull
1790968244.8287828,13066,"(-111.8131443, 41.7500858)",The Bull
1790968255.0988297,13066,"(-111.8131405, 41.7500936)",The Bull
1790968265.363855,13066,"(-111.8129853, 41.7501071)",in_transit
1790968275.6231732,13066,"(-111.8123915, 41.750123)",in_transit
1790968285.893062,13066,"(-111.8116601, 41.7501243)",in_transit
1790968296.165093,13066,"(-111.8111746, 41.7501173)",in_transit
1790968306.4829473,13066,"(-111.809994, 41.7500935)",in_transit
1790968316.785509,13066,"(-111.808613, 41.750046)",in_transit
1790968327.0469537,13066,"(-111.8075581, 41.7499855)",in_transit
1790968337.2982142,13066,"(-111.8060828, 41.7499293)",in_transit
1790968347.5624542,13066,"(-111.805774, 41.7499201)",Logan Cemetery
1790968357.8136258,13066,"(-111.805706, 41.7499441)",Logan Cemetery
1790968368.0939705,13066,"(-111.8056923, 41.7499543)",Logan Cemetery
1790968378.3816063,13066,"(-111.8056846, 41.7499566)",Logan Cemetery
1790968388.6530805,13066,"(-111.805682, 41.7499566)",Logan Cemetery
1790968398.899724,13066,"(-111.8049886, 41.7499743)",in_transit
1790968409.184509,13066,"(-111.8047471, 41.749965)",in_transit
1790968419.4848697,13066,"(-111.8046251, 41.7499081)",in_transit
1790968429.777032,13066,"(-111.8045351, 41.7493516)",in_transit
1790968440.020834,13066,"(-111.8042888, 41.7492906)",in_transit
1790968450.2961257,13066,"(-111.8027145, 41.7493166)",in_transit
1790968460.5889962,13066,"(-111.8019185, 41.7493235)",in_transit
1790968470.8450973,13066,"(-111.8019185, 41.7493235)",in_transit
1790968481.1493502,13066,"(-111.8020845, 41.7495943)",Lundstrum
1790968491.4415178,13066,"(-111.8020786, 41.749607)",Lundstrum
1790968501.6952076,13066,"(-111.8020911, 41.7496125)",Lundstrum
1790968511.936995,13066,"(-111.802103, 41.7496151)",Lundstrum
1790968522.2007196,13066,"(-111.8021345, 41.7496135)",Lundstrum
1790968532.4953384,13066,"(-111.802377, 41.749491)",in_transit
1790968542.7559447,13066,"(-111.8032351, 41.7493403)",in_transit
1790968553.067646,13066,"(-111.8039256, 41.7493508)",in_transit
1790968563.3393703,13066,"(-111.8040998, 41.749372)",in_transit
1790968573.604022,13066,"(-111.804182, 41.7494145)",in_transit
1790968583.8910208,13066,"(-111.8043695, 41.7498081)",in_transit
1790968594.157105,13066,"(-111.8046426, 41.7499001)",in_transit
1790968604.4250867,13066,"(-111.8045096, 41.7494906)",in_transit
1790968614.7250714,13066,"(-111.8044218, 41.748624)",in_transit
1790968624.9911945,13066,"(-111.8044075, 41.7474256)",in_transit
1790968635.2456338,13066,"(-111.8043881, 41.746812)",in_transit
1790968645.5033197,13066,"(-111.8044545, 41.746378)",in_transit
1790968655.7674274,13066,"(-111.8043686, 41.74518)",in_transit
1790968666.0582223,13066,"(-111.804358, 41.7445593)",in_transit
1790968676.3144047,13066,"(-111.8043613, 41.7444848)",in_transit
1790968686.5727892,13066,"(-111.8043648, 41.7444795)",in_transit
1790968696.8589976,13066,"(-111.804362, 41.7437685)",in_transit
1790968707.121349,13066,"(-111.8043628, 41.7433383)",Fine Arts Bldg
1790968717.4008186,13066,"(-111.804356, 41.7433108)",Fine Arts Bldg
1790968727.6640992,13066,"(-111.804362, 41.7433128)",Fine Arts Bldg
1790968737.9188921,13066,"(-111.8043701, 41.7433)",Fine Arts Bldg
1790968748.1915193,13066,"(-111.8043435, 41.7429371)",in_transit
1790968758.4460964,13066,"(-111.8042768, 41.7427605)",in_transit
1790968768.7143857,13066,"(-111.8048985, 41.7422771)",in_transit
1790968778.986048,13066,"(-111.8053606, 41.7419973)",in_transit
1790968789.2691402,13066,"(-111.8078601, 41.7408108)",in_transit
1790968799.5302908,13066,"(-111.8101618, 41.7402893)",in_transit
1790968809.7968857,13066,"(-111.8110898, 41.7400735)",Family Life Bldg
1790968820.0684643,13066,"(-111.8112528, 41.740026)",Family Life Bldg
1790968830.402695,13066,"(-111.811261, 41.7400276)",Family Life Bldg
1790968840.7074797,13066,"(-111.8112648, 41.7400316)",Family Life Bldg
1790968850.9706175,13066,"(-111.8113073, 41.7400113)",in_transit
1790968861.2261224,13066,"(-111.8113071, 41.7400053)",in_transit
1790968871.4884014,13066,"(-111.8113055, 41.7400008)",in_transit
1790968881.7473772,13066,"(-111.8125573, 41.7394578)",in_transit
1790968892.0080507,13066,"(-111.8140328, 41.7388628)",in_transit
1790968902.2640595,13066,"(-111.8164976, 41.7387843)",in_transit
1790968912.556719,13066,"(-111.8179711, 41.7388395)",in_transit
1790968922.8020275,13066,"(-111.8183628, 41.7388446)",in_transit
1790968933.0686893,13066,"(-111.8190906, 41.7388598)",in_transit
1790968943.3345158,13066,"(-111.8193141, 41.7390485)",in_transit
1790968953.6003447,13066,"(-111.8193083, 41.7400968)",in_transit
1790968963.8636143,13066,"(-111.819203, 41.7405588)",in_transit
1790968974.133261,13066,"(-111.8183278, 41.7406371)",in_transit
1790968984.430432,13066,"(-111.8179563, 41.7406138)",in_transit
1790968994.6895092,13066,"(-111.8177538, 41.740614)",670 E 500 N
1790969004.9493523,13066,"(-111.8174983, 41.7406241)",670 E 500 N
1790969015.2055278,13066,"(-111.8169943, 41.7406088)",in_transit
1790969025.4956853,13066,"(-111.8167423, 41.741331)",in_transit
1790969035.7547069,13066,"(-111.8167246, 41.7421363)",in_transit
1790969046.0250642,13066,"(-111.8166853, 41.743332)",in_transit
1790969056.273245,13066,"(-111.8163953, 41.7441135)",in_transit
1790969066.5293288,13066,"(-111.815562, 41.7444496)",in_transit
1790969076.7774832,13066,"(-111.814265, 41.744449)",in_transit
1790969087.034146,13066,"(-111.8142186, 41.7440245)",in_transit
1790969097.2923408,13066,"(-111.8142288, 41.743822)",in_transit
1790969107.5551229,13066,"(-111.8140706, 41.7435138)",in_transit
1790969117.8019876,13066,"(-111.8140538, 41.7438246)",Taggart Student Center
1790969128.057768,13066,"(-111.8140511, 41.7438323)",Taggart Student Center
1790969138.315373,13066,"(-111.8140368, 41.7438348)",Taggart Student Center
1790969148.573071,13066,"(-111.8140231, 41.7438395)",Taggart Student Center
1790969158.818791,13066,"(-111.8140223, 41.7438346)",Taggart Student Center
1790969169.0907252,13066,"(-111.8140226, 41.743826)",Taggart Student Center
1790969179.3591287,13066,"(-111.8140228, 41.7438146)",Taggart Student Center
1790969189.6127517,13066,"(-111.8140428, 41.7437973)",Taggart Student Center
1790969199.8674977,13066,"(-111.8140426, 41.7437856)",Taggart Student Center
1790969210.1239822,13066,"(-111.8140378, 41.7437843)",Taggart Student Center
1790969220.3955376,13066,"(-111.814044, 41.7437831)",Taggart Student Center
1790969230.6562078,13066,"(-111.8140586, 41.743786)",Taggart Student Center
1790969240.9414632,13066,"(-111.8140673, 41.743791)",Taggart Student Center
1790969251.2204473,13066,"(-111.8140688, 41.743791)",Taggart Student Center
1790969261.4925025,13066,"(-111.814067, 41.7437875)",Taggart Student Center
1790969271.7526221,13066,"(-111.8140708, 41.7437896)",Taggart Student Center
1790969282.0145965,13066,"(-111.8141363, 41.7438748)",in_transit
1790969292.3010538,13066,"(-111.814126, 41.7440585)",in_transit
1790969302.5699396,13066,"(-111.8141176, 41.7442323)",in_transit
1790969312.8380406,13066,"(-111.814099, 41.7444421)",in_transit
1790969323.1045332,13066,"(-111.8141125, 41.7449401)",in_transit
1790969333.4164367,13066,"(-111.8141125, 41.7449401)",in_transit
1790969343.6692855,13066,"(-111.8140426, 41.7469471)",in_transit
1790969353.9470017,13066,"(-111.8139696, 41.7484426)",in_transit
1790969364.2410054,13066,"(-111.8138745, 41.7493735)",in_transit
1790969374.5019028,13066,"(-111.8138075, 41.7499413)",in_transit
1790969384.8094416,13066,"(-111.8138081, 41.75)",in_transit
1790969395.0700178,13066,"(-111.8136386, 41.7500821)",in_transit
1790969405.3529968,13066,"(-111.8131926, 41.7500516)",The Bull
1790969415.6122458,13066,"(-111.8131638, 41.7500595)",The Bull
1790969425.880144,13066,"(-111.8131603, 41.7500625)",The Bull
1790969436.1418288,13066,"(-111.8131678, 41.7500675)",The Bull
1790969446.3904383,13066,"(-111.8129293, 41.7500851)",in_transit
1790969456.6497822,13066,"(-111.8118233, 41.750095)",in_transit
1790969466.9035738,13066,"(-111.8115816, 41.7500935)",in_transit
1790969477.1599755,13066,"(-111.8110471, 41.7500891)",in_transit
1790969487.4097772,13066,"(-111.8097683, 41.7500686)",in_transit
1790969497.6627789,13066,"(-111.8087846, 41.7500458)",in_transit
1790969507.9270365,13066,"(-111.8071506, 41.7500148)",in_transit
1790969518.2210116,13066,"(-111.8061558, 41.7499841)",in_transit
1790969528.4791818,13066,"(-111.8057215, 41.7499758)",Logan Cemetery
1790969538.7605019,13066,"(-111.8057155, 41.749989)",Logan Cemetery
1790969549.0071073,13066,"(-111.8057096, 41.749995)",Logan Cemetery
1790969559.2610354,13066,"(-111.8055531, 41.7499981)",in_transit
1790969569.5341198,13066,"(-111.8049955, 41.7500086)",in_transit
1790969579.805638,13066,"(-111.8045561, 41.749784)",in_transit
1790969590.0686848,13066,"(-111.8043355, 41.7492991)",in_transit
1790969600.3239522,13066,"(-111.8034921, 41.7493185)",in_transit
1790969610.6063793,13066,"(-111.8025926, 41.7493293)",in_transit
1790969620.8630674,13066,"(-111.8018891, 41.7493688)",in_transit
1790969631.132183,13066,"(-111.8018891, 41.7493688)",in_transit
1790969641.3894246,13066,"(-111.8020885, 41.7496158)",Lundstrum
1790969651.684514,13066,"(-111.8020958, 41.7496135)",Lundstrum
1790969661.9466455,13066,"(-111.8020958, 41.749601)",Lundstrum
1790969672.2144957,13066,"(-111.8020963, 41.7495981)",Lundstrum
1790969682.471966,13066,"(-111.8022136, 41.7495811)",Lundstrum
1790969692.7384288,13066,"(-111.8024535, 41.7494186)",in_transit
1790969702.9991605,13066,"(-111.8026963, 41.7493485)",in_transit
1790969713.2631195,13066,"(-111.8036896, 41.7493468)",in_transit
1790969723.5286024,13066,"(-111.8039346, 41.749354)",in_transit
1790969733.801918,13066,"(-111.8043316, 41.749579)",in_transit
1790969744.0568671,13066,"(-111.8043636, 41.749831)",in_transit
1790969754.3155713,13066,"(-111.8045223, 41.749731)",in_transit
1790969764.6285024,13066,"(-111.8045131, 41.7495283)",in_transit
1790969774.8730135,13066,"(-111.8044448, 41.7490488)",in_transit
1790969785.1339827,13066,"(-111.8044356, 41.7480241)",in_transit
1790969795.404614,13066,"(-111.8044233, 41.74729)",in_transit
1790969805.6572378,13066,"(-111.804547, 41.74655)",in_transit
1790969815.9528832,13066,"(-111.8044016, 41.746011)",in_transit
1790969826.2091613,13066,"(-111.8043848, 41.7449278)",in_transit
1790969836.4636636,13066,"(-111.8043781, 41.7446383)",in_transit
1790969846.7300358,13066,"(-111.8043681, 41.744492)",in_transit
1790969856.9863102,13066,"(-111.8043768, 41.7441126)",in_transit
1790969867.2496607,13066,"(-111.804381, 41.7433986)",Fine Arts Bldg
1790969877.5122101,13066,"(-111.8043878, 41.7433236)",Fine Arts Bldg
1790969887.7677348,13066,"(-111.8043856, 41.7433258)",Fine Arts Bldg
1790969898.0524654,13066,"(-111.8043661, 41.7432928)",in_transit
1790969908.3168952,13066,"(-111.8043348, 41.7429243)",in_transit
1790969918.5891802,13066,"(-111.8042826, 41.7427405)",in_transit
1790969928.8623447,13066,"(-111.8050703, 41.7421861)",in_transit
1790969939.174747,13066,"(-111.8069121, 41.7411226)",in_transit
1790969949.462044,13066,"(-111.8084378, 41.740678)",in_transit
1790969959.778518,13066,"(-111.8105031, 41.7402156)",in_transit
1790969970.0616481,13066,"(-111.8112016, 41.7400501)",Family Life Bldg
1790969980.325371,13066,"(-111.8112555, 41.7400291)",Family Life Bldg
1790969990.6223795,13066,"(-111.8112538, 41.7400296)",Family Life Bldg
1790970000.889014,13066,"(-111.8112635, 41.740029)",Family Life Bldg
1790970011.1760156,13066,"(-111.8112858, 41.7400171)",Family Life Bldg
1790970021.4407432,13066,"(-111.8119633, 41.7397168)",in_transit
1790970031.7002935,13066,"(-111.8139935, 41.7388901)",in_transit
1790970041.9517457,13066,"(-111.8163531, 41.738764)",in_transit
1790970052.2150218,13066,"(-111.8179936, 41.7388378)",in_transit
1790970062.475233,13066,"(-111.8190683, 41.7388606)",in_transit
1790970072.729327,13066,"(-111.8193101, 41.7394433)",in_transit
1790970082.9812095,13066,"(-111.8192971, 41.7401345)",in_transit
1790970093.2450294,13066,"(-111.8191875, 41.740579)",in_transit
1790970103.4893034,13066,"(-111.81848, 41.7406566)",in_transit
1790970113.75733,13066,"(-111.8178375, 41.7406365)",670 E 500 N
1790949584.7801452,13066,"(-111.8020863, 41.7496276)",Lundstrum
1790949595.0238507,13066,"(-111.802091, 41.7496278)",Lundstrum
1790949605.3172624,13066,"(-111.8021185, 41.7496256)",Lundstrum
1790949615.603141,13066,"(-111.8023621, 41.7494873)",in_transit
1790949625.89358,13066,"(-111.803334, 41.7493418)",in_transit
1790949636.2219386,13066,"(-111.804139, 41.7494116)",in_transit
1790949646.4828658,13066,"(-111.8043401, 41.749917)",in_transit
1790949656.7719123,13066,"(-111.8046503, 41.7499353)",in_transit
1790949667.02992,13066,"(-111.804527, 41.7494365)",in_transit
1790949677.2809315,13066,"(-111.8043916, 41.7475666)",in_transit
1790949687.545149,13066,"(-111.8043611, 41.7468531)",in_transit
1790949697.8185337,13066,"(-111.8044306, 41.746373)",in_transit
1790949708.0855849,13066,"(-111.8043435, 41.7451948)",in_transit
1790949718.382519,13066,"(-111.8043376, 41.7443706)",in_transit
1790949728.6527202,13066,"(-111.8043231, 41.7436423)",in_transit
1790949738.9112358,13066,"(-111.8043348, 41.7433823)",Fine Arts Bldg
1790949749.1595209,13066,"(-111.8043266, 41.7432946)",in_transit
1790949759.4259472,13066,"(-111.8043255, 41.743294)",in_transit
1790949769.7107213,13066,"(-111.8042915, 41.7427045)",in_transit
1790949779.9785783,13066,"(-111.8053046, 41.7420271)",in_transit
1790949790.243871,13066,"(-111.8066806, 41.7412256)",in_transit
1790949800.5441444,13066,"(-111.809602, 41.740417)",in_transit
1790949810.8095706,13066,"(-111.8108981, 41.7401228)",in_transit
1790949821.0749536,13066,"(-111.8111996, 41.7400346)",Family Life Bldg
1790949831.3319116,13066,"(-111.8112583, 41.7400198)",Family Life Bldg
1790949841.598191,13066,"(-111.811255, 41.7400345)",Family Life Bldg
1790949851.855879,13066,"(-111.8115093, 41.7398915)",in_transit
1790949862.1695373,13066,"(-111.8134066, 41.7391108)",in_transit
1790949872.4682937,13066,"(-111.8149738, 41.7386671)",in_transit
1790949882.73553,13066,"(-111.8158538, 41.7386956)",in_transit
1790949892.9907918,13066,"(-111.8158538, 41.7386956)",in_transit
1790949903.2905395,13066,"(-111.8193123, 41.7390515)",in_transit
1790949913.5642867,13066,"(-111.8193083, 41.7399638)",in_transit
1790949923.8411748,13066,"(-111.8192408, 41.7405196)",in_transit
1790949934.110814,13066,"(-111.81803, 41.7406506)",in_transit
1790949944.3693497,13066,"(-111.8177246, 41.7406315)",670 E 500 N
1790949954.8855457,13066,"(-111.8176835, 41.7406406)",670 E 500 N
1790949965.157771,13066,"(-111.8176915, 41.740648)",670 E 500 N
1790949975.4343376,13066,"(-111.8176713, 41.7406486)",670 E 500 N
1790949985.712929,13066,"(-111.8176608, 41.740642)",670 E 500 N
1790949995.9741032,13066,"(-111.8170518, 41.740637)",in_transit
1790950006.2440298,13066,"(-111.81673, 41.7409911)",in_transit
1790950016.504274,13066,"(-111.8167063, 41.7421228)",in_transit
1790950026.7683654,13066,"(-111.816647, 41.7434533)",in_transit
1790950037.0325472,13066,"(-111.8158196, 41.7444483)",in_transit
1790950047.2937803,13066,"(-111.8146758, 41.7444585)",in_transit
1790950057.5542974,13066,"(-111.8143888, 41.744446)",in_transit
1790950067.8276768,13066,"(-111.8142225, 41.7442478)",in_transit
1790950078.0941072,13066,"(-111.8143243, 41.7436793)",in_transit
1790950088.3623044,13066,"(-111.8140808, 41.7435126)",in_transit
1790950098.627401,13066,"(-111.814018, 41.7437715)",Taggart Student Center
1790950108.9081013,13066,"(-111.8140258, 41.7438108)",Taggart Student Center
1790950119.156911,13066,"(-111.8140281, 41.7438128)",Taggart Student Center
1790950129.4238663,13066,"(-111.8140441, 41.7438208)",Taggart Student Center
1790950139.6901684,13066,"(-111.8141748, 41.7440105)",in_transit
1790950149.9491732,13066,"(-111.8141101, 41.7443596)",in_transit
1790950160.2128026,13066,"(-111.8141288, 41.7443741)",in_transit
1790950170.4953368,13066,"(-111.8140981, 41.7448466)",in_transit
1790950180.7461784,13066,"(-111.8140981, 41.7448466)",in_transit
1790950191.0138679,13066,"(-111.8140006, 41.7479268)",in_transit
1790950201.2767975,13066,"(-111.813849, 41.749486)",in_transit
1790950211.529857,13066,"(-111.8138055, 41.7498376)",in_transit
1790950221.8004332,13066,"(-111.8138003, 41.7500071)",in_transit
1790950232.0558398,13066,"(-111.8137998, 41.7500043)",in_transit
1790950242.3178976,13066,"(-111.8135206, 41.7500908)",in_transit
1790950252.6165996,13066,"(-111.8131245, 41.7500653)",The Bull
1790950262.9117932,13066,"(-111.8131231, 41.7500555)",The Bull
1790950273.165619,13066,"(-111.8131276, 41.750051)",The Bull
1790950283.4875176,13066,"(-111.8131376, 41.7500586)",The Bull
1790950293.7406223,13066,"(-111.8130195, 41.7500698)",in_transit
1790950304.0132918,13066,"(-111.8117595, 41.7501063)",in_transit
1790950314.292672,13066,"(-111.8100085, 41.750069)",in_transit
1790950324.5559092,13066,"(-111.8086755, 41.7500438)",in_transit
1790950334.8242755,13066,"(-111.8066231, 41.7500058)",in_transit
1790950345.0884671,13066,"(-111.805741, 41.7499645)",Logan Cemetery
1790950355.3394635,13066,"(-111.8056876, 41.7499773)",Logan Cemetery
1790950365.5983126,13066,"(-111.8056511, 41.7499815)",in_transit
1790950375.847349,13066,"(-111.8051471, 41.7500086)",in_transit
1790950386.1105487,13066,"(-111.804984, 41.750007)",in_transit
1790950396.3715184,13066,"(-111.8049716, 41.7500011)",in_transit
1790950406.641305,13066,"(-111.8048401, 41.7499885)",in_transit
1790950416.9076967,13066,"(-111.8047828, 41.7499791)",in_transit
1790950427.1870704,13066,"(-111.8047221, 41.7499708)",in_transit
1790950437.4474163,13066,"(-111.8045108, 41.7495696)",in_transit
1790950447.7031708,13066,"(-111.8044886, 41.7493035)",in_transit
1790950457.9703722,13066,"(-111.8035446, 41.7493085)",in_transit
1790950468.2327435,13066,"(-111.801951, 41.7493405)",in_transit
1790950478.500757,13066,"(-111.801951, 41.7493405)",in_transit
1790950488.7498658,13066,"(-111.801951, 41.7493405)",in_transit
1790950498.9938197,13066,"(-111.8021141, 41.7496371)",Lundstrum
1790950509.252537,13066,"(-111.802127, 41.7496416)",Lundstrum
1790950519.517407,13066,"(-111.8021396, 41.7496456)",Lundstrum
1790950529.7803943,13066,"(-111.8021393, 41.7496571)",Lundstrum
1790950540.0523813,13066,"(-111.8021485, 41.7496615)",Lundstrum
1790950550.3197353,13066,"(-111.8021496, 41.7496591)",Lundstrum
1790950560.5852172,13066,"(-111.802262, 41.7496331)",Lundstrum
1790950570.8809183,13066,"(-111.8024368, 41.7494476)",in_transit
1790950581.1790714,13066,"(-111.8030148, 41.7493566)",in_transit
1790950591.446313,13066,"(-111.8041603, 41.749419)",in_transit
1790950601.7400947,13066,"(-111.804348, 41.7498725)",in_transit
1790950612.003656,13066,"(-111.8046638, 41.7499338)",in_transit
1790950622.2552397,13066,"(-111.8045348, 41.7494666)",in_transit
1790950632.545248,13066,"(-111.8044298, 41.749044)",in_transit
1790950642.8122025,13066,"(-111.8044118, 41.748538)",in_transit
1790950653.0725179,13066,"(-111.8043973, 41.7481693)",in_transit
1790950663.3846018,13066,"(-111.8043855, 41.7479865)",in_transit
1790950673.65912,13066,"(-111.8043813, 41.747848)",in_transit
1790950683.9134316,13066,"(-111.8043768, 41.7476661)",in_transit
1790950694.190601,13066,"(-111.8043686, 41.7472953)",in_transit
1790950704.4521139,13066,"(-111.8043536, 41.7469211)",in_transit
1790950714.7165241,13066,"(-111.8045058, 41.7465486)",in_transit
1790950724.9838362,13066,"(-111.8043448, 41.7458823)",in_transit
1790950735.2517455,13066,"(-111.8043201, 41.7446016)",in_transit
1790950745.5102549,13066,"(-111.8043155, 41.7444925)",in_transit
1790950755.7737854,13066,"(-111.8043088, 41.7444868)",in_transit
1790950766.0457728,13066,"(-111.804317, 41.743971)",in_transit
1790950776.317127,13066,"(-111.8043306, 41.743346)",Fine Arts Bldg
1790950786.5775695,13066,"(-111.8043251, 41.7432838)",in_transit
1790950796.8400156,13066,"(-111.8043201, 41.7432793)",in_transit
1790950807.115326,13066,"(-111.8043191, 41.7432703)",in_transit
1790950817.3725467,13066,"(-111.8042806, 41.7428821)",in_transit
1790950827.6250215,13066,"(-111.8042585, 41.742831)",in_transit
1790950837.9252126,13066,"(-111.8045665, 41.7424473)",in_transit
1790950848.2407384,13066,"(-111.8060141, 41.7415953)",in_transit
1790950858.4982557,13066,"(-111.808619, 41.7406241)",in_transit
1790950868.7584171,13066,"(-111.8103236, 41.7402445)",in_transit
1790950879.0315104,13066,"(-111.8111931, 41.7400446)",Family Life Bldg
1790950889.2944512,13066,"(-111.8112336, 41.7400346)",Family Life Bldg
1790950899.5573182,13066,"(-111.811231, 41.7400301)",Family Life Bldg
1790950909.8266253,13066,"(-111.811233, 41.7400276)",Family Life Bldg
1790950920.0677075,13066,"(-111.8112325, 41.7400375)",Family Life Bldg
1790950930.337819,13066,"(-111.8119348, 41.7397131)",in_transit
1790950940.6237998,13066,"(-111.814249, 41.7387878)",in_transit
1790950950.8760643,13066,"(-111.815876, 41.7386988)",in_transit
1790950961.135088,13066,"(-111.8179018, 41.7388553)",in_transit
1790950971.3965278,13066,"(-111.8190688, 41.7388713)",in_transit
1790950981.6495588,13066,"(-111.8193063, 41.7395966)",in_transit
1790950991.916424,13066,"(-111.8192853, 41.7403711)",in_transit
1790951002.1803362,13066,"(-111.8184391, 41.7406513)",in_transit
1790951012.4418387,13066,"(-111.8177308, 41.740606)",670 E 500 N
1790951022.714494,13066,"(-111.8177158, 41.7406001)",670 E 500 N
1790951032.9865081,13066,"(-111.8177203, 41.7405868)",670 E 500 N
1790951043.241028,13066,"(-111.8176996, 41.7405933)",670 E 500 N
1790951053.5095055,13066,"(-111.8173055, 41.740624)",in_transit
1790951063.7705233,13066,"(-111.8167915, 41.7406653)",in_transit
1790951074.0588272,13066,"(-111.816718, 41.74142)",in_transit
1790951084.332489,13066,"(-111.816691, 41.7425816)",in_transit
1790951094.6054063,13066,"(-111.816663, 41.7434605)",in_transit
1790951104.862046,13066,"(-111.8158221, 41.7444451)",in_transit
1790951115.131887,13066,"(-111.814497, 41.7444243)",in_transit
1790951125.3980324,13066,"(-111.814257, 41.7444026)",in_transit
1790951135.6712008,13066,"(-111.8142463, 41.7438275)",in_transit
1790951145.927344,13066,"(-111.8140821, 41.7435063)",in_transit
1790951156.198038,13066,"(-111.8140821, 41.7435063)",in_transit
1790951166.4817662,13066,"(-111.8139728, 41.7436451)",Taggart Student Center
1790951176.7709029,13066,"(-111.8139776, 41.7436551)",Taggart Student Center
1790951187.0700474,13066,"(-111.8140185, 41.7436558)",Taggart Student Center
1790951197.3493004,13066,"(-111.8140265, 41.7436593)",Taggart Student Center
1790951207.6056716,13066,"(-111.8140441, 41.7437116)",Taggart Student Center
1790951217.8697433,13066,"(-111.8141526, 41.7440811)",in_transit
1790951228.1401744,13066,"(-111.8141258, 41.7441553)",in_transit
1790951238.4004958,13066,"(-111.8140905, 41.7445676)",in_transit
1790951248.6934638,13066,"(-111.814077, 41.7452168)",in_transit
1790951258.9543777,13066,"(-111.8140581, 41.7464213)",in_transit
1790951269.2764947,13066,"(-111.8140366, 41.747285)",in_transit
1790951279.52858,13066,"(-111.8139553, 41.7486918)",in_transit
1790951289.7957277,13066,"(-111.8138411, 41.7495993)",in_transit
1790951300.0517182,13066,"(-111.8137958, 41.7500736)",in_transit
1790951310.3126788,13066,"(-111.813553, 41.750109)",in_transit
1790951320.586029,13066,"(-111.8131375, 41.7500641)",The Bull
1790951330.8445039,13066,"(-111.8131345, 41.7500625)",The Bull
1790951341.1344457,13066,"(-111.8131356, 41.7500516)",The Bull
1790951351.397363,13066,"(-111.8126281, 41.750092)",in_transit
1790951361.6554523,13066,"(-111.811214, 41.75009)",in_transit
1790951371.9063752,13066,"(-111.8100701, 41.7500666)",in_transit
1790951382.1614268,13066,"(-111.8080896, 41.7500228)",in_transit
1790951392.425903,13066,"(-111.80677, 41.7499948)",in_transit
1790951402.683227,13066,"(-111.8057773, 41.7499475)",Logan Cemetery
1790951412.9494274,13066,"(-111.8056616, 41.749942)",in_transit
1790951423.2110467,13066,"(-111.8051285, 41.7499756)",in_transit
1790951433.461508,13066,"(-111.8048326, 41.74997)",in_transit
1790951443.7344077,13066,"(-111.8047615, 41.7499621)",in_transit
1790951454.0270767,13066,"(-111.8047423, 41.7499586)",in_transit
1790951464.2911491,13066,"(-111.8045115, 41.7495928)",in_transit
1790951474.550752,13066,"(-111.8039691, 41.749292)",in_transit
1790951484.8094773,13066,"(-111.8022518, 41.7493095)",in_transit
1790951495.075707,13066,"(-111.8018568, 41.7495303)",in_transit
1790951505.3683763,13066,"(-111.8018568, 41.7495303)",in_transit
1790951515.6330173,13066,"(-111.8020828, 41.7496161)",Lundstrum
1790951525.92246,13066,"(-111.802085, 41.7496136)",Lundstrum
1790951537.2157578,13066,"(-111.8020878, 41.7496153)",Lundstrum
1790951547.5065827,13066,"(-111.8021766, 41.7496115)",Lundstrum
1790951557.7624881,13066,"(-111.8024123, 41.749427)",in_transit
1790951568.0442708,13066,"(-111.8035303, 41.7493431)",in_transit
1790951578.3093991,13066,"(-111.8042038, 41.7494391)",in_transit
1790951588.5670042,13066,"(-111.8043383, 41.7499151)",in_transit
1790951598.8266644,13066,"(-111.8046608, 41.7499351)",in_transit
1790951609.0892253,13066,"(-111.8045266, 41.7494938)",in_transit
1790951619.3776271,13066,"(-111.8044125, 41.7480463)",in_transit
1790951629.7293668,13066,"(-111.8044003, 41.746774)",in_transit
1790951639.991373,13066,"(-111.8044085, 41.7463143)",in_transit
1790951650.246166,13066,"(-111.804366, 41.7452231)",in_transit
1790951660.520208,13066,"(-111.804354, 41.7445498)",in_transit
1790951670.7905805,13066,"(-111.8043478, 41.7444785)",in_transit
1790951681.0600162,13066,"(-111.8043503, 41.7439948)",in_transit
1790951691.3124642,13066,"(-111.8043488, 41.7433338)",Fine Arts Bldg
1790951701.5709693,13066,"(-111.8043491, 41.7432396)",in_transit
1790951711.8389568,13066,"(-111.8043318, 41.7432341)",in_transit
1790951722.0935304,13066,"(-111.8043028, 41.7428996)",in_transit
1790951732.3807218,13066,"(-111.8044416, 41.7425218)",in_transit
1790951742.6422958,13066,"(-111.8058765, 41.741679)",in_transit
1790951752.9168823,13066,"(-111.8074116, 41.740922)",in_transit
1790951763.174415,13066,"(-111.8097141, 41.74038)",in_transit
1790951773.4413798,13066,"(-111.8112393, 41.7400163)",Family Life Bldg
1790951783.7060225,13066,"(-111.8112386, 41.7400103)",Family Life Bldg
1790951793.971489,13066,"(-111.8112428, 41.7400025)",Family Life Bldg
1790951804.2852879,13066,"(-111.8123398, 41.7395231)",in_transit
1790951814.5471177,13066,"(-111.8137428, 41.7389446)",in_transit
1790951824.8137605,13066,"(-111.8137428, 41.7389446)",in_transit
1790951835.0791798,13066,"(-111.8175, 41.7388343)",in_transit
1790951845.329788,13066,"(-111.8190945, 41.7388618)",in_transit
1790951855.5990818,13066,"(-111.8193133, 41.739703)",in_transit
1790951865.894872,13066,"(-111.8192025, 41.7405663)",in_transit
1790951876.1650002,13066,"(-111.8182761, 41.7406486)",in_transit
1790951886.4841058,13066,"(-111.8178398, 41.7406146)",670 E 500 N
1790951896.7420895,13066,"(-111.817693, 41.7406265)",670 E 500 N
1790951907.0444264,13066,"(-111.8177023, 41.7406166)",670 E 500 N
1790951917.306842,13066,"(-111.8168083, 41.7407108)",in_transit
1790951927.5822911,13066,"(-111.8167361, 41.7416403)",in_transit
1790951937.8509219,13066,"(-111.8167046, 41.7426155)",in_transit
1790951948.102057,13066,"(-111.8165016, 41.7440116)",in_transit
1790951958.370692,13066,"(-111.8156506, 41.7444811)",in_transit
1790951968.6278262,13066,"(-111.8143655, 41.7444415)",in_transit
1790951978.9167445,13066,"(-111.8142238, 41.7442495)",in_transit
1790951989.1846507,13066,"(-111.8143258, 41.7436041)",in_transit
1790951999.4847069,13066,"(-111.8139796, 41.7436735)",Taggart Student Center
1790952009.754645,13066,"(-111.8140195, 41.7437813)",Taggart Student Center
1790952020.0430071,13066,"(-111.8140198, 41.7437876)",Taggart Student Center
1790952030.3070893,13066,"(-111.8140308, 41.7437873)",Taggart Student Center
1790952040.553653,13066,"(-111.8140398, 41.743785)",Taggart Student Center
1790952050.8209383,13066,"(-111.8140433, 41.7437793)",Taggart Student Center
1790952061.0877643,13066,"(-111.814037, 41.7437728)",Taggart Student Center
1790952071.3726287,13066,"(-111.8140461, 41.7437686)",Taggart Student Center
1790952081.6385422,13066,"(-111.8141146, 41.7438266)",in_transit
1790952091.9181464,13066,"(-111.8140378, 41.7445308)",in_transit
1790952102.1699412,13066,"(-111.8140385, 41.7460688)",in_transit
1790952112.4390438,13066,"(-111.8140098, 41.7475883)",in_transit
1790952122.704917,13066,"(-111.8139378, 41.7487221)",in_transit
1790952132.9634943,13066,"(-111.8138106, 41.7499726)",in_transit
1790952143.2589674,13066,"(-111.8135658, 41.7500973)",in_transit
1790952153.531375,13066,"(-111.8133061, 41.7500641)",The Bull
1790952163.7941222,13066,"(-111.8131301, 41.7500573)",The Bull
1790952174.0488203,13066,"(-111.8131173, 41.7500578)",The Bull
1790952184.3058622,13066,"(-111.8128638, 41.7500808)",in_transit
1790952194.6069248,13066,"(-111.8114988, 41.750104)",in_transit
1790952204.8586087,13066,"(-111.8102803, 41.75008)",in_transit
1790952215.158134,13066,"(-111.8082386, 41.750031)",in_transit
1790952225.4253426,13066,"(-111.806889, 41.7499961)",in_transit
1790952235.6866932,13066,"(-111.805819, 41.7499496)",Logan Cemetery
1790952245.9833386,13066,"(-111.8056973, 41.7499513)",Logan Cemetery
1790952256.2517614,13066,"(-111.8053773, 41.7499681)",in_transit
1790952266.5138993,13066,"(-111.8045076, 41.7496845)",in_transit
1790952276.775172,13066,"(-111.8042946, 41.7492716)",in_transit
1790952287.0360057,13066,"(-111.8028323, 41.7493088)",in_transit
1790952297.2947319,13066,"(-111.8019106, 41.7493305)",in_transit
1790952307.5410569,13066,"(-111.8018475, 41.7495141)",in_transit
1790952317.7996423,13066,"(-111.8020196, 41.7496065)",Lundstrum
1790952328.069344,13066,"(-111.8020273, 41.7496126)",Lundstrum
1790952338.3348367,13066,"(-111.8020313, 41.749618)",Lundstrum
1790952348.6029549,13066,"(-111.8020313, 41.7496205)",Lundstrum
1790952358.8613064,13066,"(-111.8020295, 41.7496195)",Lundstrum
1790952369.1338844,13066,"(-111.802034, 41.7496278)",Lundstrum
1790952379.3972993,13066,"(-111.8024806, 41.7493903)",in_transit
1790952389.6533525,13066,"(-111.8030508, 41.7493418)",in_transit
1790952399.9203591,13066,"(-111.8039916, 41.7493565)",in_transit
1790952410.2474747,13066,"(-111.8043493, 41.7496266)",in_transit
1790952420.525664,13066,"(-111.8046076, 41.750095)",in_transit
1790952430.8070312,13066,"(-111.8045163, 41.7497095)",in_transit
1790952441.068472,13066,"(-111.8045351, 41.7494208)",in_transit
1790952451.329193,13066,"(-111.8044046, 41.7476843)",in_transit
1790952461.5898976,13066,"(-111.804474, 41.7466591)",in_transit
1790952471.8774714,13066,"(-111.8043673, 41.7458121)",in_transit
1790952482.1810484,13066,"(-111.8043601, 41.744766)",in_transit
1790952492.4343708,13066,"(-111.8043388, 41.7435523)",Fine Arts Bldg
1790952502.705881,13066,"(-111.804363, 41.7433175)",Fine Arts Bldg
1790952512.9985943,13066,"(-111.8043568, 41.743274)",in_transit
1790952523.258417,13066,"(-111.8043556, 41.743047)",in_transit
1790952533.5333455,13066,"(-111.8043196, 41.7428595)",in_transit
1790952543.7941494,13066,"(-111.8047385, 41.742343)",in_transit
1790952554.0580318,13066,"(-111.8061365, 41.741515)",in_transit
1790952564.3153486,13066,"(-111.8087786, 41.74059)",in_transit
1790952574.5874562,13066,"(-111.8104538, 41.7402128)",in_transit
1790952584.878247,13066,"(-111.811239, 41.7400275)",Family Life Bldg
1790952595.1709428,13066,"(-111.8112581, 41.7400128)",Family Life Bldg
1790952605.4607334,13066,"(-111.8112498, 41.740005)",Family Life Bldg
1790952615.7213042,13066,"(-111.8116625, 41.7397933)",in_transit
1790952625.9853082,13066,"(-111.8131236, 41.7392028)",in_transit
1790952636.2404215,13066,"(-111.8155021, 41.738634)",in_transit
1790952646.497749,13066,"(-111.8174146, 41.7388275)",in_transit
1790952656.761671,13066,"(-111.8190601, 41.738852)",in_transit
1790952667.0141878,13066,"(-111.819324, 41.7396426)",in_transit
1790952677.2880158,13066,"(-111.819324, 41.7396426)",in_transit
1790952687.555202,13066,"(-111.8185256, 41.7406593)",in_transit
1790952697.8074806,13066,"(-111.8177095, 41.7406188)",670 E 500 N
1790952708.1015544,13066,"(-111.8176923, 41.7406221)",670 E 500 N
1790952718.3638966,13066,"(-111.8176333, 41.7406271)",670 E 500 N
1790952728.6200519,13066,"(-111.8169888, 41.7406241)",in_transit
1790952738.8917403,13066,"(-111.8167495, 41.741018)",in_transit
1790952749.1427317,13066,"(-111.8167211, 41.742334)",in_transit
1790952759.4042547,13066,"(-111.8166826, 41.7435286)",in_transit
1790952769.6684198,13066,"(-111.8162646, 41.7442888)",in_transit
1790952779.948109,13066,"(-111.8152713, 41.7444646)",in_transit
1790952790.199569,13066,"(-111.8143151, 41.7444276)",in_transit
1790952800.4683843,13066,"(-111.814339, 41.7435908)",in_transit
1790952810.7253273,13066,"(-111.814006, 41.7436786)",Taggart Student Center
1790952821.0054743,13066,"(-111.8140381, 41.743796)",Taggart Student Center
1790952831.2691112,13066,"(-111.8140501, 41.7438001)",Taggart Student Center
1790952841.544709,13066,"(-111.814054, 41.7438021)",Taggart Student Center
1790952851.835391,13066,"(-111.814072, 41.7438038)",Taggart Student Center
1790952862.1037023,13066,"(-111.8141848, 41.7439645)",in_transit
1790952872.3607283,13066,"(-111.8141141, 41.744464)",in_transit
1790952882.6186256,13066,"(-111.8140738, 41.7457803)",in_transit
1790952892.8961165,13066,"(-111.8140495, 41.7468381)",in_transit
1790952903.1589887,13066,"(-111.8139758, 41.7485735)",in_transit
1790952913.412156,13066,"(-111.8138115, 41.749907)",in_transit
1790952923.6660802,13066,"(-111.8137465, 41.7500901)",in_transit
1790952933.9758992,13066,"(-111.813482, 41.7500781)",in_transit
1790952944.2367492,13066,"(-111.8131458, 41.7500681)",The Bull
1790952954.5029998,13066,"(-111.813154, 41.7500808)",The Bull
1790952964.7641141,13066,"(-111.813161, 41.7500823)",The Bull
1790952975.0203404,13066,"(-111.81315, 41.7500771)",The Bull
1790952985.3195,13066,"(-111.8123493, 41.7501083)",in_transit
1790952995.5732105,13066,"(-111.8112823, 41.7501025)",in_transit
1790953005.8519466,13066,"(-111.809487, 41.7500713)",in_transit
1790953016.1383002,13066,"(-111.8080933, 41.7500428)",in_transit
1790953026.3956387,13066,"(-111.8061118, 41.7499856)",in_transit
1790953036.651755,13066,"(-111.8057538, 41.749964)",Logan Cemetery
1790953046.9085045,13066,"(-111.8056803, 41.749967)",Logan Cemetery
1790953057.1656258,13066,"(-111.8051115, 41.7500023)",in_transit
1790953067.4242215,13066,"(-111.8046206, 41.7499008)",in_transit
1790953077.6867442,13066,"(-111.8043106, 41.74928)",in_transit
1790953087.9423158,13066,"(-111.8035013, 41.749307)",in_transit
1790953098.211656,13066,"(-111.8019765, 41.7493251)",in_transit
1790953108.4814017,13066,"(-111.8018486, 41.7495055)",in_transit
1790953118.7581856,13066,"(-111.8020941, 41.7496236)",Lundstrum
1790953129.029148,13066,"(-111.802106, 41.7496263)",Lundstrum
1790953139.2784328,13066,"(-111.8020985, 41.7496203)",Lundstrum
1790953149.5438714,13066,"(-111.8021103, 41.7496116)",Lundstrum
1790953159.802941,13066,"(-111.8021258, 41.7496011)",Lundstrum
1790953170.0887184,13066,"(-111.8021413, 41.7496)",Lundstrum
1790953181.3717139,13066,"(-111.802147, 41.7496073)",Lundstrum
1790953191.6181347,13066,"(-111.8021561, 41.7496116)",Lundstrum
1790953201.8954725,13066,"(-111.8025116, 41.7493718)",in_transit
1790953212.166863,13066,"(-111.8032606, 41.7493315)",in_transit
1790953222.4531915,13066,"(-111.8040275, 41.7493513)",in_transit
1790953232.7194922,13066,"(-111.8043525, 41.7499333)",in_transit
1790953242.9801655,13066,"(-111.8046051, 41.750106)",in_transit
1790953253.249563,13066,"(-111.804527, 41.7495036)",in_transit
1790953263.508478,13066,"(-111.804432, 41.7489998)",in_transit
1790953273.784212,13066,"(-111.8044128, 41.7482191)",in_transit
1790953284.0379457,13066,"(-111.80439, 41.7470273)",in_transit
1790953294.3259282,13066,"(-111.804533, 41.7465681)",in_transit
1790953304.5881283,13066,"(-111.8043651, 41.7454401)",in_transit
1790953314.8548665,13066,"(-111.8043526, 41.7447678)",in_transit
1790953325.1195877,13066,"(-111.8043396, 41.7446711)",in_transit
1790953335.3781173,13066,"(-111.8043388, 41.7442431)",in_transit
1790953345.6456952,13066,"(-111.8043415, 41.7433316)",Fine Arts Bldg
1790953355.9269774,13066,"(-111.8043406, 41.7432848)",in_transit
1790953366.1827064,13066,"(-111.8043295, 41.7432873)",in_transit
1790953376.4386785,13066,"(-111.8043241, 41.7432588)",in_transit
1790953386.6973894,13066,"(-111.804282, 41.7428315)",in_transit
1790953396.9530232,13066,"(-111.804559, 41.7424573)",in_transit
1790953407.2471998,13066,"(-111.80596, 41.7416235)",in_transit
1790953417.5188036,13066,"(-111.8085928, 41.7406365)",in_transit
1790953427.773619,13066,"(-111.8102663, 41.7402643)",in_transit
1790953438.0401587,13066,"(-111.8111791, 41.7400546)",Family Life Bldg
1790953448.316031,13066,"(-111.8112533, 41.7400291)",Family Life Bldg
1790953458.5758944,13066,"(-111.811261, 41.7400253)",Family Life Bldg
1790953468.8245447,13066,"(-111.8112588, 41.7400251)",Family Life Bldg
1790953479.099038,13066,"(-111.8123871, 41.7395145)",in_transit
1790953489.346325,13066,"(-111.8138718, 41.7389081)",in_transit
1790953499.6178682,13066,"(-111.8163175, 41.7387548)",in_transit
1790953509.913544,13066,"(-111.8182933, 41.7388481)",in_transit
1790953520.1771145,13066,"(-111.8192266, 41.738865)",in_transit
1790953530.447371,13066,"(-111.8193358, 41.7396278)",in_transit
1790953540.7398095,13066,"(-111.8192951, 41.7404025)",in_transit
1790953551.0044658,13066,"(-111.8189673, 41.7406703)",in_transit
1790953561.3120317,13066,"(-111.817833, 41.7406206)",670 E 500 N
1790953571.5761683,13066,"(-111.8177028, 41.7406173)",670 E 500 N
1790953581.826741,13066,"(-111.8177101, 41.7406088)",670 E 500 N
1790953592.0933008,13066,"(-111.8176983, 41.7406098)",670 E 500 N
1790953602.3429093,13066,"(-111.8176641, 41.7406121)",670 E 500 N
1790953612.6141267,13066,"(-111.8167741, 41.7407101)",in_transit
1790953622.8807645,13066,"(-111.8167528, 41.741497)",in_transit
1790953633.1323743,13066,"(-111.8167206, 41.7429273)",in_transit
1790953643.4135523,13066,"(-111.8165941, 41.7438608)",in_transit
1790953653.6823611,13066,"(-111.8153458, 41.7444511)",in_transit
1790953663.9513936,13066,"(-111.814441, 41.744437)",in_transit
1790953674.2009091,13066,"(-111.814217, 41.7443666)",in_transit
1790953684.4629102,13066,"(-111.8143338, 41.7436456)",in_transit
1790953694.7104995,13066,"(-111.8143338, 41.7436456)",in_transit
1790953704.9709387,13066,"(-111.8140231, 41.743518)",in_transit
1790953715.239488,13066,"(-111.8139835, 41.7436351)",Taggart Student Center
1790953725.5087078,13066,"(-111.8139736, 41.7436563)",Taggart Student Center
1790953735.7623472,13066,"(-111.8139768, 41.743669)",Taggart Student Center
1790953746.0285473,13066,"(-111.813997, 41.7436733)",Taggart Student Center
1790953756.2778273,13066,"(-111.8140023, 41.7436826)",Taggart Student Center
1790953766.5375822,13066,"(-111.8139915, 41.7436948)",Taggart Student Center
1790953776.8029318,13066,"(-111.8139821, 41.7437055)",Taggart Student Center
1790953787.1243875,13066,"(-111.81399, 41.7437151)",Taggart Student Center
1790953797.393737,13066,"(-111.8139961, 41.7437241)",Taggart Student Center
1790953807.6414797,13066,"(-111.8139928, 41.7437281)",Taggart Student Center
1790953817.9150174,13066,"(-111.8139885, 41.7437371)",Taggart Student Center
1790953828.1690075,13066,"(-111.8139855, 41.7437443)",Taggart Student Center
1790953838.4274123,13066,"(-111.8139825, 41.7437463)",Taggart Student Center
1790953848.6901453,13066,"(-111.8139793, 41.7437468)",Taggart Student Center
1790953858.9606276,13066,"(-111.8139691, 41.7437508)",Taggart Student Center
1790953869.21656,13066,"(-111.8139641, 41.7437513)",Taggart Student Center
1790953879.502678,13066,"(-111.8139588, 41.7437498)",Taggart Student Center
1790953889.7679086,13066,"(-111.8139536, 41.7437453)",Taggart Student Center
1790953900.0263402,13066,"(-111.813957, 41.7437396)",Taggart Student Center
1790953910.2955189,13066,"(-111.8139706, 41.7437275)",Taggart Student Center
1790953920.545243,13066,"(-111.8139798, 41.7437178)",Taggart Student Center
1790953930.8158069,13066,"(-111.8139855, 41.7437103)",Taggart Student Center
1790953941.0706203,13066,"(-111.8140311, 41.7437055)",Taggart Student Center
1790953951.3290381,13066,"(-111.8141291, 41.7438436)",in_transit
1790953961.5828488,13066,"(-111.8141495, 41.7440343)",in_transit
1790953971.857478,13066,"(-111.81412, 41.7442238)",in_transit
1790953982.1542673,13066,"(-111.8141435, 41.744353)",in_transit
1790953992.4242425,13066,"(-111.8141678, 41.7443733)",in_transit
1790954002.6812193,13066,"(-111.8141648, 41.744419)",in_transit
1790954012.9537556,13066,"(-111.8141405, 41.7449181)",in_transit
1790954023.210505,13066,"(-111.8140956, 41.7451578)",in_transit
1790954033.5169399,13066,"(-111.8140443, 41.7469078)",in_transit
1790954043.784906,13066,"(-111.8139956, 41.7480318)",in_transit
1790954054.0544734,13066,"(-111.813884, 41.7492493)",in_transit
1790954064.3138433,13066,"(-111.8138143, 41.7499161)",in_transit
1790954074.5661821,13066,"(-111.8138183, 41.7499865)",in_transit
1790954084.872895,13066,"(-111.813687, 41.7501038)",in_transit
1790954095.1503356,13066,"(-111.8134085, 41.7500623)",The Bull
1790954105.439199,13066,"(-111.8131511, 41.7500618)",The Bull
1790954115.7103133,13066,"(-111.8131495, 41.7500656)",The Bull
1790954125.9708207,13066,"(-111.813149, 41.750068)",The Bull
1790954136.2368703,13066,"(-111.813141, 41.7500723)",The Bull
1790954146.5313804,13066,"(-111.8123583, 41.7501038)",in_transit
1790954156.791393,13066,"(-111.8112975, 41.7500991)",in_transit
1790954167.0564063,13066,"(-111.8095145, 41.7500586)",in_transit
1790954177.3462057,13066,"(-111.8075226, 41.7500173)",in_transit
1790954187.6035542,13066,"(-111.8063081, 41.7499831)",in_transit
1790954197.891513,13066,"(-111.8059306, 41.7499563)",Logan Cemetery
1790954208.161259,13066,"(-111.8057048, 41.7499505)",Logan Cemetery
1790954218.4609969,13066,"(-111.8057028, 41.7499496)",Logan Cemetery
1790954228.7099195,13066,"(-111.8057095, 41.7499496)",Logan Cemetery
1790954238.9720485,13066,"(-111.8054545, 41.7499775)",in_transit
1790954249.2259839,13066,"(-111.8048151, 41.7499733)",in_transit
1790954259.490202,13066,"(-111.8045235, 41.7497685)",in_transit
1790954269.7401278,13066,"(-111.804507, 41.7495676)",in_transit
1790954279.9915285,13066,"(-111.8043166, 41.7492878)",in_transit
1790954290.2670467,13066,"(-111.8027193, 41.749317)",in_transit
1790954300.5337865,13066,"(-111.8018785, 41.749349)",in_transit
1790954310.801057,13066,"(-111.8018808, 41.7495311)",in_transit
1790954321.0635548,13066,"(-111.8021333, 41.7496198)",Lundstrum
1790954331.3261933,13066,"(-111.802157, 41.7496053)",Lundstrum
1790954341.59253,13066,"(-111.8021701, 41.7495926)",Lundstrum
1790954351.8534694,13066,"(-111.8021731, 41.7495906)",Lundstrum
1790954362.1181412,13066,"(-111.8021786, 41.7495956)",Lundstrum
1790954372.3899379,13066,"(-111.8021848, 41.7495995)",Lundstrum
1790954382.6467717,13066,"(-111.8021875, 41.7496056)",Lundstrum
1790954392.9037297,13066,"(-111.8021926, 41.7496123)",Lundstrum
1790954403.1646771,13066,"(-111.8025085, 41.749383)",in_transit
1790954413.4367466,13066,"(-111.803101, 41.7493328)",in_transit
1790954423.7025461,13066,"(-111.8038645, 41.7493456)",in_transit
1790954433.9621239,13066,"(-111.8043835, 41.7497935)",in_transit
1790954444.2563188,13066,"(-111.8045863, 41.750102)",in_transit
1790954454.5109677,13066,"(-111.8045315, 41.7497348)",in_transit
1790954464.797264,13066,"(-111.8045296, 41.7493623)",in_transit
1790954475.0528908,13066,"(-111.8044245, 41.7483873)",in_transit
1790954485.3259294,13066,"(-111.8044095, 41.7476031)",in_transit
1790954495.5755718,13066,"(-111.8044151, 41.746733)",in_transit
1790954505.8669515,13066,"(-111.8044386, 41.7463653)",in_transit
1790954516.123889,13066,"(-111.8043636, 41.7451556)",in_transit
1790954526.3876886,13066,"(-111.8043521, 41.7445651)",in_transit
1790954536.6564524,13066,"(-111.804352, 41.7444883)",in_transit
1790954546.914665,13066,"(-111.8043498, 41.7444931)",in_transit
1790954557.177138,13066,"(-111.804348, 41.744036)",in_transit
1790954567.4385953,13066,"(-111.8043471, 41.743405)",Fine Arts Bldg
1790954577.6909206,13066,"(-111.8043505, 41.7432728)",in_transit
1790954587.939745,13066,"(-111.8043553, 41.7432721)",in_transit
1790954598.2647946,13066,"(-111.804365, 41.7432731)",in_transit
1790954608.5278356,13066,"(-111.804375, 41.7432698)",in_transit
1790954618.822134,13066,"(-111.8043148, 41.7428831)",in_transit
1790954629.0799444,13066,"(-111.8044968, 41.7425136)",in_transit
1790954639.3310008,13066,"(-111.8055678, 41.7418598)",in_transit
1790954649.576867,13066,"(-111.8078385, 41.7408038)",in_transit
1790954659.849378,13066,"(-111.8096478, 41.7404071)",in_transit
1790954670.1269464,13066,"(-111.8111726, 41.740056)",Family Life Bldg
1790954680.3899412,13066,"(-111.8112365, 41.7400366)",Family Life Bldg
1790954690.6555493,13066,"(-111.8112363, 41.740038)",Family Life Bldg
1790954700.9015868,13066,"(-111.8112575, 41.7400251)",Family Life Bldg
1790954711.2001996,13066,"(-111.8112745, 41.74001)",Family Life Bldg
1790954721.5126073,13066,"(-111.8112788, 41.7399995)",Family Life Bldg
1790954731.763332,13066,"(-111.8113955, 41.7399255)",in_transit
1790954742.0194414,13066,"(-111.8127601, 41.7393595)",in_transit
1790954752.2841861,13066,"(-111.8149161, 41.7386528)",in_transit
1790954762.547732,13066,"(-111.8165803, 41.7387808)",in_transit
1790954772.816356,13066,"(-111.8189703, 41.7388351)",in_transit
1790954783.0729353,13066,"(-111.8193528, 41.7390298)",in_transit
1790954793.3450334,13066,"(-111.8193101, 41.7399336)",in_transit
1790954803.6185665,13066,"(-111.8189953, 41.7406453)",in_transit
1790954813.8885348,13066,"(-111.818238, 41.7406285)",in_transit
1790954824.1508787,13066,"(-111.8178761, 41.7405985)",in_transit
1790954834.4386146,13066,"(-111.8176828, 41.7405945)",670 E 500 N
1790954844.7090123,13066,"(-111.8176743, 41.7405871)",670 E 500 N
1790954854.9603813,13066,"(-111.8176428, 41.7405895)",670 E 500 N
1790954865.224147,13066,"(-111.8170741, 41.7406033)",in_transit
1790954875.4929705,13066,"(-111.8167413, 41.7408363)",in_transit
1790954885.7543387,13066,"(-111.8167173, 41.7422091)",in_transit
1790954896.0218592,13066,"(-111.8166916, 41.7430628)",in_transit
1790954906.3207939,13066,"(-111.816248, 41.7442771)",in_transit
1790954916.6351032,13066,"(-111.8153123, 41.7444608)",in_transit
1790954926.8885386,13066,"(-111.8145101, 41.744423)",in_transit
1790954937.1870308,13066,"(-111.8143593, 41.744404)",in_transit
1790954947.438302,13066,"(-111.814378, 41.7443768)",in_transit
1790954957.6945765,13066,"(-111.8143845, 41.7443395)",in_transit
1790954967.9606843,13066,"(-111.8143651, 41.7443266)",in_transit
1790954978.2198944,13066,"(-111.8142125, 41.7439306)",in_transit
1790954988.4853091,13066,"(-111.814262, 41.7437333)",in_transit
1790954998.7418275,13066,"(-111.8141041, 41.7434776)",in_transit
1790955009.0095806,13066,"(-111.8140893, 41.7434321)",in_transit
1790955019.2841194,13066,"(-111.8140735, 41.7434173)",in_transit
1790955029.546511,13066,"(-111.8140573, 41.7434241)",in_transit
1790955039.8178837,13066,"(-111.8140348, 41.7434465)",in_transit
1790955050.1044192,13066,"(-111.8140498, 41.7434546)",in_transit
1790955060.360255,13066,"(-111.814073, 41.7434693)",in_transit
1790955070.618654,13066,"(-111.8140463, 41.7434855)",in_transit
1790955080.8767214,13066,"(-111.8141506, 41.7438488)",in_transit
1790955091.1645064,13066,"(-111.8141505, 41.7442338)",in_transit
1790955101.4448948,13066,"(-111.8141323, 41.7450526)",in_transit
1790955111.69904,13066,"(-111.814106, 41.7455585)",in_transit
1790955121.9715185,13066,"(-111.81403, 41.7475535)",in_transit
1790955132.2656841,13066,"(-111.8139005, 41.7490908)",in_transit
1790955142.5487964,13066,"(-111.8137911, 41.7500306)",in_transit
1790955152.8746462,13066,"(-111.8135485, 41.750077)",in_transit
1790955163.1465397,13066,"(-111.8131796, 41.7500481)",The Bull
1790955173.443948,13066,"(-111.813175, 41.7500581)",The Bull
1790955183.7062025,13066,"(-111.8131718, 41.7500606)",The Bull
1790955193.9758754,13066,"(-111.812102, 41.7501031)",in_transit
1790955204.2616756,13066,"(-111.8103876, 41.7500821)",in_transit
1790955214.5199034,13066,"(-111.809144, 41.750057)",in_transit
1790955224.7974317,13066,"(-111.8070835, 41.7500175)",in_transit
1790955235.077577,13066,"(-111.8059721, 41.7499666)",Logan Cemetery
1790955245.3333135,13066,"(-111.8057121, 41.7499536)",Logan Cemetery
1790955255.5961814,13066,"(-111.8056931, 41.7499551)",Logan Cemetery
1790955265.8607783,13066,"(-111.8050055, 41.74999)",in_transit
1790955276.12714,13066,"(-111.8047643, 41.7499775)",in_transit
1790955286.392879,13066,"(-111.8045463, 41.7493745)",in_transit
1790955296.6571686,13066,"(-111.8042941, 41.7492836)",in_transit
1790955306.9089463,13066,"(-111.8025533, 41.7493171)",in_transit
1790955317.2076902,13066,"(-111.8018696, 41.7493713)",in_transit
1790955327.4743865,13066,"(-111.801955, 41.7495525)",Lundstrum
1790955337.7497401,13066,"(-111.802119, 41.7496038)",Lundstrum
1790955348.0184326,13066,"(-111.8021303, 41.7495971)",Lundstrum
1790955358.2817895,13066,"(-111.8021256, 41.7495956)",Lundstrum
1790955368.540908,13066,"(-111.802124, 41.7495926)",Lundstrum
1790955378.798203,13066,"(-111.8024215, 41.7494305)",in_transit
1790955389.0489502,13066,"(-111.8026638, 41.7493271)",in_transit
1790955399.3029945,13066,"(-111.8038113, 41.7493345)",in_transit
1790955409.5744627,13066,"(-111.8040815, 41.749357)",in_transit
1790955419.831049,13066,"(-111.8041681, 41.7493755)",in_transit
1790955430.1095371,13066,"(-111.8043631, 41.7495683)",in_transit
1790955440.3748422,13066,"(-111.8043551, 41.7499993)",in_transit
1790955450.6164415,13066,"(-111.804645, 41.7498956)",in_transit
1790955460.8624506,13066,"(-111.8044325, 41.7490686)",in_transit
1790955471.1144671,13066,"(-111.804422, 41.7481983)",in_transit
1790955481.3805592,13066,"(-111.8043886, 41.7469505)",in_transit
1790955491.635424,13066,"(-111.8045291, 41.7465375)",in_transit
1790955501.892275,13066,"(-111.8043805, 41.7456843)",in_transit
1790955512.1598113,13066,"(-111.8043681, 41.7447076)",in_transit
1790955522.4213886,13066,"(-111.8043608, 41.7445935)",in_transit
1790955532.6749785,13066,"(-111.8043568, 41.7444058)",in_transit
1790955542.9262185,13066,"(-111.8043481, 41.7438236)",in_transit
1790955553.2183423,13066,"(-111.8043646, 41.743333)",Fine Arts Bldg
1790955563.487456,13066,"(-111.8043603, 41.7433085)",Fine Arts Bldg
1790955573.7392282,13066,"(-111.8043596, 41.7433056)",Fine Arts Bldg
1790955584.0012116,13066,"(-111.8043283, 41.7429126)",in_transit
1790955594.2616634,13066,"(-111.8044363, 41.7425418)",in_transit
1790955604.526801,13066,"(-111.8051026, 41.7421415)",in_transit
1790955614.7818606,13066,"(-111.8070815, 41.7410463)",in_transit
1790955625.05402,13066,"(-111.8095961, 41.740417)",in_transit
1790955635.3218539,13066,"(-111.8108756, 41.740143)",in_transit
1790955645.6051955,13066,"(-111.811159, 41.7400635)",Family Life Bldg
1790955655.860353,13066,"(-111.8112085, 41.7400433)",Family Life Bldg
1790955666.1168168,13066,"(-111.8111981, 41.7400471)",Family Life Bldg
1790955676.4385402,13066,"(-111.8111951, 41.7400465)",Family Life Bldg
1790955686.687523,13066,"(-111.8112135, 41.7400306)",Family Life Bldg
1790955696.9619682,13066,"(-111.8112281, 41.7400213)",Family Life Bldg
1790955707.216538,13066,"(-111.811235, 41.7400218)",Family Life Bldg
1790955717.4735835,13066,"(-111.811227, 41.7400245)",Family Life Bldg
1790955727.7402294,13066,"(-111.8112116, 41.7400325)",Family Life Bldg
1790955737.991661,13066,"(-111.8112058, 41.740035)",Family Life Bldg
1790955748.263721,13066,"(-111.8112071, 41.7400355)",Family Life Bldg
1790955758.5652266,13066,"(-111.8114595, 41.7399113)",in_transit
1790955768.8230693,13066,"(-111.813075, 41.7392508)",in_transit
1790955779.130027,13066,"(-111.8151361, 41.7386558)",in_transit
1790955789.427062,13066,"(-111.8170443, 41.7388296)",in_transit
1790955799.758336,13066,"(-111.8187441, 41.7388556)",in_transit
1790955810.0145931,13066,"(-111.8190781, 41.7388598)",in_transit
1790955820.2854214,13066,"(-111.81932, 41.7390763)",in_transit
1790955830.5451908,13066,"(-111.8192953, 41.7402411)",in_transit
1790955840.820245,13066,"(-111.8190066, 41.7406426)",in_transit
1790955851.0833805,13066,"(-111.8180788, 41.7406448)",in_transit
1790955861.323106,13066,"(-111.8178005, 41.7406206)",670 E 500 N
1790955871.6029882,13066,"(-111.8177501, 41.7406221)",670 E 500 N
1790955881.8683052,13066,"(-111.8174841, 41.7406343)",670 E 500 N
1790955892.118897,13066,"(-111.8167193, 41.7408353)",in_transit
1790955902.375386,13066,"(-111.8167226, 41.7414721)",in_transit
1790955912.6951222,13066,"(-111.8166763, 41.7429528)",in_transit
1790955922.9618518,13066,"(-111.8165838, 41.7438295)",in_transit
1790955933.2362053,13066,"(-111.815502, 41.7444688)",in_transit
1790955943.5326877,13066,"(-111.8145838, 41.7444403)",in_transit
1790955953.7895436,13066,"(-111.8143401, 41.744427)",in_transit
1790955964.042368,13066,"(-111.8142336, 41.7438893)",in_transit
1790955974.2996447,13066,"(-111.8142505, 41.7434836)",in_transit
1790955984.5538282,13066,"(-111.8142505, 41.7434836)",in_transit
1790955994.8253598,13066,"(-111.8140201, 41.7436853)",Taggart Student Center
1790956005.0981011,13066,"(-111.8140313, 41.7437068)",Taggart Student Center
1790956015.3689206,13066,"(-111.8140225, 41.7437333)",Taggart Student Center
1790956025.621199,13066,"(-111.8140088, 41.7437583)",Taggart Student Center
1790956035.8824768,13066,"(-111.8139961, 41.7437696)",Taggart Student Center
1790956046.1467323,13066,"(-111.8140291, 41.7438241)",Taggart Student Center
1790956056.4332995,13066,"(-111.8141375, 41.7441788)",in_transit
1790956066.6975834,13066,"(-111.8140676, 41.7442703)",in_transit
1790956076.9444928,13066,"(-111.8140581, 41.7447013)",in_transit
1790956087.2298887,13066,"(-111.8140708, 41.7457518)",in_transit
1790956097.5322683,13066,"(-111.8140368, 41.7465868)",in_transit
1790956107.8287435,13066,"(-111.8139826, 41.7479875)",in_transit
1790956118.1180866,13066,"(-111.813816, 41.7495791)",in_transit
1790956128.3776593,13066,"(-111.8137941, 41.7499058)",in_transit
1790956138.6417127,13066,"(-111.8137913, 41.7500078)",in_transit
1790956148.8947701,13066,"(-111.8138046, 41.7499893)",in_transit
1790956159.1740918,13066,"(-111.8135641, 41.750073)",in_transit
1790956169.4273944,13066,"(-111.8132103, 41.7500593)",The Bull
1790956179.685246,13066,"(-111.8132048, 41.7500608)",The Bull
1790956189.9362893,13066,"(-111.8131956, 41.7500551)",The Bull
1790956200.201908,13066,"(-111.8131911, 41.7500526)",The Bull
1790956210.461052,13066,"(-111.8131845, 41.7500525)",The Bull
1790956220.7545328,13066,"(-111.8131395, 41.750058)",The Bull
1790956231.0752301,13066,"(-111.812322, 41.7500908)",in_transit
1790956241.3249538,13066,"(-111.8112046, 41.7500863)",in_transit
1790956251.5896313,13066,"(-111.8093141, 41.7500583)",in_transit
1790956261.885336,13066,"(-111.8080068, 41.7500283)",in_transit
1790956272.1755261,13066,"(-111.8060636, 41.7499656)",in_transit
1790956282.4375737,13066,"(-111.8057306, 41.7499496)",Logan Cemetery
1790956292.6960468,13066,"(-111.80569, 41.7499486)",Logan Cemetery
1790956302.9938617,13066,"(-111.8054156, 41.7499671)",in_transit
1790956313.2517474,13066,"(-111.804799, 41.7499636)",in_transit
1790956323.5258672,13066,"(-111.8045478, 41.7494055)",in_transit
1790956333.7875235,13066,"(-111.8042745, 41.749275)",in_transit
1790956344.0651717,13066,"(-111.8026035, 41.7493116)",in_transit
1790956354.3217556,13066,"(-111.8018351, 41.7493641)",in_transit
1790956364.5845234,13066,"(-111.8019481, 41.7495445)",Lundstrum
1790956374.8566637,13066,"(-111.8021208, 41.7496176)",Lundstrum
1790956385.1607442,13066,"(-111.8021283, 41.7496205)",Lundstrum
1790956395.4160461,13066,"(-111.8021325, 41.7496236)",Lundstrum
1790956405.6647997,13066,"(-111.8021446, 41.74963)",Lundstrum
1790956415.9301615,13066,"(-111.8021605, 41.7496293)",Lundstrum
1790956426.1910958,13066,"(-111.8021696, 41.7496213)",Lundstrum
1790956436.4425452,13066,"(-111.8023713, 41.7495211)",in_transit
1790956446.7110138,13066,"(-111.8028098, 41.749341)",in_transit
1790956456.9771993,13066,"(-111.8040265, 41.7493506)",in_transit
1790956467.2409112,13066,"(-111.8043463, 41.749912)",in_transit
1790956477.493758,13066,"(-111.8045801, 41.7500793)",in_transit
1790956487.752885,13066,"(-111.8045225, 41.7497143)",in_transit
1790956498.0157146,13066,"(-111.804527, 41.7494931)",in_transit
1790956508.277029,13066,"(-111.8044256, 41.748825)",in_transit
1790956518.529178,13066,"(-111.8044061, 41.747558)",in_transit
1790956528.7988734,13066,"(-111.8043878, 41.746854)",in_transit
1790956539.1099448,13066,"(-111.8044306, 41.7463366)",in_transit
1790956549.3890543,13066,"(-111.804374, 41.745059)",in_transit
1790956559.646402,13066,"(-111.8043595, 41.744526)",in_transit
1790956569.9120178,13066,"(-111.804347, 41.7444873)",in_transit
1790956580.1828868,13066,"(-111.804348, 41.743821)",in_transit
1790956590.4355192,13066,"(-111.804359, 41.7433323)",Fine Arts Bldg
1790956600.696265,13066,"(-111.8043573, 41.7432895)",in_transit
1790956610.9965153,13066,"(-111.8043425, 41.7430606)",in_transit
1790956621.2608588,13066,"(-111.8043111, 41.7428875)",in_transit
1790956631.5275393,13066,"(-111.8042845, 41.7428278)",in_transit
1790956641.7962594,13066,"(-111.8042776, 41.742787)",in_transit
1790956652.065211,13066,"(-111.8052993, 41.7420345)",in_transit
1790956662.3273654,13066,"(-111.8052993, 41.7420345)",in_transit
1790956672.5875013,13066,"(-111.8085793, 41.7406483)",in_transit
1790956682.8409371,13066,"(-111.8109611, 41.7401111)",Family Life Bldg
1790956693.1376626,13066,"(-111.8112028, 41.7400413)",Family Life Bldg
1790956703.4296067,13066,"(-111.8112268, 41.7400313)",Family Life Bldg
1790956713.6911685,13066,"(-111.8114878, 41.7398913)",in_transit
1790956723.9558852,13066,"(-111.8124023, 41.7395203)",in_transit
1790956734.2120109,13066,"(-111.8145263, 41.7387216)",in_transit
1790956744.4735763,13066,"(-111.8153385, 41.738643)",in_transit
1790956754.7308187,13066,"(-111.8182721, 41.7388415)",in_transit
1790956764.994765,13066,"(-111.8190271, 41.7388575)",in_transit
1790956775.2522397,13066,"(-111.8193215, 41.73905)",in_transit
1790956785.5177338,13066,"(-111.8192805, 41.73995)",in_transit
1790956795.8108864,13066,"(-111.8192005, 41.7405396)",in_transit
1790956806.0718884,13066,"(-111.8179911, 41.7406318)",in_transit
1790956816.3319557,13066,"(-111.8176995, 41.7406068)",670 E 500 N
1790956826.5929964,13066,"(-111.8176605, 41.7406033)",670 E 500 N
1790956836.8692443,13066,"(-111.8174181, 41.7406135)",in_transit
1790956847.1262708,13066,"(-111.816745, 41.7408456)",in_transit
1790956857.3852024,13066,"(-111.8167136, 41.7414705)",in_transit
1790956867.6459696,13066,"(-111.8166801, 41.7428676)",in_transit
1790956877.9115512,13066,"(-111.8165953, 41.7437861)",in_transit
1790956888.1817353,13066,"(-111.8155125, 41.7444805)",in_transit
1790956898.4464831,13066,"(-111.8144701, 41.7444311)",in_transit
1790956908.7042017,13066,"(-111.8142265, 41.7441973)",in_transit
1790956918.9535332,13066,"(-111.8143238, 41.7436576)",in_transit
1790956929.2129788,13066,"(-111.8140895, 41.7434823)",in_transit
1790956939.4711583,13066,"(-111.8140196, 41.743512)",in_transit
1790956949.7646658,13066,"(-111.8140093, 41.7435128)",in_transit
1790956960.0133772,13066,"(-111.8139998, 41.7435173)",in_transit
1790956970.2705286,13066,"(-111.8139993, 41.7435266)",in_transit
1790956980.5331903,13066,"(-111.8139993, 41.7435266)",in_transit
1790956990.7821443,13066,"(-111.8140465, 41.74353)",in_transit
1790957001.0448716,13066,"(-111.8140518, 41.7435233)",in_transit
1790957011.339979,13066,"(-111.8140573, 41.743521)",in_transit
1790957021.5787332,13066,"(-111.8140633, 41.743516)",in_transit
1790957031.8402398,13066,"(-111.8140836, 41.7434865)",in_transit
1790957042.1125124,13066,"(-111.8140838, 41.743487)",in_transit
1790957052.3742309,13066,"(-111.8140838, 41.743487)",in_transit
1790957062.6305044,13066,"(-111.8140838, 41.743487)",in_transit
1790957072.9365048,13066,"(-111.8140838, 41.743487)",in_transit
1790957083.2093587,13066,"(-111.8140838, 41.743487)",in_transit
1790957093.4686491,13066,"(-111.8140838, 41.743487)",in_transit
1790957103.7362695,13066,"(-111.8140838, 41.743487)",in_transit
1790957113.9998302,13066,"(-111.8140838, 41.743487)",in_transit
1790957124.2643352,13066,"(-111.8140838, 41.743487)",in_transit
1790957134.521136,13066,"(-111.8140838, 41.743487)",in_transit
1790957144.8009188,13066,"(-111.8140838, 41.743487)",in_transit
1790957155.0552797,13066,"(-111.8140838, 41.743487)",in_transit
1790957165.3169086,13066,"(-111.8140838, 41.743487)",in_transit
1790957175.5790894,13066,"(-111.8140838, 41.743487)",in_transit
1790957185.8638465,13066,"(-111.8140838, 41.743487)",in_transit
1790957196.168611,13066,"(-111.8140838, 41.743487)",in_transit
1790957206.4255269,13066,"(-111.8140838, 41.743487)",in_transit
1790957216.6944673,13066,"(-111.8140838, 41.743487)",in_transit
1790957226.951154,13066,"(-111.8140838, 41.743487)",in_transit
1790957237.204921,13066,"(-111.8140838, 41.743487)",in_transit
1790957247.504124,13066,"(-111.8140838, 41.743487)",in_transit
1790957257.7649603,13066,"(-111.8140838, 41.743487)",in_transit
1790957268.0362697,13066,"(-111.8140838, 41.743487)",in_transit
1790957278.3090725,13066,"(-111.8140838, 41.743487)",in_transit
1790957288.551139,13066,"(-111.8140838, 41.743487)",in_transit
1790957298.8129907,13066,"(-111.8140838, 41.743487)",in_transit
1790957309.1059897,13066,"(-111.8140838, 41.743487)",in_transit
1790957319.3621309,13066,"(-111.8140838, 41.743487)",in_transit
1790957329.6242487,13066,"(-111.8140838, 41.743487)",in_transit
1790957339.8902392,13066,"(-111.8140838, 41.743487)",in_transit
1790957350.1434057,13066,"(-111.8140838, 41.743487)",in_transit
1790957360.3961513,13066,"(-111.8140838, 41.743487)",in_transit
1790957370.6954415,13066,"(-111.8140838, 41.743487)",in_transit
1790957380.9578876,13066,"(-111.8140838, 41.743487)",in_transit
1790957391.2166657,13066,"(-111.8140838, 41.743487)",in_transit
1790957401.515217,13066,"(-111.8140838, 41.743487)",in_transit
1790957411.7756295,13066,"(-111.8140838, 41.743487)",in_transit
1790957422.0380805,13066,"(-111.8140838, 41.743487)",in_transit
1790957432.3083823,13066,"(-111.8140838, 41.743487)",in_transit
1790957442.5724287,13066,"(-111.8140838, 41.743487)",in_transit
1790957452.8305943,13066,"(-111.8140838, 41.743487)",in_transit
1790957463.0844128,13066,"(-111.8140838, 41.743487)",in_transit
1790957473.344768,13066,"(-111.8140838, 41.743487)",in_transit
1790957483.5964959,13066,"(-111.8140838, 41.743487)",in_transit
1790957493.851613,13066,"(-111.8140838, 41.743487)",in_transit
1790957504.1149902,13066,"(-111.8140838, 41.743487)",in_transit
1790957514.3746696,13066,"(-111.8140838, 41.743487)",in_transit
1790957524.6323385,13066,"(-111.8140838, 41.743487)",in_transit
1790957534.9030187,13066,"(-111.8140838, 41.743487)",in_transit
1790957545.173801,13066,"(-111.8140838, 41.743487)",in_transit
1790957555.4206169,13066,"(-111.8140838, 41.743487)",in_transit
1790957565.6745493,13066,"(-111.8140838, 41.743487)",in_transit
1790957575.934001,13066,"(-111.8140838, 41.743487)",in_transit
1790957586.1897297,13066,"(-111.8140838, 41.743487)",in_transit
1790957596.4439285,13066,"(-111.8140838, 41.743487)",in_transit
1790957606.703612,13066,"(-111.8140838, 41.743487)",in_transit
1790957616.968919,13066,"(-111.8140838, 41.743487)",in_transit
1790957627.2720215,13066,"(-111.8140838, 41.743487)",in_transit
1790957637.5650887,13066,"(-111.8140838, 41.743487)",in_transit
1790957647.8456519,13066,"(-111.8140838, 41.743487)",in_transit
1790957658.114049,13066,"(-111.8140838, 41.743487)",in_transit
1790957668.3821568,13066,"(-111.8140838, 41.743487)",in_transit
1790957678.6609442,13066,"(-111.8140838, 41.743487)",in_transit
1790957688.9274018,13066,"(-111.8140838, 41.743487)",in_transit
1790957699.1874626,13066,"(-111.8140838, 41.743487)",in_transit
1790957709.4551117,13066,"(-111.8140838, 41.743487)",in_transit
1790957719.7237291,13066,"(-111.8140838, 41.743487)",in_transit
1790957729.9741468,13066,"(-111.8140838, 41.743487)",in_transit
1790957740.2354562,13066,"(-111.8140838, 41.743487)",in_transit
1790957750.5257645,13066,"(-111.8140838, 41.743487)",in_transit
1790957760.8044207,13066,"(-111.8140838, 41.743487)",in_transit
1790957771.0632184,13066,"(-111.8140838, 41.743487)",in_transit
1790957781.3388786,13066,"(-111.8140838, 41.743487)",in_transit
1790957791.6255038,13066,"(-111.8140838, 41.743487)",in_transit
1790957801.8985293,13066,"(-111.8140838, 41.743487)",in_transit
1790957812.157037,13066,"(-111.8140838, 41.743487)",in_transit
1790957822.4258597,13066,"(-111.8140838, 41.743487)",in_transit
1790957832.6806376,13066,"(-111.8140838, 41.743487)",in_transit
1790957842.9442198,13066,"(-111.8140838, 41.743487)",in_transit
1790957853.1920822,13066,"(-111.8140838, 41.743487)",in_transit
1790957863.4470644,13066,"(-111.8140838, 41.743487)",in_transit
1790957873.700139,13066,"(-111.8140838, 41.743487)",in_transit
1790957883.9493644,13066,"(-111.8140838, 41.743487)",in_transit
1790957894.291571,13066,"(-111.8140838, 41.743487)",in_transit
1790957904.582677,13066,"(-111.8140838, 41.743487)",in_transit
1790957914.83847,13066,"(-111.8140838, 41.743487)",in_transit
1790957925.1000488,13066,"(-111.8140838, 41.743487)",in_transit
1790959546.926199,13066,"(-111.8139508, 41.743525)",in_transit
1790959557.1932182,13066,"(-111.8139576, 41.7435278)",in_transit
1790959567.4510498,13066,"(-111.8139501, 41.7435325)",in_transit
1790959577.7013335,13066,"(-111.8139545, 41.7435338)",in_transit
1790959587.954587,13066,"(-111.813979, 41.7435255)",in_transit
1790959598.2160025,13066,"(-111.814006, 41.743519)",in_transit
1790959608.4740891,13066,"(-111.8140028, 41.7435086)",in_transit
1790959618.7258453,13066,"(-111.8140075, 41.7435075)",in_transit
1790959628.9774132,13066,"(-111.814014, 41.7435093)",in_transit
1790959639.237196,13066,"(-111.8140056, 41.7435126)",in_transit
1790959649.4922535,13066,"(-111.8140121, 41.743499)",in_transit
1790959659.7959454,13066,"(-111.8140056, 41.7435)",in_transit
1790959670.0564427,13066,"(-111.8140031, 41.7435033)",in_transit
1790959680.3138485,13066,"(-111.8140115, 41.7434896)",in_transit
1790959690.6007,13066,"(-111.8140205, 41.7434836)",in_transit
1790959700.8647869,13066,"(-111.8140328, 41.743485)",in_transit
1790959711.1280158,13066,"(-111.8140395, 41.7434811)",in_transit
1790959721.3753288,13066,"(-111.8140078, 41.7434855)",in_transit
1790959731.6788235,13066,"(-111.8139883, 41.7434935)",in_transit
1790959741.9373481,13066,"(-111.8139835, 41.7434988)",in_transit
1790959752.1862245,13066,"(-111.8139636, 41.7435031)",in_transit
1790959762.4378688,13066,"(-111.8139595, 41.7434976)",in_transit
1790959772.7176542,13066,"(-111.8139673, 41.7435066)",in_transit
1790959782.9735982,13066,"(-111.8139788, 41.7435096)",in_transit
1790959793.2201457,13066,"(-111.813982, 41.7435125)",in_transit
1790959803.4737647,13066,"(-111.8139728, 41.7434983)",in_transit
1790959813.7446773,13066,"(-111.8139661, 41.7434836)",in_transit
1790959824.0118454,13066,"(-111.8139866, 41.7434921)",in_transit
1790959834.2793791,13066,"(-111.8139878, 41.743496)",in_transit
1790959844.535904,13066,"(-111.8139806, 41.7434925)",in_transit
