timestamp,vehicle_id,coordinates,stop
1790897950.000051,14328,"(-111.813802, 41.750088)",in_transit
1790897960.2482517,14328,"(-111.8130413, 41.7501183)",in_transit
1790897970.5156276,14328,"(-111.8120256, 41.7501083)",in_transit
1790897980.804677,14328,"(-111.8103693, 41.7500825)",in_transit
1790897991.0869997,14328,"(-111.8092153, 41.7500591)",in_transit
1790898001.3437908,14328,"(-111.8071088, 41.7500098)",in_transit
1790898011.6077964,14328,"(-111.8057078, 41.7499553)",Logan Cemetery
1790898021.8551095,14328,"(-111.805664, 41.7499588)",in_transit
1790898032.1114006,14328,"(-111.8056611, 41.7499641)",in_transit
1790898042.3744683,14328,"(-111.8054751, 41.7499718)",in_transit
1790898052.6287973,14328,"(-111.8048015, 41.749978)",in_transit
1790898062.9014134,14328,"(-111.8045191, 41.7493208)",in_transit
1790898073.1618803,14328,"(-111.8035338, 41.7493056)",in_transit
1790898083.4235363,14328,"(-111.801975, 41.7493191)",in_transit
1790898288.8012457,14328,"(-111.8042641, 41.7567938)",in_transit
1790898299.0548265,14328,"(-111.804263, 41.756879)",in_transit
1790898309.341148,14328,"(-111.8042665, 41.7569585)",in_transit
1790898319.6311955,14328,"(-111.8047005, 41.757208)",in_transit
1790898329.8810046,14328,"(-111.8061818, 41.7572286)",in_transit
1790898340.1413066,14328,"(-111.808416, 41.7572578)",in_transit
1790898350.42606,14328,"(-111.8099285, 41.7572786)",in_transit
1790898360.7304971,14328,"(-111.8110541, 41.7572638)",in_transit
1790898370.9818087,14328,"(-111.811253, 41.7568351)",in_transit
1790898381.268473,14328,"(-111.8113313, 41.75665)",in_transit
1790898391.525641,14328,"(-111.8116883, 41.7564353)",in_transit
1790898401.7892818,14328,"(-111.8116948, 41.756423)",in_transit
1790898412.050186,14328,"(-111.811706, 41.7564166)",in_transit
1790898422.3046715,14328,"(-111.8117081, 41.7564078)",in_transit
1790898432.5684884,14328,"(-111.8117063, 41.7563991)",in_transit
1790898442.8250613,14328,"(-111.8117043, 41.756396)",in_transit
1790898453.103792,14328,"(-111.8116976, 41.7563956)",in_transit
1790898463.3733766,14328,"(-111.8116906, 41.7564008)",in_transit
1790898473.6258695,14328,"(-111.8116796, 41.756413)",in_transit
1790898483.8829713,14328,"(-111.8116815, 41.7564251)",in_transit
1790898494.139435,14328,"(-111.8116735, 41.7564303)",in_transit
1790898504.4030342,14328,"(-111.8116661, 41.7564288)",in_transit
1790898514.6627648,14328,"(-111.8116688, 41.7564316)",in_transit
1790898524.915992,14328,"(-111.8116685, 41.7564301)",in_transit
1790898535.175298,14328,"(-111.8116718, 41.7564285)",in_transit
1790898545.4437323,14328,"(-111.8116726, 41.7564303)",in_transit
1790898555.701644,14328,"(-111.8116763, 41.756432)",in_transit
1790898565.9670765,14328,"(-111.8116851, 41.756437)",in_transit
1790898576.2237391,14328,"(-111.811689, 41.7564395)",in_transit
1790898586.4771237,14328,"(-111.8116921, 41.7564436)",in_transit
1790898596.734092,14328,"(-111.811692, 41.7564431)",in_transit
1790898606.9969094,14328,"(-111.8116971, 41.756445)",in_transit
1790898617.2626548,14328,"(-111.8116936, 41.7564518)",in_transit
1790898627.5141437,14328,"(-111.8116938, 41.7564603)",in_transit
1790898637.7653546,14328,"(-111.811694, 41.7564648)",in_transit
1790898648.0225284,14328,"(-111.8116875, 41.756469)",in_transit
1790898658.2814896,14328,"(-111.8116761, 41.7564766)",in_transit
1790898668.5323036,14328,"(-111.8116661, 41.7564805)",in_transit
1790898678.8056567,14328,"(-111.8116611, 41.7564803)",in_transit
1790898689.05383,14328,"(-111.8116663, 41.7564763)",in_transit
1790898699.3216095,14328,"(-111.8116753, 41.7564703)",in_transit
1790898709.5959413,14328,"(-111.8116878, 41.7564693)",in_transit
1790898719.8558304,14328,"(-111.8117041, 41.7564645)",in_transit
1790898730.109785,14328,"(-111.8117175, 41.7564598)",in_transit
1790898740.3574634,14328,"(-111.8117265, 41.7564568)",in_transit
1790898750.6498873,14328,"(-111.8117276, 41.75645)",in_transit
1790898760.9106305,14328,"(-111.8117315, 41.7564425)",in_transit
1790898771.1608965,14328,"(-111.8117273, 41.7564406)",in_transit
1790898781.424657,14328,"(-111.8117565, 41.7563963)",in_transit
1790897631.63079,14328,"(-111.8193101, 41.7391613)",in_transit
1790897641.8970444,14328,"(-111.8193281, 41.7396793)",in_transit
1790897652.1824176,14328,"(-111.8192776, 41.7403995)",in_transit
1790897662.4241874,14328,"(-111.8191961, 41.7405825)",in_transit
1790897672.6732683,14328,"(-111.8191961, 41.7405825)",in_transit
1790897682.9662058,14328,"(-111.817781, 41.7406181)",670 E 500 N
1790897693.2374222,14328,"(-111.8176816, 41.7406115)",670 E 500 N
1790897703.5126557,14328,"(-111.8175086, 41.740622)",670 E 500 N
1790897713.7719748,14328,"(-111.8168913, 41.7406336)",in_transit
1790897724.0357318,14328,"(-111.816743, 41.7414321)",in_transit
1790897734.3286698,14328,"(-111.8167168, 41.7425836)",in_transit
1790897744.5773768,14328,"(-111.8166893, 41.7432183)",in_transit
1790897754.828788,14328,"(-111.8162398, 41.7443013)",in_transit
1790897765.0830462,14328,"(-111.8153196, 41.7444718)",in_transit
1790897775.3789124,14328,"(-111.8145086, 41.7444521)",in_transit
1790897785.643157,14328,"(-111.8143298, 41.7444555)",in_transit
1790897795.8993652,14328,"(-111.8142238, 41.7438541)",in_transit
1790897806.161073,14328,"(-111.814073, 41.7435088)",in_transit
1790897816.4353929,14328,"(-111.8139981, 41.7436905)",Taggart Student Center
1790897826.693884,14328,"(-111.8140605, 41.743838)",in_transit
1790897836.9964101,14328,"(-111.8140655, 41.7438473)",in_transit
1790897847.2526476,14328,"(-111.8140708, 41.7438541)",in_transit
1790897857.4883058,14328,"(-111.8140655, 41.743857)",in_transit
1790897867.75903,14328,"(-111.8141585, 41.7440383)",in_transit
1790897878.078555,14328,"(-111.8141051, 41.7443463)",in_transit
1790897888.3739703,14328,"(-111.8140911, 41.7443695)",in_transit
1790897898.6337314,14328,"(-111.8140618, 41.7445663)",in_transit
1790897908.9045937,14328,"(-111.8140746, 41.745305)",in_transit
1790897919.157984,14328,"(-111.8140348, 41.7469613)",in_transit
1790897929.4207745,14328,"(-111.8139445, 41.7486185)",in_transit
1790897939.7155137,14328,"(-111.813832, 41.7495726)",in_transit
1790898093.712122,14328,"(-111.8018406, 41.7495)",in_transit
1790898103.9804657,14328,"(-111.8020813, 41.7496125)",Lundstrum
1790898114.2384968,14328,"(-111.802111, 41.7496086)",Lundstrum
1790898124.5003743,14328,"(-111.8023553, 41.7494841)",in_transit
1790898145.05681,14328,"(-111.8040203, 41.7493651)",in_transit
1790898155.3135087,14328,"(-111.8043798, 41.7497185)",in_transit
1790898165.5647357,14328,"(-111.804379, 41.750641)",in_transit
1790898175.8209095,14328,"(-111.8044116, 41.7511568)",in_transit
1790898186.0704336,14328,"(-111.8044193, 41.7519758)",in_transit
1790898196.329099,14328,"(-111.8044216, 41.7521626)",in_transit
1790898206.586559,14328,"(-111.8044291, 41.7522515)",in_transit
1790898216.843588,14328,"(-111.804427, 41.7526165)",in_transit
1790898227.1376243,14328,"(-111.8044113, 41.7532985)",in_transit
1790898237.4034233,14328,"(-111.8043513, 41.7545056)",in_transit
1790898247.6981122,14328,"(-111.8043086, 41.7553043)",in_transit
1790898257.9586844,14328,"(-111.804272, 41.7561571)",in_transit
1790898268.2026074,14328,"(-111.8042665, 41.7565411)",in_transit
1790898278.4917693,14328,"(-111.8042681, 41.7567248)",in_transit
1790897580.2833211,14328,"(-111.8169863, 41.738825)",in_transit
1790897590.5859442,14328,"(-111.8169863, 41.738825)",in_transit
1790897600.8395336,14328,"(-111.819032, 41.7388641)",in_transit
1790897611.0961342,14328,"(-111.819185, 41.7388771)",in_transit
1790897621.3626096,14328,"(-111.8192058, 41.7388805)",in_transit
1790898134.8046684,14328,"(-111.8032556, 41.7493416)",in_transit
1790881160.3051307,14328,"(-111.8043383, 41.7445081)",in_transit
1790881170.5551813,14328,"(-111.804338, 41.7443141)",in_transit
1790881180.8047056,14328,"(-111.8043403, 41.743393)",Fine Arts Bldg
1790881191.062879,14328,"(-111.8043496, 41.7433355)",Fine Arts Bldg
1790881201.345726,14328,"(-111.804344, 41.7433185)",Fine Arts Bldg
1790881211.5989883,14328,"(-111.8043213, 41.7429506)",in_transit
1790881221.8561962,14328,"(-111.804328, 41.7425831)",in_transit
1790881232.1134515,14328,"(-111.8056905, 41.7417671)",in_transit
1790881088.4746382,14328,"(-111.8043985, 41.7482566)",in_transit
1790881098.7286022,14328,"(-111.8043725, 41.7470633)",in_transit
1790881108.98545,14328,"(-111.8043675, 41.7468816)",in_transit
1790881119.268445,14328,"(-111.804406, 41.7462681)",in_transit
1790881129.5313554,14328,"(-111.8043583, 41.7454421)",in_transit
1790881139.787971,14328,"(-111.8043395, 41.7446493)",in_transit
1790881150.0557516,14328,"(-111.8043366, 41.7444975)",in_transit
1790897446.870199,14328,"(-111.8042808, 41.7428246)",in_transit
1790897457.125587,14328,"(-111.8042791, 41.7428273)",in_transit
1790897467.3746185,14328,"(-111.8046181, 41.74245)",in_transit
1790897477.6363988,14328,"(-111.8062748, 41.7414666)",in_transit
1790897487.8988795,14328,"(-111.8077321, 41.7408491)",in_transit
1790897498.1571343,14328,"(-111.8101056, 41.7403148)",in_transit
1790897508.4319108,14328,"(-111.811052, 41.7400995)",Family Life Bldg
1790897518.6896348,14328,"(-111.8112916, 41.7400248)",Family Life Bldg
1790897528.9351969,14328,"(-111.8112865, 41.7400181)",Family Life Bldg
1790897539.2533073,14328,"(-111.8112876, 41.7400185)",Family Life Bldg
1790897549.5113873,14328,"(-111.8115738, 41.7398635)",in_transit
1790897559.7609088,14328,"(-111.813115, 41.7392398)",in_transit
1790897570.0188468,14328,"(-111.8144451, 41.7387476)",in_transit
1790881242.4092946,14328,"(-111.8070806, 41.7410351)",in_transit
1790881252.6613772,14328,"(-111.8096265, 41.7403993)",in_transit
1790881262.9525602,14328,"(-111.8111975, 41.74003)",Family Life Bldg
1790881273.2106645,14328,"(-111.8111975, 41.74003)",Family Life Bldg
1790881283.4709322,14328,"(-111.8112078, 41.7400348)",Family Life Bldg
1790881293.726902,14328,"(-111.8112111, 41.7400423)",Family Life Bldg
1790881303.977261,14328,"(-111.8124551, 41.739503)",in_transit
1790881314.2389388,14328,"(-111.8132051, 41.7391905)",in_transit
1790881324.520311,14328,"(-111.8132051, 41.7391905)",in_transit
1790881334.793175,14328,"(-111.818283, 41.7388435)",in_transit
1790881345.099151,14328,"(-111.819038, 41.73886)",in_transit
1790881355.372211,14328,"(-111.8190878, 41.7388631)",in_transit
1790881365.619116,14328,"(-111.8190993, 41.7388685)",in_transit
1790881375.9288719,14328,"(-111.8193251, 41.7396465)",in_transit
1790881386.1879876,14328,"(-111.8192671, 41.7403963)",in_transit
1790881396.4846582,14328,"(-111.8192015, 41.7405791)",in_transit
1790881406.7428992,14328,"(-111.8192015, 41.7405791)",in_transit
1790881417.0014417,14328,"(-111.8177943, 41.7406493)",670 E 500 N
1790881427.2500594,14328,"(-111.8174401, 41.7406266)",in_transit
1790881437.5029023,14328,"(-111.816732, 41.7409583)",in_transit
1790881447.74484,14328,"(-111.8167065, 41.7419906)",in_transit
1790881457.9858181,14328,"(-111.8166896, 41.7429748)",in_transit
1790881468.2510924,14328,"(-111.8162228, 41.7442921)",in_transit
1790881478.5050046,14328,"(-111.815203, 41.7444855)",in_transit
1790881488.7496192,14328,"(-111.8143236, 41.7444455)",in_transit
1790881498.9995255,14328,"(-111.814198, 41.7438198)",in_transit
1790881509.2989833,14328,"(-111.8140538, 41.7435066)",in_transit
1790881519.562988,14328,"(-111.8139815, 41.743689)",Taggart Student Center
1790881529.8252187,14328,"(-111.8139876, 41.7437065)",Taggart Student Center
1790881540.0695097,14328,"(-111.8139881, 41.7437028)",Taggart Student Center
1790881550.353536,14328,"(-111.813996, 41.7437083)",Taggart Student Center
1790881560.6106908,14328,"(-111.8141656, 41.7441061)",in_transit
1790881570.858058,14328,"(-111.8141148, 41.7443428)",in_transit
1790881581.1112163,14328,"(-111.8140998, 41.744345)",in_transit
1790881591.3685734,14328,"(-111.8140876, 41.7443841)",in_transit
1790881601.6268072,14328,"(-111.8140841, 41.7453698)",in_transit
1790881611.916917,14328,"(-111.8140706, 41.7458478)",in_transit
1790881622.2205596,14328,"(-111.813985, 41.7479346)",in_transit
1790881632.484274,14328,"(-111.8138306, 41.7495755)",in_transit
1790881642.7578638,14328,"(-111.8138021, 41.7499073)",in_transit
1790881653.0242348,14328,"(-111.8135556, 41.7501108)",in_transit
1790881663.2811694,14328,"(-111.8135556, 41.7501108)",in_transit
1790881673.5507057,14328,"(-111.8131898, 41.750085)",The Bull
1790881683.845668,14328,"(-111.8131843, 41.7500803)",The Bull
1790881694.1342776,14328,"(-111.8131971, 41.7500901)",The Bull
1790881704.4388926,14328,"(-111.8132201, 41.7501)",The Bull
1790881714.698727,14328,"(-111.8132321, 41.7501035)",The Bull
1790881724.9686384,14328,"(-111.8132171, 41.7500915)",The Bull
1790881735.239453,14328,"(-111.8132031, 41.7500825)",The Bull
1790881745.4839175,14328,"(-111.8132071, 41.7500948)",The Bull
1790881755.750032,14328,"(-111.8127063, 41.7501238)",in_transit
1790881766.008075,14328,"(-111.8113026, 41.7501163)",in_transit
1790881776.2642,14328,"(-111.8103103, 41.7500938)",in_transit
1790886971.9027169,14328,"(-111.8140093, 41.7437058)",Taggart Student Center
1790886982.1528473,14328,"(-111.8140173, 41.7437178)",Taggart Student Center
1790886992.4061043,14328,"(-111.8140228, 41.7437353)",Taggart Student Center
1790887002.6573057,14328,"(-111.8141523, 41.7439203)",in_transit
1790887012.916937,14328,"(-111.8141108, 41.7445081)",in_transit
1790887023.1688364,14328,"(-111.8141083, 41.7451943)",in_transit
1790887033.430509,14328,"(-111.8140923, 41.7456125)",in_transit
1790887043.7282624,14328,"(-111.8139961, 41.7481593)",in_transit
1790887054.0020835,14328,"(-111.8138973, 41.7491703)",in_transit
1790887064.3071978,14328,"(-111.8138118, 41.749916)",in_transit
1790887074.5987768,14328,"(-111.813516, 41.7501003)",in_transit
1790887084.859706,14328,"(-111.8131468, 41.7500593)",The Bull
1790887095.11004,14328,"(-111.8131636, 41.7500578)",The Bull
1790887105.3701284,14328,"(-111.8131766, 41.7500618)",The Bull
1790887115.6333349,14328,"(-111.8121895, 41.7500985)",in_transit
1790887125.8867304,14328,"(-111.810704, 41.7500856)",in_transit
1790887136.1572537,14328,"(-111.8096586, 41.7500663)",in_transit
1790887146.4136028,14328,"(-111.8078416, 41.7500255)",in_transit
1790887156.7109249,14328,"(-111.8066416, 41.7499931)",in_transit
1790887166.9579668,14328,"(-111.8058088, 41.7499543)",Logan Cemetery
1790887177.2255876,14328,"(-111.805669, 41.7499521)",in_transit
1790887187.4848793,14328,"(-111.8056795, 41.7499513)",Logan Cemetery
1790887197.748755,14328,"(-111.8056851, 41.7499531)",Logan Cemetery
1790887208.0045931,14328,"(-111.8056716, 41.7499518)",in_transit
1790887218.2663536,14328,"(-111.804862, 41.7499718)",in_transit
1790887228.5275908,14328,"(-111.8045543, 41.749422)",in_transit
1790887238.7848194,14328,"(-111.8042871, 41.749282)",in_transit
1790887249.0725808,14328,"(-111.8033636, 41.7493026)",in_transit
1790887259.325527,14328,"(-111.8033636, 41.7493026)",in_transit
1790887269.5744932,14328,"(-111.8018455, 41.7493215)",in_transit
1790887279.8346105,14328,"(-111.8020993, 41.7496101)",Lundstrum
1790887290.1025982,14328,"(-111.8020993, 41.7496101)",Lundstrum
1790887300.3658564,14328,"(-111.8021621, 41.7496243)",Lundstrum
1790887310.638551,14328,"(-111.8021613, 41.7496188)",Lundstrum
1790887320.8928807,14328,"(-111.8021693, 41.7496095)",Lundstrum
1790887331.1475992,14328,"(-111.8024116, 41.7494283)",in_transit
1790887341.395596,14328,"(-111.8026651, 41.7493461)",in_transit
1790887351.6675575,14328,"(-111.803952, 41.749347)",in_transit
1790887361.9409637,14328,"(-111.8040275, 41.7493551)",in_transit
1790887372.1966848,14328,"(-111.8041783, 41.7494196)",in_transit
1790887382.5030348,14328,"(-111.8043978, 41.7498428)",in_transit
1790887392.7617326,14328,"(-111.8046066, 41.7501141)",in_transit
1790887403.0133686,14328,"(-111.8046531, 41.7499333)",in_transit
1790887413.3015378,14328,"(-111.8044303, 41.7491791)",in_transit
1790887423.5843165,14328,"(-111.804402, 41.748584)",in_transit
1790887433.8435674,14328,"(-111.804402, 41.748584)",in_transit
1790887444.1060455,14328,"(-111.80437, 41.7468046)",in_transit
1790887454.3586748,14328,"(-111.8044201, 41.7463683)",in_transit
1790887464.6161766,14328,"(-111.804365, 41.7454915)",in_transit
1790887474.8852289,14328,"(-111.8043541, 41.7449783)",in_transit
1790887485.140312,14328,"(-111.8043338, 41.7443106)",in_transit
1790887495.401519,14328,"(-111.8043546, 41.7434103)",Fine Arts Bldg
1790887505.669203,14328,"(-111.80436, 41.7432585)",in_transit
1790887515.9383867,14328,"(-111.8043608, 41.743257)",in_transit
1790887526.2078955,14328,"(-111.8043441, 41.7430641)",in_transit
1790887536.4598389,14328,"(-111.8043185, 41.7428803)",in_transit
1790887546.7169034,14328,"(-111.804306, 41.7428308)",in_transit
1790887556.9661338,14328,"(-111.804305, 41.7428305)",in_transit
1790887567.2235887,14328,"(-111.8043108, 41.7428358)",in_transit
1790887577.4865017,14328,"(-111.804318, 41.7426396)",in_transit
1790887587.7368286,14328,"(-111.8056498, 41.741814)",in_transit
1790887597.9934008,14328,"(-111.8069936, 41.7410756)",in_transit
1790887608.3031547,14328,"(-111.8093163, 41.7404731)",in_transit
1790887618.5729005,14328,"(-111.8110868, 41.7400768)",Family Life Bldg
1790887628.8768804,14328,"(-111.811212, 41.7400385)",Family Life Bldg
1790887639.142172,14328,"(-111.8112015, 41.7400383)",Family Life Bldg
1790887649.3989744,14328,"(-111.8112098, 41.7400525)",Family Life Bldg
1790887659.6795533,14328,"(-111.8112038, 41.7400628)",Family Life Bldg
1790887669.937677,14328,"(-111.8112395, 41.74004)",Family Life Bldg
1790887680.2496436,14328,"(-111.8112351, 41.7400276)",Family Life Bldg
1790887690.5208514,14328,"(-111.8112408, 41.7400226)",Family Life Bldg
1790887700.777092,14328,"(-111.8112533, 41.7400186)",Family Life Bldg
1790887711.078262,14328,"(-111.812428, 41.7395095)",in_transit
1790887721.3597145,14328,"(-111.8137706, 41.7389571)",in_transit
1790887731.6134644,14328,"(-111.8152218, 41.7386336)",in_transit
1790887741.8659458,14328,"(-111.817138, 41.7388208)",in_transit
1790887752.1639678,14328,"(-111.8191063, 41.7388545)",in_transit
1790887762.4706743,14328,"(-111.8191998, 41.7388463)",in_transit
1790887772.7310753,14328,"(-111.819235, 41.7388441)",in_transit
1790887782.9958892,14328,"(-111.8193403, 41.7393798)",in_transit
1790887793.2588668,14328,"(-111.8193205, 41.7400705)",in_transit
1790887803.519395,14328,"(-111.8192786, 41.7405055)",in_transit
1790887813.766209,14328,"(-111.8182231, 41.7406651)",in_transit
1790887824.0147555,14328,"(-111.8178868, 41.740632)",in_transit
1790887834.2755759,14328,"(-111.8176918, 41.740639)",670 E 500 N
1790887844.5419555,14328,"(-111.8176843, 41.7406381)",670 E 500 N
1790887854.7919717,14328,"(-111.817683, 41.7406395)",670 E 500 N
1790887865.052641,14328,"(-111.8174571, 41.7406663)",in_transit
1790887875.321927,14328,"(-111.8171771, 41.74066)",in_transit
1790887885.6214075,14328,"(-111.8169415, 41.7406621)",in_transit
1790887895.8895304,14328,"(-111.8167536, 41.7413088)",in_transit
1790887906.186254,14328,"(-111.816723, 41.7425421)",in_transit
1790887916.4458413,14328,"(-111.8166878, 41.743495)",in_transit
1790887926.715596,14328,"(-111.815818, 41.7444856)",in_transit
1790887936.9730918,14328,"(-111.8148893, 41.7444801)",in_transit
1790887947.2216291,14328,"(-111.8145855, 41.7444615)",in_transit
1790861012.606333,14328,"(-111.8043568, 41.7456126)",in_transit
1790870265.054331,14328,"(-111.8171141, 41.7406266)",in_transit
1790870347.194203,14328,"(-111.8142171, 41.7438051)",in_transit
1790870357.458281,14328,"(-111.8142651, 41.7435001)",in_transit
1790870367.708319,14328,"(-111.8140246, 41.7435503)",in_transit
1790870378.0046928,14328,"(-111.8140443, 41.7437845)",Taggart Student Center
1790870388.2541475,14328,"(-111.814067, 41.7437913)",Taggart Student Center
1790870398.5586288,14328,"(-111.814079, 41.7437853)",Taggart Student Center
1790870408.8198872,14328,"(-111.814077, 41.7437948)",Taggart Student Center
1790870419.0990574,14328,"(-111.8140803, 41.7437891)",Taggart Student Center
1790870429.3683956,14328,"(-111.8140751, 41.7437906)",Taggart Student Center
1790870439.6271396,14328,"(-111.8141786, 41.7441565)",in_transit
1790870449.915044,14328,"(-111.8141245, 41.7443301)",in_transit
1790870460.17244,14328,"(-111.8141321, 41.7443303)",in_transit
1790870470.4524744,14328,"(-111.8141513, 41.7443255)",in_transit
1790870480.7078018,14328,"(-111.8141676, 41.7443161)",in_transit
1790870490.964384,14328,"(-111.8141275, 41.7447656)",in_transit
1790870501.2590408,14328,"(-111.8141005, 41.7456195)",in_transit
1790870511.5433896,14328,"(-111.8140815, 41.7461051)",in_transit
1790870521.7874272,14328,"(-111.8139118, 41.7488366)",in_transit
1790870532.037212,14328,"(-111.8138015, 41.7499066)",in_transit
1790870542.2915792,14328,"(-111.813707, 41.750089)",in_transit
1790870552.5353868,14328,"(-111.8134666, 41.7500788)",The Bull
1790870562.7863832,14328,"(-111.8131856, 41.7500575)",The Bull
1790870573.0463395,14328,"(-111.8131805, 41.7500555)",The Bull
1790870583.3221278,14328,"(-111.8131696, 41.7500631)",The Bull
1790870593.5758877,14328,"(-111.8131708, 41.7500588)",The Bull
1790870603.8491776,14328,"(-111.8131675, 41.7500471)",The Bull
1790870614.1119344,14328,"(-111.812881, 41.7500716)",in_transit
1790870624.3617625,14328,"(-111.8117191, 41.750093)",in_transit
1790870634.6213927,14328,"(-111.8107388, 41.7500781)",in_transit
1790870644.880314,14328,"(-111.8097896, 41.7500568)",in_transit
1790870655.1481345,14328,"(-111.8095636, 41.7500476)",in_transit
1790870665.44508,14328,"(-111.8095291, 41.7500438)",in_transit
1790870675.7139208,14328,"(-111.8085601, 41.750024)",in_transit
1790870686.0176966,14328,"(-111.8067901, 41.7499815)",in_transit
1790870696.264735,14328,"(-111.805934, 41.7499518)",Logan Cemetery
1790870706.5266387,14328,"(-111.8056896, 41.749951)",Logan Cemetery
1790870716.8194191,14328,"(-111.8056621, 41.7499466)",in_transit
1790870727.0850658,14328,"(-111.8056596, 41.749946)",in_transit
1790870737.3795047,14328,"(-111.8048511, 41.7499635)",in_transit
1790870747.655704,14328,"(-111.8047216, 41.7499351)",in_transit
1790870757.917358,14328,"(-111.8045348, 41.749751)",in_transit
1790870768.1690836,14328,"(-111.8043015, 41.7492831)",in_transit
1790870778.4323838,14328,"(-111.8043015, 41.7492831)",in_transit
1790870788.700833,14328,"(-111.8033435, 41.7493071)",in_transit
1790870798.9595609,14328,"(-111.8023488, 41.7493178)",in_transit
1790870809.2536066,14328,"(-111.8020321, 41.7493228)",in_transit
1790870819.5140107,14328,"(-111.8020321, 41.7493228)",in_transit
1790870829.787937,14328,"(-111.8020818, 41.7496281)",Lundstrum
1790870840.0858018,14328,"(-111.8020588, 41.74966)",Lundstrum
1790870850.3528228,14328,"(-111.8020655, 41.7496713)",Lundstrum
1790870860.6203673,14328,"(-111.8020761, 41.7496806)",Lundstrum
1790870870.8825712,14328,"(-111.8020816, 41.7496768)",Lundstrum
1790870881.139332,14328,"(-111.8020846, 41.7496733)",Lundstrum
1790870891.3984504,14328,"(-111.8020835, 41.749669)",Lundstrum
1790870901.6959062,14328,"(-111.8023706, 41.7495056)",in_transit
1790870911.9372096,14328,"(-111.8026193, 41.7493608)",in_transit
1790870922.1959832,14328,"(-111.8036695, 41.7493523)",in_transit
1790870932.4585576,14328,"(-111.804176, 41.7494313)",in_transit
1790870942.713258,14328,"(-111.8043623, 41.7498543)",in_transit
1790870952.9662673,14328,"(-111.8046533, 41.7499253)",in_transit
1790870963.2138355,14328,"(-111.8045306, 41.7494856)",in_transit
1790870973.478808,14328,"(-111.804417, 41.7488388)",in_transit
1790870983.7426152,14328,"(-111.8044093, 41.7484533)",in_transit
1790870994.0020578,14328,"(-111.8043681, 41.7468388)",in_transit
1790871004.2657444,14328,"(-111.8044836, 41.7466508)",in_transit
1790871014.5281534,14328,"(-111.8043548, 41.745595)",in_transit
1790871024.8115814,14328,"(-111.8043396, 41.7442536)",in_transit
1790871035.0692258,14328,"(-111.8043431, 41.7435225)",Fine Arts Bldg
1790871045.3619692,14328,"(-111.8043505, 41.743335)",Fine Arts Bldg
1790871055.618762,14328,"(-111.8043501, 41.7433045)",Fine Arts Bldg
1790871065.9129581,14328,"(-111.8043528, 41.7433073)",Fine Arts Bldg
1790871076.1654646,14328,"(-111.8043493, 41.7433121)",Fine Arts Bldg
1790871086.5046349,14328,"(-111.8043325, 41.7429443)",in_transit
1790871096.7589054,14328,"(-111.8046088, 41.7424303)",in_transit
1790871107.0165112,14328,"(-111.805515, 41.7418936)",in_transit
1790871117.2678576,14328,"(-111.8074065, 41.7409311)",in_transit
1790871127.5559828,14328,"(-111.8093601, 41.7404646)",in_transit
1790871137.8430214,14328,"(-111.8110166, 41.7400916)",Family Life Bldg
1790871148.1063108,14328,"(-111.8112066, 41.7400341)",Family Life Bldg
1790871158.3683481,14328,"(-111.8111915, 41.7400398)",Family Life Bldg
1790871168.622397,14328,"(-111.81119, 41.740036)",Family Life Bldg
1790871178.8670619,14328,"(-111.8112088, 41.740021)",Family Life Bldg
1790871189.123651,14328,"(-111.8112138, 41.7400143)",Family Life Bldg
1790871199.3870258,14328,"(-111.8118966, 41.7397188)",in_transit
1790871209.6481957,14328,"(-111.8131616, 41.7392061)",in_transit
1790871219.903476,14328,"(-111.8153088, 41.738626)",in_transit
1790871230.154477,14328,"(-111.8171518, 41.7388205)",in_transit
1790871240.429157,14328,"(-111.8185013, 41.7388478)",in_transit
1790871250.6895745,14328,"(-111.819335, 41.7390798)",in_transit
1790871260.954802,14328,"(-111.8193203, 41.7398415)",in_transit
1790871271.2165873,14328,"(-111.819278, 41.7404433)",in_transit
1790871281.4769278,14328,"(-111.818505, 41.740671)",in_transit
1790871291.7317398,14328,"(-111.8178581, 41.7406236)",670 E 500 N
1790871301.9871283,14328,"(-111.8176841, 41.7406195)",670 E 500 N
1790871312.24411,14328,"(-111.8176791, 41.7406188)",670 E 500 N
1790871322.529496,14328,"(-111.8176741, 41.740624)",670 E 500 N
1790871332.786213,14328,"(-111.8176796, 41.7406261)",670 E 500 N
1790871343.036746,14328,"(-111.8176808, 41.7406265)",670 E 500 N
1790871353.299123,14328,"(-111.8174541, 41.7406328)",in_transit
1790871363.6219034,14328,"(-111.8169603, 41.7406221)",in_transit
1790871373.8791397,14328,"(-111.8167756, 41.7408108)",in_transit
1790871384.1393046,14328,"(-111.8167325, 41.7420246)",in_transit
1790871394.3913107,14328,"(-111.8167205, 41.7428355)",in_transit
1790871404.6706526,14328,"(-111.8164413, 41.744073)",in_transit
1790871414.927744,14328,"(-111.8156658, 41.7444746)",in_transit
1790871425.1930513,14328,"(-111.8147788, 41.7444503)",in_transit
1790871435.4925494,14328,"(-111.8145271, 41.7444391)",in_transit
1790871445.8112063,14328,"(-111.8143471, 41.7444526)",in_transit
1790871456.0779219,14328,"(-111.8141851, 41.7443016)",in_transit
1790871466.3468635,14328,"(-111.8142358, 41.7437805)",in_transit
1790871476.5994532,14328,"(-111.8143233, 41.743599)",in_transit
1790871486.8906214,14328,"(-111.814079, 41.74349)",in_transit
1790871497.1542282,14328,"(-111.8139758, 41.7435571)",in_transit
1790871507.4237454,14328,"(-111.8139588, 41.74356)",in_transit
1790871517.6799262,14328,"(-111.8139463, 41.7435628)",in_transit
1790871527.9356096,14328,"(-111.8139458, 41.7435701)",in_transit
1790871538.1927903,14328,"(-111.8139461, 41.743572)",Taggart Student Center
1790871548.4591346,14328,"(-111.8139518, 41.7435706)",in_transit
1790871558.7546341,14328,"(-111.8139686, 41.7435708)",in_transit
1790871569.019162,14328,"(-111.8141623, 41.7439476)",in_transit
1790871579.2655754,14328,"(-111.814098, 41.7443633)",in_transit
1790871589.5298097,14328,"(-111.814098, 41.7443633)",in_transit
1790871599.7962961,14328,"(-111.8140453, 41.7462785)",in_transit
1790871610.059718,14328,"(-111.814015, 41.7476953)",in_transit
1790871620.312913,14328,"(-111.8139461, 41.7487068)",in_transit
1790871630.5690665,14328,"(-111.8138038, 41.7498391)",in_transit
1790871640.8922787,14328,"(-111.8137976, 41.7499915)",in_transit
1790871651.1444013,14328,"(-111.8137963, 41.7500205)",in_transit
1790871661.4399197,14328,"(-111.8135525, 41.7501181)",in_transit
1790871671.6970785,14328,"(-111.813216, 41.7500696)",The Bull
1790871681.9668827,14328,"(-111.8132186, 41.7500633)",The Bull
1790871692.2195354,14328,"(-111.8132153, 41.7500585)",The Bull
1790871702.479105,14328,"(-111.8132098, 41.7500593)",The Bull
1790871712.7383533,14328,"(-111.8132101, 41.7500651)",The Bull
1790871722.9899116,14328,"(-111.8132093, 41.7500691)",The Bull
1790871733.2540367,14328,"(-111.8122611, 41.7500981)",in_transit
1790871743.5119402,14328,"(-111.8112835, 41.7500896)",in_transit
1790871753.76711,14328,"(-111.8097526, 41.7500616)",in_transit
1790871764.0712886,14328,"(-111.807873, 41.7500185)",in_transit
1790871774.3365817,14328,"(-111.8064906, 41.7499795)",in_transit
1790871784.6492639,14328,"(-111.8057811, 41.7499456)",Logan Cemetery
1790871794.9129503,14328,"(-111.805723, 41.7499493)",Logan Cemetery
1790871805.204115,14328,"(-111.8057211, 41.7499511)",Logan Cemetery
1790871815.4749446,14328,"(-111.8052495, 41.7499671)",in_transit
1790871825.7402673,14328,"(-111.8046833, 41.7499036)",in_transit
1790871836.0149822,14328,"(-111.8045396, 41.7494973)",in_transit
1790871846.297442,14328,"(-111.8037526, 41.7492858)",in_transit
1790871856.5514796,14328,"(-111.8027068, 41.7492925)",in_transit
1790871866.8367016,14328,"(-111.8020016, 41.7492941)",in_transit
1790871877.0969768,14328,"(-111.8020016, 41.7492941)",in_transit
1790871887.358092,14328,"(-111.8019716, 41.7495471)",Lundstrum
1790871897.6195545,14328,"(-111.8019715, 41.7495506)",Lundstrum
1790871907.8715098,14328,"(-111.8019658, 41.7495543)",Lundstrum
1790871918.1323497,14328,"(-111.8019548, 41.7495573)",Lundstrum
1790871928.3978167,14328,"(-111.8019495, 41.7495553)",Lundstrum
1790871938.664617,14328,"(-111.8020358, 41.749582)",Lundstrum
1790871948.9269588,14328,"(-111.8022776, 41.7495468)",in_transit
1790871959.1993525,14328,"(-111.8030846, 41.749333)",in_transit
1790871969.4649482,14328,"(-111.8038993, 41.7493513)",in_transit
1790871979.7614186,14328,"(-111.8043698, 41.7498363)",in_transit
1790871990.0208483,14328,"(-111.8045808, 41.7501101)",in_transit
1790872000.266338,14328,"(-111.8045381, 41.7497348)",in_transit
1790872010.530811,14328,"(-111.8044608, 41.74923)",in_transit
1790872020.7877145,14328,"(-111.8044073, 41.748276)",in_transit
1790872031.0746381,14328,"(-111.804381, 41.7473856)",in_transit
1790872041.3701463,14328,"(-111.8043766, 41.7468253)",in_transit
1790872051.6271248,14328,"(-111.8045043, 41.7464623)",in_transit
1790872061.9187589,14328,"(-111.8043711, 41.7455803)",in_transit
1790872072.196736,14328,"(-111.804352, 41.7441943)",in_transit
1790872082.464375,14328,"(-111.804331, 41.74351)",Fine Arts Bldg
1790872092.726544,14328,"(-111.804338, 41.7433276)",Fine Arts Bldg
1790872103.033335,14328,"(-111.8043466, 41.7432843)",in_transit
1790872113.297407,14328,"(-111.8043541, 41.7432765)",in_transit
1790872123.5421271,14328,"(-111.8043581, 41.7432845)",in_transit
1790872133.8048315,14328,"(-111.8043728, 41.7432855)",in_transit
1790872144.0687144,14328,"(-111.8043656, 41.7432848)",in_transit
1790872154.3362498,14328,"(-111.8043543, 41.7432516)",in_transit
1790872164.6389713,14328,"(-111.8043185, 41.7430246)",in_transit
1790872174.9002023,14328,"(-111.8042835, 41.7426485)",in_transit
1790872185.1518505,14328,"(-111.8056435, 41.7418191)",in_transit
1790872195.3981962,14328,"(-111.806941, 41.7411095)",in_transit
1790872205.6667697,14328,"(-111.8093175, 41.7404728)",in_transit
1790872215.924038,14328,"(-111.8106068, 41.7401785)",in_transit
1790872226.182102,14328,"(-111.8112141, 41.7400333)",Family Life Bldg
1790872236.4408915,14328,"(-111.8112361, 41.7400315)",Family Life Bldg
1790872246.6933796,14328,"(-111.8112381, 41.740041)",Family Life Bldg
1790872256.9460058,14328,"(-111.8112313, 41.7400486)",Family Life Bldg
1790872267.2082932,14328,"(-111.8112233, 41.7400426)",Family Life Bldg
1790872277.4973652,14328,"(-111.8112233, 41.740043)",Family Life Bldg
1790872287.742106,14328,"(-111.8124286, 41.73951)",in_transit
1790872298.0356665,14328,"(-111.8137856, 41.7389565)",in_transit
1790872308.3022397,14328,"(-111.8160533, 41.738721)",in_transit
1790872318.5582623,14328,"(-111.8160533, 41.738721)",in_transit
1790872328.817122,14328,"(-111.819286, 41.7389005)",in_transit
1790872339.0771954,14328,"(-111.8193226, 41.7394051)",in_transit
1790872349.3349936,14328,"(-111.819303, 41.740156)",in_transit
1790872359.6036792,14328,"(-111.8189155, 41.740673)",in_transit
1790872369.8619597,14328,"(-111.8181678, 41.7406583)",in_transit
1790872380.1158042,14328,"(-111.8178623, 41.7406258)",670 E 500 N
1790872390.366083,14328,"(-111.8176751, 41.7406205)",670 E 500 N
1790872400.6298168,14328,"(-111.81767, 41.7406106)",670 E 500 N
1790872410.8946626,14328,"(-111.8174208, 41.74063)",in_transit
1790872421.187839,14328,"(-111.816934, 41.7406285)",in_transit
1790872431.4374225,14328,"(-111.8167531, 41.7408145)",in_transit
1790872441.6987295,14328,"(-111.81671, 41.7421515)",in_transit
1790872451.9465632,14328,"(-111.8166623, 41.7435236)",in_transit
1790872462.2047973,14328,"(-111.8162288, 41.744304)",in_transit
1790872472.4802282,14328,"(-111.8149211, 41.7444741)",in_transit
1790872482.740109,14328,"(-111.814618, 41.7444511)",in_transit
1790872492.9884076,14328,"(-111.8143936, 41.7444543)",in_transit
1790872503.2519271,14328,"(-111.81439, 41.7444456)",in_transit
1790872513.5090787,14328,"(-111.814194, 41.7441985)",in_transit
1790872523.7667003,14328,"(-111.8142736, 41.7437355)",in_transit
1790872534.0627027,14328,"(-111.8140486, 41.7435198)",in_transit
1790872544.3111742,14328,"(-111.8140486, 41.7435198)",in_transit
1790872554.560124,14328,"(-111.8140353, 41.7438146)",Taggart Student Center
1790872564.826997,14328,"(-111.8140343, 41.7438281)",Taggart Student Center
1790872575.0956535,14328,"(-111.8140431, 41.743832)",Taggart Student Center
1790872585.3756626,14328,"(-111.8140535, 41.7438343)",Taggart Student Center
1790872595.640211,14328,"(-111.8140643, 41.7438341)",Taggart Student Center
1790872605.9278307,14328,"(-111.814129, 41.743859)",in_transit
1790872616.1848598,14328,"(-111.8141693, 41.7440465)",in_transit
1790872626.4324758,14328,"(-111.8140963, 41.74473)",in_transit
1790872636.6890938,14328,"(-111.8140761, 41.7454995)",in_transit
1790872646.946993,14328,"(-111.8140461, 41.7467205)",in_transit
1790872657.206763,14328,"(-111.8140176, 41.747698)",in_transit
1790872667.4890609,14328,"(-111.8138831, 41.7491661)",in_transit
1790872677.767929,14328,"(-111.8137875, 41.7500376)",in_transit
1790872688.0246384,14328,"(-111.8135355, 41.7501056)",in_transit
1790872698.278671,14328,"(-111.8131861, 41.7500693)",The Bull
1790872708.5318797,14328,"(-111.8131868, 41.7500765)",The Bull
1790872718.812008,14328,"(-111.8132053, 41.7500821)",The Bull
1790872729.074419,14328,"(-111.8132116, 41.7500823)",The Bull
1790872739.4037235,14328,"(-111.8132023, 41.7500823)",The Bull
1790872749.681406,14328,"(-111.8132043, 41.750079)",The Bull
1790872759.9785974,14328,"(-111.8132051, 41.7500793)",The Bull
1790872770.2401564,14328,"(-111.8127018, 41.750118)",in_transit
1790872780.49967,14328,"(-111.8114098, 41.750112)",in_transit
1790872790.7678812,14328,"(-111.810405, 41.7500945)",in_transit
1790872801.0583642,14328,"(-111.8087831, 41.7500666)",in_transit
1790872811.3196683,14328,"(-111.8075041, 41.7500366)",in_transit
1790872821.577225,14328,"(-111.8059188, 41.749975)",Logan Cemetery
1790872831.832703,14328,"(-111.8056755, 41.749967)",in_transit
1790872842.1269064,14328,"(-111.8056591, 41.74996)",in_transit
1790872852.3812187,14328,"(-111.8056601, 41.7499526)",in_transit
1790872862.694565,14328,"(-111.8048498, 41.7499793)",in_transit
1790872872.950753,14328,"(-111.8044951, 41.7497061)",in_transit
1790872883.2111917,14328,"(-111.80452, 41.7495038)",in_transit
1790872893.4664052,14328,"(-111.8036721, 41.749306)",in_transit
1790872903.7236288,14328,"(-111.8022465, 41.7493133)",in_transit
1790872913.9963088,14328,"(-111.8019635, 41.7493155)",in_transit
1790872924.2659833,14328,"(-111.8019663, 41.7495788)",Lundstrum
1790872934.52303,14328,"(-111.8019676, 41.7495796)",Lundstrum
1790872944.7760189,14328,"(-111.8019696, 41.7495856)",Lundstrum
1790872955.0392036,14328,"(-111.8019778, 41.749607)",Lundstrum
1790872965.294937,14328,"(-111.8022245, 41.7495971)",Lundstrum
1790872975.5673945,14328,"(-111.8027111, 41.7493411)",in_transit
1790872985.8321676,14328,"(-111.8034555, 41.7493408)",in_transit
1790872996.097536,14328,"(-111.80433, 41.7495793)",in_transit
1790873006.3545976,14328,"(-111.8043413, 41.749998)",in_transit
1790873016.6135714,14328,"(-111.804651, 41.7499293)",in_transit
1790873026.879749,14328,"(-111.8045293, 41.7494928)",in_transit
1790873037.174871,14328,"(-111.8044246, 41.7489073)",in_transit
1790873047.4545631,14328,"(-111.8044041, 41.7475948)",in_transit
1790873057.7114484,14328,"(-111.8043736, 41.7469025)",in_transit
1790873067.9614768,14328,"(-111.8044028, 41.7467508)",in_transit
1790873078.2733803,14328,"(-111.804449, 41.746697)",in_transit
1790873088.5631902,14328,"(-111.8043713, 41.745948)",in_transit
1790873098.848674,14328,"(-111.804358, 41.7445848)",in_transit
1790873109.147876,14328,"(-111.8043441, 41.7437651)",in_transit
1790873119.4033341,14328,"(-111.8043526, 41.7434873)",Fine Arts Bldg
1790873129.6607955,14328,"(-111.804356, 41.7433173)",Fine Arts Bldg
1790873139.92812,14328,"(-111.8043586, 41.7433098)",Fine Arts Bldg
1790873150.228353,14328,"(-111.8043536, 41.7433075)",Fine Arts Bldg
1790873160.4922235,14328,"(-111.8043353, 41.7431223)",in_transit
1790873170.7455227,14328,"(-111.8043103, 41.7429401)",in_transit
1790873181.0059826,14328,"(-111.8046365, 41.742423)",in_transit
1790873191.279893,14328,"(-111.806219, 41.7414635)",in_transit
1790873201.5629468,14328,"(-111.8076893, 41.7408263)",in_transit
1790873211.8155324,14328,"(-111.8100818, 41.7402811)",in_transit
1790873222.095705,14328,"(-111.8109985, 41.7400936)",Family Life Bldg
1790873232.3682835,14328,"(-111.8112018, 41.7400375)",Family Life Bldg
1790873242.6459017,14328,"(-111.8111966, 41.7400428)",Family Life Bldg
1790873252.9034846,14328,"(-111.811198, 41.7400421)",Family Life Bldg
1790873263.1588001,14328,"(-111.8111975, 41.7400361)",Family Life Bldg
1790873273.45573,14328,"(-111.8123513, 41.7395296)",in_transit
1790873283.734501,14328,"(-111.8136763, 41.7389835)",in_transit
1790873294.0029473,14328,"(-111.8151708, 41.7386356)",in_transit
1790873304.2653122,14328,"(-111.8151708, 41.7386356)",in_transit
1790873314.5250552,14328,"(-111.8190948, 41.738868)",in_transit
1790873324.780693,14328,"(-111.8193356, 41.7389688)",in_transit
1790873335.0448167,14328,"(-111.8193086, 41.740255)",in_transit
1790873345.3088129,14328,"(-111.8190295, 41.7406593)",in_transit
1790873355.569821,14328,"(-111.8184028, 41.7406676)",in_transit
1790873365.820989,14328,"(-111.8177535, 41.7406336)",670 E 500 N
1790873376.07868,14328,"(-111.8176466, 41.7406415)",670 E 500 N
1790873386.3408237,14328,"(-111.8173211, 41.7406523)",in_transit
1790873396.6041226,14328,"(-111.8170473, 41.7406488)",in_transit
1790873406.8629837,14328,"(-111.8167391, 41.7408293)",in_transit
1790873417.1561098,14328,"(-111.816737, 41.7415566)",in_transit
1790873427.4000185,14328,"(-111.8167335, 41.742783)",in_transit
1790873437.6718729,14328,"(-111.8166776, 41.7436341)",in_transit
1790873447.93371,14328,"(-111.8157653, 41.7444713)",in_transit
1790873458.179991,14328,"(-111.8148423, 41.7444665)",in_transit
1790873468.4212842,14328,"(-111.8142508, 41.7444328)",in_transit
1790873478.676793,14328,"(-111.8142508, 41.7444328)",in_transit
1790873488.9704654,14328,"(-111.814317, 41.7436303)",in_transit
1790873499.2358372,14328,"(-111.8140753, 41.7434968)",in_transit
1790873509.4925826,14328,"(-111.8140086, 41.7437608)",Taggart Student Center
1790873519.7410476,14328,"(-111.8140258, 41.7437758)",Taggart Student Center
1790873530.009822,14328,"(-111.8140286, 41.7437736)",Taggart Student Center
1790873540.3089745,14328,"(-111.8140306, 41.7437735)",Taggart Student Center
1790873550.5743198,14328,"(-111.8140283, 41.7437756)",Taggart Student Center
1790873560.8312266,14328,"(-111.814028, 41.743778)",Taggart Student Center
1790873571.1222963,14328,"(-111.8140318, 41.7437803)",Taggart Student Center
1790873581.3894515,14328,"(-111.8140423, 41.7437733)",Taggart Student Center
1790873591.639409,14328,"(-111.8140528, 41.743764)",Taggart Student Center
1790873601.954348,14328,"(-111.8140633, 41.7437621)",Taggart Student Center
1790873612.2159076,14328,"(-111.8140685, 41.7437615)",Taggart Student Center
1790873622.5171149,14328,"(-111.814064, 41.7437556)",Taggart Student Center
1790873632.7708132,14328,"(-111.8140555, 41.7437621)",Taggart Student Center
1790873643.0416799,14328,"(-111.8140358, 41.743782)",Taggart Student Center
1790873653.2976573,14328,"(-111.814024, 41.7437881)",Taggart Student Center
1790873663.6267471,14328,"(-111.8139948, 41.7437941)",Taggart Student Center
1790873673.8895462,14328,"(-111.8140695, 41.7438263)",Taggart Student Center
1790873684.1493547,14328,"(-111.8141878, 41.7439715)",in_transit
1790873694.455605,14328,"(-111.8141156, 41.7443396)",in_transit
1790873704.709416,14328,"(-111.8141, 41.744856)",in_transit
1790873714.9905725,14328,"(-111.8140986, 41.745188)",in_transit
1790873725.2486522,14328,"(-111.8140986, 41.745188)",in_transit
1790873735.5119653,14328,"(-111.8139743, 41.7484471)",in_transit
1790873745.7739713,14328,"(-111.8138133, 41.749815)",in_transit
1790873756.0693939,14328,"(-111.8138073, 41.7500025)",in_transit
1790873766.3256967,14328,"(-111.8138106, 41.75005)",in_transit
1790873776.5774632,14328,"(-111.8135973, 41.7501128)",in_transit
1790873786.8555307,14328,"(-111.8131991, 41.7500835)",The Bull
1790873797.1242814,14328,"(-111.8132003, 41.7500891)",The Bull
1790873807.3849187,14328,"(-111.8123516, 41.7501005)",in_transit
1790873817.6537347,14328,"(-111.8114381, 41.7501035)",in_transit
1790873827.9464955,14328,"(-111.8099205, 41.7500815)",in_transit
1790873838.2052937,14328,"(-111.8088078, 41.7500675)",in_transit
1790873848.4734898,14328,"(-111.8069313, 41.7500253)",in_transit
1790873858.735911,14328,"(-111.8058953, 41.749984)",Logan Cemetery
1790873868.9940207,14328,"(-111.8056831, 41.749977)",Logan Cemetery
1790873879.2570205,14328,"(-111.805356, 41.7499798)",in_transit
1790873889.5062814,14328,"(-111.8048088, 41.7499841)",in_transit
1790873899.7719815,14328,"(-111.8044976, 41.7496875)",in_transit
1790873910.0384665,14328,"(-111.8042098, 41.7492946)",in_transit
1790873920.293366,14328,"(-111.8031068, 41.7493208)",in_transit
1790873930.5468438,14328,"(-111.8021431, 41.7493285)",in_transit
1790873940.8065875,14328,"(-111.8018936, 41.7495761)",in_transit
1790873951.0615633,14328,"(-111.802078, 41.7496173)",Lundstrum
1790873961.3246973,14328,"(-111.802075, 41.7496133)",Lundstrum
1790873971.6187353,14328,"(-111.8020753, 41.7496075)",Lundstrum
1790879599.7670393,14328,"(-111.8167513, 41.7408213)",in_transit
1790879610.07043,14328,"(-111.8166846, 41.7421605)",in_transit
1790879620.337702,14328,"(-111.8166666, 41.7430576)",in_transit
1790879630.5966368,14328,"(-111.8161975, 41.7443005)",in_transit
1790879640.8591194,14328,"(-111.8153493, 41.744485)",in_transit
1790879651.1182725,14328,"(-111.8142565, 41.7444273)",in_transit
1790879661.3751106,14328,"(-111.8142035, 41.74387)",in_transit
1790879671.6450846,14328,"(-111.8142443, 41.7434936)",in_transit
1790879681.893469,14328,"(-111.8140026, 41.743546)",in_transit
1790879692.1580079,14328,"(-111.8140326, 41.7437898)",Taggart Student Center
1790879702.4268339,14328,"(-111.8140315, 41.743805)",Taggart Student Center
1790879712.7446566,14328,"(-111.8140216, 41.7437973)",Taggart Student Center
1790879723.0095506,14328,"(-111.8140031, 41.7437925)",Taggart Student Center
1790879733.2621326,14328,"(-111.813994, 41.7437888)",Taggart Student Center
1790879743.5251896,14328,"(-111.8140031, 41.7437726)",Taggart Student Center
1790879753.7868085,14328,"(-111.8140078, 41.7437628)",Taggart Student Center
1790879764.051526,14328,"(-111.8140061, 41.7437576)",Taggart Student Center
1790879774.318813,14328,"(-111.8140065, 41.7437611)",Taggart Student Center
1790879784.633291,14328,"(-111.8140045, 41.7437716)",Taggart Student Center
1790879794.9172554,14328,"(-111.8140178, 41.7437748)",Taggart Student Center
1790879805.2098322,14328,"(-111.8140153, 41.7437765)",Taggart Student Center
1790879815.519424,14328,"(-111.8140191, 41.7437871)",Taggart Student Center
1790879825.7784226,14328,"(-111.8140371, 41.7438141)",Taggart Student Center
1790879836.0221367,14328,"(-111.8141123, 41.7443798)",in_transit
1790879846.285551,14328,"(-111.814098, 41.744928)",in_transit
1790879856.5722983,14328,"(-111.8140595, 41.745625)",in_transit
1790879866.829172,14328,"(-111.8140143, 41.7469065)",in_transit
1790879877.0947595,14328,"(-111.8139801, 41.7479663)",in_transit
1790879887.36592,14328,"(-111.8138451, 41.7495465)",in_transit
1790879897.6269932,14328,"(-111.8137975, 41.7500096)",in_transit
1790879907.8926442,14328,"(-111.8135516, 41.7501023)",in_transit
1790879918.1487298,14328,"(-111.8131968, 41.750056)",The Bull
1790879928.401124,14328,"(-111.8132051, 41.7500531)",The Bull
1790879938.6671603,14328,"(-111.8131876, 41.7500588)",The Bull
1790879948.9280105,14328,"(-111.8131413, 41.7500476)",The Bull
1790879959.1801887,14328,"(-111.8126183, 41.7500758)",in_transit
1790879969.4665756,14328,"(-111.8112281, 41.7500848)",in_transit
1790879979.7086873,14328,"(-111.8096853, 41.7500668)",in_transit
1790879989.9983308,14328,"(-111.8085495, 41.7500418)",in_transit
1790880000.2577713,14328,"(-111.8065928, 41.7499911)",in_transit
1790880010.524361,14328,"(-111.8058068, 41.749962)",Logan Cemetery
1790880020.8138342,14328,"(-111.8057518, 41.7499505)",Logan Cemetery
1790880031.0682957,14328,"(-111.805742, 41.7499448)",Logan Cemetery
1790880041.3436453,14328,"(-111.8047748, 41.7499468)",in_transit
1790880051.61854,14328,"(-111.8045421, 41.7493685)",in_transit
1790880061.8615723,14328,"(-111.8042995, 41.7492603)",in_transit
1790880072.1263154,14328,"(-111.8036023, 41.7492876)",in_transit
1790880082.3891563,14328,"(-111.8021443, 41.7493081)",in_transit
1790880092.6459763,14328,"(-111.8018591, 41.7495205)",in_transit
1790880102.9083762,14328,"(-111.8018591, 41.7495205)",in_transit
1790880113.168942,14328,"(-111.8020686, 41.7496076)",Lundstrum
1790880123.4225948,14328,"(-111.8020808, 41.7496141)",Lundstrum
1790880133.6767752,14328,"(-111.8020853, 41.7496148)",Lundstrum
1790880143.9241817,14328,"(-111.802086, 41.7496101)",Lundstrum
1790880154.1903415,14328,"(-111.802566, 41.7493841)",in_transit
1790880164.4370036,14328,"(-111.8037246, 41.7493455)",in_transit
1790880174.7261736,14328,"(-111.8042648, 41.7494615)",in_transit
1790880184.99141,14328,"(-111.8043603, 41.7498856)",in_transit
1790880195.276796,14328,"(-111.8046533, 41.7500568)",in_transit
1790880205.558321,14328,"(-111.804531, 41.7493996)",in_transit
1790880215.8268323,14328,"(-111.8044121, 41.7486238)",in_transit
1790880226.0825922,14328,"(-111.8044121, 41.7486238)",in_transit
1790880236.3365176,14328,"(-111.8044916, 41.7466078)",in_transit
1790880246.6168144,14328,"(-111.8043581, 41.7453691)",in_transit
1790880256.8826654,14328,"(-111.8043326, 41.7444706)",in_transit
1790880267.1456344,14328,"(-111.804335, 41.7433973)",Fine Arts Bldg
1790880277.4108417,14328,"(-111.8043671, 41.7432968)",in_transit
1790880287.727314,14328,"(-111.8043958, 41.7433058)",Fine Arts Bldg
1790880297.994864,14328,"(-111.8043903, 41.7431761)",in_transit
1790880308.2541356,14328,"(-111.8043643, 41.742977)",in_transit
1790880318.5100944,14328,"(-111.8043086, 41.7428251)",in_transit
1790880328.7675934,14328,"(-111.8050843, 41.7421543)",in_transit
1790880339.0493631,14328,"(-111.8062613, 41.7414615)",in_transit
1790880349.309849,14328,"(-111.8077766, 41.7408265)",in_transit
1790880359.5748186,14328,"(-111.8104155, 41.740232)",in_transit
1790880369.8444257,14328,"(-111.8111498, 41.7400605)",Family Life Bldg
1790880380.0997825,14328,"(-111.8111903, 41.7400528)",Family Life Bldg
1790880390.360055,14328,"(-111.8111888, 41.740054)",Family Life Bldg
1790880400.6557775,14328,"(-111.811196, 41.7400533)",Family Life Bldg
1790880410.9156387,14328,"(-111.8117006, 41.7398166)",in_transit
1790880421.1738074,14328,"(-111.812851, 41.7393386)",in_transit
1790880431.4333172,14328,"(-111.815127, 41.7386523)",in_transit
1790880441.6739666,14328,"(-111.815127, 41.7386523)",in_transit
1790880451.929726,14328,"(-111.8188961, 41.7388583)",in_transit
1790880462.19705,14328,"(-111.819166, 41.7388661)",in_transit
1790880472.4624362,14328,"(-111.819348, 41.7390603)",in_transit
1790880482.712562,14328,"(-111.819312, 41.7400453)",in_transit
1790880492.9689581,14328,"(-111.8188921, 41.7406746)",in_transit
1790880503.247333,14328,"(-111.8177085, 41.7406446)",670 E 500 N
1790880513.5372133,14328,"(-111.8177085, 41.7406446)",670 E 500 N
1790880523.8026927,14328,"(-111.8177021, 41.7406365)",670 E 500 N
1790880534.0538504,14328,"(-111.8168866, 41.74065)",in_transit
1790880544.3149493,14328,"(-111.8167296, 41.7408558)",in_transit
1790880554.5768738,14328,"(-111.8166966, 41.7423043)",in_transit
1790880564.8404846,14328,"(-111.8166536, 41.7434981)",in_transit
1790880575.0975149,14328,"(-111.8163106, 41.744209)",in_transit
1790880585.3450503,14328,"(-111.8153166, 41.7444816)",in_transit
1790880595.6608677,14328,"(-111.8144476, 41.7444498)",in_transit
1790880605.9753017,14328,"(-111.8143188, 41.7444368)",in_transit
1790880616.2485907,14328,"(-111.8143191, 41.7444351)",in_transit
1790880626.494556,14328,"(-111.8141851, 41.7439305)",in_transit
1790880636.7465744,14328,"(-111.8142811, 41.7435493)",in_transit
1790880647.0038478,14328,"(-111.8140336, 41.7435085)",in_transit
1790880657.2503624,14328,"(-111.8140168, 41.743799)",Taggart Student Center
1790880667.529568,14328,"(-111.8140168, 41.7438166)",Taggart Student Center
1790880677.8152807,14328,"(-111.8140076, 41.7438168)",Taggart Student Center
1790880688.0868077,14328,"(-111.814015, 41.7438111)",Taggart Student Center
1790880698.3379016,14328,"(-111.8140045, 41.7438111)",Taggart Student Center
1790880708.6264777,14328,"(-111.8140071, 41.743799)",Taggart Student Center
1790880718.8846846,14328,"(-111.8140096, 41.743798)",Taggart Student Center
1790880729.1422677,14328,"(-111.8140096, 41.7438078)",Taggart Student Center
1790880739.3985732,14328,"(-111.8140023, 41.743812)",Taggart Student Center
1790880749.7183373,14328,"(-111.8139921, 41.743808)",Taggart Student Center
1790880759.9689112,14328,"(-111.8141061, 41.7441678)",in_transit
1790880770.2258854,14328,"(-111.8140646, 41.7450398)",in_transit
1790880780.4796176,14328,"(-111.8140201, 41.7467921)",in_transit
1790880790.7323914,14328,"(-111.813959, 41.7481633)",in_transit
1790880800.9953895,14328,"(-111.8137986, 41.7498521)",in_transit
1790880811.256372,14328,"(-111.8135471, 41.7501011)",in_transit
1790880821.502364,14328,"(-111.8135471, 41.7501011)",in_transit
1790880831.7567315,14328,"(-111.8131713, 41.7500566)",The Bull
1790880842.0124805,14328,"(-111.8131726, 41.7500466)",The Bull
1790880852.2834198,14328,"(-111.8126093, 41.7500858)",in_transit
1790880862.5475812,14328,"(-111.8117431, 41.7501041)",in_transit
1790880872.8053617,14328,"(-111.8102053, 41.750072)",in_transit
1790880883.0732539,14328,"(-111.8091046, 41.7500353)",in_transit
1790880893.3354096,14328,"(-111.807002, 41.7499685)",in_transit
1790880903.5837338,14328,"(-111.8058708, 41.7499295)",Logan Cemetery
1790880913.8418212,14328,"(-111.8057181, 41.7499235)",Logan Cemetery
1790880924.0971832,14328,"(-111.8051281, 41.7499668)",in_transit
1790880934.3890297,14328,"(-111.8045261, 41.7497716)",in_transit
1790880944.6514428,14328,"(-111.8042898, 41.7492623)",in_transit
1790880954.9134169,14328,"(-111.8026803, 41.7493176)",in_transit
1790880965.172571,14328,"(-111.8018338, 41.7493835)",in_transit
1790880975.4866738,14328,"(-111.801927, 41.7495678)",Lundstrum
1790880985.7580981,14328,"(-111.8021316, 41.7496128)",Lundstrum
1790880996.035765,14328,"(-111.8021346, 41.7495981)",Lundstrum
1790881006.2908437,14328,"(-111.8024251, 41.7494525)",in_transit
1790881016.5477083,14328,"(-111.8025138, 41.749378)",in_transit
1790881026.8030882,14328,"(-111.8035908, 41.7493305)",in_transit
1790881037.0532887,14328,"(-111.8040131, 41.7493585)",in_transit
1790881047.3388805,14328,"(-111.8043695, 41.749622)",in_transit
1790881057.6300817,14328,"(-111.8046026, 41.7500856)",in_transit
1790881067.9376254,14328,"(-111.8045133, 41.749457)",in_transit
1790881078.1897051,14328,"(-111.804403, 41.7486961)",in_transit
1790894273.597108,14328,"(-111.8043423, 41.7499131)",in_transit
1790894283.8545244,14328,"(-111.8045055, 41.749714)",in_transit
1790894294.114062,14328,"(-111.8045311, 41.7494213)",in_transit
1790894304.3702757,14328,"(-111.8044356, 41.7488116)",in_transit
1790894314.6344697,14328,"(-111.8044275, 41.7483976)",in_transit
1790894324.8970718,14328,"(-111.8043813, 41.7468268)",in_transit
1790894335.1588771,14328,"(-111.8045211, 41.7464591)",in_transit
1790894345.4327037,14328,"(-111.8043733, 41.7456093)",in_transit
1790894355.6956618,14328,"(-111.8043588, 41.744796)",in_transit
1790894365.9392254,14328,"(-111.8043621, 41.7440343)",in_transit
1790894376.2101645,14328,"(-111.8043593, 41.743853)",in_transit
1790894386.4964786,14328,"(-111.8043696, 41.743806)",in_transit
1790894396.7599604,14328,"(-111.8043798, 41.7438028)",in_transit
1790894407.0234122,14328,"(-111.804366, 41.7434435)",Fine Arts Bldg
1790894417.2739801,14328,"(-111.8043673, 41.7433565)",Fine Arts Bldg
1790894427.5376675,14328,"(-111.8043681, 41.7433573)",Fine Arts Bldg
1790894437.807688,14328,"(-111.8043666, 41.7433311)",Fine Arts Bldg
1790894448.0618262,14328,"(-111.804351, 41.7431466)",in_transit
1790894458.3165216,14328,"(-111.8043611, 41.7430413)",in_transit
1790894468.5935225,14328,"(-111.8043858, 41.7429853)",in_transit
1790894478.8587902,14328,"(-111.8043481, 41.7428523)",in_transit
1790894489.118439,14328,"(-111.8043413, 41.742595)",in_transit
1790894499.379353,14328,"(-111.8051343, 41.7421238)",in_transit
1790894509.6360261,14328,"(-111.807023, 41.7410865)",in_transit
1790894519.901197,14328,"(-111.8090173, 41.740565)",in_transit
1790894530.1588638,14328,"(-111.8103968, 41.74026)",in_transit
1790894540.420112,14328,"(-111.8111841, 41.7400743)",Family Life Bldg
1790894550.6807582,14328,"(-111.8112691, 41.7400508)",Family Life Bldg
1790894560.9319193,14328,"(-111.8112783, 41.7400503)",Family Life Bldg
1790894571.1929083,14328,"(-111.8116093, 41.7398846)",in_transit
1790894581.4557776,14328,"(-111.813264, 41.73921)",in_transit
1790894591.7778301,14328,"(-111.8145285, 41.7387596)",in_transit
1790894602.0318956,14328,"(-111.8159326, 41.7387198)",in_transit
1790894612.287784,14328,"(-111.8178583, 41.7388631)",in_transit
1790894622.538726,14328,"(-111.818688, 41.7388765)",in_transit
1790894632.8042526,14328,"(-111.8189548, 41.738883)",in_transit
1790894643.0665987,14328,"(-111.81915, 41.7388885)",in_transit
1790894653.4001365,14328,"(-111.8193351, 41.7390696)",in_transit
1790894663.656911,14328,"(-111.819301, 41.7400751)",in_transit
1790894673.9229898,14328,"(-111.8192836, 41.7402566)",in_transit
1790894684.1937892,14328,"(-111.8191288, 41.7406238)",in_transit
1790894694.469902,14328,"(-111.8182373, 41.7406641)",in_transit
1790894704.7442067,14328,"(-111.8179133, 41.7406323)",in_transit
1790894715.0254624,14328,"(-111.8176758, 41.7406158)",670 E 500 N
1790894725.3091874,14328,"(-111.8176806, 41.7406121)",670 E 500 N
1790894735.5765033,14328,"(-111.8169651, 41.7406211)",in_transit
1790894745.8378766,14328,"(-111.8167338, 41.7408108)",in_transit
1790894756.111901,14328,"(-111.8167141, 41.7421598)",in_transit
1790894766.3712165,14328,"(-111.8166851, 41.7429708)",in_transit
1790894776.638101,14328,"(-111.8163678, 41.7441703)",in_transit
1790894786.9052064,14328,"(-111.8154973, 41.744478)",in_transit
1790894797.1566224,14328,"(-111.814536, 41.7444561)",in_transit
1790894807.4126494,14328,"(-111.814296, 41.7444501)",in_transit
1790894817.7073903,14328,"(-111.8142018, 41.7438755)",in_transit
1790894827.9550614,14328,"(-111.8142821, 41.7436928)",in_transit
1790894838.2242577,14328,"(-111.8139783, 41.7436825)",Taggart Student Center
1790894848.4855764,14328,"(-111.8139673, 41.743706)",Taggart Student Center
1790894858.7427928,14328,"(-111.8139538, 41.7437126)",Taggart Student Center
1790894869.0304656,14328,"(-111.813961, 41.7437126)",Taggart Student Center
1790894879.2978063,14328,"(-111.8139823, 41.7437083)",Taggart Student Center
1790894889.5527081,14328,"(-111.8139823, 41.7437178)",Taggart Student Center
1790894899.822485,14328,"(-111.8139731, 41.743733)",Taggart Student Center
1790894910.088143,14328,"(-111.8139705, 41.7437415)",Taggart Student Center
1790894920.3447514,14328,"(-111.813966, 41.7437451)",Taggart Student Center
1790894930.6062088,14328,"(-111.8139523, 41.7437425)",Taggart Student Center
1790894940.903964,14328,"(-111.8139576, 41.7437358)",Taggart Student Center
1790894951.1633718,14328,"(-111.8139958, 41.7437635)",Taggart Student Center
1790894961.4154706,14328,"(-111.814107, 41.7438198)",in_transit
1790894971.7160845,14328,"(-111.8141216, 41.7441921)",in_transit
1790894981.9822218,14328,"(-111.8141046, 41.7445248)",in_transit
1790894992.2329504,14328,"(-111.8140798, 41.7456385)",in_transit
1790895002.482375,14328,"(-111.8140535, 41.7465791)",in_transit
1790895012.7420187,14328,"(-111.8140103, 41.7476033)",in_transit
1790895023.0301018,14328,"(-111.8138941, 41.7491276)",in_transit
1790895033.2973704,14328,"(-111.813808, 41.7498348)",in_transit
1790895043.5614784,14328,"(-111.8138151, 41.7499951)",in_transit
1790895053.828341,14328,"(-111.8138138, 41.7500115)",in_transit
1790895064.0863974,14328,"(-111.8138233, 41.750006)",in_transit
1790895074.341338,14328,"(-111.813827, 41.7500203)",in_transit
1790895084.617862,14328,"(-111.8135371, 41.750082)",in_transit
1790895094.8993917,14328,"(-111.8132386, 41.7500575)",The Bull
1790895105.165834,14328,"(-111.8131615, 41.7500538)",The Bull
1790895115.4255688,14328,"(-111.813162, 41.7500561)",The Bull
1790895125.735318,14328,"(-111.8131606, 41.7500565)",The Bull
1790895136.02157,14328,"(-111.813138, 41.7500505)",The Bull
1790895146.283527,14328,"(-111.8128123, 41.7500711)",in_transit
1790895156.5447304,14328,"(-111.8117283, 41.7500916)",in_transit
1790895166.801374,14328,"(-111.8107373, 41.7500705)",in_transit
1790895177.0636942,14328,"(-111.8091333, 41.7500351)",in_transit
1790895187.3126838,14328,"(-111.8078685, 41.7500096)",in_transit
1790895197.6074347,14328,"(-111.8062116, 41.7499535)",in_transit
1790895207.860199,14328,"(-111.8058913, 41.7499408)",Logan Cemetery
1790895218.1182106,14328,"(-111.8056855, 41.7499368)",Logan Cemetery
1790895228.3971672,14328,"(-111.8056818, 41.749937)",Logan Cemetery
1790895238.66039,14328,"(-111.8056818, 41.74994)",Logan Cemetery
1790895248.9108374,14328,"(-111.8051143, 41.7499571)",in_transit
1790895259.1680498,14328,"(-111.804599, 41.749881)",in_transit
1790895269.4165328,14328,"(-111.8045533, 41.7494315)",in_transit
1790895279.6717434,14328,"(-111.8036308, 41.7492866)",in_transit
1790895289.9539363,14328,"(-111.8021728, 41.7493046)",in_transit
1790895300.22709,14328,"(-111.8018511, 41.7494963)",in_transit
1790895310.483561,14328,"(-111.8018511, 41.7494963)",in_transit
1790895320.7533941,14328,"(-111.8021123, 41.7496256)",Lundstrum
1790895331.0172403,14328,"(-111.8021151, 41.7496293)",Lundstrum
1790895341.2701104,14328,"(-111.8021136, 41.7496461)",Lundstrum
1790895351.5308678,14328,"(-111.8022443, 41.7496191)",Lundstrum
1790895361.791635,14328,"(-111.8024346, 41.7494368)",in_transit
1790895372.0547025,14328,"(-111.803019, 41.7493616)",in_transit
1790895382.320612,14328,"(-111.8037418, 41.749359)",in_transit
1790895392.6165478,14328,"(-111.8043763, 41.7496571)",in_transit
1790895402.8761687,14328,"(-111.8043516, 41.7499288)",in_transit
1790895413.151604,14328,"(-111.8045176, 41.7497395)",in_transit
1790895423.4177985,14328,"(-111.8044203, 41.7490346)",in_transit
1790895433.6875956,14328,"(-111.8044203, 41.7490346)",in_transit
1790895443.9423172,14328,"(-111.8044075, 41.7470938)",in_transit
1790895454.195021,14328,"(-111.8044718, 41.7466623)",in_transit
1790895464.4740162,14328,"(-111.8045148, 41.7464751)",in_transit
1790895474.7568443,14328,"(-111.8043643, 41.745286)",in_transit
1790895485.0453334,14328,"(-111.8043451, 41.7448221)",in_transit
1790895495.3148127,14328,"(-111.8043403, 41.7448063)",in_transit
1790895505.6343803,14328,"(-111.8043396, 41.7444296)",in_transit
1790895515.8962848,14328,"(-111.8043486, 41.743574)",Fine Arts Bldg
1790895526.1774237,14328,"(-111.8043551, 41.7433933)",Fine Arts Bldg
1790895536.438238,14328,"(-111.8043463, 41.7433446)",Fine Arts Bldg
1790895546.7050307,14328,"(-111.8043225, 41.743079)",in_transit
1790895556.9745145,14328,"(-111.8042986, 41.742898)",in_transit
1790895567.2330093,14328,"(-111.8042348, 41.7427328)",in_transit
1790895577.5066733,14328,"(-111.8044291, 41.742543)",in_transit
1790895587.7735057,14328,"(-111.806194, 41.7415045)",in_transit
1790895598.053867,14328,"(-111.8075858, 41.7409011)",in_transit
1790895608.3191302,14328,"(-111.8097763, 41.7404021)",in_transit
1790895618.571859,14328,"(-111.8111793, 41.7400666)",Family Life Bldg
1790895628.8795674,14328,"(-111.8112731, 41.7400376)",Family Life Bldg
1790895639.1408057,14328,"(-111.8112733, 41.7400393)",Family Life Bldg
1790895649.3907423,14328,"(-111.8118741, 41.739761)",in_transit
1790895659.6693394,14328,"(-111.8130371, 41.7392801)",in_transit
1790895669.926545,14328,"(-111.815023, 41.7386711)",in_transit
1790895680.2097392,14328,"(-111.8164455, 41.7387876)",in_transit
1790895690.521198,14328,"(-111.8182931, 41.7388523)",in_transit
1790895700.7847874,14328,"(-111.8190556, 41.7388658)",in_transit
1790895711.0521593,14328,"(-111.8192448, 41.7388661)",in_transit
1790895721.303311,14328,"(-111.8193266, 41.7395833)",in_transit
1790895731.5560853,14328,"(-111.819281, 41.7402796)",in_transit
1790895741.825558,14328,"(-111.818733, 41.7406651)",in_transit
1790895752.089851,14328,"(-111.817803, 41.7406145)",670 E 500 N
1790895762.3450284,14328,"(-111.8176843, 41.7406101)",670 E 500 N
1790895772.6203117,14328,"(-111.817653, 41.7406075)",670 E 500 N
1790895782.8808463,14328,"(-111.8170878, 41.7406236)",in_transit
1790895793.145501,14328,"(-111.816738, 41.7408146)",in_transit
1790895803.408229,14328,"(-111.8167046, 41.742207)",in_transit
1790895813.6704102,14328,"(-111.8166756, 41.742943)",in_transit
1790895823.9280071,14328,"(-111.8164728, 41.7440353)",in_transit
1790895834.185712,14328,"(-111.8157176, 41.7444766)",in_transit
1790895844.45321,14328,"(-111.8145353, 41.7444451)",in_transit
1790895854.7544558,14328,"(-111.8143128, 41.7444406)",in_transit
1790895864.9891477,14328,"(-111.8141871, 41.7443265)",in_transit
1790895875.238902,14328,"(-111.8143045, 41.7436626)",in_transit
1790895885.5013945,14328,"(-111.814084, 41.7434875)",in_transit
1790895895.7720523,14328,"(-111.814084, 41.7434875)",in_transit
1790895906.0478163,14328,"(-111.8139636, 41.743694)",Taggart Student Center
1790895916.3502877,14328,"(-111.813933, 41.7436931)",Taggart Student Center
1790895926.62213,14328,"(-111.8139243, 41.7436938)",Taggart Student Center
1790895936.8796463,14328,"(-111.8139228, 41.7436968)",Taggart Student Center
1790895947.1407723,14328,"(-111.8139271, 41.7436998)",Taggart Student Center
1790895957.4050605,14328,"(-111.8141338, 41.7439738)",in_transit
1790895967.665856,14328,"(-111.8140908, 41.744275)",in_transit
1790895977.9340076,14328,"(-111.8140846, 41.7445146)",in_transit
1790895988.203704,14328,"(-111.8140833, 41.7452283)",in_transit
1790895998.459734,14328,"(-111.8140515, 41.7462525)",in_transit
1790896008.7445285,14328,"(-111.813996, 41.747807)",in_transit
1790896019.050615,14328,"(-111.8138855, 41.7492045)",in_transit
1790896029.3480158,14328,"(-111.8138013, 41.7499106)",in_transit
1790896039.619809,14328,"(-111.8135031, 41.7500813)",in_transit
1790896049.8814387,14328,"(-111.8131465, 41.7500536)",The Bull
1790896060.1361353,14328,"(-111.8131468, 41.7500405)",The Bull
1790896070.4071577,14328,"(-111.8128395, 41.7500636)",in_transit
1790896080.7081513,14328,"(-111.812162, 41.7500961)",in_transit
1790896090.96196,14328,"(-111.8107163, 41.7500768)",in_transit
1790896101.2339215,14328,"(-111.8096815, 41.7500466)",in_transit
1790896111.5053332,14328,"(-111.8078443, 41.7500073)",in_transit
1790896121.7774365,14328,"(-111.8066851, 41.7499743)",in_transit
1790896132.0640724,14328,"(-111.8059143, 41.7499505)",Logan Cemetery
1790896142.3421187,14328,"(-111.8059143, 41.7499505)",Logan Cemetery
1790896152.6067383,14328,"(-111.8057686, 41.7499505)",Logan Cemetery
1790896162.8716424,14328,"(-111.8049233, 41.7499656)",in_transit
1790896173.1413617,14328,"(-111.8045351, 41.7494205)",in_transit
1790896183.4542613,14328,"(-111.8042588, 41.7492775)",in_transit
1790896193.7101972,14328,"(-111.8026081, 41.7493055)",in_transit
1790896204.0019078,14328,"(-111.8019045, 41.7493243)",in_transit
1790896214.2624185,14328,"(-111.8018506, 41.7495066)",in_transit
1790896224.5350218,14328,"(-111.8021075, 41.749605)",Lundstrum
1790896234.800799,14328,"(-111.8021178, 41.7496053)",Lundstrum
1790896245.061208,14328,"(-111.802111, 41.7496043)",Lundstrum
1790896255.3207443,14328,"(-111.8023568, 41.7495066)",in_transit
1790896265.577948,14328,"(-111.803232, 41.7493365)",in_transit
1790896275.8400795,14328,"(-111.8039155, 41.7493536)",in_transit
1790896286.098156,14328,"(-111.8041463, 41.7494005)",in_transit
1790896296.3731718,14328,"(-111.8041521, 41.749406)",in_transit
1790896306.6525283,14328,"(-111.804291, 41.7495043)",in_transit
1790896316.89358,14328,"(-111.8043356, 41.7499915)",in_transit
1790896327.1612961,14328,"(-111.8045125, 41.749725)",in_transit
1790896337.4193773,14328,"(-111.8045201, 41.7494673)",in_transit
1790896347.711005,14328,"(-111.8044118, 41.7480138)",in_transit
1790896357.9655886,14328,"(-111.8044128, 41.7472406)",in_transit
1790896368.2348511,14328,"(-111.8045321, 41.746622)",in_transit
1790896378.4966276,14328,"(-111.8043873, 41.7460073)",in_transit
1790896388.7692153,14328,"(-111.8043821, 41.7453911)",in_transit
1790896399.036486,14328,"(-111.8043775, 41.7448971)",in_transit
1790896409.289302,14328,"(-111.804373, 41.7447168)",in_transit
1790896419.55625,14328,"(-111.8043673, 41.744263)",in_transit
1790896429.8289325,14328,"(-111.8043608, 41.7436316)",in_transit
1790896440.111898,14328,"(-111.804368, 41.7434295)",Fine Arts Bldg
1790896450.369836,14328,"(-111.8043643, 41.7433473)",Fine Arts Bldg
1790896460.6254945,14328,"(-111.8043486, 41.7431553)",in_transit
1790896470.896095,14328,"(-111.8043293, 41.7429715)",in_transit
1790896481.154117,14328,"(-111.8042631, 41.7427903)",in_transit
1790896491.4414134,14328,"(-111.8045926, 41.7424383)",in_transit
1790896501.6920404,14328,"(-111.8055658, 41.7418621)",in_transit
1790896511.9400108,14328,"(-111.807471, 41.740907)",in_transit
1790896522.2464101,14328,"(-111.80906, 41.7405361)",in_transit
1790896532.5220995,14328,"(-111.8109878, 41.7401051)",Family Life Bldg
1790896542.787464,14328,"(-111.811242, 41.7400283)",Family Life Bldg
1790896553.036635,14328,"(-111.8112731, 41.7400151)",Family Life Bldg
1790896563.3312893,14328,"(-111.8112608, 41.7400135)",Family Life Bldg
1790896573.5865119,14328,"(-111.8115001, 41.7398906)",in_transit
1790896583.848696,14328,"(-111.8123726, 41.7395313)",in_transit
1790896594.1216013,14328,"(-111.8142595, 41.7387871)",in_transit
1790896604.3781095,14328,"(-111.8156125, 41.7386596)",in_transit
1790896614.6423924,14328,"(-111.8168308, 41.7388155)",in_transit
1790896624.9211874,14328,"(-111.8185011, 41.7388518)",in_transit
1790896635.1782556,14328,"(-111.8187418, 41.7388501)",in_transit
1790896645.446986,14328,"(-111.8188821, 41.738841)",in_transit
1790896655.7392037,14328,"(-111.8188903, 41.738834)",in_transit
1790896665.9964237,14328,"(-111.819355, 41.7390261)",in_transit
1790896676.2847896,14328,"(-111.8193065, 41.7398846)",in_transit
1790896686.536518,14328,"(-111.8192836, 41.7403028)",in_transit
1790896696.8022048,14328,"(-111.8190075, 41.7406731)",in_transit
1790896707.076681,14328,"(-111.8183055, 41.740665)",in_transit
1790896717.3404362,14328,"(-111.8177043, 41.7406185)",670 E 500 N
1790896727.6233962,14328,"(-111.8176795, 41.7406163)",670 E 500 N
1790896737.8907497,14328,"(-111.8176891, 41.740608)",670 E 500 N
1790896748.1924126,14328,"(-111.8172965, 41.7406258)",in_transit
1790896758.4573085,14328,"(-111.8167536, 41.7408541)",in_transit
1790896768.9587314,14328,"(-111.816734, 41.7416411)",in_transit
1790896779.2163823,14328,"(-111.8167053, 41.7424565)",in_transit
1790896789.4792387,14328,"(-111.8166378, 41.7437221)",in_transit
1790896799.7415354,14328,"(-111.8159325, 41.7444493)",in_transit
1790896809.9990845,14328,"(-111.8148565, 41.7444766)",in_transit
1790896820.2575774,14328,"(-111.8142041, 41.7442376)",in_transit
1790896830.517529,14328,"(-111.8142715, 41.743721)",in_transit
1790896840.7803633,14328,"(-111.8140686, 41.7434891)",in_transit
1790896851.0700994,14328,"(-111.8140686, 41.7434891)",in_transit
1790896861.363387,14328,"(-111.81398, 41.7435355)",in_transit
1790896871.6350777,14328,"(-111.8139788, 41.7435293)",in_transit
1790896881.8976374,14328,"(-111.8139521, 41.7435113)",in_transit
1790896892.1740673,14328,"(-111.8139435, 41.7435071)",in_transit
1790896902.4361708,14328,"(-111.8139563, 41.7435141)",in_transit
1790896912.7249846,14328,"(-111.8139591, 41.7435243)",in_transit
1790896922.9800107,14328,"(-111.8139645, 41.7436633)",Taggart Student Center
1790896933.2349212,14328,"(-111.8141071, 41.7438491)",in_transit
1790896943.5177367,14328,"(-111.8141071, 41.7438491)",in_transit
1790896953.7910051,14328,"(-111.8141061, 41.744334)",in_transit
1790896964.0995452,14328,"(-111.8140995, 41.7443383)",in_transit
1790896974.3577857,14328,"(-111.8140635, 41.7445451)",in_transit
1790896984.6079204,14328,"(-111.8140845, 41.7452911)",in_transit
1790896994.8761678,14328,"(-111.8140791, 41.7457656)",in_transit
1790897005.1445017,14328,"(-111.8140156, 41.7476576)",in_transit
1790897015.4185777,14328,"(-111.8139396, 41.7486976)",in_transit
1790897025.7132268,14328,"(-111.8138011, 41.7497843)",in_transit
1790897036.0079546,14328,"(-111.8135516, 41.750114)",in_transit
1790897046.274156,14328,"(-111.8131761, 41.7500705)",The Bull
1790897056.534203,14328,"(-111.8131338, 41.7500625)",The Bull
1790897066.8046985,14328,"(-111.8131386, 41.7500585)",The Bull
1790897077.1001515,14328,"(-111.8130858, 41.7500651)",in_transit
1790897087.3749588,14328,"(-111.8121093, 41.7501025)",in_transit
1790897097.634504,14328,"(-111.8105981, 41.7500828)",in_transit
1790897107.890644,14328,"(-111.809543, 41.7500591)",in_transit
1790897118.1580198,14328,"(-111.8076645, 41.7500215)",in_transit
1790897128.433291,14328,"(-111.8064695, 41.7499783)",in_transit
1790897138.6830885,14328,"(-111.8057538, 41.7499561)",Logan Cemetery
1790897148.9806948,14328,"(-111.8057146, 41.7499488)",Logan Cemetery
1790897159.2304192,14328,"(-111.8051443, 41.7499681)",in_transit
1790897169.491419,14328,"(-111.8046271, 41.7499121)",in_transit
1790897179.7575355,14328,"(-111.8045416, 41.7494543)",in_transit
1790897190.02969,14328,"(-111.8036603, 41.749302)",in_transit
1790897200.3378925,14328,"(-111.8025475, 41.7493193)",in_transit
1790897210.6062846,14328,"(-111.8018966, 41.7493408)",in_transit
1790897220.8603754,14328,"(-111.8018655, 41.7495263)",in_transit
1790897231.1440096,14328,"(-111.8020815, 41.749614)",Lundstrum
1790897241.3985722,14328,"(-111.8020755, 41.7496021)",Lundstrum
1790897251.655724,14328,"(-111.8020718, 41.7496018)",Lundstrum
1790897261.928071,14328,"(-111.802231, 41.7495688)",Lundstrum
1790897272.2048004,14328,"(-111.8026971, 41.7493288)",in_transit
1790897282.470732,14328,"(-111.8039753, 41.7493486)",in_transit
1790897292.7350228,14328,"(-111.8043743, 41.7496175)",in_transit
1790897303.0397274,14328,"(-111.804589, 41.7501028)",in_transit
1790897313.3642962,14328,"(-111.8046521, 41.7499143)",in_transit
1790897323.6150503,14328,"(-111.8044453, 41.74916)",in_transit
1790897333.877129,14328,"(-111.8044246, 41.7480445)",in_transit
1790897344.1408772,14328,"(-111.8044085, 41.7472566)",in_transit
1790897354.4499495,14328,"(-111.804436, 41.7467436)",in_transit
1790897364.7034817,14328,"(-111.804436, 41.7467436)",in_transit
1790897374.9690764,14328,"(-111.8043775, 41.7454995)",in_transit
1790897385.233738,14328,"(-111.8043675, 41.7448128)",in_transit
1790897395.4912865,14328,"(-111.8043556, 41.7438838)",in_transit
1790897405.7572746,14328,"(-111.8043611, 41.7433836)",Fine Arts Bldg
1790897416.05575,14328,"(-111.8043743, 41.7433691)",Fine Arts Bldg
1790897426.3369954,14328,"(-111.804372, 41.7432805)",in_transit
1790897436.6002877,14328,"(-111.8043086, 41.7428868)",in_transit
1790881786.5141065,14328,"(-111.808607, 41.7500556)",in_transit
1790881796.7763984,14328,"(-111.8065968, 41.7500211)",in_transit
1790881807.045426,14328,"(-111.805727, 41.7499771)",Logan Cemetery
1790881817.2968783,14328,"(-111.8056763, 41.7499765)",in_transit
1790881827.5601032,14328,"(-111.8056715, 41.7499751)",in_transit
1790881837.8126209,14328,"(-111.8050495, 41.7499963)",in_transit
1790881848.0770805,14328,"(-111.8045071, 41.7497511)",in_transit
1790881858.3474665,14328,"(-111.8042795, 41.7492975)",in_transit
1790881868.599385,14328,"(-111.8029958, 41.7493206)",in_transit
1790881878.8581665,14328,"(-111.8020238, 41.7493276)",in_transit
1790881889.1294382,14328,"(-111.8018503, 41.7495108)",in_transit
1790881899.3937201,14328,"(-111.8020866, 41.7496253)",Lundstrum
1790881909.6622498,14328,"(-111.8020671, 41.7496353)",Lundstrum
1790881919.9273117,14328,"(-111.802071, 41.7496323)",Lundstrum
1790881930.2095118,14328,"(-111.8020638, 41.7496311)",Lundstrum
1790881940.4751263,14328,"(-111.8020728, 41.7496215)",Lundstrum
1790881950.7288435,14328,"(-111.8020925, 41.7496176)",Lundstrum
1790881961.0029702,14328,"(-111.802103, 41.7496155)",Lundstrum
1790881971.2808642,14328,"(-111.8021358, 41.7496031)",Lundstrum
1790881981.5426733,14328,"(-111.8026176, 41.7493531)",in_transit
1790881991.831003,14328,"(-111.8038508, 41.7493448)",in_transit
1790882002.0817506,14328,"(-111.8043365, 41.7495635)",in_transit
1790882012.3871121,14328,"(-111.8043921, 41.7497741)",in_transit
1790882022.648445,14328,"(-111.8045101, 41.7497396)",in_transit
1790882032.940235,14328,"(-111.8044335, 41.7490886)",in_transit
1790882043.2002647,14328,"(-111.8044136, 41.7483471)",in_transit
1790882053.4689436,14328,"(-111.8043888, 41.7470901)",in_transit
1790882063.7255647,14328,"(-111.804377, 41.7468171)",in_transit
1790882073.9786909,14328,"(-111.8045301, 41.7465146)",in_transit
1790882084.2375755,14328,"(-111.8043613, 41.7454523)",in_transit
1790882094.5083818,14328,"(-111.804351, 41.7446808)",in_transit
1790882104.7629054,14328,"(-111.8043358, 41.7435375)",Fine Arts Bldg
1790882115.0141478,14328,"(-111.8043428, 41.743356)",Fine Arts Bldg
1790882125.2715113,14328,"(-111.8043288, 41.7433388)",Fine Arts Bldg
1790882135.5436065,14328,"(-111.804313, 41.74333)",Fine Arts Bldg
1790882145.80138,14328,"(-111.8043078, 41.743329)",Fine Arts Bldg
1790882156.0613842,14328,"(-111.8042865, 41.7429658)",in_transit
1790882166.3173647,14328,"(-111.804271, 41.7428295)",in_transit
1790882176.5753446,14328,"(-111.8045416, 41.742462)",in_transit
1790882186.8533902,14328,"(-111.8056028, 41.7418268)",in_transit
1790882197.1210845,14328,"(-111.8076883, 41.7408371)",in_transit
1790882207.3891454,14328,"(-111.8098843, 41.740337)",in_transit
1790882217.6813772,14328,"(-111.811029, 41.7400788)",Family Life Bldg
1790882227.9420304,14328,"(-111.8112316, 41.7400206)",Family Life Bldg
1790882238.2026312,14328,"(-111.8112188, 41.7400211)",Family Life Bldg
1790882248.464329,14328,"(-111.8112208, 41.74002)",Family Life Bldg
1790882258.7304037,14328,"(-111.81123, 41.740023)",Family Life Bldg
1790882268.9790382,14328,"(-111.8118425, 41.7397436)",in_transit
1790882279.2283714,14328,"(-111.8130875, 41.7392308)",in_transit
1790882289.5262773,14328,"(-111.8153826, 41.7386496)",in_transit
1790882299.7915626,14328,"(-111.817564, 41.7388458)",in_transit
1790882310.042129,14328,"(-111.817564, 41.7388458)",in_transit
1790882320.2989886,14328,"(-111.8192073, 41.7388843)",in_transit
1790882330.558125,14328,"(-111.81934, 41.7390001)",in_transit
1790882340.8526192,14328,"(-111.8193223, 41.7399256)",in_transit
1790882351.139235,14328,"(-111.8192698, 41.7405046)",in_transit
1790882361.4212255,14328,"(-111.8192698, 41.7405046)",in_transit
1790882371.667542,14328,"(-111.817788, 41.740653)",670 E 500 N
1790882381.9297795,14328,"(-111.8176885, 41.7406475)",670 E 500 N
1790882392.2025573,14328,"(-111.8177076, 41.740654)",670 E 500 N
1790882402.4657445,14328,"(-111.8177056, 41.740653)",670 E 500 N
1790882412.724905,14328,"(-111.8172013, 41.7406666)",in_transit
1790882423.0365844,14328,"(-111.8167681, 41.7408525)",in_transit
1790882433.3112154,14328,"(-111.8167281, 41.7417486)",in_transit
1790882443.5640616,14328,"(-111.8166861, 41.7431085)",in_transit
1790882453.8233933,14328,"(-111.8164963, 41.7440016)",in_transit
1790882464.079956,14328,"(-111.815719, 41.7444583)",in_transit
1790882474.3395152,14328,"(-111.814507, 41.744454)",in_transit
1790882484.6111872,14328,"(-111.8143563, 41.7444626)",in_transit
1790882494.8653011,14328,"(-111.8143115, 41.7444651)",in_transit
1790882505.1685028,14328,"(-111.8142103, 41.744065)",in_transit
1790882515.4238815,14328,"(-111.8142921, 41.7436943)",in_transit
1790882525.7197597,14328,"(-111.8142261, 41.7435106)",in_transit
1790882536.0037036,14328,"(-111.8142261, 41.7435106)",in_transit
1790882546.3004007,14328,"(-111.8140011, 41.743759)",Taggart Student Center
1790882556.5658717,14328,"(-111.8140148, 41.7437361)",Taggart Student Center
1790882566.8451436,14328,"(-111.8140286, 41.7437248)",Taggart Student Center
1790882577.1259215,14328,"(-111.814033, 41.7437235)",Taggart Student Center
1790882587.3945236,14328,"(-111.8140406, 41.7437253)",Taggart Student Center
1790882597.660034,14328,"(-111.8140436, 41.7437298)",Taggart Student Center
1790882607.9386384,14328,"(-111.814031, 41.7437426)",Taggart Student Center
1790882618.2081568,14328,"(-111.8140103, 41.74375)",Taggart Student Center
1790882628.4614196,14328,"(-111.8140066, 41.7437361)",Taggart Student Center
1790882638.7833269,14328,"(-111.8139998, 41.7437345)",Taggart Student Center
1790882649.0443528,14328,"(-111.8139926, 41.7437316)",Taggart Student Center
1790882659.3154147,14328,"(-111.8139916, 41.7437241)",Taggart Student Center
1790882669.583949,14328,"(-111.8140001, 41.7437151)",Taggart Student Center
1790882679.8693051,14328,"(-111.813997, 41.743711)",Taggart Student Center
1790882690.1573594,14328,"(-111.8140063, 41.7437418)",Taggart Student Center
1790882700.4224203,14328,"(-111.8140063, 41.7437418)",Taggart Student Center
1790882710.671717,14328,"(-111.8141503, 41.7439638)",in_transit
1790882720.933746,14328,"(-111.8141728, 41.7439746)",in_transit
1790882731.188197,14328,"(-111.8141915, 41.7439858)",in_transit
1790882741.4714208,14328,"(-111.814214, 41.7440386)",in_transit
1790882751.7175107,14328,"(-111.8141305, 41.744416)",in_transit
1790882761.9806247,14328,"(-111.8141198, 41.7449658)",in_transit
1790882772.229405,14328,"(-111.8140575, 41.7467796)",in_transit
1790882782.4927466,14328,"(-111.8140161, 41.747855)",in_transit
1790882792.749267,14328,"(-111.8138581, 41.7494606)",in_transit
1790882803.0156665,14328,"(-111.8138096, 41.7499891)",in_transit
1790882813.2723837,14328,"(-111.813818, 41.7500203)",in_transit
1790882823.5326219,14328,"(-111.8138271, 41.7500178)",in_transit
1790882833.8013391,14328,"(-111.8134703, 41.7500873)",in_transit
1790882844.0508924,14328,"(-111.8134703, 41.7500873)",in_transit
1790882854.3545697,14328,"(-111.8132143, 41.750075)",The Bull
1790882864.6177278,14328,"(-111.81321, 41.7500765)",The Bull
1790882874.882123,14328,"(-111.8132083, 41.7500726)",The Bull
1790882885.1420157,14328,"(-111.8130061, 41.750104)",in_transit
1790882895.410858,14328,"(-111.8122696, 41.7501173)",in_transit
1790882905.6752212,14328,"(-111.8108226, 41.7501033)",in_transit
1790882915.939112,14328,"(-111.809833, 41.7500773)",in_transit
1790882926.2037683,14328,"(-111.8080081, 41.7500473)",in_transit
1790882936.4493592,14328,"(-111.8065011, 41.7500163)",in_transit
1790882946.7154124,14328,"(-111.8056648, 41.7499801)",in_transit
1790882956.965898,14328,"(-111.805649, 41.7499685)",in_transit
1790882967.2226496,14328,"(-111.8056376, 41.7499713)",in_transit
1790882977.4967406,14328,"(-111.8048203, 41.7499933)",in_transit
1790882987.7669492,14328,"(-111.8045463, 41.7494513)",in_transit
1790882998.036569,14328,"(-111.8043063, 41.7492936)",in_transit
1790883008.2991352,14328,"(-111.8031381, 41.7493273)",in_transit
1790883018.5488842,14328,"(-111.8019311, 41.7493348)",in_transit
1790883028.8067675,14328,"(-111.8019311, 41.7493348)",in_transit
1790883039.1112404,14328,"(-111.8020526, 41.7496341)",Lundstrum
1790883049.408015,14328,"(-111.8020743, 41.7496403)",Lundstrum
1790883059.6806502,14328,"(-111.8020723, 41.7496445)",Lundstrum
1790883069.943626,14328,"(-111.8020646, 41.7496513)",Lundstrum
1790883080.2015488,14328,"(-111.8020581, 41.7496586)",Lundstrum
1790883090.483974,14328,"(-111.8020575, 41.7496611)",Lundstrum
1790883100.7546635,14328,"(-111.8020578, 41.7496591)",Lundstrum
1790883111.0221627,14328,"(-111.8020583, 41.7496516)",Lundstrum
1790883121.2835207,14328,"(-111.8020553, 41.7496465)",Lundstrum
1790883131.5451927,14328,"(-111.8020508, 41.7496388)",Lundstrum
1790883141.8126686,14328,"(-111.8020523, 41.7496343)",Lundstrum
1790883152.064894,14328,"(-111.8025343, 41.749369)",in_transit
1790883162.3187053,14328,"(-111.8034936, 41.7493455)",in_transit
1790883172.5795367,14328,"(-111.804339, 41.7495835)",in_transit
1790883182.8298056,14328,"(-111.8043823, 41.749816)",in_transit
1790883193.0966027,14328,"(-111.8045085, 41.74975)",in_transit
1790883203.361576,14328,"(-111.8045198, 41.749499)",in_transit
1790883213.642692,14328,"(-111.8044126, 41.7480456)",in_transit
1790883223.8960965,14328,"(-111.8044148, 41.747173)",in_transit
1790883234.147081,14328,"(-111.8044811, 41.746668)",in_transit
1790883244.3994281,14328,"(-111.8043793, 41.7455118)",in_transit
1790883254.6593704,14328,"(-111.8043695, 41.7446133)",in_transit
1790883264.925825,14328,"(-111.8043593, 41.7435151)",Fine Arts Bldg
1790883275.1830337,14328,"(-111.8043575, 41.7433613)",Fine Arts Bldg
1790883285.4744575,14328,"(-111.8043555, 41.74335)",Fine Arts Bldg
1790883295.7410145,14328,"(-111.8043371, 41.7431606)",in_transit
1790883306.0043032,14328,"(-111.8043141, 41.742952)",in_transit
1790883316.2604132,14328,"(-111.8042835, 41.7428186)",in_transit
1790883326.528883,14328,"(-111.8043918, 41.7425668)",in_transit
1790883336.7959206,14328,"(-111.8063836, 41.7413888)",in_transit
1790883347.1064875,14328,"(-111.80809, 41.7407628)",in_transit
1790883357.3689232,14328,"(-111.8101885, 41.7403008)",in_transit
1790883367.6254518,14328,"(-111.8111675, 41.7400776)",Family Life Bldg
1790883377.8972983,14328,"(-111.81127, 41.7400476)",Family Life Bldg
1790883388.1461802,14328,"(-111.8112708, 41.7400495)",Family Life Bldg
1790883398.4169862,14328,"(-111.8112798, 41.7400421)",Family Life Bldg
1790883408.6755867,14328,"(-111.8112828, 41.7400308)",Family Life Bldg
1790883418.936171,14328,"(-111.8119488, 41.7397306)",in_transit
1790883429.1915865,14328,"(-111.8141205, 41.7388611)",in_transit
1790883439.435222,14328,"(-111.8149418, 41.7386861)",in_transit
1790883449.6880019,14328,"(-111.8149418, 41.7386861)",in_transit
1790883459.9639535,14328,"(-111.8189925, 41.7388811)",in_transit
1790883470.2412374,14328,"(-111.8193186, 41.7390788)",in_transit
1790883480.4998052,14328,"(-111.8193028, 41.7400911)",in_transit
1790883490.7492325,14328,"(-111.8191606, 41.7406033)",in_transit
1790883501.0268288,14328,"(-111.818049, 41.7406605)",in_transit
1790883511.2887256,14328,"(-111.8177596, 41.7406415)",670 E 500 N
1790883521.5564117,14328,"(-111.8177, 41.7406425)",670 E 500 N
1790883531.8327444,14328,"(-111.817452, 41.7406476)",in_transit
1790883542.10157,14328,"(-111.8169181, 41.7406496)",in_transit
1790883552.405644,14328,"(-111.8167383, 41.7414711)",in_transit
1790883562.684123,14328,"(-111.8167151, 41.7427186)",in_transit
1790883572.9542384,14328,"(-111.8166805, 41.7434908)",in_transit
1790883583.2147741,14328,"(-111.8157591, 41.7444803)",in_transit
1790883593.4935145,14328,"(-111.8147555, 41.7444755)",in_transit
1790883603.7790828,14328,"(-111.8144328, 41.7444531)",in_transit
1790883614.0663466,14328,"(-111.8142161, 41.7439008)",in_transit
1790883624.3271165,14328,"(-111.8142573, 41.7435081)",in_transit
1790883634.581963,14328,"(-111.814015, 41.743575)",in_transit
1790883644.8762705,14328,"(-111.8139825, 41.7437263)",Taggart Student Center
1790883655.1563652,14328,"(-111.8139836, 41.7437235)",Taggart Student Center
1790883665.4636931,14328,"(-111.8139943, 41.74373)",Taggart Student Center
1790883675.746443,14328,"(-111.8140031, 41.7437383)",Taggart Student Center
1790883686.0027668,14328,"(-111.8140018, 41.7437473)",Taggart Student Center
1790883696.2558262,14328,"(-111.8139933, 41.7437505)",Taggart Student Center
1790883706.534932,14328,"(-111.8139801, 41.7437503)",Taggart Student Center
1790883716.8124876,14328,"(-111.8139733, 41.7437518)",Taggart Student Center
1790883727.065285,14328,"(-111.8139615, 41.7437426)",Taggart Student Center
1790883737.3217933,14328,"(-111.8139496, 41.7437343)",Taggart Student Center
1790883747.5846617,14328,"(-111.8139378, 41.743732)",Taggart Student Center
1790883757.8576157,14328,"(-111.8139315, 41.7437336)",Taggart Student Center
1790883768.166779,14328,"(-111.813927, 41.7437358)",Taggart Student Center
1790883778.4173696,14328,"(-111.8139281, 41.7437306)",Taggart Student Center
1790883788.6689138,14328,"(-111.8139305, 41.74373)",Taggart Student Center
1790883798.9465444,14328,"(-111.8139513, 41.7437606)",Taggart Student Center
1790883809.218403,14328,"(-111.81413, 41.7441315)",in_transit
1790883819.490209,14328,"(-111.8140805, 41.7448616)",in_transit
1790883829.7888463,14328,"(-111.8140493, 41.7462328)",in_transit
1790883840.0762289,14328,"(-111.8140276, 41.7472375)",in_transit
1790883850.3401327,14328,"(-111.8139221, 41.7489305)",in_transit
1790883860.6077285,14328,"(-111.8138151, 41.7498331)",in_transit
1790883870.90318,14328,"(-111.8138103, 41.7500146)",in_transit
1790883881.1558642,14328,"(-111.813317, 41.7500778)",The Bull
1790883891.414258,14328,"(-111.8131858, 41.7500746)",The Bull
1790883901.6802843,14328,"(-111.813176, 41.7500675)",The Bull
1790883911.9456327,14328,"(-111.8131783, 41.7500685)",The Bull
1790883922.2253208,14328,"(-111.8126658, 41.7501001)",in_transit
1790883932.4814656,14328,"(-111.8114503, 41.7500891)",in_transit
1790883942.7340007,14328,"(-111.8100058, 41.7500675)",in_transit
1790883953.0370686,14328,"(-111.8089281, 41.7500455)",in_transit
1790883963.2969584,14328,"(-111.8068558, 41.7500051)",in_transit
1790883973.5755446,14328,"(-111.8058295, 41.7499591)",Logan Cemetery
1790883983.8564928,14328,"(-111.8057095, 41.7499583)",Logan Cemetery
1790883994.1197326,14328,"(-111.8057066, 41.7499601)",Logan Cemetery
1790884004.4261026,14328,"(-111.8056668, 41.7499586)",in_transit
1790884014.6876042,14328,"(-111.8047453, 41.7499445)",in_transit
1790884025.004136,14328,"(-111.804521, 41.7495116)",in_transit
1790884035.2612865,14328,"(-111.8039853, 41.7492855)",in_transit
1790884045.5280082,14328,"(-111.8023615, 41.7493023)",in_transit
1790884055.7978077,14328,"(-111.8020038, 41.7493055)",in_transit
1790884066.0456135,14328,"(-111.8018678, 41.7494906)",in_transit
1790884076.316843,14328,"(-111.8020973, 41.7496121)",Lundstrum
1790884086.5845757,14328,"(-111.8021018, 41.7496231)",Lundstrum
1790884096.8395107,14328,"(-111.8021028, 41.7496326)",Lundstrum
1790884107.0955627,14328,"(-111.8021048, 41.7496391)",Lundstrum
1790884117.3660927,14328,"(-111.8021061, 41.7496455)",Lundstrum
1790884127.6426916,14328,"(-111.802103, 41.7496471)",Lundstrum
1790884137.9085407,14328,"(-111.8020981, 41.74965)",Lundstrum
1790884148.179085,14328,"(-111.8020968, 41.749656)",Lundstrum
1790884158.433242,14328,"(-111.8023545, 41.749541)",in_transit
1790884168.7199266,14328,"(-111.8029775, 41.749366)",in_transit
1790884178.9772227,14328,"(-111.8039536, 41.7493768)",in_transit
1790884189.234378,14328,"(-111.8043615, 41.7499065)",in_transit
1790884199.497448,14328,"(-111.804592, 41.7501083)",in_transit
1790884209.7638884,14328,"(-111.8045258, 41.7494683)",in_transit
1790884220.0219283,14328,"(-111.8044221, 41.7486698)",in_transit
1790884230.2695212,14328,"(-111.8044001, 41.7472751)",in_transit
1790884240.5214906,14328,"(-111.8044386, 41.7466983)",in_transit
1790884250.7803614,14328,"(-111.8043785, 41.745944)",in_transit
1790884261.0268915,14328,"(-111.8043645, 41.7450933)",in_transit
1790884271.2888236,14328,"(-111.8043521, 41.7446156)",in_transit
1790884281.5547261,14328,"(-111.8043493, 41.74458)",in_transit
1790884291.8060284,14328,"(-111.8043446, 41.7443861)",in_transit
1790884302.087186,14328,"(-111.8043318, 41.7437428)",in_transit
1790884312.3525524,14328,"(-111.8043415, 41.7434648)",Fine Arts Bldg
1790884322.6327665,14328,"(-111.80436, 41.7433086)",Fine Arts Bldg
1790884332.8893187,14328,"(-111.804348, 41.7432608)",in_transit
1790884343.148514,14328,"(-111.8043238, 41.7428903)",in_transit
1790884353.3926942,14328,"(-111.8043101, 41.7428396)",in_transit
1790884363.6948457,14328,"(-111.8042686, 41.742695)",in_transit
1790884373.9539945,14328,"(-111.8051541, 41.7420923)",in_transit
1790884384.2185686,14328,"(-111.8063821, 41.7413715)",in_transit
1790884394.4892237,14328,"(-111.8080375, 41.7407571)",in_transit
1790884404.7664638,14328,"(-111.8107971, 41.7401445)",in_transit
1790884415.0284789,14328,"(-111.8111326, 41.7400653)",Family Life Bldg
1790884425.2967365,14328,"(-111.8112505, 41.7400358)",Family Life Bldg
1790884435.5626328,14328,"(-111.8112538, 41.7400348)",Family Life Bldg
1790884445.8140128,14328,"(-111.811253, 41.740035)",Family Life Bldg
1790884456.1096547,14328,"(-111.811244, 41.740039)",Family Life Bldg
1790884466.3718162,14328,"(-111.8112341, 41.7400426)",Family Life Bldg
1790884476.6703315,14328,"(-111.811227, 41.7400446)",Family Life Bldg
1790884486.9382553,14328,"(-111.8112218, 41.7400461)",Family Life Bldg
1790884497.2064986,14328,"(-111.8112233, 41.740049)",Family Life Bldg
1790884507.5183225,14328,"(-111.8112328, 41.740058)",Family Life Bldg
1790884517.800005,14328,"(-111.8114783, 41.7399241)",in_transit
1790884528.0537586,14328,"(-111.8137351, 41.7389923)",in_transit
1790884538.306039,14328,"(-111.815468, 41.7386673)",in_transit
1790884548.6055708,14328,"(-111.8184356, 41.7388596)",in_transit
1790884558.858921,14328,"(-111.819255, 41.7388753)",in_transit
1790884569.1188643,14328,"(-111.8193168, 41.7393293)",in_transit
1790884579.3808165,14328,"(-111.8192585, 41.7403776)",in_transit
1790884589.6477714,14328,"(-111.8191436, 41.7405965)",in_transit
1790884599.9133508,14328,"(-111.8177446, 41.7406325)",670 E 500 N
1790884610.1640737,14328,"(-111.8176885, 41.7406326)",670 E 500 N
1790884620.4259868,14328,"(-111.8177025, 41.7406348)",670 E 500 N
1790884630.709432,14328,"(-111.8171881, 41.740644)",in_transit
1790884640.9739597,14328,"(-111.8169436, 41.7406396)",in_transit
1790884651.2257767,14328,"(-111.8167585, 41.7411663)",in_transit
1790884661.4840615,14328,"(-111.8167053, 41.742364)",in_transit
1790884671.732207,14328,"(-111.8166198, 41.7437228)",in_transit
1790884681.993147,14328,"(-111.8160081, 41.7444175)",in_transit
1790884692.253583,14328,"(-111.814866, 41.7444731)",in_transit
1790884702.5740962,14328,"(-111.8144963, 41.744449)",in_transit
1790884712.834803,14328,"(-111.8144963, 41.744449)",in_transit
1790884723.1386135,14328,"(-111.8140418, 41.7435076)",in_transit
1790884733.4073477,14328,"(-111.8140418, 41.7435076)",in_transit
1790884743.668342,14328,"(-111.8139715, 41.7437398)",Taggart Student Center
1790884753.9203734,14328,"(-111.8139631, 41.7437393)",Taggart Student Center
1790884764.1816106,14328,"(-111.8139565, 41.7437463)",Taggart Student Center
1790884774.4223266,14328,"(-111.8139493, 41.7437513)",Taggart Student Center
1790884784.6851478,14328,"(-111.8139456, 41.7437548)",Taggart Student Center
1790884794.9482365,14328,"(-111.8139405, 41.7437523)",Taggart Student Center
1790884805.2092352,14328,"(-111.8139341, 41.7437465)",Taggart Student Center
1790884815.4990432,14328,"(-111.8139275, 41.7437438)",Taggart Student Center
1790884825.7450428,14328,"(-111.8139173, 41.7437408)",Taggart Student Center
1790884836.0021567,14328,"(-111.813909, 41.7437371)",Taggart Student Center
1790884846.2790112,14328,"(-111.813903, 41.743732)",Taggart Student Center
1790884856.5355084,14328,"(-111.8139193, 41.7437503)",Taggart Student Center
1790884866.794851,14328,"(-111.8139158, 41.7437541)",Taggart Student Center
1790884877.053646,14328,"(-111.8139118, 41.7437611)",Taggart Student Center
1790884887.3411674,14328,"(-111.813916, 41.7437673)",Taggart Student Center
1790884897.5959773,14328,"(-111.814005, 41.7438236)",Taggart Student Center
1790884907.9092047,14328,"(-111.8141315, 41.7440105)",in_transit
1790884918.162094,14328,"(-111.8141131, 41.744195)",in_transit
1790884928.445717,14328,"(-111.8141046, 41.7443793)",in_transit
1790884938.7013683,14328,"(-111.8141046, 41.7443793)",in_transit
1790884948.9670796,14328,"(-111.8140876, 41.745024)",in_transit
1790884959.2854335,14328,"(-111.8140883, 41.7454948)",in_transit
1790884969.5908918,14328,"(-111.814062, 41.7463701)",in_transit
1790884979.866815,14328,"(-111.814008, 41.7479315)",in_transit
1790884990.1293983,14328,"(-111.8138293, 41.7495856)",in_transit
1790885000.3902788,14328,"(-111.813798, 41.749919)",in_transit
1790885010.6452553,14328,"(-111.813803, 41.7500143)",in_transit
1790885020.9370434,14328,"(-111.8137996, 41.7500433)",in_transit
1790885031.2040567,14328,"(-111.81356, 41.7501165)",in_transit
1790885041.507842,14328,"(-111.8131375, 41.7500763)",The Bull
1790885051.7538607,14328,"(-111.813143, 41.7500856)",The Bull
1790885062.0015938,14328,"(-111.8131398, 41.750079)",The Bull
1790885072.2447548,14328,"(-111.8125745, 41.750116)",in_transit
1790885082.5007188,14328,"(-111.8112611, 41.7501038)",in_transit
1790885092.8137903,14328,"(-111.8102455, 41.7500786)",in_transit
1790885103.0748894,14328,"(-111.808508, 41.75005)",in_transit
1790885113.3405478,14328,"(-111.8071903, 41.7500276)",in_transit
1790885123.6046298,14328,"(-111.8057355, 41.7499701)",Logan Cemetery
1790885133.8727334,14328,"(-111.8056525, 41.7499663)",in_transit
1790885144.1362321,14328,"(-111.8056548, 41.7499656)",in_transit
1790885154.401219,14328,"(-111.8056535, 41.7499638)",in_transit
1790885164.6887553,14328,"(-111.8050951, 41.7499918)",in_transit
1790885174.9376853,14328,"(-111.8048521, 41.7499856)",in_transit
1790885185.1881292,14328,"(-111.80451, 41.7495373)",in_transit
1790885195.4510672,14328,"(-111.8043076, 41.7492845)",in_transit
1790885205.7148247,14328,"(-111.8034461, 41.749306)",in_transit
1790885215.9986148,14328,"(-111.802646, 41.7493151)",in_transit
1790885226.249379,14328,"(-111.802078, 41.7493203)",in_transit
1790885236.515401,14328,"(-111.8018381, 41.7494233)",in_transit
1790885246.7883701,14328,"(-111.8019446, 41.7495678)",Lundstrum
1790885257.0361385,14328,"(-111.8019486, 41.7495898)",Lundstrum
1790885267.2940433,14328,"(-111.8019495, 41.7495983)",Lundstrum
1790885277.5653586,14328,"(-111.8019496, 41.7495926)",Lundstrum
1790885287.8305762,14328,"(-111.8024235, 41.7494418)",in_transit
1790885298.1328814,14328,"(-111.802973, 41.7493581)",in_transit
1790885308.405126,14328,"(-111.8038066, 41.7493615)",in_transit
1790885318.6569526,14328,"(-111.80428, 41.749505)",in_transit
1790885328.9219725,14328,"(-111.8043848, 41.749744)",in_transit
1790885339.1750202,14328,"(-111.8046525, 41.7500478)",in_transit
1790885349.4483778,14328,"(-111.8045053, 41.7494975)",in_transit
1790885359.7018743,14328,"(-111.8044093, 41.7490396)",in_transit
1790885369.9635415,14328,"(-111.8043778, 41.7483955)",in_transit
1790885380.226257,14328,"(-111.8043915, 41.7475865)",in_transit
1790885390.4964716,14328,"(-111.804441, 41.7466581)",in_transit
1790885400.7709167,14328,"(-111.8044133, 41.7463233)",in_transit
1790885411.0213652,14328,"(-111.804358, 41.7453781)",in_transit
1790885421.3032248,14328,"(-111.8043461, 41.7445823)",in_transit
1790885431.5544913,14328,"(-111.8043461, 41.7445823)",in_transit
1790885441.8098211,14328,"(-111.8043303, 41.7444398)",in_transit
1790885452.0604742,14328,"(-111.8043176, 41.7444413)",in_transit
1790885462.3301685,14328,"(-111.8043281, 41.7436941)",in_transit
1790885472.5775075,14328,"(-111.8043328, 41.743446)",Fine Arts Bldg
1790885482.8333728,14328,"(-111.8043283, 41.7432821)",in_transit
1790885493.0835502,14328,"(-111.8043378, 41.7432891)",in_transit
1790885503.3673851,14328,"(-111.8043291, 41.7430983)",in_transit
1790885513.6310241,14328,"(-111.8043086, 41.7429153)",in_transit
1790885523.9002142,14328,"(-111.8042648, 41.742799)",in_transit
1790885534.1638587,14328,"(-111.8042566, 41.7427931)",in_transit
1790885544.416983,14328,"(-111.8044116, 41.7425298)",in_transit
1790885554.676856,14328,"(-111.806326, 41.741421)",in_transit
1790885565.0168824,14328,"(-111.8079191, 41.7407978)",in_transit
1790885575.295455,14328,"(-111.8101798, 41.7402866)",in_transit
1790885585.5519207,14328,"(-111.8111205, 41.7400748)",Family Life Bldg
1790885595.8179436,14328,"(-111.8112518, 41.7400335)",Family Life Bldg
1790885606.0687263,14328,"(-111.811253, 41.740033)",Family Life Bldg
1790885616.3428054,14328,"(-111.8112468, 41.7400393)",Family Life Bldg
1790885626.6003566,14328,"(-111.8123623, 41.7395493)",in_transit
1790885636.862674,14328,"(-111.8144201, 41.7387508)",in_transit
1790885647.1586528,14328,"(-111.8160073, 41.7387131)",in_transit
1790885657.416586,14328,"(-111.8160073, 41.7387131)",in_transit
1790885667.7216208,14328,"(-111.8188275, 41.7388641)",in_transit
1790885677.9927166,14328,"(-111.818992, 41.7388718)",in_transit
1790885688.2590392,14328,"(-111.8189925, 41.7388728)",in_transit
1790885698.535344,14328,"(-111.8189981, 41.7388653)",in_transit
1790885708.8154385,14328,"(-111.819338, 41.7390551)",in_transit
1790885719.077084,14328,"(-111.8193125, 41.7397848)",in_transit
1790885729.3943143,14328,"(-111.819283, 41.7401361)",in_transit
1790885739.6624837,14328,"(-111.8188655, 41.740666)",in_transit
1790885749.919936,14328,"(-111.8179406, 41.7406265)",in_transit
1790885760.1990645,14328,"(-111.8176718, 41.7406035)",670 E 500 N
1790885770.4677563,14328,"(-111.8176791, 41.7405931)",670 E 500 N
1790885780.7279704,14328,"(-111.8176793, 41.7405976)",670 E 500 N
1790885791.0120413,14328,"(-111.8176835, 41.7406183)",670 E 500 N
1790885801.2753549,14328,"(-111.8174266, 41.7406558)",in_transit
1790885811.531438,14328,"(-111.8169281, 41.7406365)",in_transit
1790885821.7873328,14328,"(-111.816742, 41.741258)",in_transit
1790885832.048597,14328,"(-111.8166871, 41.7425653)",in_transit
1790885842.3239226,14328,"(-111.8166363, 41.7435533)",in_transit
1790885852.5816593,14328,"(-111.8157001, 41.7444608)",in_transit
1790885862.8626876,14328,"(-111.8146286, 41.7444371)",in_transit
1790885873.1249602,14328,"(-111.814381, 41.7444295)",in_transit
1790885883.4445143,14328,"(-111.814325, 41.7444308)",in_transit
1790885893.6999412,14328,"(-111.8143345, 41.744436)",in_transit
1790885903.956627,14328,"(-111.8143343, 41.7444415)",in_transit
1790885914.2428539,14328,"(-111.8142023, 41.7438388)",in_transit
1790885924.5613222,14328,"(-111.814301, 41.7436548)",in_transit
1790885934.8178093,14328,"(-111.8142303, 41.7434768)",in_transit
1790885945.1188707,14328,"(-111.8142125, 41.7434653)",in_transit
1790885955.3696136,14328,"(-111.8141915, 41.7434683)",in_transit
1790885965.6714072,14328,"(-111.8141508, 41.7434651)",in_transit
1790885975.9721413,14328,"(-111.8140973, 41.7434491)",in_transit
1790885986.2315106,14328,"(-111.8139543, 41.7436256)",Taggart Student Center
1790885996.4872186,14328,"(-111.814162, 41.7439911)",in_transit
1790886006.76144,14328,"(-111.8141385, 41.7441716)",in_transit
1790886017.021336,14328,"(-111.8140793, 41.7448458)",in_transit
1790886027.2767236,14328,"(-111.8140438, 41.745794)",in_transit
1790886037.5360034,14328,"(-111.8140513, 41.745982)",in_transit
1790886047.786581,14328,"(-111.814024, 41.7468848)",in_transit
1790886058.0691578,14328,"(-111.8139961, 41.747825)",in_transit
1790886068.3309736,14328,"(-111.813893, 41.7491665)",in_transit
1790886078.6031566,14328,"(-111.8137848, 41.7497871)",in_transit
1790886088.8670166,14328,"(-111.8135243, 41.7500816)",in_transit
1790886099.1397493,14328,"(-111.8131603, 41.7500545)",The Bull
1790886109.4364765,14328,"(-111.8131676, 41.7500533)",The Bull
1790886119.6922116,14328,"(-111.8131073, 41.7500643)",The Bull
1790886129.949558,14328,"(-111.8124711, 41.7501003)",in_transit
1790886140.2133007,14328,"(-111.8110315, 41.750088)",in_transit
1790886150.4693074,14328,"(-111.8100133, 41.7500735)",in_transit
1790886160.7350736,14328,"(-111.8082123, 41.7500388)",in_transit
1790886170.9821012,14328,"(-111.8063445, 41.7499825)",in_transit
1790886181.2375073,14328,"(-111.8056753, 41.7499513)",in_transit
1790886191.5052326,14328,"(-111.8056201, 41.7499546)",in_transit
1790886201.778129,14328,"(-111.8056145, 41.7499631)",in_transit
1790886212.052834,14328,"(-111.8055168, 41.749985)",in_transit
1790886222.3098674,14328,"(-111.8048936, 41.7499781)",in_transit
1790886232.5540032,14328,"(-111.8044943, 41.7495065)",in_transit
1790886242.8281043,14328,"(-111.8042845, 41.7492843)",in_transit
1790886253.0920358,14328,"(-111.8032885, 41.749298)",in_transit
1790886263.3369067,14328,"(-111.8020201, 41.7493066)",in_transit
1790886273.6111548,14328,"(-111.8018428, 41.7494903)",in_transit
1790886283.897919,14328,"(-111.8021116, 41.7496053)",Lundstrum
1790886294.1493027,14328,"(-111.802113, 41.7496221)",Lundstrum
1790886304.408679,14328,"(-111.802113, 41.7496221)",Lundstrum
1790886314.673287,14328,"(-111.802113, 41.7496221)",Lundstrum
1790886324.9260292,14328,"(-111.8021056, 41.7496505)",Lundstrum
1790886335.192139,14328,"(-111.8021178, 41.7496558)",Lundstrum
1790886345.4802802,14328,"(-111.8021528, 41.7496535)",Lundstrum
1790886355.819225,14328,"(-111.8023935, 41.7494716)",in_transit
1790886366.0708468,14328,"(-111.803376, 41.7493503)",in_transit
1790886376.3370152,14328,"(-111.8041113, 41.7493945)",in_transit
1790886386.5993886,14328,"(-111.8043566, 41.7500503)",in_transit
1790886396.8623145,14328,"(-111.804644, 41.7499135)",in_transit
1790886407.1199763,14328,"(-111.8045178, 41.7494748)",in_transit
1790886417.3864229,14328,"(-111.8044006, 41.7484748)",in_transit
1790886427.63605,14328,"(-111.8044006, 41.7484748)",in_transit
1790886437.8911028,14328,"(-111.8044325, 41.7466786)",in_transit
1790886448.1525266,14328,"(-111.8044325, 41.7466786)",in_transit
1790886458.4175444,14328,"(-111.804338, 41.7454616)",in_transit
1790886468.7263029,14328,"(-111.8043135, 41.7445275)",in_transit
1790886478.9794683,14328,"(-111.8043178, 41.7444826)",in_transit
1790886489.2311802,14328,"(-111.8043366, 41.7444778)",in_transit
1790886499.4949691,14328,"(-111.8043203, 41.7440368)",in_transit
1790886509.7781136,14328,"(-111.8043261, 41.743464)",Fine Arts Bldg
1790886520.0472941,14328,"(-111.804345, 41.743293)",in_transit
1790886530.3031073,14328,"(-111.8043561, 41.7432961)",in_transit
1790886540.556804,14328,"(-111.8043483, 41.7433023)",Fine Arts Bldg
1790886550.8187675,14328,"(-111.8043275, 41.7429501)",in_transit
1790886561.068604,14328,"(-111.8042875, 41.7428168)",in_transit
1790886571.3725114,14328,"(-111.8045546, 41.742478)",in_transit
1790886581.6311169,14328,"(-111.8061955, 41.741491)",in_transit
1790886591.905713,14328,"(-111.8075988, 41.7408648)",in_transit
1790886602.2250686,14328,"(-111.80974, 41.7403741)",in_transit
1790886612.4932685,14328,"(-111.8111851, 41.74004)",Family Life Bldg
1790886622.7611597,14328,"(-111.811263, 41.7400076)",Family Life Bldg
1790886633.0647357,14328,"(-111.8112555, 41.7400015)",Family Life Bldg
1790886643.3608105,14328,"(-111.8112471, 41.7400015)",Family Life Bldg
1790886653.6276245,14328,"(-111.8114938, 41.739867)",in_transit
1790886663.8981304,14328,"(-111.8118783, 41.7397138)",in_transit
1790886674.171829,14328,"(-111.814262, 41.7387716)",in_transit
1790886684.4334247,14328,"(-111.8149736, 41.7386463)",in_transit
1790886694.679667,14328,"(-111.8181191, 41.7388426)",in_transit
1790886704.928374,14328,"(-111.8190546, 41.7388611)",in_transit
1790886715.2332132,14328,"(-111.8192048, 41.7388711)",in_transit
1790886725.4822545,14328,"(-111.8192416, 41.7388681)",in_transit
1790886735.7511113,14328,"(-111.8193325, 41.7394895)",in_transit
1790886746.0115669,14328,"(-111.8192835, 41.7404621)",in_transit
1790886756.315345,14328,"(-111.818879, 41.7406821)",in_transit
1790886766.5694518,14328,"(-111.8179141, 41.7406338)",in_transit
1790886776.837328,14328,"(-111.8176876, 41.7406231)",670 E 500 N
1790886787.1438549,14328,"(-111.8176946, 41.740616)",670 E 500 N
1790886797.3950763,14328,"(-111.817164, 41.7406375)",in_transit
1790886807.671951,14328,"(-111.8169153, 41.7406435)",in_transit
1790886817.9387882,14328,"(-111.8169153, 41.7406435)",in_transit
1790886828.1776273,14328,"(-111.816748, 41.7420593)",in_transit
1790886838.4174309,14328,"(-111.8167008, 41.7434001)",in_transit
1790886848.6809464,14328,"(-111.8163765, 41.7441958)",in_transit
1790886858.942229,14328,"(-111.815542, 41.7444855)",in_transit
1790886869.1890984,14328,"(-111.8143966, 41.7444565)",in_transit
1790886879.4467149,14328,"(-111.8143403, 41.7444436)",in_transit
1790886889.7135036,14328,"(-111.8142258, 41.7442621)",in_transit
1790886899.9848979,14328,"(-111.81431, 41.7436028)",in_transit
1790886910.2437532,14328,"(-111.814066, 41.7435265)",in_transit
1790886920.5099497,14328,"(-111.8139988, 41.7436758)",Taggart Student Center
1790886930.8069086,14328,"(-111.8140048, 41.7436856)",Taggart Student Center
1790886941.0794477,14328,"(-111.8140153, 41.7437)",Taggart Student Center
1790886951.3470638,14328,"(-111.8140138, 41.743704)",Taggart Student Center
1790886961.617546,14328,"(-111.8140096, 41.7436993)",Taggart Student Center
1790887957.4911394,14328,"(-111.814393, 41.7444655)",in_transit
1790887967.758968,14328,"(-111.8143058, 41.7444486)",in_transit
1790887978.0273178,14328,"(-111.8142571, 41.7444416)",in_transit
1790887988.2771378,14328,"(-111.8142123, 41.7440721)",in_transit
1790887998.5287554,14328,"(-111.8143086, 41.7436631)",in_transit
1790888008.7831218,14328,"(-111.8140661, 41.7435216)",in_transit
1790888019.0913723,14328,"(-111.8140661, 41.7435216)",in_transit
1790888029.3590097,14328,"(-111.8140911, 41.7438351)",in_transit
1790888039.6209128,14328,"(-111.814094, 41.7438301)",in_transit
1790888049.8772564,14328,"(-111.8140813, 41.7438226)",Taggart Student Center
1790888060.1246793,14328,"(-111.8140611, 41.743821)",Taggart Student Center
1790888070.3786354,14328,"(-111.8140541, 41.7438236)",Taggart Student Center
1790888080.676562,14328,"(-111.8140733, 41.7438243)",Taggart Student Center
1790888090.928165,14328,"(-111.8140861, 41.7438306)",in_transit
1790888101.210508,14328,"(-111.8140803, 41.7438173)",Taggart Student Center
1790888111.4725044,14328,"(-111.8140586, 41.7438046)",Taggart Student Center
1790888121.7435203,14328,"(-111.8141145, 41.743817)",in_transit
1790888132.0214903,14328,"(-111.8141323, 41.74419)",in_transit
1790888142.286907,14328,"(-111.8141438, 41.7443208)",in_transit
1790888152.5369651,14328,"(-111.8141353, 41.7446953)",in_transit
1790888162.7823088,14328,"(-111.8141111, 41.7457488)",in_transit
1790888173.0501993,14328,"(-111.8140851, 41.7465025)",in_transit
1790888183.3110626,14328,"(-111.814011, 41.748071)",in_transit
1790888193.5986745,14328,"(-111.813856, 41.7494076)",in_transit
1790888203.8512175,14328,"(-111.8138118, 41.7499345)",in_transit
1790888214.1097107,14328,"(-111.8133955, 41.750078)",The Bull
1790888224.3646157,14328,"(-111.8131795, 41.7500663)",The Bull
1790888234.620708,14328,"(-111.8131941, 41.7500653)",The Bull
1790888244.9132702,14328,"(-111.8131921, 41.7500696)",The Bull
1790888255.1750097,14328,"(-111.8131588, 41.7500803)",The Bull
1790888265.470445,14328,"(-111.812266, 41.7501186)",in_transit
1790888275.7126825,14328,"(-111.8113563, 41.750108)",in_transit
1790888285.9795337,14328,"(-111.8098818, 41.750069)",in_transit
1790888296.2317681,14328,"(-111.8087626, 41.7500416)",in_transit
1790888306.5189188,14328,"(-111.8068806, 41.7499988)",in_transit
1790888316.7838886,14328,"(-111.8058868, 41.7499565)",Logan Cemetery
1790888327.0486965,14328,"(-111.8056735, 41.7499535)",in_transit
1790888337.3003178,14328,"(-111.805675, 41.74995)",in_transit
1790888347.5603838,14328,"(-111.805672, 41.7499455)",in_transit
1790888357.8328826,14328,"(-111.8056706, 41.7499511)",in_transit
1790888368.0943604,14328,"(-111.8051681, 41.749985)",in_transit
1790888378.345552,14328,"(-111.8049216, 41.7499876)",in_transit
1790888388.6047192,14328,"(-111.8045231, 41.7497683)",in_transit
1790888398.8621552,14328,"(-111.8045035, 41.7495278)",in_transit
1790888409.1606395,14328,"(-111.8038068, 41.7492986)",in_transit
1790888419.4203494,14328,"(-111.8023231, 41.7493248)",in_transit
1790888429.6773064,14328,"(-111.8020033, 41.7493265)",in_transit
1790888439.9667256,14328,"(-111.8021088, 41.7496173)",Lundstrum
1790888450.232978,14328,"(-111.8021278, 41.74963)",Lundstrum
1790888460.5228577,14328,"(-111.8021278, 41.7496371)",Lundstrum
1790888470.773054,14328,"(-111.8021305, 41.7496401)",Lundstrum
1790888481.034542,14328,"(-111.8021298, 41.7496398)",Lundstrum
1790888491.2853184,14328,"(-111.8021266, 41.7496333)",Lundstrum
1790888501.5494618,14328,"(-111.8021181, 41.7496228)",Lundstrum
1790888511.800151,14328,"(-111.802179, 41.749602)",Lundstrum
1790888522.1019592,14328,"(-111.8024153, 41.7494213)",in_transit
1790888532.3915374,14328,"(-111.8032846, 41.7493346)",in_transit
1790888542.660001,14328,"(-111.803934, 41.7493458)",in_transit
1790888552.9149175,14328,"(-111.8041716, 41.7494)",in_transit
1790888563.1698403,14328,"(-111.8041783, 41.7494078)",in_transit
1790888573.4235115,14328,"(-111.8043551, 41.750036)",in_transit
1790888583.7243094,14328,"(-111.8046395, 41.7499105)",in_transit
1790888593.9855793,14328,"(-111.80453, 41.7494553)",in_transit
1790888604.2543104,14328,"(-111.8044208, 41.7484975)",in_transit
1790888614.5050998,14328,"(-111.8044143, 41.7476835)",in_transit
1790888624.7583482,14328,"(-111.8044043, 41.746798)",in_transit
1790888635.012528,14328,"(-111.8044175, 41.7467278)",in_transit
1790888645.3203874,14328,"(-111.8044275, 41.746354)",in_transit
1790888655.5803363,14328,"(-111.8043743, 41.7456738)",in_transit
1790888665.8452275,14328,"(-111.8043648, 41.744865)",in_transit
1790888676.0997462,14328,"(-111.8043648, 41.744865)",in_transit
1790888686.406843,14328,"(-111.8043623, 41.7444746)",in_transit
1790888696.6676,14328,"(-111.8043615, 41.7444708)",in_transit
1790888706.9263449,14328,"(-111.8043628, 41.7436895)",in_transit
1790888717.2418585,14328,"(-111.8043566, 41.7434613)",Fine Arts Bldg
1790888727.5031035,14328,"(-111.8043578, 41.7432878)",in_transit
1790888737.754683,14328,"(-111.8043585, 41.743281)",in_transit
1790888748.0415862,14328,"(-111.8043535, 41.7430863)",in_transit
1790888758.3079662,14328,"(-111.8043281, 41.742893)",in_transit
1790888768.5512211,14328,"(-111.8043013, 41.742811)",in_transit
1790888778.8304136,14328,"(-111.8042973, 41.7428085)",in_transit
1790888789.089505,14328,"(-111.8043015, 41.7427971)",in_transit
1790888799.3684297,14328,"(-111.8043026, 41.742768)",in_transit
1790888809.640386,14328,"(-111.8042885, 41.742718)",in_transit
1790888819.8995266,14328,"(-111.8044373, 41.7425291)",in_transit
1790888830.1584864,14328,"(-111.806264, 41.7414415)",in_transit
1790888840.4329507,14328,"(-111.8069948, 41.741071)",in_transit
1790888850.6907144,14328,"(-111.8069948, 41.741071)",in_transit
1790888860.968177,14328,"(-111.8110288, 41.7400875)",Family Life Bldg
1790888871.241366,14328,"(-111.8112446, 41.7400136)",Family Life Bldg
1790888881.497501,14328,"(-111.8112491, 41.7400123)",Family Life Bldg
1790888891.7553945,14328,"(-111.8112543, 41.7400136)",Family Life Bldg
1790888902.0034957,14328,"(-111.81126, 41.7400121)",Family Life Bldg
1790888912.3077397,14328,"(-111.8112613, 41.74001)",Family Life Bldg
1790888922.5664883,14328,"(-111.8112611, 41.7400055)",Family Life Bldg
1790888932.8296661,14328,"(-111.8112615, 41.7400015)",Family Life Bldg
1790888943.0949159,14328,"(-111.8112648, 41.7400038)",Family Life Bldg
1790888953.36356,14328,"(-111.8112736, 41.7400143)",Family Life Bldg
1790888963.6303434,14328,"(-111.8112893, 41.7399983)",Family Life Bldg
1790888973.896791,14328,"(-111.811941, 41.739707)",in_transit
1790888984.1519392,14328,"(-111.8131266, 41.7392263)",in_transit
1790888994.4692976,14328,"(-111.8151493, 41.7386396)",in_transit
1790889004.7920184,14328,"(-111.8170853, 41.7388226)",in_transit
1790889015.0797594,14328,"(-111.8182395, 41.7388391)",in_transit
1790889025.3435981,14328,"(-111.8188251, 41.7388448)",in_transit
1790889035.6288395,14328,"(-111.8193115, 41.738874)",in_transit
1790889045.897347,14328,"(-111.8193315, 41.7396171)",in_transit
1790889056.15501,14328,"(-111.8192783, 41.740446)",in_transit
1790889066.413669,14328,"(-111.8188101, 41.7406576)",in_transit
1790889076.6917014,14328,"(-111.8178875, 41.7406275)",in_transit
1790889086.961723,14328,"(-111.8177095, 41.740621)",670 E 500 N
1790889097.2246683,14328,"(-111.8177056, 41.740623)",670 E 500 N
1790889107.4869065,14328,"(-111.8177053, 41.7406246)",670 E 500 N
1790889117.7372522,14328,"(-111.817697, 41.7406241)",670 E 500 N
1790889128.018109,14328,"(-111.8177113, 41.7406348)",670 E 500 N
1790889138.2925248,14328,"(-111.8174685, 41.74066)",in_transit
1790889148.5677257,14328,"(-111.8169863, 41.740648)",in_transit
1790889158.8225076,14328,"(-111.8167681, 41.7408383)",in_transit
1790889169.1138315,14328,"(-111.8167255, 41.7415951)",in_transit
1790889179.374617,14328,"(-111.8166945, 41.7428838)",in_transit
1790889189.6390684,14328,"(-111.8166148, 41.743777)",in_transit
1790889199.923166,14328,"(-111.8155563, 41.74447)",in_transit
1790889210.1834948,14328,"(-111.8145818, 41.7444498)",in_transit
1790889220.4306073,14328,"(-111.8143838, 41.7444586)",in_transit
1790889230.688328,14328,"(-111.8143836, 41.744463)",in_transit
1790889240.952724,14328,"(-111.8143625, 41.7444621)",in_transit
1790889251.2188618,14328,"(-111.8142245, 41.7443803)",in_transit
1790889261.4691439,14328,"(-111.81419, 41.743858)",in_transit
1790889271.741833,14328,"(-111.8142286, 41.7434866)",in_transit
1790889282.041915,14328,"(-111.8142286, 41.7434866)",in_transit
1790889292.3053873,14328,"(-111.8139998, 41.7436308)",Taggart Student Center
1790889302.5605743,14328,"(-111.8140031, 41.743629)",Taggart Student Center
1790889312.8186362,14328,"(-111.8140116, 41.743635)",Taggart Student Center
1790889323.0859408,14328,"(-111.8140106, 41.743635)",Taggart Student Center
1790889333.3388846,14328,"(-111.8139958, 41.7436348)",Taggart Student Center
1790889343.604127,14328,"(-111.8139958, 41.7436348)",Taggart Student Center
1790889353.8537555,14328,"(-111.8139958, 41.7436348)",Taggart Student Center
1790889364.1058857,14328,"(-111.8139958, 41.7436348)",Taggart Student Center
1790889374.360168,14328,"(-111.8139958, 41.7436348)",Taggart Student Center
1790889384.6193306,14328,"(-111.8139438, 41.7436491)",Taggart Student Center
1790889394.9260123,14328,"(-111.8139346, 41.7436483)",Taggart Student Center
1790889405.1824875,14328,"(-111.813932, 41.7436503)",Taggart Student Center
1790889415.4333396,14328,"(-111.8139601, 41.7436833)",Taggart Student Center
1790889425.7231307,14328,"(-111.8141453, 41.7440338)",in_transit
1790889435.9902227,14328,"(-111.814063, 41.7448086)",in_transit
1790889446.2452874,14328,"(-111.814047, 41.745985)",in_transit
1790889456.5113118,14328,"(-111.8140193, 41.7469258)",in_transit
1790889466.791069,14328,"(-111.813939, 41.7484881)",in_transit
1790889477.057248,14328,"(-111.813854, 41.7494035)",in_transit
1790889487.3238046,14328,"(-111.8137898, 41.7499901)",in_transit
1790889497.5862858,14328,"(-111.8137623, 41.7500233)",in_transit
1790889507.8567052,14328,"(-111.8133255, 41.7500776)",The Bull
1790889518.1222339,14328,"(-111.8131815, 41.7500891)",The Bull
1790889528.374363,14328,"(-111.8131833, 41.7500971)",The Bull
1790889538.6857948,14328,"(-111.8131788, 41.7501)",The Bull
1790889548.997597,14328,"(-111.8122436, 41.7501316)",in_transit
1790889559.2492971,14328,"(-111.8112923, 41.7501113)",in_transit
1790889569.5378168,14328,"(-111.8098078, 41.7500811)",in_transit
1790889579.7895358,14328,"(-111.808648, 41.7500603)",in_transit
1790889590.0609503,14328,"(-111.8067095, 41.7500115)",in_transit
1790889600.327826,14328,"(-111.805808, 41.7499645)",Logan Cemetery
1790889610.5939207,14328,"(-111.8056888, 41.7499495)",Logan Cemetery
1790889620.8575656,14328,"(-111.8056746, 41.7499496)",in_transit
1790889631.1202219,14328,"(-111.804739, 41.7499455)",in_transit
1790889641.3905602,14328,"(-111.8045206, 41.7495065)",in_transit
1790889651.642768,14328,"(-111.8038526, 41.7493013)",in_transit
1790889661.9493005,14328,"(-111.8027711, 41.7493115)",in_transit
1790889672.2314882,14328,"(-111.8018693, 41.7493498)",in_transit
1790889682.488657,14328,"(-111.8018961, 41.7495336)",in_transit
1790889692.742729,14328,"(-111.8021221, 41.7496271)",Lundstrum
1790889703.0384228,14328,"(-111.8021248, 41.749632)",Lundstrum
1790889713.2965374,14328,"(-111.8021233, 41.749633)",Lundstrum
1790889723.5906196,14328,"(-111.8023938, 41.749486)",in_transit
1790889733.89033,14328,"(-111.803069, 41.7493378)",in_transit
1790889744.140569,14328,"(-111.804032, 41.749369)",in_transit
1790889754.411195,14328,"(-111.8043665, 41.7500175)",in_transit
1790889764.661436,14328,"(-111.8046508, 41.749902)",in_transit
1790889774.9315934,14328,"(-111.8045518, 41.749451)",in_transit
1790889785.1951094,14328,"(-111.8044258, 41.7483696)",in_transit
1790889795.460998,14328,"(-111.8043835, 41.7470141)",in_transit
1790889805.7253892,14328,"(-111.8045315, 41.7465596)",in_transit
1790889815.979764,14328,"(-111.8043768, 41.745582)",in_transit
1790889826.2741613,14328,"(-111.8043643, 41.7446778)",in_transit
1790889836.523498,14328,"(-111.8043471, 41.743458)",Fine Arts Bldg
1790889846.7983584,14328,"(-111.8043498, 41.7432921)",in_transit
1790889857.0457942,14328,"(-111.8043538, 41.7432826)",in_transit
1790889867.3318787,14328,"(-111.804322, 41.7426151)",in_transit
1790889877.5876005,14328,"(-111.805181, 41.7420916)",in_transit
1790889887.8468075,14328,"(-111.806284, 41.7414386)",in_transit
1790889898.1048174,14328,"(-111.808512, 41.740663)",in_transit
1790889908.3726585,14328,"(-111.810839, 41.74014)",in_transit
1790889918.6396408,14328,"(-111.8112246, 41.740042)",Family Life Bldg
1790889928.9013276,14328,"(-111.8112775, 41.740063)",Family Life Bldg
1790889939.17086,14328,"(-111.8112793, 41.740065)",Family Life Bldg
1790889949.4909263,14328,"(-111.8112706, 41.7400513)",Family Life Bldg
1790889959.7455122,14328,"(-111.8119628, 41.7397226)",in_transit
1790889970.0325236,14328,"(-111.8142416, 41.7388125)",in_transit
1790889980.2822874,14328,"(-111.8160595, 41.7387291)",in_transit
1790889990.5631595,14328,"(-111.8160595, 41.7387291)",in_transit
1790890000.8332539,14328,"(-111.81904, 41.738867)",in_transit
1790890011.0919511,14328,"(-111.819341, 41.7391005)",in_transit
1790890021.3507626,14328,"(-111.819273, 41.7404401)",in_transit
1790890031.6486378,14328,"(-111.8188045, 41.7406588)",in_transit
1790890041.9177585,14328,"(-111.8177606, 41.7406061)",670 E 500 N
1790890052.1784322,14328,"(-111.8176825, 41.7406036)",670 E 500 N
1790890062.4374864,14328,"(-111.8171016, 41.7406146)",in_transit
1790890072.7072392,14328,"(-111.8167271, 41.7408656)",in_transit
1790890082.9791632,14328,"(-111.8167178, 41.7422483)",in_transit
1790860622.3526652,14328,"(-111.814029, 41.7474673)",in_transit
1790860632.597279,14328,"(-111.813924, 41.7489433)",in_transit
1790860642.8928723,14328,"(-111.8138351, 41.74965)",in_transit
1790860653.2063394,14328,"(-111.8137948, 41.7500461)",in_transit
1790860663.4579391,14328,"(-111.8137925, 41.7500456)",in_transit
1790860673.7216175,14328,"(-111.8135463, 41.7500991)",in_transit
1790860683.9779596,14328,"(-111.8131883, 41.7500713)",The Bull
1790860694.2411585,14328,"(-111.8131841, 41.7500658)",The Bull
1790860704.5455723,14328,"(-111.8130751, 41.7500733)",in_transit
1790860714.8139122,14328,"(-111.8119491, 41.7500968)",in_transit
1790860725.0700977,14328,"(-111.81093, 41.7500823)",in_transit
1790860735.3366625,14328,"(-111.8092806, 41.7500546)",in_transit
1790860745.602998,14328,"(-111.8079655, 41.75003)",in_transit
1790860755.8541281,14328,"(-111.8060931, 41.7499718)",in_transit
1790860766.130301,14328,"(-111.8057633, 41.7499618)",Logan Cemetery
1790860776.412879,14328,"(-111.805682, 41.7499671)",Logan Cemetery
1790860786.7306292,14328,"(-111.804876, 41.7499886)",in_transit
1790860797.0466619,14328,"(-111.804507, 41.7497396)",in_transit
1790860807.343445,14328,"(-111.8045406, 41.749453)",in_transit
1790860817.6036782,14328,"(-111.8040218, 41.7492968)",in_transit
1790860827.8710048,14328,"(-111.8031468, 41.7493065)",in_transit
1790860838.1271026,14328,"(-111.8018745, 41.7493256)",in_transit
1790860848.3868828,14328,"(-111.8018638, 41.7495085)",in_transit
1790860858.643675,14328,"(-111.8021043, 41.7496236)",Lundstrum
1790860868.9371347,14328,"(-111.802097, 41.7496178)",Lundstrum
1790860879.198096,14328,"(-111.8020998, 41.7496208)",Lundstrum
1790860889.4649823,14328,"(-111.8022888, 41.7495528)",in_transit
1790860899.7463403,14328,"(-111.8024341, 41.749412)",in_transit
1790860909.995482,14328,"(-111.8024421, 41.7493945)",in_transit
1790860920.241905,14328,"(-111.802991, 41.7493233)",in_transit
1790860930.5069964,14328,"(-111.8041758, 41.7493953)",in_transit
1790860940.7781916,14328,"(-111.8043921, 41.7498113)",in_transit
1790860951.0383413,14328,"(-111.8046496, 41.7499163)",in_transit
1790860961.30859,14328,"(-111.8044826, 41.749547)",in_transit
1790860971.5686553,14328,"(-111.8044118, 41.7488878)",in_transit
1790860981.8259902,14328,"(-111.8044008, 41.7480225)",in_transit
1790860992.0846758,14328,"(-111.8043775, 41.7467726)",in_transit
1790861002.3402047,14328,"(-111.8044165, 41.7463453)",in_transit
1790861022.8767188,14328,"(-111.8043435, 41.7445771)",in_transit
1790861033.174489,14328,"(-111.804343, 41.7444553)",in_transit
1790861043.4285316,14328,"(-111.804341, 41.744034)",in_transit
1790861053.735494,14328,"(-111.8043325, 41.7434311)",Fine Arts Bldg
1790861063.9998562,14328,"(-111.804344, 41.743238)",in_transit
1790861074.2757668,14328,"(-111.8043376, 41.7432316)",in_transit
1790861084.5358946,14328,"(-111.8043181, 41.7430571)",in_transit
1790861094.7838144,14328,"(-111.8042876, 41.7428618)",in_transit
1790861105.0448937,14328,"(-111.8044675, 41.7424896)",in_transit
1790861115.3120484,14328,"(-111.8056443, 41.7417973)",in_transit
1790861125.5751677,14328,"(-111.8078836, 41.7407836)",in_transit
1790861135.8451624,14328,"(-111.810221, 41.740263)",in_transit
1790861146.099003,14328,"(-111.8111501, 41.7400546)",Family Life Bldg
1790861156.3619378,14328,"(-111.8112685, 41.7400233)",Family Life Bldg
1790861166.6194174,14328,"(-111.8112838, 41.7400235)",Family Life Bldg
1790861176.946605,14328,"(-111.8113496, 41.7399818)",in_transit
1790861187.193059,14328,"(-111.8118405, 41.7397548)",in_transit
1790861197.4500346,14328,"(-111.8131225, 41.7392326)",in_transit
1790861207.7460716,14328,"(-111.8155841, 41.7386493)",in_transit
1790861218.017298,14328,"(-111.8171616, 41.7388183)",in_transit
1790861228.278971,14328,"(-111.8189705, 41.7388375)",in_transit
1790861238.5451431,14328,"(-111.819326, 41.7394453)",in_transit
1790861248.8096628,14328,"(-111.8192888, 41.7403231)",in_transit
1790861259.0613565,14328,"(-111.8189051, 41.7406768)",in_transit
1790861269.3381393,14328,"(-111.817772, 41.7406215)",670 E 500 N
1790861279.6008644,14328,"(-111.8176693, 41.740626)",670 E 500 N
1790861289.8565533,14328,"(-111.817121, 41.740642)",in_transit
1790861300.1918635,14328,"(-111.8167408, 41.7408466)",in_transit
1790861310.4645793,14328,"(-111.8167251, 41.7418413)",in_transit
1790861320.7333736,14328,"(-111.8166785, 41.7433173)",in_transit
1790861330.9930735,14328,"(-111.816356, 41.7441938)",in_transit
1790861341.2839298,14328,"(-111.816356, 41.7441938)",in_transit
1790861351.5406263,14328,"(-111.814372, 41.7444455)",in_transit
1790861361.7918367,14328,"(-111.8141816, 41.7438716)",in_transit
1790861372.0614593,14328,"(-111.8140711, 41.7434813)",in_transit
1790861382.3166218,14328,"(-111.8140711, 41.7434813)",in_transit
1790861392.5623024,14328,"(-111.8139878, 41.743736)",Taggart Student Center
1790861402.8147287,14328,"(-111.814002, 41.743755)",Taggart Student Center
1790861413.077899,14328,"(-111.8140456, 41.7437925)",Taggart Student Center
1790861423.3473337,14328,"(-111.8141078, 41.7441958)",in_transit
1790861433.6080215,14328,"(-111.8141156, 41.7443418)",in_transit
1790861443.8722665,14328,"(-111.8141141, 41.7443413)",in_transit
1790861454.1374779,14328,"(-111.8141031, 41.7451888)",in_transit
1790861464.388013,14328,"(-111.8140435, 41.7468225)",in_transit
1790861474.6465516,14328,"(-111.8139965, 41.74794)",in_transit
1790861484.926197,14328,"(-111.8138598, 41.7494226)",in_transit
1790861495.2410703,14328,"(-111.8137905, 41.7500303)",in_transit
1790861505.5167572,14328,"(-111.8135383, 41.7500983)",in_transit
1790861515.76717,14328,"(-111.8129293, 41.7500793)",in_transit
1790861526.029835,14328,"(-111.811597, 41.7500911)",in_transit
1790861536.3244407,14328,"(-111.8105021, 41.750078)",in_transit
1790861546.5947006,14328,"(-111.8086631, 41.7500446)",in_transit
1790861556.8663814,14328,"(-111.807217, 41.7500196)",in_transit
1790861567.1253486,14328,"(-111.8057618, 41.7499518)",Logan Cemetery
1790861577.3835986,14328,"(-111.8052008, 41.7499748)",in_transit
1790861587.676877,14328,"(-111.804544, 41.7498296)",in_transit
1790861597.9414914,14328,"(-111.8041985, 41.7492903)",in_transit
1790861608.2294438,14328,"(-111.8028025, 41.7493056)",in_transit
1790861618.481747,14328,"(-111.8018946, 41.749329)",in_transit
1790861628.7487938,14328,"(-111.801865, 41.7495111)",in_transit
1790861639.0475447,14328,"(-111.8020906, 41.749626)",Lundstrum
1790861649.3388913,14328,"(-111.8023485, 41.7495255)",in_transit
1790861659.5855687,14328,"(-111.8028836, 41.7493501)",in_transit
1790861669.838766,14328,"(-111.8039226, 41.7493516)",in_transit
1790861680.0918832,14328,"(-111.8041645, 41.7494093)",in_transit
1790861690.3396485,14328,"(-111.8043638, 41.7498701)",in_transit
1790861700.6117942,14328,"(-111.8046153, 41.749885)",in_transit
1790861710.881865,14328,"(-111.804425, 41.7491326)",in_transit
1790861721.17128,14328,"(-111.8044035, 41.7480351)",in_transit
1790861731.4493155,14328,"(-111.8043845, 41.7470471)",in_transit
1790861741.700993,14328,"(-111.8045015, 41.7464438)",in_transit
1790861751.9949605,14328,"(-111.8043611, 41.7454331)",in_transit
1790861762.269029,14328,"(-111.804345, 41.7446368)",in_transit
1790861772.531914,14328,"(-111.8043428, 41.7442728)",in_transit
1790861782.7926404,14328,"(-111.8043251, 41.743461)",Fine Arts Bldg
1790861793.0455198,14328,"(-111.804352, 41.7433035)",Fine Arts Bldg
1790861803.301325,14328,"(-111.8043441, 41.7432568)",in_transit
1790861813.5692992,14328,"(-111.8042988, 41.7428266)",in_transit
1790861823.8341784,14328,"(-111.804278, 41.7427896)",in_transit
1790861834.087063,14328,"(-111.8042618, 41.7427551)",in_transit
1790861844.3434637,14328,"(-111.8051313, 41.742125)",in_transit
1790861854.6014612,14328,"(-111.8071718, 41.7410221)",in_transit
1790861864.8698463,14328,"(-111.8096211, 41.7404135)",in_transit
1790861875.127978,14328,"(-111.8109546, 41.7401071)",Family Life Bldg
1790861885.388961,14328,"(-111.8112426, 41.7400208)",Family Life Bldg
1790861895.6472042,14328,"(-111.8112506, 41.7400161)",Family Life Bldg
1790861905.9111283,14328,"(-111.8115103, 41.7398778)",in_transit
1790861916.1658292,14328,"(-111.8115103, 41.7398778)",in_transit
1790861926.4590578,14328,"(-111.8155991, 41.7386488)",in_transit
1790861936.72719,14328,"(-111.8173871, 41.738833)",in_transit
1790861946.9806607,14328,"(-111.8189413, 41.7388681)",in_transit
1790861957.2567148,14328,"(-111.8193181, 41.7396686)",in_transit
1790861967.5460925,14328,"(-111.8192468, 41.7404951)",in_transit
1790861977.8117764,14328,"(-111.8180525, 41.740652)",in_transit
1790861988.0735006,14328,"(-111.8177498, 41.7406226)",670 E 500 N
1790861998.330283,14328,"(-111.8176685, 41.740626)",670 E 500 N
1790862008.5996177,14328,"(-111.817657, 41.7406285)",670 E 500 N
1790862018.8609972,14328,"(-111.8174008, 41.7406446)",in_transit
1790862029.10758,14328,"(-111.8168158, 41.7406496)",in_transit
1790862039.3646898,14328,"(-111.8167283, 41.7413243)",in_transit
1790862049.6266928,14328,"(-111.8166926, 41.7427093)",in_transit
1790862059.8884382,14328,"(-111.8166193, 41.7437236)",in_transit
1790862070.1452303,14328,"(-111.815423, 41.7444788)",in_transit
1790862080.4049094,14328,"(-111.8144258, 41.7444415)",in_transit
1790862090.6635978,14328,"(-111.8143553, 41.7444468)",in_transit
1790862100.9303918,14328,"(-111.8143578, 41.744458)",in_transit
1790862111.1907651,14328,"(-111.814271, 41.74445)",in_transit
1790862121.445252,14328,"(-111.81417, 41.7440006)",in_transit
1790862131.698926,14328,"(-111.8141756, 41.7438173)",in_transit
1790862141.9628747,14328,"(-111.8140285, 41.7435023)",in_transit
1790862152.2511227,14328,"(-111.8139805, 41.7436601)",Taggart Student Center
1790862162.5136619,14328,"(-111.8139718, 41.7437471)",Taggart Student Center
1790862172.7777011,14328,"(-111.8139715, 41.7437623)",Taggart Student Center
1790862183.034931,14328,"(-111.8139821, 41.7437598)",Taggart Student Center
1790862193.2820656,14328,"(-111.8139805, 41.7437708)",Taggart Student Center
1790862203.5467422,14328,"(-111.8139831, 41.7437783)",Taggart Student Center
1790862213.8105717,14328,"(-111.8139815, 41.7437785)",Taggart Student Center
1790862224.1033785,14328,"(-111.814153, 41.7439566)",in_transit
1790862234.371324,14328,"(-111.8140705, 41.7446933)",in_transit
1790862244.6405098,14328,"(-111.8140466, 41.74602)",in_transit
1790862254.9283118,14328,"(-111.8140173, 41.7471036)",in_transit
1790862265.1953144,14328,"(-111.8139205, 41.7487215)",in_transit
1790862275.4664285,14328,"(-111.813806, 41.7496188)",in_transit
1790862285.7121248,14328,"(-111.8137685, 41.7498793)",in_transit
1790862295.9687767,14328,"(-111.813781, 41.7500075)",in_transit
1790862306.2474298,14328,"(-111.8137275, 41.7500896)",in_transit
1790862316.5223289,14328,"(-111.8134721, 41.7500818)",in_transit
1790862326.8143716,14328,"(-111.81316, 41.7500651)",The Bull
1790862337.140646,14328,"(-111.8131613, 41.7500656)",The Bull
1790862347.403659,14328,"(-111.8127795, 41.7500916)",in_transit
1790862357.6828802,14328,"(-111.8114028, 41.7500981)",in_transit
1790862367.936876,14328,"(-111.8103403, 41.7500791)",in_transit
1790862378.1967268,14328,"(-111.8085315, 41.7500423)",in_transit
1790862388.466345,14328,"(-111.8071815, 41.7500215)",in_transit
1790862398.715395,14328,"(-111.8057668, 41.7499501)",Logan Cemetery
1790862408.9772239,14328,"(-111.8056615, 41.7499546)",in_transit
1790862419.2801294,14328,"(-111.8050195, 41.7499828)",in_transit
1790862429.5529032,14328,"(-111.804778, 41.7499723)",in_transit
1790862439.80315,14328,"(-111.80452, 41.749775)",in_transit
1790862450.064415,14328,"(-111.8045521, 41.7493633)",in_transit
1790862460.318034,14328,"(-111.803469, 41.7493061)",in_transit
1790862470.5815887,14328,"(-111.8019588, 41.7493265)",in_transit
1790862480.8485425,14328,"(-111.8018675, 41.7495135)",in_transit
1790862491.1111975,14328,"(-111.8020996, 41.7496181)",Lundstrum
1790862501.3652887,14328,"(-111.8021001, 41.7496163)",Lundstrum
1790862511.6649797,14328,"(-111.8023416, 41.7495028)",in_transit
1790862521.9238982,14328,"(-111.8025835, 41.749355)",in_transit
1790862532.1865034,14328,"(-111.8036565, 41.7493338)",in_transit
1790862542.4708786,14328,"(-111.80425, 41.749464)",in_transit
1790862552.7634606,14328,"(-111.8045713, 41.7501018)",in_transit
1790862563.0715432,14328,"(-111.8044993, 41.7497295)",in_transit
1790862573.3413334,14328,"(-111.80444, 41.7491438)",in_transit
1790862583.5947313,14328,"(-111.8044168, 41.7484543)",in_transit
1790862593.8480015,14328,"(-111.8044168, 41.7484543)",in_transit
1790862604.106715,14328,"(-111.8044978, 41.7466401)",in_transit
1790862614.3631945,14328,"(-111.8044968, 41.7464595)",in_transit
1790862624.6284366,14328,"(-111.804361, 41.7452928)",in_transit
1790862634.886537,14328,"(-111.8043368, 41.744199)",in_transit
1790862645.144661,14328,"(-111.8043246, 41.7435123)",Fine Arts Bldg
1790862655.4076352,14328,"(-111.8043631, 41.7432975)",in_transit
1790862665.727049,14328,"(-111.8043686, 41.7432945)",in_transit
1790862675.9803383,14328,"(-111.8043495, 41.7431138)",in_transit
1790862686.2493153,14328,"(-111.8043338, 41.7429301)",in_transit
1790862696.530038,14328,"(-111.8043048, 41.7428211)",in_transit
1790862706.7888799,14328,"(-111.8043016, 41.7426303)",in_transit
1790862717.0470223,14328,"(-111.8057518, 41.7417671)",in_transit
1790862727.3102455,14328,"(-111.8071996, 41.7410111)",in_transit
1790862737.5694294,14328,"(-111.8095743, 41.740419)",in_transit
1790862747.8144014,14328,"(-111.8108371, 41.7401323)",in_transit
1790862758.095688,14328,"(-111.8112823, 41.740029)",Family Life Bldg
1790862768.40171,14328,"(-111.8112911, 41.7400385)",Family Life Bldg
1790862778.6451442,14328,"(-111.8113023, 41.7400388)",Family Life Bldg
1790862788.9166028,14328,"(-111.8113028, 41.7400228)",Family Life Bldg
1790862799.2521503,14328,"(-111.8113208, 41.7399935)",in_transit
1790862809.5056114,14328,"(-111.81199, 41.7396953)",in_transit
1790862819.7572088,14328,"(-111.8142936, 41.7387726)",in_transit
1790862830.0103903,14328,"(-111.8159991, 41.7386965)",in_transit
1790862840.3184745,14328,"(-111.8181735, 41.7388356)",in_transit
1790862850.575149,14328,"(-111.8188503, 41.7388421)",in_transit
1790862860.838565,14328,"(-111.8189555, 41.7388436)",in_transit
1790862871.123099,14328,"(-111.8189653, 41.738853)",in_transit
1790862881.4377136,14328,"(-111.8189728, 41.7388636)",in_transit
1790862891.6990945,14328,"(-111.819316, 41.7390448)",in_transit
1790862901.9587302,14328,"(-111.8193035, 41.7399918)",in_transit
1790862912.229951,14328,"(-111.8192763, 41.7403523)",in_transit
1790862922.4837575,14328,"(-111.8189978, 41.7406611)",in_transit
1790862932.8115628,14328,"(-111.8179848, 41.7406421)",in_transit
1790862943.074606,14328,"(-111.8174886, 41.7406375)",670 E 500 N
1790862953.335666,14328,"(-111.8168383, 41.74064)",in_transit
1790862963.6002505,14328,"(-111.8167208, 41.7413233)",in_transit
1790862973.8975542,14328,"(-111.8166935, 41.7422076)",in_transit
1790862984.156619,14328,"(-111.8166, 41.7437378)",in_transit
1790862994.4114747,14328,"(-111.8153995, 41.744472)",in_transit
1790863004.672029,14328,"(-111.8143911, 41.7444413)",in_transit
1790863014.9212973,14328,"(-111.8143911, 41.7444413)",in_transit
1790863025.1916907,14328,"(-111.8142938, 41.7444456)",in_transit
1790863035.4493227,14328,"(-111.8141823, 41.7439775)",in_transit
1790863045.7135332,14328,"(-111.8142478, 41.7437386)",in_transit
1790863055.9827812,14328,"(-111.814056, 41.743497)",in_transit
1790863066.2641401,14328,"(-111.8139846, 41.7437641)",Taggart Student Center
1790863076.5243044,14328,"(-111.8139708, 41.743766)",Taggart Student Center
1790863086.7858121,14328,"(-111.8139581, 41.7437611)",Taggart Student Center
1790863097.0780659,14328,"(-111.8139533, 41.7437581)",Taggart Student Center
1790863107.3415797,14328,"(-111.8139548, 41.7437586)",Taggart Student Center
1790863117.597515,14328,"(-111.8139621, 41.7437663)",Taggart Student Center
1790863127.8666995,14328,"(-111.8139735, 41.7437683)",Taggart Student Center
1790863138.131126,14328,"(-111.8141315, 41.7440138)",in_transit
1790863148.3879273,14328,"(-111.8140925, 41.7441955)",in_transit
1790863158.665656,14328,"(-111.814054, 41.7445658)",in_transit
1790863168.9251094,14328,"(-111.8140573, 41.7451911)",in_transit
1790863179.184424,14328,"(-111.8140321, 41.7464583)",in_transit
1790863189.4402096,14328,"(-111.8139831, 41.747817)",in_transit
1790863199.7103226,14328,"(-111.8139206, 41.7487253)",in_transit
1790863209.9753125,14328,"(-111.8137738, 41.7498566)",in_transit
1790863220.2671168,14328,"(-111.8135053, 41.7500953)",in_transit
1790863230.5356412,14328,"(-111.8131646, 41.75007)",The Bull
1790863240.781419,14328,"(-111.8131748, 41.7500715)",The Bull
1790863251.0397112,14328,"(-111.8126643, 41.7501148)",in_transit
1790863261.3661,14328,"(-111.8117496, 41.7501106)",in_transit
1790863271.635354,14328,"(-111.8101295, 41.7500746)",in_transit
1790863281.9455295,14328,"(-111.808926, 41.7500583)",in_transit
1790863292.1968837,14328,"(-111.8069206, 41.750016)",in_transit
1790863302.4438918,14328,"(-111.8057015, 41.7499636)",Logan Cemetery
1790863312.7259216,14328,"(-111.8056633, 41.7499563)",in_transit
1790863322.9893174,14328,"(-111.805666, 41.7499546)",in_transit
1790863333.2419024,14328,"(-111.8056663, 41.7499555)",in_transit
1790863343.5037878,14328,"(-111.8054086, 41.7499763)",in_transit
1790863353.7650225,14328,"(-111.8048365, 41.7499801)",in_transit
1790863364.0185268,14328,"(-111.8044751, 41.7497346)",in_transit
1790863374.2698112,14328,"(-111.8045336, 41.7493458)",in_transit
1790863384.5266216,14328,"(-111.8035721, 41.7493021)",in_transit
1790863394.7848575,14328,"(-111.8020535, 41.7493185)",in_transit
1790863405.0386693,14328,"(-111.80185, 41.7495016)",in_transit
1790863415.3201308,14328,"(-111.8021131, 41.7496315)",Lundstrum
1790863425.5764167,14328,"(-111.802128, 41.7496465)",Lundstrum
1790863435.8292916,14328,"(-111.802127, 41.7496478)",Lundstrum
1790863446.0763965,14328,"(-111.8021498, 41.7496313)",Lundstrum
1790863456.370891,14328,"(-111.80239, 41.7494905)",in_transit
1790863466.6324983,14328,"(-111.8024376, 41.7494445)",in_transit
1790863476.900783,14328,"(-111.802661, 41.7493578)",in_transit
1790863487.155125,14328,"(-111.802935, 41.7493518)",in_transit
1790863497.4470444,14328,"(-111.804326, 41.7495306)",in_transit
1790863507.7033799,14328,"(-111.8044835, 41.7501196)",in_transit
1790863517.9653003,14328,"(-111.8046598, 41.749937)",in_transit
1790863528.2313988,14328,"(-111.80451, 41.74951)",in_transit
1790863538.4999979,14328,"(-111.8044208, 41.7488506)",in_transit
1790863548.7598531,14328,"(-111.8043978, 41.7474683)",in_transit
1790863559.036534,14328,"(-111.8043845, 41.7467661)",in_transit
1790863569.298957,14328,"(-111.8044131, 41.7463411)",in_transit
1790863579.5901666,14328,"(-111.8043518, 41.7451155)",in_transit
1790863589.880174,14328,"(-111.8043416, 41.7446438)",in_transit
1790863600.1548812,14328,"(-111.8043433, 41.7445936)",in_transit
1790863610.401556,14328,"(-111.8043396, 41.7445421)",in_transit
1790863620.6692395,14328,"(-111.8043251, 41.7437736)",in_transit
1790863630.9707382,14328,"(-111.804348, 41.7433396)",Fine Arts Bldg
1790863641.2359242,14328,"(-111.8043386, 41.7433223)",Fine Arts Bldg
1790863651.4994423,14328,"(-111.8043346, 41.7433215)",Fine Arts Bldg
1790863661.7693734,14328,"(-111.8043393, 41.743224)",in_transit
1790863672.0144744,14328,"(-111.8043015, 41.74285)",in_transit
1790863682.2907917,14328,"(-111.8045076, 41.7424936)",in_transit
1790863692.544169,14328,"(-111.8054971, 41.7419175)",in_transit
1790863702.8083057,14328,"(-111.807633, 41.7408883)",in_transit
1790863713.0859287,14328,"(-111.80959, 41.7404303)",in_transit
1790863723.4021142,14328,"(-111.8111711, 41.7400593)",Family Life Bldg
1790863733.6573133,14328,"(-111.8112856, 41.7400183)",Family Life Bldg
1790863743.9575825,14328,"(-111.8112956, 41.740009)",Family Life Bldg
1790863754.2210085,14328,"(-111.8112868, 41.7400193)",Family Life Bldg
1790863764.4784393,14328,"(-111.8115296, 41.7398931)",in_transit
1790863774.7352302,14328,"(-111.8140355, 41.7388976)",in_transit
1790863784.9956524,14328,"(-111.8157273, 41.7386948)",in_transit
1790863795.2590027,14328,"(-111.8172668, 41.7388498)",in_transit
1790863805.5187612,14328,"(-111.8190428, 41.7388711)",in_transit
1790863815.7807286,14328,"(-111.8191938, 41.7388651)",in_transit
1790863826.05219,14328,"(-111.8192275, 41.7388618)",in_transit
1790863836.3382154,14328,"(-111.8193378, 41.7394486)",in_transit
1790863846.5948195,14328,"(-111.8192841, 41.7402721)",in_transit
1790863856.8568091,14328,"(-111.8185945, 41.7406608)",in_transit
1790863867.1171656,14328,"(-111.8177045, 41.7406226)",670 E 500 N
1790863877.3867042,14328,"(-111.8176766, 41.7406168)",670 E 500 N
1790863887.666789,14328,"(-111.8176791, 41.7406138)",670 E 500 N
1790863897.9345024,14328,"(-111.8176761, 41.7406183)",670 E 500 N
1790863908.2019808,14328,"(-111.8170665, 41.740636)",in_transit
1790863918.484083,14328,"(-111.816749, 41.7408545)",in_transit
1790863928.734131,14328,"(-111.8166911, 41.7422633)",in_transit
1790863939.0042598,14328,"(-111.816659, 41.7432706)",in_transit
1790863949.2595286,14328,"(-111.8159531, 41.744438)",in_transit
1790863959.5467765,14328,"(-111.8149213, 41.744459)",in_transit
1790863969.7943652,14328,"(-111.8145535, 41.7444391)",in_transit
1790863980.0928528,14328,"(-111.8142083, 41.7442473)",in_transit
1790863990.4132318,14328,"(-111.814231, 41.7437653)",in_transit
1790864000.67603,14328,"(-111.814231, 41.7437653)",in_transit
1790864010.9668953,14328,"(-111.8140595, 41.7434661)",in_transit
1790864021.232248,14328,"(-111.8140548, 41.7434798)",in_transit
1790864031.5094905,14328,"(-111.8140603, 41.743478)",in_transit
1790864041.7875996,14328,"(-111.8140686, 41.7434743)",in_transit
1790864052.0517502,14328,"(-111.8140783, 41.7434646)",in_transit
1790864062.3180258,14328,"(-111.8140796, 41.7434581)",in_transit
1790864072.5742629,14328,"(-111.8140795, 41.7434531)",in_transit
1790864082.8539774,14328,"(-111.8140788, 41.7434446)",in_transit
1790864093.1418188,14328,"(-111.814082, 41.7434385)",in_transit
1790864103.408329,14328,"(-111.8140856, 41.7434291)",in_transit
1790864113.6896596,14328,"(-111.81408, 41.7434305)",in_transit
1790864123.958225,14328,"(-111.8140721, 41.743431)",in_transit
1790864134.2092748,14328,"(-111.8139901, 41.7436133)",Taggart Student Center
1790864144.4695122,14328,"(-111.813987, 41.7436186)",Taggart Student Center
1790864154.7275064,14328,"(-111.8139898, 41.7436236)",Taggart Student Center
1790864165.0009923,14328,"(-111.8141558, 41.7439051)",in_transit
1790864175.2790742,14328,"(-111.8140683, 41.7443913)",in_transit
1790864185.5479622,14328,"(-111.8140363, 41.7455836)",in_transit
1790864195.8086889,14328,"(-111.8140363, 41.7455836)",in_transit
1790864206.072652,14328,"(-111.8140363, 41.7455836)",in_transit
1790864216.3331425,14328,"(-111.8139135, 41.7488275)",in_transit
1790864226.6015887,14328,"(-111.813806, 41.7496491)",in_transit
1790864236.8971145,14328,"(-111.8137846, 41.7498401)",in_transit
1790864247.164735,14328,"(-111.8135511, 41.7501033)",in_transit
1790864257.4335701,14328,"(-111.8133058, 41.7500693)",The Bull
1790864267.6943338,14328,"(-111.8131468, 41.750072)",The Bull
1790864277.9737628,14328,"(-111.8131515, 41.7500821)",The Bull
1790864288.2267165,14328,"(-111.8129091, 41.7500991)",in_transit
1790864298.500195,14328,"(-111.8117743, 41.7500943)",in_transit
1790864308.781621,14328,"(-111.8107256, 41.7500763)",in_transit
1790864319.0550063,14328,"(-111.8090858, 41.7500528)",in_transit
1790864329.3179958,14328,"(-111.807679, 41.7500281)",in_transit
1790864339.5644958,14328,"(-111.8059676, 41.7499753)",Logan Cemetery
1790864349.8295262,14328,"(-111.805691, 41.749961)",Logan Cemetery
1790864360.0917933,14328,"(-111.8056363, 41.7499615)",in_transit
1790864370.4014845,14328,"(-111.8048546, 41.7499805)",in_transit
1790864380.6783562,14328,"(-111.804671, 41.7499465)",in_transit
1790864390.9514596,14328,"(-111.8044836, 41.7495515)",in_transit
1790864401.240385,14328,"(-111.8042725, 41.7492923)",in_transit
1790864411.502938,14328,"(-111.8023726, 41.7493091)",in_transit
1790864421.7654002,14328,"(-111.801858, 41.7494946)",in_transit
1790864432.0223827,14328,"(-111.801858, 41.7494946)",in_transit
1790864442.3108268,14328,"(-111.8021275, 41.7496325)",Lundstrum
1790864452.5783703,14328,"(-111.802137, 41.7496495)",Lundstrum
1790864462.8418095,14328,"(-111.8021346, 41.7496536)",Lundstrum
1790864473.099309,14328,"(-111.80243, 41.7494606)",in_transit
1790864483.3600433,14328,"(-111.8026401, 41.7493773)",in_transit
1790864493.619995,14328,"(-111.8038176, 41.749373)",in_transit
1790864503.8738012,14328,"(-111.8040558, 41.7493921)",in_transit
1790864514.192708,14328,"(-111.8044093, 41.7497336)",in_transit
1790864524.4564588,14328,"(-111.8043541, 41.7499613)",in_transit
1790864534.716235,14328,"(-111.8046465, 41.7499245)",in_transit
1790864544.9829135,14328,"(-111.8044776, 41.7495961)",in_transit
1790864555.2589931,14328,"(-111.8044171, 41.7488566)",in_transit
1790864565.5230882,14328,"(-111.8044101, 41.7479868)",in_transit
1790864575.7905903,14328,"(-111.8043793, 41.7469056)",in_transit
1790864586.0534513,14328,"(-111.8044085, 41.7463066)",in_transit
1790864596.3153565,14328,"(-111.8043675, 41.7454968)",in_transit
1790864606.6220002,14328,"(-111.8043488, 41.744188)",in_transit
1790864616.8895462,14328,"(-111.804342, 41.7434073)",Fine Arts Bldg
1790864627.15965,14328,"(-111.8043548, 41.7433085)",Fine Arts Bldg
1790864637.4269164,14328,"(-111.8043608, 41.7432845)",in_transit
1790864647.693848,14328,"(-111.8043285, 41.7429105)",in_transit
1790864657.9565656,14328,"(-111.8042605, 41.7427261)",in_transit
1790864668.2393363,14328,"(-111.8051188, 41.7421248)",in_transit
1790864678.5064414,14328,"(-111.8063171, 41.7414098)",in_transit
1790864688.7729788,14328,"(-111.8078856, 41.7407991)",in_transit
1790864699.0446303,14328,"(-111.8106985, 41.7401843)",in_transit
1790864709.3181307,14328,"(-111.8110753, 41.7401008)",Family Life Bldg
1790864719.6209116,14328,"(-111.811237, 41.7400408)",Family Life Bldg
1790864729.9055562,14328,"(-111.811237, 41.7400401)",Family Life Bldg
1790864740.1910071,14328,"(-111.8112361, 41.7400408)",Family Life Bldg
1790864750.4788187,14328,"(-111.8120828, 41.739651)",in_transit
1790864760.7399879,14328,"(-111.8135146, 41.7390756)",in_transit
1790864771.0045714,14328,"(-111.8158038, 41.7386906)",in_transit
1790864781.320534,14328,"(-111.817137, 41.7388413)",in_transit
1790864791.5900927,14328,"(-111.8184271, 41.7388576)",in_transit
1790864801.9147444,14328,"(-111.8186675, 41.7388626)",in_transit
1790864812.1754596,14328,"(-111.8189835, 41.7388666)",in_transit
1790864822.4337518,14328,"(-111.8193275, 41.7390545)",in_transit
1790864832.6889863,14328,"(-111.8192921, 41.7401211)",in_transit
1790864842.947356,14328,"(-111.8192726, 41.7403788)",in_transit
1790864853.2600844,14328,"(-111.8192546, 41.7405113)",in_transit
1790864863.5133798,14328,"(-111.8186855, 41.740679)",in_transit
1790864873.7706077,14328,"(-111.8177401, 41.7406318)",670 E 500 N
1790864884.0399392,14328,"(-111.8176786, 41.7406275)",670 E 500 N
1790864894.3416882,14328,"(-111.8176801, 41.7406416)",670 E 500 N
1790864904.5999088,14328,"(-111.817105, 41.7406495)",in_transit
1790864914.8898356,14328,"(-111.816729, 41.7412916)",in_transit
1790864925.155336,14328,"(-111.8167011, 41.7421443)",in_transit
1790864935.476257,14328,"(-111.8166508, 41.7436281)",in_transit
1790864945.7382407,14328,"(-111.8160475, 41.7444056)",in_transit
1790864956.0029547,14328,"(-111.8148335, 41.7444625)",in_transit
1790864966.2713935,14328,"(-111.8145273, 41.7444401)",in_transit
1790864976.5355537,14328,"(-111.8143408, 41.7444375)",in_transit
1790864986.8100932,14328,"(-111.814208, 41.743958)",in_transit
1790864997.0666053,14328,"(-111.8142341, 41.7437678)",in_transit
1790865007.3372984,14328,"(-111.8139891, 41.7436741)",Taggart Student Center
1790865017.5948093,14328,"(-111.8139655, 41.7437501)",Taggart Student Center
1790865027.9197428,14328,"(-111.8139733, 41.7437835)",Taggart Student Center
1790865038.1788044,14328,"(-111.8141033, 41.7441516)",in_transit
1790865048.4374423,14328,"(-111.8140836, 41.7443451)",in_transit
1790865058.7073443,14328,"(-111.8140935, 41.7443578)",in_transit
1790865068.9706917,14328,"(-111.814098, 41.744367)",in_transit
1790865079.2333887,14328,"(-111.8141018, 41.744767)",in_transit
1790865089.5066102,14328,"(-111.8140785, 41.7455831)",in_transit
1790865099.7686648,14328,"(-111.8140413, 41.7471688)",in_transit
1790865110.0411625,14328,"(-111.8139865, 41.7482765)",in_transit
1790865120.3030126,14328,"(-111.8138341, 41.7496335)",in_transit
1790865130.565792,14328,"(-111.8137916, 41.7498866)",in_transit
1790865140.828623,14328,"(-111.813798, 41.7499981)",in_transit
1790865151.0972116,14328,"(-111.8138076, 41.750016)",in_transit
1790865161.3517919,14328,"(-111.8134643, 41.750099)",The Bull
1790865171.6068552,14328,"(-111.8131805, 41.7500785)",The Bull
1790865181.8782964,14328,"(-111.813175, 41.750077)",The Bull
1790865192.1391883,14328,"(-111.8131846, 41.7500763)",The Bull
1790865202.3940005,14328,"(-111.8131955, 41.7500766)",The Bull
1790865212.6620584,14328,"(-111.813197, 41.7500776)",The Bull
1790865222.9294796,14328,"(-111.8128228, 41.7501061)",in_transit
1790865233.1907024,14328,"(-111.8120645, 41.7501071)",in_transit
1790865243.4644518,14328,"(-111.810572, 41.7500658)",in_transit
1790865253.7313893,14328,"(-111.8089628, 41.7500373)",in_transit
1790865263.9893203,14328,"(-111.8075708, 41.7500068)",in_transit
1790865274.2453485,14328,"(-111.8075708, 41.7500068)",in_transit
1790865284.5523205,14328,"(-111.805674, 41.7499476)",in_transit
1790865294.8201432,14328,"(-111.8056933, 41.7499586)",Logan Cemetery
1790865305.0820527,14328,"(-111.8051166, 41.7499745)",in_transit
1790865315.3468368,14328,"(-111.8045755, 41.749842)",in_transit
1790865325.6172628,14328,"(-111.8045461, 41.7494413)",in_transit
1790865335.895399,14328,"(-111.8037196, 41.7492836)",in_transit
1790865346.1489143,14328,"(-111.8021176, 41.7492976)",in_transit
1790865356.4045298,14328,"(-111.8018761, 41.7493048)",in_transit
1790865366.6742625,14328,"(-111.8018323, 41.7494878)",in_transit
1790865376.9446166,14328,"(-111.8021043, 41.7496251)",Lundstrum
1790865387.2055576,14328,"(-111.8021106, 41.7496483)",Lundstrum
1790865397.5426278,14328,"(-111.8021225, 41.7496551)",Lundstrum
1790865407.801648,14328,"(-111.8021353, 41.7496651)",Lundstrum
1790865418.0562458,14328,"(-111.8021346, 41.7496801)",Lundstrum
1790865428.299793,14328,"(-111.8021323, 41.7496931)",Lundstrum
1790865438.5876443,14328,"(-111.8021303, 41.749703)",Lundstrum
1790865448.8458738,14328,"(-111.8021283, 41.7497105)",Lundstrum
1790865459.1184804,14328,"(-111.8021355, 41.7497108)",Lundstrum
1790865469.3667989,14328,"(-111.8023785, 41.7495813)",in_transit
1790865479.6231227,14328,"(-111.8027601, 41.7493666)",in_transit
1790865489.8956902,14328,"(-111.8038076, 41.7493676)",in_transit
1790865500.167942,14328,"(-111.804054, 41.7493881)",in_transit
1790865510.4530888,14328,"(-111.8043558, 41.749953)",in_transit
1790865520.7049825,14328,"(-111.8046455, 41.7499243)",in_transit
1790865531.0131695,14328,"(-111.8045011, 41.7495555)",in_transit
1790865541.2799885,14328,"(-111.8045011, 41.7495555)",in_transit
1790865551.544673,14328,"(-111.8044278, 41.7488088)",in_transit
1790865561.802114,14328,"(-111.8044215, 41.7484306)",in_transit
1790865572.0717537,14328,"(-111.8043823, 41.7468931)",in_transit
1790865582.3501294,14328,"(-111.8044296, 41.746346)",in_transit
1790865592.6056843,14328,"(-111.8043693, 41.745556)",in_transit
1790865602.853458,14328,"(-111.804355, 41.7445435)",in_transit
1790865613.1149383,14328,"(-111.8043516, 41.7444823)",in_transit
1790865623.397739,14328,"(-111.8043595, 41.7444706)",in_transit
1790865633.647276,14328,"(-111.8043585, 41.7440266)",in_transit
1790865643.908261,14328,"(-111.8043463, 41.7434596)",Fine Arts Bldg
1790865654.2001,14328,"(-111.8043665, 41.7432786)",in_transit
1790865664.4676757,14328,"(-111.804363, 41.743269)",in_transit
1790865674.7378063,14328,"(-111.8043675, 41.7432663)",in_transit
1790865685.0147343,14328,"(-111.804367, 41.74326)",in_transit
1790865695.2730956,14328,"(-111.8043476, 41.7429896)",in_transit
1790865705.5235264,14328,"(-111.8043123, 41.7426225)",in_transit
1790865715.8145351,14328,"(-111.804965, 41.7422218)",in_transit
1790865726.0688238,14328,"(-111.8066831, 41.7412185)",in_transit
1790865736.3326218,14328,"(-111.808319, 41.7407005)",in_transit
1790865746.6097307,14328,"(-111.8101428, 41.7402968)",in_transit
1790865756.899684,14328,"(-111.8110195, 41.7401033)",Family Life Bldg
1790865767.166636,14328,"(-111.8112591, 41.7400238)",Family Life Bldg
1790865777.4179811,14328,"(-111.8112715, 41.7400158)",Family Life Bldg
1790865787.7108333,14328,"(-111.811275, 41.7400105)",Family Life Bldg
1790865798.050317,14328,"(-111.8112748, 41.7400153)",Family Life Bldg
1790865808.3522103,14328,"(-111.8112796, 41.7400138)",Family Life Bldg
1790865818.6140037,14328,"(-111.8112845, 41.7400065)",Family Life Bldg
1790865828.868093,14328,"(-111.8112846, 41.7400045)",Family Life Bldg
1790865839.1299407,14328,"(-111.8112823, 41.74001)",Family Life Bldg
1790865849.376582,14328,"(-111.8113478, 41.739976)",in_transit
1790865859.6400464,14328,"(-111.8125116, 41.7394931)",in_transit
1790865869.912667,14328,"(-111.8150771, 41.7386656)",in_transit
1790865880.177921,14328,"(-111.8159665, 41.7387175)",in_transit
1790865890.427102,14328,"(-111.8185856, 41.7388576)",in_transit
1790865900.685287,14328,"(-111.8185856, 41.7388576)",in_transit
1790865910.9415348,14328,"(-111.8189698, 41.7388603)",in_transit
1790865921.2169275,14328,"(-111.8190563, 41.7388605)",in_transit
1790865931.4668365,14328,"(-111.8192538, 41.7388745)",in_transit
1790865941.7374048,14328,"(-111.819327, 41.7397258)",in_transit
1790865952.0182235,14328,"(-111.8192905, 41.7403611)",in_transit
1790865962.2714453,14328,"(-111.8192848, 41.7404261)",in_transit
1790865972.538792,14328,"(-111.8188463, 41.7406598)",in_transit
1790865982.8131378,14328,"(-111.8178213, 41.7406141)",670 E 500 N
1790865993.0989118,14328,"(-111.8176713, 41.7406108)",670 E 500 N
1790866003.3945432,14328,"(-111.8176651, 41.7406045)",670 E 500 N
1790866013.6579,14328,"(-111.8176576, 41.7406088)",670 E 500 N
1790866023.9320862,14328,"(-111.8176603, 41.7406185)",670 E 500 N
1790866034.221515,14328,"(-111.8176543, 41.7406266)",670 E 500 N
1790866044.4873283,14328,"(-111.8176536, 41.7406286)",670 E 500 N
1790866054.7458797,14328,"(-111.8173731, 41.7406405)",in_transit
1790866064.9962788,14328,"(-111.8170856, 41.7406275)",in_transit
1790866075.2538786,14328,"(-111.8167526, 41.7406978)",in_transit
1790866085.5134318,14328,"(-111.8167526, 41.7406978)",in_transit
1790866095.7678366,14328,"(-111.8166936, 41.742723)",in_transit
1790866106.0324397,14328,"(-111.816516, 41.7439788)",in_transit
1790866116.2895029,14328,"(-111.8157536, 41.7444701)",in_transit
1790866126.5500984,14328,"(-111.814469, 41.7444345)",in_transit
1790866136.7856047,14328,"(-111.8142088, 41.7442196)",in_transit
1790866147.0753803,14328,"(-111.8143006, 41.7436491)",in_transit
1790866157.325323,14328,"(-111.814057, 41.743488)",in_transit
1790866167.583772,14328,"(-111.8139905, 41.7437255)",Taggart Student Center
1790866177.832278,14328,"(-111.813966, 41.7437341)",Taggart Student Center
1790866188.0990064,14328,"(-111.8139556, 41.7437321)",Taggart Student Center
1790866198.3715534,14328,"(-111.8139566, 41.7437241)",Taggart Student Center
1790866208.650249,14328,"(-111.8139626, 41.7437225)",Taggart Student Center
1790866218.9032133,14328,"(-111.8139638, 41.743743)",Taggart Student Center
1790866229.1631584,14328,"(-111.8141328, 41.7439295)",in_transit
1790866239.434417,14328,"(-111.81407, 41.744604)",in_transit
1790866249.6908674,14328,"(-111.8140678, 41.744977)",in_transit
1790866259.9754684,14328,"(-111.8140453, 41.746827)",in_transit
1790866270.2260501,14328,"(-111.8139733, 41.7483273)",in_transit
1790866280.477562,14328,"(-111.8138741, 41.7493301)",in_transit
1790866290.7404273,14328,"(-111.8137891, 41.7499478)",in_transit
1790866301.0518556,14328,"(-111.8138013, 41.7499888)",in_transit
1790866311.30978,14328,"(-111.8138018, 41.749988)",in_transit
1790866321.5917745,14328,"(-111.8138038, 41.7500011)",in_transit
1790866331.8530664,14328,"(-111.8138111, 41.7500128)",in_transit
1790866342.1111224,14328,"(-111.813569, 41.7501103)",in_transit
1790866352.3648977,14328,"(-111.8131641, 41.7500601)",The Bull
1790866362.6251712,14328,"(-111.8131376, 41.7500423)",The Bull
1790866372.8916156,14328,"(-111.813128, 41.7500308)",The Bull
1790866383.1565683,14328,"(-111.8131143, 41.7500231)",The Bull
1790866393.4160602,14328,"(-111.8131081, 41.7500241)",The Bull
1790866403.694298,14328,"(-111.8128575, 41.7500758)",in_transit
1790866413.948943,14328,"(-111.8122091, 41.7500888)",in_transit
1790866424.2188065,14328,"(-111.8107305, 41.7500603)",in_transit
1790866434.4839332,14328,"(-111.8097026, 41.7500381)",in_transit
1790866444.7478018,14328,"(-111.807786, 41.7499923)",in_transit
1790866455.0075314,14328,"(-111.8059813, 41.7499231)",Logan Cemetery
1790866465.2742584,14328,"(-111.8057378, 41.7499138)",Logan Cemetery
1790866475.5860012,14328,"(-111.8056966, 41.7499206)",Logan Cemetery
1790866485.86593,14328,"(-111.8056891, 41.7499256)",Logan Cemetery
1790866496.1265,14328,"(-111.8052778, 41.7499585)",in_transit
1790866506.3896794,14328,"(-111.805118, 41.7499525)",in_transit
1790866516.6481426,14328,"(-111.8046238, 41.7498783)",in_transit
1790866526.9406998,14328,"(-111.8045008, 41.7494695)",in_transit
1790866537.204732,14328,"(-111.8044141, 41.7492693)",in_transit
1790866547.4759414,14328,"(-111.8036715, 41.749289)",in_transit
1790866557.741673,14328,"(-111.8021711, 41.749296)",in_transit
1790866568.0194516,14328,"(-111.8018601, 41.749498)",in_transit
1790866578.3157825,14328,"(-111.8018601, 41.749498)",in_transit
1790866588.5895922,14328,"(-111.8021148, 41.7496131)",Lundstrum
1790866598.8605473,14328,"(-111.8021165, 41.7496198)",Lundstrum
1790866609.1308942,14328,"(-111.8021205, 41.749628)",Lundstrum
1790866619.3815224,14328,"(-111.8021211, 41.7496358)",Lundstrum
1790866629.636839,14328,"(-111.8025006, 41.7493783)",in_transit
1790866639.9066548,14328,"(-111.8030548, 41.7493471)",in_transit
1790866650.1509182,14328,"(-111.8041198, 41.7493948)",in_transit
1790866660.4065797,14328,"(-111.8043813, 41.7496981)",in_transit
1790866670.6840212,14328,"(-111.8045688, 41.7501073)",in_transit
1790866680.9415,14328,"(-111.8045203, 41.7494868)",in_transit
1790866691.2037878,14328,"(-111.8045203, 41.7494868)",in_transit
1790866701.4671273,14328,"(-111.804415, 41.7487458)",in_transit
1790866711.7337828,14328,"(-111.8044025, 41.7478885)",in_transit
1790866722.0267067,14328,"(-111.8043756, 41.7468231)",in_transit
1790866732.2848692,14328,"(-111.804437, 41.7463648)",in_transit
1790866742.5536196,14328,"(-111.8043738, 41.7456218)",in_transit
1790866752.879136,14328,"(-111.8043538, 41.7443723)",in_transit
1790866763.1599324,14328,"(-111.8043391, 41.7436778)",in_transit
1790866773.4233088,14328,"(-111.8043445, 41.7434215)",Fine Arts Bldg
1790866783.7249086,14328,"(-111.8043451, 41.7432841)",in_transit
1790866793.9926744,14328,"(-111.8043348, 41.7432881)",in_transit
1790866804.2484467,14328,"(-111.8043356, 41.7432893)",in_transit
1790866814.5071113,14328,"(-111.8043305, 41.7432628)",in_transit
1790866824.8097873,14328,"(-111.8043051, 41.7428866)",in_transit
1790866835.0796454,14328,"(-111.8042798, 41.7428146)",in_transit
1790866845.345441,14328,"(-111.804253, 41.7427638)",in_transit
1790866855.6120677,14328,"(-111.8046026, 41.7424255)",in_transit
1790866865.8790781,14328,"(-111.8061361, 41.7415158)",in_transit
1790866876.1360722,14328,"(-111.8085495, 41.7406441)",in_transit
1790866886.4066737,14328,"(-111.8100715, 41.7403033)",in_transit
1790866896.6707258,14328,"(-111.8110258, 41.7401025)",Family Life Bldg
1790866906.929904,14328,"(-111.811202, 41.7400545)",Family Life Bldg
1790866917.195036,14328,"(-111.8112183, 41.7400605)",Family Life Bldg
1790866927.4582474,14328,"(-111.8112245, 41.740063)",Family Life Bldg
1790866937.7220519,14328,"(-111.8112358, 41.7400535)",Family Life Bldg
1790866947.9852583,14328,"(-111.8119346, 41.7397273)",in_transit
1790866958.256242,14328,"(-111.8147766, 41.7386851)",in_transit
1790866968.5189028,14328,"(-111.8163446, 41.738775)",in_transit
1790866978.8099422,14328,"(-111.8182183, 41.738851)",in_transit
1790866989.074547,14328,"(-111.8191851, 41.7388638)",in_transit
1790866999.334164,14328,"(-111.819302, 41.7398798)",in_transit
1790867009.6007783,14328,"(-111.8192293, 41.740508)",in_transit
1790867019.8732154,14328,"(-111.8180793, 41.740636)",in_transit
1790867030.1678,14328,"(-111.81777, 41.7406108)",670 E 500 N
1790867040.4435387,14328,"(-111.8176471, 41.7406156)",670 E 500 N
1790867050.7060933,14328,"(-111.8176401, 41.7406228)",670 E 500 N
1790867060.957372,14328,"(-111.8169486, 41.7406125)",in_transit
1790867071.2143285,14328,"(-111.81673, 41.7408061)",in_transit
1790867081.476561,14328,"(-111.8167018, 41.7417341)",in_transit
1790867091.717928,14328,"(-111.816666, 41.743153)",in_transit
1790867101.9932399,14328,"(-111.816167, 41.7443565)",in_transit
1790867112.2589304,14328,"(-111.8156918, 41.7444886)",in_transit
1790867122.5582633,14328,"(-111.8142825, 41.7444741)",in_transit
1790867132.8352292,14328,"(-111.8141768, 41.7439228)",in_transit
1790867143.15724,14328,"(-111.8142573, 41.7437385)",in_transit
1790867153.430666,14328,"(-111.8140525, 41.7434963)",in_transit
1790867163.7051861,14328,"(-111.8139796, 41.7437438)",Taggart Student Center
1790867173.9580457,14328,"(-111.8139616, 41.7437595)",Taggart Student Center
1790867184.2145429,14328,"(-111.813961, 41.7437718)",Taggart Student Center
1790867194.479895,14328,"(-111.813958, 41.7437851)",Taggart Student Center
1790867204.761049,14328,"(-111.8139528, 41.7437941)",Taggart Student Center
1790867215.0197093,14328,"(-111.8139568, 41.7437945)",Taggart Student Center
1790867225.265116,14328,"(-111.81396, 41.7437865)",Taggart Student Center
1790867235.5254016,14328,"(-111.813958, 41.7437753)",Taggart Student Center
1790867245.7786677,14328,"(-111.8139545, 41.7437671)",Taggart Student Center
1790867256.0520294,14328,"(-111.8139555, 41.7437735)",Taggart Student Center
1790867266.306988,14328,"(-111.813954, 41.743776)",Taggart Student Center
1790867276.565803,14328,"(-111.8139551, 41.743775)",Taggart Student Center
1790867286.8366604,14328,"(-111.8139525, 41.7437746)",Taggart Student Center
1790867297.0978656,14328,"(-111.813948, 41.7437743)",Taggart Student Center
1790867307.3586397,14328,"(-111.8139393, 41.7437738)",Taggart Student Center
1790867317.6304693,14328,"(-111.8139436, 41.7437661)",Taggart Student Center
1790867327.8730712,14328,"(-111.8139576, 41.7437563)",Taggart Student Center
1790867338.120959,14328,"(-111.8139648, 41.7437486)",Taggart Student Center
1790867348.374198,14328,"(-111.8139571, 41.7437365)",Taggart Student Center
1790867358.6402924,14328,"(-111.8139485, 41.7437288)",Taggart Student Center
1790867368.8997157,14328,"(-111.8139383, 41.7437291)",Taggart Student Center
1790867379.1612768,14328,"(-111.8139408, 41.7437338)",Taggart Student Center
1790867389.4522448,14328,"(-111.8139476, 41.7437405)",Taggart Student Center
1790867399.718943,14328,"(-111.8139435, 41.7437451)",Taggart Student Center
1790867409.9712913,14328,"(-111.8139343, 41.7437445)",Taggart Student Center
1790867420.2355123,14328,"(-111.8139435, 41.7437418)",Taggart Student Center
1790867430.553187,14328,"(-111.8139533, 41.7437395)",Taggart Student Center
1790867440.803906,14328,"(-111.813961, 41.7437365)",Taggart Student Center
1790867451.0707285,14328,"(-111.813954, 41.743733)",Taggart Student Center
1790867461.3178697,14328,"(-111.8139465, 41.7437351)",Taggart Student Center
1790867471.5962584,14328,"(-111.8141243, 41.7438808)",in_transit
1790867481.858571,14328,"(-111.8141045, 41.7440761)",in_transit
1790867492.1477222,14328,"(-111.8140878, 41.7442986)",in_transit
1790867502.4447784,14328,"(-111.8140978, 41.7443703)",in_transit
1790867512.7157128,14328,"(-111.8144926, 41.7445645)",in_transit
1790867522.9642937,14328,"(-111.8158895, 41.7445176)",in_transit
1790867533.2498217,14328,"(-111.816718, 41.7436208)",in_transit
1790867543.5660696,14328,"(-111.8167346, 41.742446)",in_transit
1790867553.8377807,14328,"(-111.8167558, 41.7415168)",in_transit
1790867564.1065392,14328,"(-111.8168205, 41.7408243)",in_transit
1790867574.3654222,14328,"(-111.8179213, 41.740685)",in_transit
1790867584.618876,14328,"(-111.8189651, 41.7407468)",in_transit
1790867594.882961,14328,"(-111.8192605, 41.7411651)",in_transit
1790867605.1455383,14328,"(-111.8192025, 41.7427198)",in_transit
1790867615.4199562,14328,"(-111.8191725, 41.7437163)",in_transit
1790867625.6814582,14328,"(-111.8191231, 41.7450643)",in_transit
1790867635.9534569,14328,"(-111.8191128, 41.7464701)",in_transit
1790867646.2093925,14328,"(-111.8190816, 41.7474123)",in_transit
1790867656.4823909,14328,"(-111.8190373, 41.7488276)",in_transit
1790867666.7564192,14328,"(-111.8190373, 41.7488276)",in_transit
1790867677.0205317,14328,"(-111.8187031, 41.749875)",in_transit
1790867687.3319798,14328,"(-111.817576, 41.7499056)",in_transit
1790867697.5893097,14328,"(-111.817576, 41.7499056)",in_transit
1790867707.850983,14328,"(-111.8145445, 41.7501038)",in_transit
1790867718.1777942,14328,"(-111.81421, 41.7500986)",in_transit
1790867728.439823,14328,"(-111.8136458, 41.750107)",in_transit
1790867738.7146647,14328,"(-111.8132776, 41.750063)",The Bull
1790867748.9828053,14328,"(-111.8131503, 41.750064)",The Bull
1790867759.255359,14328,"(-111.8129045, 41.7500871)",in_transit
1790867769.5090156,14328,"(-111.8121005, 41.7500991)",in_transit
1790867779.7745972,14328,"(-111.8105896, 41.7500646)",in_transit
1790867790.0445065,14328,"(-111.809537, 41.7500358)",in_transit
1790867800.3020515,14328,"(-111.8075776, 41.7499985)",in_transit
1790867810.6291225,14328,"(-111.806319, 41.7499531)",in_transit
1790867820.885129,14328,"(-111.8056993, 41.7499255)",Logan Cemetery
1790867831.155542,14328,"(-111.8055498, 41.7499355)",in_transit
1790867841.4151382,14328,"(-111.8048203, 41.7499575)",in_transit
1790867851.6740606,14328,"(-111.8045075, 41.7496043)",in_transit
1790867861.9329267,14328,"(-111.8040106, 41.7492921)",in_transit
1790867872.1935918,14328,"(-111.8028735, 41.7493106)",in_transit
1790867882.4512217,14328,"(-111.8019051, 41.7493606)",in_transit
1790867892.711861,14328,"(-111.8019015, 41.7495445)",in_transit
1790867902.9725754,14328,"(-111.8021245, 41.7496188)",Lundstrum
1790867913.2438052,14328,"(-111.8021296, 41.749623)",Lundstrum
1790867923.517334,14328,"(-111.8021506, 41.7496221)",Lundstrum
1790867933.7859728,14328,"(-111.8026498, 41.749342)",in_transit
1790867944.076671,14328,"(-111.8038328, 41.7493466)",in_transit
1790867954.3354712,14328,"(-111.804378, 41.7498541)",in_transit
1790867964.6562345,14328,"(-111.8045983, 41.7501021)",in_transit
1790867974.9164991,14328,"(-111.8045295, 41.749429)",in_transit
1790867985.1820865,14328,"(-111.8045295, 41.749429)",in_transit
1790867995.4356456,14328,"(-111.8045295, 41.749429)",in_transit
1790868005.7336364,14328,"(-111.8044035, 41.7462736)",in_transit
1790868015.9972832,14328,"(-111.8043648, 41.7452673)",in_transit
1790868026.2644444,14328,"(-111.8043471, 41.743922)",in_transit
1790868036.5121822,14328,"(-111.8043403, 41.7432945)",in_transit
1790868046.7888038,14328,"(-111.8043448, 41.7432758)",in_transit
1790868057.0428345,14328,"(-111.8043363, 41.7432748)",in_transit
1790868067.3075745,14328,"(-111.8043366, 41.7432736)",in_transit
1790868077.6189246,14328,"(-111.804333, 41.7432846)",in_transit
1790868087.8771122,14328,"(-111.8043381, 41.7432855)",in_transit
1790868098.1310177,14328,"(-111.8043458, 41.7432561)",in_transit
1790868108.3891053,14328,"(-111.8042928, 41.7428635)",in_transit
1790868118.6582427,14328,"(-111.804484, 41.742497)",in_transit
1790868128.9574122,14328,"(-111.8057191, 41.7417655)",in_transit
1790868139.225726,14328,"(-111.8079731, 41.7407755)",in_transit
1790868149.5452123,14328,"(-111.8102135, 41.7402743)",in_transit
1790868159.815707,14328,"(-111.8112071, 41.7400443)",Family Life Bldg
1790868170.0945299,14328,"(-111.8112703, 41.7400183)",Family Life Bldg
1790868180.3603632,14328,"(-111.8112503, 41.7400193)",Family Life Bldg
1790868190.6294737,14328,"(-111.8121888, 41.7396063)",in_transit
1790868200.91517,14328,"(-111.8144708, 41.7387421)",in_transit
1790868211.189433,14328,"(-111.8153095, 41.7386586)",in_transit
1790868221.4558518,14328,"(-111.8153095, 41.7386586)",in_transit
1790868231.7090867,14328,"(-111.8193415, 41.7389553)",in_transit
1790868241.963983,14328,"(-111.8193245, 41.740065)",in_transit
1790868252.2406538,14328,"(-111.8191236, 41.7406458)",in_transit
1790868262.5073278,14328,"(-111.8180243, 41.740651)",in_transit
1790868272.762204,14328,"(-111.8176935, 41.7406151)",670 E 500 N
1790868283.0283964,14328,"(-111.8175193, 41.7406308)",670 E 500 N
1790868293.3190641,14328,"(-111.8169075, 41.7406215)",in_transit
1790868303.5951493,14328,"(-111.816759, 41.7407898)",in_transit
1790868313.8879917,14328,"(-111.8167373, 41.7417073)",in_transit
1790868324.2193172,14328,"(-111.8167063, 41.7430206)",in_transit
1790868334.4857113,14328,"(-111.8165485, 41.7439138)",in_transit
1790868344.748749,14328,"(-111.8153506, 41.7444783)",in_transit
1790868355.0104802,14328,"(-111.814441, 41.7444426)",in_transit
1790868365.3336174,14328,"(-111.8143103, 41.7444401)",in_transit
1790868375.5832968,14328,"(-111.814211, 41.7438113)",in_transit
1790868385.8610048,14328,"(-111.8140518, 41.7435095)",in_transit
1790868396.136942,14328,"(-111.8140518, 41.7435095)",in_transit
1790868406.4268792,14328,"(-111.8139561, 41.7435998)",Taggart Student Center
1790868416.6711848,14328,"(-111.8139571, 41.7436131)",Taggart Student Center
1790868426.9518018,14328,"(-111.813959, 41.743621)",Taggart Student Center
1790868437.2063313,14328,"(-111.8139466, 41.7436331)",Taggart Student Center
1790868447.4849684,14328,"(-111.8140543, 41.743823)",Taggart Student Center
1790868457.7423196,14328,"(-111.8141406, 41.7441918)",in_transit
1790868468.0018291,14328,"(-111.8141691, 41.7442541)",in_transit
1790868478.2755258,14328,"(-111.8141826, 41.7442703)",in_transit
1790868488.5346944,14328,"(-111.8141853, 41.7442713)",in_transit
1790868498.7824292,14328,"(-111.8141736, 41.7443548)",in_transit
1790868509.0721898,14328,"(-111.8141641, 41.7444456)",in_transit
1790868519.3330584,14328,"(-111.8151475, 41.7445981)",in_transit
1790868529.5838835,14328,"(-111.8160855, 41.7444901)",in_transit
1790868539.846945,14328,"(-111.8167293, 41.7435376)",in_transit
1790868550.124762,14328,"(-111.8167355, 41.7426163)",in_transit
1790868560.3811266,14328,"(-111.816756, 41.7418815)",in_transit
1790868570.6904407,14328,"(-111.8168223, 41.74088)",in_transit
1790868580.9599454,14328,"(-111.8168666, 41.7406993)",in_transit
1790868591.2405071,14328,"(-111.8182633, 41.7406871)",in_transit
1790868601.4948678,14328,"(-111.819044, 41.7407531)",in_transit
1790868611.7813241,14328,"(-111.8192765, 41.7412273)",in_transit
1790868622.044337,14328,"(-111.8192348, 41.7425081)",in_transit
1790868632.2949002,14328,"(-111.8192016, 41.7433301)",in_transit
1790868642.5534444,14328,"(-111.8191673, 41.744553)",in_transit
1790868652.8067896,14328,"(-111.8191431, 41.7458485)",in_transit
1790868663.068921,14328,"(-111.8191145, 41.746793)",in_transit
1790868673.3330498,14328,"(-111.8190728, 41.7480998)",in_transit
1790868683.592486,14328,"(-111.8190408, 41.7489648)",in_transit
1790868693.860246,14328,"(-111.8189911, 41.7497)",in_transit
1790868704.1427894,14328,"(-111.8182363, 41.7498871)",in_transit
1790868714.4327526,14328,"(-111.8166571, 41.7499825)",in_transit
1790868724.6994078,14328,"(-111.8154991, 41.7501136)",in_transit
1790868734.9630964,14328,"(-111.8137848, 41.7500945)",in_transit
1790868745.2133944,14328,"(-111.81332, 41.7500555)",The Bull
1790868755.5014923,14328,"(-111.8131313, 41.7500501)",The Bull
1790868765.7975702,14328,"(-111.8131236, 41.7500485)",The Bull
1790868776.059635,14328,"(-111.8128678, 41.7500816)",in_transit
1790868786.317445,14328,"(-111.8115755, 41.7500903)",in_transit
1790868796.6295912,14328,"(-111.810594, 41.7500741)",in_transit
1790868806.914278,14328,"(-111.8089735, 41.7500408)",in_transit
1790868817.1748774,14328,"(-111.8076908, 41.7500146)",in_transit
1790868827.4512258,14328,"(-111.805916, 41.7499513)",Logan Cemetery
1790868837.706084,14328,"(-111.8056653, 41.7499448)",in_transit
1790868847.9879916,14328,"(-111.8056603, 41.7499431)",in_transit
1790868858.2539895,14328,"(-111.8051095, 41.7499801)",in_transit
1790868868.5158145,14328,"(-111.8045235, 41.749762)",in_transit
1790868878.7957063,14328,"(-111.8043005, 41.7492798)",in_transit
1790868889.0632029,14328,"(-111.8030336, 41.749298)",in_transit
1790868899.323848,14328,"(-111.8019973, 41.7493231)",in_transit
1790868909.588026,14328,"(-111.8018698, 41.7495103)",in_transit
1790868919.8583846,14328,"(-111.8021046, 41.7495998)",Lundstrum
1790868930.1283329,14328,"(-111.8021128, 41.7495963)",Lundstrum
1790868940.3903413,14328,"(-111.8021126, 41.7495948)",Lundstrum
1790868950.65457,14328,"(-111.802239, 41.749579)",Lundstrum
1790868960.91485,14328,"(-111.8027038, 41.7493288)",in_transit
1790868971.214515,14328,"(-111.8039516, 41.7493463)",in_transit
1790868981.4745278,14328,"(-111.8041483, 41.749393)",in_transit
1790868991.7631142,14328,"(-111.8043826, 41.7498188)",in_transit
1790869002.0217006,14328,"(-111.8045933, 41.7501086)",in_transit
1790869012.272767,14328,"(-111.804522, 41.7494821)",in_transit
1790869022.5280354,14328,"(-111.8044106, 41.7489953)",in_transit
1790869032.854762,14328,"(-111.8044106, 41.7489953)",in_transit
1790869043.1207702,14328,"(-111.804371, 41.7468821)",in_transit
1790869053.3862813,14328,"(-111.8044165, 41.7463248)",in_transit
1790869063.648805,14328,"(-111.8043566, 41.745218)",in_transit
1790869073.91389,14328,"(-111.8043508, 41.744257)",in_transit
1790869084.190326,14328,"(-111.8043435, 41.7434433)",Fine Arts Bldg
1790869094.4524841,14328,"(-111.8043596, 41.7432771)",in_transit
1790869104.7176464,14328,"(-111.8043653, 41.7432723)",in_transit
1790869114.9758272,14328,"(-111.8043178, 41.7428665)",in_transit
1790869125.239653,14328,"(-111.8044723, 41.7425021)",in_transit
1790869135.525205,14328,"(-111.8063215, 41.7414153)",in_transit
1790869145.804225,14328,"(-111.8078766, 41.74079)",in_transit
1790869156.056948,14328,"(-111.8102931, 41.7402525)",in_transit
1790869166.3187363,14328,"(-111.8112128, 41.7400346)",Family Life Bldg
1790869176.571203,14328,"(-111.8112128, 41.7400346)",Family Life Bldg
1790869186.892514,14328,"(-111.8112128, 41.7400346)",Family Life Bldg
1790869197.149077,14328,"(-111.8112128, 41.7400346)",Family Life Bldg
1790869207.4178085,14328,"(-111.8112128, 41.7400346)",Family Life Bldg
1790869217.68892,14328,"(-111.814603, 41.7387026)",in_transit
1790869227.9523473,14328,"(-111.8162025, 41.7387415)",in_transit
1790869238.218047,14328,"(-111.818465, 41.7388533)",in_transit
1790869248.489394,14328,"(-111.8192013, 41.7388731)",in_transit
1790869258.811695,14328,"(-111.819332, 41.739694)",in_transit
1790869269.086257,14328,"(-111.8192773, 41.7404505)",in_transit
1790869279.3459592,14328,"(-111.8187231, 41.7406801)",in_transit
1790869289.600586,14328,"(-111.8177393, 41.7406186)",670 E 500 N
1790869299.8866096,14328,"(-111.8176856, 41.7406008)",670 E 500 N
1790869310.135238,14328,"(-111.8173448, 41.7406183)",in_transit
1790869320.418357,14328,"(-111.8167478, 41.7408023)",in_transit
1790869330.679337,14328,"(-111.8167358, 41.7418126)",in_transit
1790869340.9504828,14328,"(-111.8167006, 41.7430955)",in_transit
1790869351.2391264,14328,"(-111.8165391, 41.7439655)",in_transit
1790869361.4959407,14328,"(-111.8153708, 41.7444728)",in_transit
1790869371.7533486,14328,"(-111.8145833, 41.744448)",in_transit
1790869382.005933,14328,"(-111.8142065, 41.7442516)",in_transit
1790869392.2656038,14328,"(-111.8143151, 41.7435673)",in_transit
1790869402.5419326,14328,"(-111.8140046, 41.7436988)",Taggart Student Center
1790869412.8078382,14328,"(-111.8140675, 41.7438048)",Taggart Student Center
1790869423.0529895,14328,"(-111.8140758, 41.7438195)",Taggart Student Center
1790869433.3132272,14328,"(-111.814067, 41.7438338)",Taggart Student Center
1790869443.5809197,14328,"(-111.814052, 41.743845)",in_transit
1790869453.8526566,14328,"(-111.814045, 41.743851)",in_transit
1790869464.1732328,14328,"(-111.8140496, 41.7438528)",in_transit
1790869474.4318984,14328,"(-111.814044, 41.743855)",in_transit
1790869484.6979659,14328,"(-111.8140386, 41.7438501)",in_transit
1790869494.9702666,14328,"(-111.8140405, 41.743855)",in_transit
1790869505.2631383,14328,"(-111.8141415, 41.7438991)",in_transit
1790869515.5193703,14328,"(-111.814154, 41.744081)",in_transit
1790869525.809474,14328,"(-111.8141466, 41.7442598)",in_transit
1790869536.0748844,14328,"(-111.8141395, 41.7442788)",in_transit
1790869546.3470578,14328,"(-111.8141293, 41.7443001)",in_transit
1790869556.5989544,14328,"(-111.814131, 41.7443248)",in_transit
1790869566.9183345,14328,"(-111.814118, 41.7451155)",in_transit
1790869577.1763873,14328,"(-111.8140808, 41.7460071)",in_transit
1790869587.4368596,14328,"(-111.8140263, 41.7476031)",in_transit
1790869597.7292461,14328,"(-111.8138911, 41.7492825)",in_transit
1790869607.9959757,14328,"(-111.8138201, 41.749951)",in_transit
1790869618.28144,14328,"(-111.8135783, 41.7501058)",in_transit
1790869628.53149,14328,"(-111.8131885, 41.7500566)",The Bull
1790869638.8084025,14328,"(-111.8131876, 41.7500403)",The Bull
1790869649.061861,14328,"(-111.8127911, 41.7500756)",in_transit
1790869659.3224194,14328,"(-111.8119085, 41.7500898)",in_transit
1790869669.5745337,14328,"(-111.810339, 41.7500613)",in_transit
1790869679.8201382,14328,"(-111.8092245, 41.7500391)",in_transit
1790869690.066786,14328,"(-111.8073185, 41.7499975)",in_transit
1790869700.3128188,14328,"(-111.8063205, 41.7499593)",in_transit
1790869710.6123142,14328,"(-111.805728, 41.7499381)",Logan Cemetery
1790869720.8629224,14328,"(-111.805685, 41.7499353)",Logan Cemetery
1790869731.1206117,14328,"(-111.8054331, 41.7499603)",in_transit
1790869741.3893745,14328,"(-111.8048591, 41.7499575)",in_transit
1790869751.6458526,14328,"(-111.8045571, 41.7494571)",in_transit
1790869761.9035294,14328,"(-111.8043183, 41.7492748)",in_transit
1790869772.2112925,14328,"(-111.8027115, 41.749297)",in_transit
1790869782.4728606,14328,"(-111.8020391, 41.7493111)",in_transit
1790869792.7704732,14328,"(-111.8018675, 41.7494938)",in_transit
1790869803.0364318,14328,"(-111.8021083, 41.7496091)",Lundstrum
1790869813.3451328,14328,"(-111.8021013, 41.749601)",Lundstrum
1790869823.5947154,14328,"(-111.8020993, 41.7496081)",Lundstrum
1790869833.8531778,14328,"(-111.8021816, 41.749609)",Lundstrum
1790869844.1216125,14328,"(-111.8024058, 41.7494665)",in_transit
1790869854.388536,14328,"(-111.8026545, 41.7493436)",in_transit
1790869864.661444,14328,"(-111.8040908, 41.7493726)",in_transit
1790869874.9498289,14328,"(-111.8043778, 41.7498203)",in_transit
1790869885.2136285,14328,"(-111.8046026, 41.750102)",in_transit
1790869895.4843976,14328,"(-111.8045183, 41.7497113)",in_transit
1790869905.7503006,14328,"(-111.8044271, 41.7487536)",in_transit
1790869916.008132,14328,"(-111.8044281, 41.7483336)",in_transit
1790869926.2740295,14328,"(-111.8044133, 41.7467991)",in_transit
1790869936.5367916,14328,"(-111.8044488, 41.7463261)",in_transit
1790869946.796003,14328,"(-111.8043863, 41.7455408)",in_transit
1790869957.0577147,14328,"(-111.8043741, 41.7445123)",in_transit
1790869967.338208,14328,"(-111.804373, 41.744446)",in_transit
1790869977.6034606,14328,"(-111.8043701, 41.7438795)",in_transit
1790869987.8658261,14328,"(-111.8043653, 41.7433916)",Fine Arts Bldg
1790869998.1113834,14328,"(-111.8043673, 41.7432971)",in_transit
1790870008.371083,14328,"(-111.8043648, 41.743304)",Fine Arts Bldg
1790870018.629368,14328,"(-111.8043356, 41.7429868)",in_transit
1790870028.899498,14328,"(-111.804286, 41.7428038)",in_transit
1790870039.172797,14328,"(-111.8050125, 41.7421941)",in_transit
1790870049.4412227,14328,"(-111.8060751, 41.7415553)",in_transit
1790870059.7148302,14328,"(-111.8081595, 41.740729)",in_transit
1790870069.980433,14328,"(-111.809558, 41.7404258)",in_transit
1790870080.258855,14328,"(-111.8110193, 41.740099)",Family Life Bldg
1790870090.5271518,14328,"(-111.8112216, 41.7400301)",Family Life Bldg
1790870100.786348,14328,"(-111.8112376, 41.7400253)",Family Life Bldg
1790870111.047934,14328,"(-111.8112555, 41.7400158)",Family Life Bldg
1790870121.303922,14328,"(-111.811266, 41.7400058)",Family Life Bldg
1790870131.6008456,14328,"(-111.8113475, 41.7399561)",in_transit
1790870141.889943,14328,"(-111.8127971, 41.7393521)",in_transit
1790870152.1502109,14328,"(-111.8141545, 41.7388093)",in_transit
1790870162.4202113,14328,"(-111.8156966, 41.7386516)",in_transit
1790870172.685256,14328,"(-111.8184125, 41.7388371)",in_transit
1790870182.9539266,14328,"(-111.8192671, 41.7388673)",in_transit
1790870193.2138538,14328,"(-111.8193538, 41.7393356)",in_transit
1790870203.464863,14328,"(-111.8192986, 41.7402938)",in_transit
1790870213.7165234,14328,"(-111.8190225, 41.7406426)",in_transit
1790870223.9771273,14328,"(-111.8181756, 41.7406476)",in_transit
1790870234.231819,14328,"(-111.8181756, 41.7406476)",in_transit
1790870244.4960072,14328,"(-111.8181756, 41.7406476)",in_transit
1790870254.7638028,14328,"(-111.8176645, 41.7406123)",670 E 500 N
1790870275.3289292,14328,"(-111.8168745, 41.7406456)",in_transit
1790870285.5922928,14328,"(-111.8168745, 41.7406456)",in_transit
1790870295.8685558,14328,"(-111.8167046, 41.7426638)",in_transit
1790870306.172763,14328,"(-111.8165053, 41.7439895)",in_transit
1790870316.438969,14328,"(-111.815763, 41.7444608)",in_transit
1790870326.6958055,14328,"(-111.814665, 41.7444525)",in_transit
1790870336.9489937,14328,"(-111.8141898, 41.7442595)",in_transit
1790873981.878892,14328,"(-111.802081, 41.7495985)",Lundstrum
1790873992.197209,14328,"(-111.8022086, 41.7495825)",Lundstrum
1790874002.4483454,14328,"(-111.8026911, 41.7493253)",in_transit
1790874012.6987221,14328,"(-111.8036696, 41.7493366)",in_transit
1790874022.9865026,14328,"(-111.8039973, 41.749356)",in_transit
1790874033.2995486,14328,"(-111.8043635, 41.7498686)",in_transit
1790874043.5539858,14328,"(-111.8045881, 41.7501105)",in_transit
1790874053.8218942,14328,"(-111.8045203, 41.749507)",in_transit
1790874064.10157,14328,"(-111.8044213, 41.7487715)",in_transit
1790874074.3708925,14328,"(-111.8044138, 41.7483596)",in_transit
1790874084.625535,14328,"(-111.8044096, 41.746751)",in_transit
1790874095.0701509,14328,"(-111.8043716, 41.7459083)",in_transit
1790874105.3351572,14328,"(-111.8043586, 41.7451371)",in_transit
1790874115.5942917,14328,"(-111.8043525, 41.7446686)",in_transit
1790874125.8682678,14328,"(-111.8043601, 41.744488)",in_transit
1790874136.124333,14328,"(-111.80436, 41.7439043)",in_transit
1790874146.384902,14328,"(-111.8043568, 41.7433771)",Fine Arts Bldg
1790874156.669018,14328,"(-111.804366, 41.7433423)",Fine Arts Bldg
1790874166.9383433,14328,"(-111.8043678, 41.7433405)",Fine Arts Bldg
1790874177.1886094,14328,"(-111.8043368, 41.7429708)",in_transit
1790874187.4479077,14328,"(-111.8043575, 41.7426066)",in_transit
1790874197.7145457,14328,"(-111.8050473, 41.7421798)",in_transit
1790874208.0197284,14328,"(-111.8065805, 41.7412613)",in_transit
1790874218.3171778,14328,"(-111.8079328, 41.740772)",in_transit
1790874228.5865011,14328,"(-111.8101741, 41.7402748)",in_transit
1790874238.860461,14328,"(-111.811049, 41.7400901)",Family Life Bldg
1790874249.1237972,14328,"(-111.8112338, 41.74004)",Family Life Bldg
1790874259.3922458,14328,"(-111.81123, 41.7400443)",Family Life Bldg
1790874269.6541529,14328,"(-111.8112258, 41.7400451)",Family Life Bldg
1790874279.921605,14328,"(-111.8118343, 41.7397618)",in_transit
1790874290.1686316,14328,"(-111.8138413, 41.7389431)",in_transit
1790874300.4382942,14328,"(-111.815379, 41.7386523)",in_transit
1790874310.7266984,14328,"(-111.8171681, 41.7388335)",in_transit
1790874321.016725,14328,"(-111.819127, 41.7388663)",in_transit
1790874331.2714646,14328,"(-111.8193243, 41.7394806)",in_transit
1790874341.5316842,14328,"(-111.8192975, 41.740268)",in_transit
1790874351.7803235,14328,"(-111.8192438, 41.7405028)",in_transit
1790874362.0504878,14328,"(-111.818152, 41.7406755)",in_transit
1790874372.3103461,14328,"(-111.8177826, 41.7406711)",670 E 500 N
1790874382.5746691,14328,"(-111.8176688, 41.7406743)",670 E 500 N
1790874392.8300257,14328,"(-111.817424, 41.7406648)",in_transit
1790874403.0983846,14328,"(-111.8169221, 41.740666)",in_transit
1790874413.3667057,14328,"(-111.8167235, 41.7413411)",in_transit
1790874423.6303644,14328,"(-111.8167115, 41.7421708)",in_transit
1790874433.8887002,14328,"(-111.8166655, 41.7434895)",in_transit
1790874444.1586685,14328,"(-111.8159733, 41.7444336)",in_transit
1790874454.4561312,14328,"(-111.8149365, 41.7444875)",in_transit
1790874464.729314,14328,"(-111.8142815, 41.7444568)",in_transit
1790874475.0303128,14328,"(-111.8141955, 41.7438971)",in_transit
1790874485.3524985,14328,"(-111.8142443, 41.7435088)",in_transit
1790874495.62759,14328,"(-111.8140041, 41.7435915)",Taggart Student Center
1790874505.8998756,14328,"(-111.8140203, 41.7437896)",Taggart Student Center
1790874516.151093,14328,"(-111.814024, 41.7437845)",Taggart Student Center
1790874526.4068215,14328,"(-111.8140281, 41.7437823)",Taggart Student Center
1790874536.6733193,14328,"(-111.8140221, 41.7437835)",Taggart Student Center
1790874546.9645095,14328,"(-111.8140231, 41.7437723)",Taggart Student Center
1790874557.2231562,14328,"(-111.8140191, 41.7437673)",Taggart Student Center
1790874567.4757853,14328,"(-111.814024, 41.7437888)",Taggart Student Center
1790874577.737482,14328,"(-111.8140226, 41.7438043)",Taggart Student Center
1790874588.0390782,14328,"(-111.814015, 41.7437993)",Taggart Student Center
1790874598.2930725,14328,"(-111.8140133, 41.7437843)",Taggart Student Center
1790874608.550046,14328,"(-111.8140123, 41.7437711)",Taggart Student Center
1790874618.8097913,14328,"(-111.8140116, 41.7437681)",Taggart Student Center
1790874629.093593,14328,"(-111.81418, 41.7440155)",in_transit
1790874639.356468,14328,"(-111.8140831, 41.7444161)",in_transit
1790874649.8836648,14328,"(-111.8140831, 41.7444161)",in_transit
1790874660.1381311,14328,"(-111.8140421, 41.7462265)",in_transit
1790874670.4133642,14328,"(-111.8139916, 41.7476728)",in_transit
1790874680.666618,14328,"(-111.8139395, 41.7487811)",in_transit
1790874690.9390857,14328,"(-111.813798, 41.7499635)",in_transit
1790874701.2101655,14328,"(-111.8135445, 41.7500958)",in_transit
1790874711.4623263,14328,"(-111.8131881, 41.750069)",The Bull
1790874721.754052,14328,"(-111.8131926, 41.7500701)",The Bull
1790874732.0096924,14328,"(-111.8126398, 41.7500865)",in_transit
1790874742.2721884,14328,"(-111.8117928, 41.750095)",in_transit
1790874752.5481665,14328,"(-111.8102423, 41.75008)",in_transit
1790874762.810685,14328,"(-111.8091858, 41.7500638)",in_transit
1790874773.0936954,14328,"(-111.8072306, 41.7500325)",in_transit
1790874783.4096072,14328,"(-111.8060326, 41.749986)",Logan Cemetery
1790874793.658892,14328,"(-111.8057046, 41.74997)",Logan Cemetery
1790874803.9290073,14328,"(-111.8056311, 41.7499726)",in_transit
1790874814.185836,14328,"(-111.8049336, 41.7499958)",in_transit
1790874824.4439397,14328,"(-111.8045218, 41.7497631)",in_transit
1790874834.7248323,14328,"(-111.804519, 41.7495115)",in_transit
1790874844.990371,14328,"(-111.8035676, 41.7493143)",in_transit
1790874855.2600253,14328,"(-111.8020638, 41.7493268)",in_transit
1790874865.517907,14328,"(-111.8018386, 41.7495085)",in_transit
1790874875.7760563,14328,"(-111.8018386, 41.7495085)",in_transit
1790874886.0371995,14328,"(-111.8020966, 41.7496161)",Lundstrum
1790874896.30824,14328,"(-111.8021103, 41.7496228)",Lundstrum
1790874906.579696,14328,"(-111.802365, 41.7495028)",in_transit
1790874916.8334303,14328,"(-111.8028811, 41.7493353)",in_transit
1790874927.0833488,14328,"(-111.8041678, 41.7494055)",in_transit
1790874937.3478453,14328,"(-111.8043886, 41.7498308)",in_transit
1790874947.6050947,14328,"(-111.8045946, 41.7501153)",in_transit
1790874957.8621333,14328,"(-111.8045408, 41.749458)",in_transit
1790874968.1574283,14328,"(-111.8044248, 41.748794)",in_transit
1790874978.4794142,14328,"(-111.8044168, 41.7484265)",in_transit
1790874988.7405627,14328,"(-111.8043821, 41.7468758)",in_transit
1790874999.0478718,14328,"(-111.8044561, 41.7463791)",in_transit
1790875009.3087244,14328,"(-111.80437, 41.7456516)",in_transit
1790875019.5823257,14328,"(-111.80437, 41.7456516)",in_transit
1790875029.8491836,14328,"(-111.804352, 41.7444771)",in_transit
1790875040.1052558,14328,"(-111.804355, 41.7444771)",in_transit
1790875050.3725884,14328,"(-111.8043565, 41.7443541)",in_transit
1790875060.6495857,14328,"(-111.8043555, 41.7435016)",Fine Arts Bldg
1790875070.9099658,14328,"(-111.8043641, 41.7433491)",Fine Arts Bldg
1790875081.2155416,14328,"(-111.804361, 41.74335)",Fine Arts Bldg
1790875091.4772549,14328,"(-111.8043371, 41.7429783)",in_transit
1790875101.7390351,14328,"(-111.8043018, 41.742796)",in_transit
1790875112.001622,14328,"(-111.8044841, 41.742503)",in_transit
1790875122.2575629,14328,"(-111.8056536, 41.7418108)",in_transit
1790875132.5152757,14328,"(-111.8069541, 41.7411121)",in_transit
1790875142.792087,14328,"(-111.809672, 41.7404051)",in_transit
1790875153.080745,14328,"(-111.8111835, 41.7400661)",Family Life Bldg
1790875163.3481581,14328,"(-111.8112151, 41.7400575)",Family Life Bldg
1790875173.6049397,14328,"(-111.8112203, 41.7400613)",Family Life Bldg
1790875183.8615663,14328,"(-111.8112481, 41.7400551)",Family Life Bldg
1790875194.1567852,14328,"(-111.811336, 41.740015)",in_transit
1790875204.415922,14328,"(-111.8127881, 41.7393898)",in_transit
1790875214.6788578,14328,"(-111.8142465, 41.7388325)",in_transit
1790875224.936849,14328,"(-111.81586, 41.7387101)",in_transit
1790875235.1964042,14328,"(-111.8167118, 41.7388293)",in_transit
1790875245.4968414,14328,"(-111.8193493, 41.7390535)",in_transit
1790875255.7748227,14328,"(-111.8192971, 41.740052)",in_transit
1790875266.0431387,14328,"(-111.8192135, 41.7405466)",in_transit
1790875276.3185966,14328,"(-111.8182491, 41.7406685)",in_transit
1790875286.5723183,14328,"(-111.8178626, 41.7406571)",in_transit
1790875296.8458128,14328,"(-111.8176661, 41.7406441)",670 E 500 N
1790875307.098099,14328,"(-111.8171903, 41.7406273)",in_transit
1790875317.3524747,14328,"(-111.8167201, 41.7410951)",in_transit
1790875327.6128705,14328,"(-111.8166906, 41.7423596)",in_transit
1790875337.86658,14328,"(-111.8166613, 41.7432923)",in_transit
1790875348.1299162,14328,"(-111.8160996, 41.7443905)",in_transit
1790875358.3944492,14328,"(-111.8156285, 41.7444965)",in_transit
1790875368.6582863,14328,"(-111.814396, 41.7444615)",in_transit
1790875378.9513059,14328,"(-111.8141933, 41.7442691)",in_transit
1790875389.227082,14328,"(-111.814265, 41.7435145)",in_transit
1790875399.4906614,14328,"(-111.8140233, 41.7435435)",in_transit
1790875409.765538,14328,"(-111.8139925, 41.743645)",Taggart Student Center
1790875420.0250294,14328,"(-111.8139861, 41.7436551)",Taggart Student Center
1790875430.2855601,14328,"(-111.8139888, 41.7436676)",Taggart Student Center
1790875440.5588994,14328,"(-111.8139948, 41.7436745)",Taggart Student Center
1790875450.8144157,14328,"(-111.8139783, 41.743659)",Taggart Student Center
1790875461.0686784,14328,"(-111.8139631, 41.7436428)",Taggart Student Center
1790875471.3239636,14328,"(-111.8139546, 41.7436315)",Taggart Student Center
1790875481.593405,14328,"(-111.8139815, 41.7436413)",Taggart Student Center
1790875491.910508,14328,"(-111.8139961, 41.7436453)",Taggart Student Center
1790875502.200508,14328,"(-111.8139955, 41.7436446)",Taggart Student Center
1790875512.4770262,14328,"(-111.8139928, 41.7436383)",Taggart Student Center
1790875522.7514381,14328,"(-111.8139901, 41.7436308)",Taggart Student Center
1790875533.0155985,14328,"(-111.8139876, 41.7436248)",Taggart Student Center
1790875543.2709084,14328,"(-111.813989, 41.74362)",Taggart Student Center
1790875553.5894287,14328,"(-111.8139865, 41.7436161)",Taggart Student Center
1790875563.8849113,14328,"(-111.8139878, 41.7436141)",Taggart Student Center
1790875574.1452286,14328,"(-111.8139796, 41.7436118)",Taggart Student Center
1790875584.4084613,14328,"(-111.8141786, 41.7439766)",in_transit
1790875594.6739862,14328,"(-111.8141311, 41.7442988)",in_transit
1790875604.9343138,14328,"(-111.8140985, 41.7443855)",in_transit
1790875615.1987233,14328,"(-111.8140838, 41.7444218)",in_transit
1790875625.4803936,14328,"(-111.8140838, 41.7444218)",in_transit
1790875635.7217245,14328,"(-111.8140125, 41.7470008)",in_transit
1790875645.9848554,14328,"(-111.8140051, 41.7475241)",in_transit
1790875656.2481685,14328,"(-111.8138328, 41.7496156)",in_transit
1790875666.554104,14328,"(-111.8137841, 41.7499188)",in_transit
1790875676.801218,14328,"(-111.8134611, 41.7500978)",The Bull
1790875687.058367,14328,"(-111.813156, 41.750043)",The Bull
1790875697.3793116,14328,"(-111.8131398, 41.7500276)",The Bull
1790875707.6461415,14328,"(-111.8131416, 41.7500378)",The Bull
1790875717.907782,14328,"(-111.813143, 41.750054)",The Bull
1790875728.1772704,14328,"(-111.8126196, 41.7500613)",in_transit
1790875738.4307895,14328,"(-111.8117275, 41.7500736)",in_transit
1790875748.6945899,14328,"(-111.810181, 41.7500576)",in_transit
1790875758.958941,14328,"(-111.8083978, 41.7500351)",in_transit
1790875769.237509,14328,"(-111.8070311, 41.7500045)",in_transit
1790875779.495158,14328,"(-111.80567, 41.7499456)",in_transit
1790875789.7575727,14328,"(-111.8056625, 41.7499465)",in_transit
1790875800.0383024,14328,"(-111.8051328, 41.7499695)",in_transit
1790875810.2958062,14328,"(-111.8045598, 41.7498446)",in_transit
1790875820.5631976,14328,"(-111.8045355, 41.7494335)",in_transit
1790875830.8307612,14328,"(-111.8042931, 41.7492723)",in_transit
1790875841.0828576,14328,"(-111.8031596, 41.7492996)",in_transit
1790875851.3409262,14328,"(-111.80218, 41.7493008)",in_transit
1790875861.64731,14328,"(-111.801879, 41.7495241)",in_transit
1790875871.909217,14328,"(-111.801879, 41.7495241)",in_transit
1790875882.2053711,14328,"(-111.8020941, 41.7496295)",Lundstrum
1790875892.485893,14328,"(-111.8021203, 41.7496548)",Lundstrum
1790875902.7502623,14328,"(-111.8021181, 41.749654)",Lundstrum
1790875913.0129936,14328,"(-111.8021338, 41.7496491)",Lundstrum
1790875923.275975,14328,"(-111.8023758, 41.7495331)",in_transit
1790875933.5406218,14328,"(-111.8032363, 41.7493536)",in_transit
1790875943.8560534,14328,"(-111.8039418, 41.749371)",in_transit
1790875954.1500115,14328,"(-111.804384, 41.7496011)",in_transit
1790875964.422923,14328,"(-111.8043536, 41.7499963)",in_transit
1790875974.7002554,14328,"(-111.8046598, 41.7499311)",in_transit
1790875984.9555197,14328,"(-111.8045193, 41.7495123)",in_transit
1790875995.209036,14328,"(-111.8044275, 41.7485615)",in_transit
1790876005.5037453,14328,"(-111.8044046, 41.7473168)",in_transit
1790876015.767487,14328,"(-111.8044318, 41.7467361)",in_transit
1790876026.0274754,14328,"(-111.8044713, 41.7463765)",in_transit
1790876036.3254287,14328,"(-111.8043756, 41.7449346)",in_transit
1790876046.571558,14328,"(-111.8043601, 41.7436658)",in_transit
1790876056.8311527,14328,"(-111.8043645, 41.7434295)",Fine Arts Bldg
1790876067.0990684,14328,"(-111.8043811, 41.7433475)",Fine Arts Bldg
1790876077.3605456,14328,"(-111.8043896, 41.7433491)",Fine Arts Bldg
1790876087.6548774,14328,"(-111.8043851, 41.743338)",Fine Arts Bldg
1790876097.9122825,14328,"(-111.8043475, 41.7429408)",in_transit
1790876108.178944,14328,"(-111.8043793, 41.7425988)",in_transit
1790876118.460496,14328,"(-111.8051293, 41.7421456)",in_transit
1790876128.718533,14328,"(-111.8068718, 41.7411606)",in_transit
1790876138.99943,14328,"(-111.8084256, 41.7406941)",in_transit
1790876149.250051,14328,"(-111.8106226, 41.7402088)",in_transit
1790876159.545326,14328,"(-111.8110485, 41.7401188)",Family Life Bldg
1790876169.7998743,14328,"(-111.8112175, 41.7400583)",Family Life Bldg
1790876180.0708237,14328,"(-111.8112196, 41.740059)",Family Life Bldg
1790876190.3296435,14328,"(-111.8112161, 41.7400588)",Family Life Bldg
1790876200.6262894,14328,"(-111.8112248, 41.7400561)",Family Life Bldg
1790876210.8756018,14328,"(-111.8123921, 41.7395436)",in_transit
1790876221.136005,14328,"(-111.8145503, 41.7387485)",in_transit
1790876231.3967466,14328,"(-111.8161011, 41.7387388)",in_transit
1790876241.6559672,14328,"(-111.8174308, 41.7388425)",in_transit
1790876251.924326,14328,"(-111.8189725, 41.7388576)",in_transit
1790876262.1876452,14328,"(-111.8193423, 41.739056)",in_transit
1790876272.4545596,14328,"(-111.8193221, 41.740024)",in_transit
1790876282.7078264,14328,"(-111.8190018, 41.7406821)",in_transit
1790876292.9637141,14328,"(-111.8182798, 41.7406726)",in_transit
1790876303.2346654,14328,"(-111.8178756, 41.740655)",in_transit
1790876313.5113473,14328,"(-111.817658, 41.740641)",670 E 500 N
1790876323.7630847,14328,"(-111.817396, 41.7406221)",in_transit
1790876334.0584865,14328,"(-111.8168183, 41.7406356)",in_transit
1790876344.3127148,14328,"(-111.8167291, 41.7413265)",in_transit
1790876354.5778322,14328,"(-111.8166986, 41.7421641)",in_transit
1790876364.8319085,14328,"(-111.816662, 41.7434971)",in_transit
1790876375.0935023,14328,"(-111.8163095, 41.7442356)",in_transit
1790876385.353591,14328,"(-111.8148196, 41.7444671)",in_transit
1790876395.6356647,14328,"(-111.8144603, 41.7444456)",in_transit
1790876405.9414556,14328,"(-111.8143446, 41.7444353)",in_transit
1790876416.2090902,14328,"(-111.8143245, 41.7444236)",in_transit
1790876426.4822145,14328,"(-111.8142075, 41.7438695)",in_transit
1790876436.7520287,14328,"(-111.814277, 41.7436806)",in_transit
1790876447.0226355,14328,"(-111.8143095, 41.743564)",in_transit
1790876457.3036637,14328,"(-111.8140368, 41.7435545)",in_transit
1790876467.562902,14328,"(-111.8140368, 41.7435545)",in_transit
1790876477.8251278,14328,"(-111.8140195, 41.7437895)",Taggart Student Center
1790876488.0822823,14328,"(-111.8140028, 41.7437831)",Taggart Student Center
1790876498.3519902,14328,"(-111.814004, 41.7437885)",Taggart Student Center
1790876508.6192386,14328,"(-111.8140136, 41.7437875)",Taggart Student Center
1790876518.8886333,14328,"(-111.8140148, 41.7437926)",Taggart Student Center
1790876529.1501672,14328,"(-111.814022, 41.7437981)",Taggart Student Center
1790876539.4476144,14328,"(-111.8140325, 41.7437905)",Taggart Student Center
1790876549.7086427,14328,"(-111.8140423, 41.7437956)",Taggart Student Center
1790876559.9722219,14328,"(-111.8141133, 41.743851)",in_transit
1790876570.238114,14328,"(-111.8141436, 41.7442201)",in_transit
1790876580.5349662,14328,"(-111.8141181, 41.7443526)",in_transit
1790876590.7900958,14328,"(-111.8141378, 41.7443755)",in_transit
1790876601.084634,14328,"(-111.814151, 41.7443836)",in_transit
1790876611.3435454,14328,"(-111.814122, 41.7448185)",in_transit
1790876621.6117957,14328,"(-111.8141068, 41.7455538)",in_transit
1790876631.8745751,14328,"(-111.8140686, 41.7467735)",in_transit
1790876642.1338954,14328,"(-111.8140403, 41.7477763)",in_transit
1790876652.4028144,14328,"(-111.8139276, 41.749304)",in_transit
1790876662.6492524,14328,"(-111.8138325, 41.7499931)",in_transit
1790876672.9030187,14328,"(-111.8135778, 41.750121)",in_transit
1790876683.1646566,14328,"(-111.813191, 41.7500743)",The Bull
1790876693.4274225,14328,"(-111.8131948, 41.750073)",The Bull
1790876703.7212856,14328,"(-111.8132035, 41.7500718)",The Bull
1790876713.9649606,14328,"(-111.8131938, 41.7500775)",The Bull
1790876724.2368834,14328,"(-111.812665, 41.7501006)",in_transit
1790876734.492672,14328,"(-111.8114365, 41.7500995)",in_transit
1790876744.7538407,14328,"(-111.8105071, 41.7500783)",in_transit
1790876755.0223305,14328,"(-111.8097695, 41.7500638)",in_transit
1790876765.2805912,14328,"(-111.808857, 41.7500441)",in_transit
1790876775.531537,14328,"(-111.8071791, 41.7500145)",in_transit
1790876785.7914145,14328,"(-111.8061296, 41.749972)",in_transit
1790876796.0484169,14328,"(-111.8058071, 41.7499586)",Logan Cemetery
1790876806.3076882,14328,"(-111.8056995, 41.7499495)",Logan Cemetery
1790876816.591166,14328,"(-111.8054593, 41.749956)",in_transit
1790876826.8477125,14328,"(-111.8048285, 41.749979)",in_transit
1790876837.1156645,14328,"(-111.8045803, 41.7498926)",in_transit
1790876847.3669736,14328,"(-111.8045461, 41.7494086)",in_transit
1790876857.6404428,14328,"(-111.8036406, 41.7493105)",in_transit
1790876867.8997078,14328,"(-111.8026195, 41.7493188)",in_transit
1790876878.1456547,14328,"(-111.8018545, 41.7493781)",in_transit
1790876888.397367,14328,"(-111.8018968, 41.749562)",in_transit
1790876898.6564221,14328,"(-111.8021126, 41.7496105)",Lundstrum
1790876908.9546916,14328,"(-111.8021121, 41.7496078)",Lundstrum
1790876919.2210767,14328,"(-111.8021175, 41.7496106)",Lundstrum
1790876929.482312,14328,"(-111.8021138, 41.7496223)",Lundstrum
1790876939.782174,14328,"(-111.8021165, 41.7496238)",Lundstrum
1790876950.0685058,14328,"(-111.8025868, 41.7493763)",in_transit
1790876960.3315578,14328,"(-111.8031488, 41.7493478)",in_transit
1790876970.5828097,14328,"(-111.8038026, 41.7493588)",in_transit
1790876980.8497028,14328,"(-111.8040203, 41.7493766)",in_transit
1790876991.1104891,14328,"(-111.8041141, 41.7493958)",in_transit
1790877001.3548336,14328,"(-111.8044115, 41.7497601)",in_transit
1790877011.608944,14328,"(-111.8046056, 41.7501146)",in_transit
1790877021.8667586,14328,"(-111.8045341, 41.7494713)",in_transit
1790877032.1233249,14328,"(-111.8045341, 41.7494713)",in_transit
1790877042.3789866,14328,"(-111.8044853, 41.749244)",in_transit
1790877052.6662867,14328,"(-111.8044303, 41.7487805)",in_transit
1790877062.9370086,14328,"(-111.8044303, 41.7487805)",in_transit
1790877073.206171,14328,"(-111.8045073, 41.746628)",in_transit
1790877083.5206795,14328,"(-111.8044281, 41.7463248)",in_transit
1790877093.7811015,14328,"(-111.8043585, 41.7448068)",in_transit
1790877104.0354197,14328,"(-111.804354, 41.7445655)",in_transit
1790877114.3347764,14328,"(-111.8043576, 41.7444826)",in_transit
1790877124.6023462,14328,"(-111.8043605, 41.7444855)",in_transit
1790877134.8621337,14328,"(-111.8043611, 41.7442066)",in_transit
1790877145.1275074,14328,"(-111.8043571, 41.7433976)",Fine Arts Bldg
1790877155.3780708,14328,"(-111.8043578, 41.7433328)",Fine Arts Bldg
1790877165.6842368,14328,"(-111.8043626, 41.7433343)",Fine Arts Bldg
1790877175.9891841,14328,"(-111.8043575, 41.7433153)",Fine Arts Bldg
1790877186.2763574,14328,"(-111.8043416, 41.7431396)",in_transit
1790877196.5416996,14328,"(-111.8043291, 41.7429943)",in_transit
1790877206.8089464,14328,"(-111.804295, 41.742844)",in_transit
1790877217.06973,14328,"(-111.8042976, 41.7428283)",in_transit
1790877227.3451133,14328,"(-111.804306, 41.742836)",in_transit
1790877237.6079195,14328,"(-111.8042871, 41.7427985)",in_transit
1790877247.8744776,14328,"(-111.8042711, 41.7427645)",in_transit
1790877258.133468,14328,"(-111.8051816, 41.7421091)",in_transit
1790877268.4368222,14328,"(-111.806352, 41.7414156)",in_transit
1790877278.7042778,14328,"(-111.8085153, 41.7406673)",in_transit
1790877288.9701931,14328,"(-111.8107141, 41.7401711)",in_transit
1790877299.2805538,14328,"(-111.8111068, 41.7400825)",Family Life Bldg
1790877309.5453534,14328,"(-111.8112318, 41.7400443)",Family Life Bldg
1790877319.8077238,14328,"(-111.8112365, 41.7400445)",Family Life Bldg
1790877330.0705528,14328,"(-111.811236, 41.7400428)",Family Life Bldg
1790877340.3255272,14328,"(-111.811221, 41.7400386)",Family Life Bldg
1790877350.5851448,14328,"(-111.811229, 41.7400383)",Family Life Bldg
1790877360.8312411,14328,"(-111.8112836, 41.7400145)",Family Life Bldg
1790877371.0910652,14328,"(-111.8115426, 41.7398813)",in_transit
1790877381.399867,14328,"(-111.8133335, 41.7391465)",in_transit
1790877391.6571622,14328,"(-111.8148295, 41.7386891)",in_transit
1790877401.9523804,14328,"(-111.8171521, 41.7388335)",in_transit
1790877412.2196546,14328,"(-111.818584, 41.7388575)",in_transit
1790877422.4707448,14328,"(-111.8187433, 41.7388643)",in_transit
1790877432.7215652,14328,"(-111.8192388, 41.7388828)",in_transit
1790877443.03599,14328,"(-111.8193373, 41.7395235)",in_transit
1790877453.3339334,14328,"(-111.8193356, 41.7399063)",in_transit
1790877463.600541,14328,"(-111.8193253, 41.7402403)",in_transit
1790877473.9299586,14328,"(-111.8182118, 41.7406796)",in_transit
1790877484.203107,14328,"(-111.8178285, 41.7406663)",670 E 500 N
1790877494.4694223,14328,"(-111.8177086, 41.7406678)",670 E 500 N
1790877504.7342021,14328,"(-111.8168881, 41.740662)",in_transit
1790877514.9921494,14328,"(-111.8167536, 41.741365)",in_transit
1790877525.2557378,14328,"(-111.816736, 41.7421791)",in_transit
1790877535.5484145,14328,"(-111.816695, 41.7435738)",in_transit
1790877545.8047996,14328,"(-111.8162688, 41.7443258)",in_transit
1790877556.0748267,14328,"(-111.8146911, 41.7444696)",in_transit
1790877566.333162,14328,"(-111.8143895, 41.7444528)",in_transit
1790877576.5962036,14328,"(-111.8142105, 41.7443841)",in_transit
1790877586.8653688,14328,"(-111.8142105, 41.7443841)",in_transit
1790877597.1339064,14328,"(-111.813988, 41.7436971)",Taggart Student Center
1790877607.3814526,14328,"(-111.814045, 41.7437795)",Taggart Student Center
1790877617.624633,14328,"(-111.8140581, 41.7437793)",Taggart Student Center
1790877627.875121,14328,"(-111.8140508, 41.7437711)",Taggart Student Center
1790877638.1374094,14328,"(-111.8140468, 41.7437645)",Taggart Student Center
1790877648.391997,14328,"(-111.8140453, 41.7437706)",Taggart Student Center
1790877658.6675239,14328,"(-111.8140531, 41.7437835)",Taggart Student Center
1790877668.928898,14328,"(-111.814059, 41.743794)",Taggart Student Center
1790877679.1931689,14328,"(-111.8140576, 41.7437938)",Taggart Student Center
1790877689.4841847,14328,"(-111.8140473, 41.7437795)",Taggart Student Center
1790877699.7453022,14328,"(-111.8140353, 41.7437606)",Taggart Student Center
1790877710.0130413,14328,"(-111.8140298, 41.7437533)",Taggart Student Center
1790877720.3127909,14328,"(-111.8140226, 41.7437505)",Taggart Student Center
1790877730.5953703,14328,"(-111.8140261, 41.7437536)",Taggart Student Center
1790877740.848418,14328,"(-111.8140328, 41.7437601)",Taggart Student Center
1790877751.1149814,14328,"(-111.8140431, 41.7437741)",Taggart Student Center
1790877761.376409,14328,"(-111.81404, 41.7437801)",Taggart Student Center
1790877771.637231,14328,"(-111.8140418, 41.7437895)",Taggart Student Center
1790877781.9046545,14328,"(-111.8140498, 41.7437921)",Taggart Student Center
1790877792.1789532,14328,"(-111.814175, 41.7441466)",in_transit
1790877802.4601252,14328,"(-111.8141401, 41.744327)",in_transit
1790877812.7377899,14328,"(-111.8141486, 41.7443833)",in_transit
1790877823.0035605,14328,"(-111.8141366, 41.7446948)",in_transit
1790877833.2769918,14328,"(-111.8141301, 41.7453808)",in_transit
1790877843.5331166,14328,"(-111.8140815, 41.7466196)",in_transit
1790877853.8373735,14328,"(-111.8140195, 41.7480573)",in_transit
1790877864.1108508,14328,"(-111.8139071, 41.7494705)",in_transit
1790877874.382981,14328,"(-111.8138886, 41.7496511)",in_transit
1790877884.6805687,14328,"(-111.813821, 41.7498431)",in_transit
1790877894.9340103,14328,"(-111.8138263, 41.7500003)",in_transit
1790877905.1948988,14328,"(-111.8138351, 41.7500631)",in_transit
1790877915.4765692,14328,"(-111.8135918, 41.7501136)",in_transit
1790877925.7379932,14328,"(-111.8131908, 41.7500696)",The Bull
1790877936.020308,14328,"(-111.8131805, 41.7500676)",The Bull
1790877946.3352,14328,"(-111.8131946, 41.7500638)",The Bull
1790877956.63337,14328,"(-111.8131986, 41.7500606)",The Bull
1790877966.9369009,14328,"(-111.812667, 41.7500915)",in_transit
1790877977.2241523,14328,"(-111.8117941, 41.7501068)",in_transit
1790877987.5418406,14328,"(-111.8102601, 41.7500765)",in_transit
1790877997.8172448,14328,"(-111.808678, 41.7500428)",in_transit
1790878008.0751004,14328,"(-111.8075066, 41.7500246)",in_transit
1790878018.3444462,14328,"(-111.805955, 41.7499698)",Logan Cemetery
1790878028.6398954,14328,"(-111.8057111, 41.7499625)",Logan Cemetery
1790878038.902187,14328,"(-111.8057053, 41.7499771)",Logan Cemetery
1790878049.1701384,14328,"(-111.8051838, 41.749992)",in_transit
1790878059.441684,14328,"(-111.8044935, 41.749718)",in_transit
1790878069.7154586,14328,"(-111.804533, 41.749472)",in_transit
1790878079.986224,14328,"(-111.8036235, 41.7493101)",in_transit
1790878090.240564,14328,"(-111.8020826, 41.749318)",in_transit
1790878100.531101,14328,"(-111.8019613, 41.7495875)",Lundstrum
1790878110.7943554,14328,"(-111.802103, 41.7496078)",Lundstrum
1790878121.0501351,14328,"(-111.8021168, 41.7496028)",Lundstrum
1790878131.318809,14328,"(-111.8021256, 41.749603)",Lundstrum
1790878141.5692124,14328,"(-111.8021256, 41.7496018)",Lundstrum
1790878151.8359947,14328,"(-111.8021301, 41.7495961)",Lundstrum
1790878162.094167,14328,"(-111.8021251, 41.7495955)",Lundstrum
1790878172.3435721,14328,"(-111.8021193, 41.749598)",Lundstrum
1790878182.6006463,14328,"(-111.8021233, 41.7495895)",Lundstrum
1790878192.8548896,14328,"(-111.8021198, 41.7495886)",Lundstrum
1790878203.1220644,14328,"(-111.8021125, 41.7495846)",Lundstrum
1790878213.3907387,14328,"(-111.80211, 41.7495813)",Lundstrum
1790878223.6414657,14328,"(-111.8023513, 41.7494998)",in_transit
1790878233.8857555,14328,"(-111.8033996, 41.7493291)",in_transit
1790878244.152172,14328,"(-111.804121, 41.7493856)",in_transit
1790878254.4147992,14328,"(-111.8043811, 41.7498218)",in_transit
1790878264.6815326,14328,"(-111.804651, 41.7499121)",in_transit
1790878274.9822607,14328,"(-111.804534, 41.7494166)",in_transit
1790878285.247925,14328,"(-111.8044123, 41.7484388)",in_transit
1790878295.5107613,14328,"(-111.8043823, 41.7472213)",in_transit
1790878305.7727935,14328,"(-111.8044871, 41.7466413)",in_transit
1790878316.031179,14328,"(-111.8043653, 41.7458266)",in_transit
1790878326.2904835,14328,"(-111.8043405, 41.7446953)",in_transit
1790878336.581901,14328,"(-111.8043328, 41.7445146)",in_transit
1790878346.9061637,14328,"(-111.8043513, 41.7444915)",in_transit
1790878357.1954362,14328,"(-111.8043531, 41.7442811)",in_transit
1790878367.4473317,14328,"(-111.8043506, 41.7434126)",Fine Arts Bldg
1790878377.7142406,14328,"(-111.8043491, 41.7433273)",Fine Arts Bldg
1790878387.988132,14328,"(-111.8043418, 41.7432971)",in_transit
1790878398.249277,14328,"(-111.8043048, 41.7429236)",in_transit
1790878408.5143836,14328,"(-111.804413, 41.7425561)",in_transit
1790878418.7751,14328,"(-111.8056725, 41.741793)",in_transit
1790878429.0388093,14328,"(-111.8078685, 41.7408041)",in_transit
1790878439.3046334,14328,"(-111.8095165, 41.740441)",in_transit
1790878449.541466,14328,"(-111.811137, 41.7400758)",Family Life Bldg
1790878459.8203645,14328,"(-111.8112163, 41.7400471)",Family Life Bldg
1790878470.0891776,14328,"(-111.8112201, 41.7400441)",Family Life Bldg
1790878480.346768,14328,"(-111.8112206, 41.7400451)",Family Life Bldg
1790878490.5957835,14328,"(-111.8121036, 41.7396505)",in_transit
1790878500.8994265,14328,"(-111.8135106, 41.739073)",in_transit
1790878511.1734035,14328,"(-111.8150265, 41.7386691)",in_transit
1790878521.440298,14328,"(-111.8150265, 41.7386691)",in_transit
1790878531.700751,14328,"(-111.8191568, 41.7388645)",in_transit
1790878541.9612262,14328,"(-111.8192671, 41.7388906)",in_transit
1790878552.2211292,14328,"(-111.8193156, 41.7395608)",in_transit
1790878562.5121884,14328,"(-111.8192363, 41.7405436)",in_transit
1790878572.7706494,14328,"(-111.818668, 41.7406786)",in_transit
1790878583.0415547,14328,"(-111.8177821, 41.7406653)",670 E 500 N
1790878593.2898872,14328,"(-111.8177821, 41.7406653)",670 E 500 N
1790878603.5761998,14328,"(-111.8170496, 41.7406613)",in_transit
1790878613.835139,14328,"(-111.816735, 41.74093)",in_transit
1790878624.0878525,14328,"(-111.8167356, 41.7422908)",in_transit
1790878634.345572,14328,"(-111.816694, 41.7432566)",in_transit
1790878644.6570396,14328,"(-111.8161125, 41.7443865)",in_transit
1790878654.928279,14328,"(-111.8148573, 41.7444778)",in_transit
1790878665.1967874,14328,"(-111.8141976, 41.7443938)",in_transit
1790878675.5183063,14328,"(-111.814311, 41.743619)",in_transit
1790878685.7781806,14328,"(-111.8140026, 41.7436918)",Taggart Student Center
1790878696.0337353,14328,"(-111.8140026, 41.7436918)",Taggart Student Center
1790878706.3597858,14328,"(-111.8140281, 41.7437838)",Taggart Student Center
1790878716.620533,14328,"(-111.8140416, 41.743774)",Taggart Student Center
1790878726.8735235,14328,"(-111.8140388, 41.7437711)",Taggart Student Center
1790878737.1364746,14328,"(-111.8140366, 41.743768)",Taggart Student Center
1790878747.399614,14328,"(-111.814032, 41.7437675)",Taggart Student Center
1790878757.6608036,14328,"(-111.8140206, 41.743771)",Taggart Student Center
1790878767.9244897,14328,"(-111.8140165, 41.743772)",Taggart Student Center
1790878778.2176683,14328,"(-111.8140163, 41.7437745)",Taggart Student Center
1790878788.468993,14328,"(-111.814021, 41.7437805)",Taggart Student Center
1790878798.7314413,14328,"(-111.8140193, 41.7437808)",Taggart Student Center
1790878808.9953773,14328,"(-111.8140208, 41.7437733)",Taggart Student Center
1790878819.309272,14328,"(-111.8140238, 41.7437693)",Taggart Student Center
1790878829.580707,14328,"(-111.814025, 41.7437771)",Taggart Student Center
1790878839.8637338,14328,"(-111.8140126, 41.743771)",Taggart Student Center
1790878850.1236427,14328,"(-111.8139945, 41.743763)",Taggart Student Center
1790878860.3914332,14328,"(-111.8140223, 41.7437793)",Taggart Student Center
1790878870.6499662,14328,"(-111.814135, 41.744145)",in_transit
1790878880.9085333,14328,"(-111.814109, 41.744308)",in_transit
1790878891.1799977,14328,"(-111.8140803, 41.7447243)",in_transit
1790878901.437352,14328,"(-111.814088, 41.7452715)",in_transit
1790878911.6925023,14328,"(-111.8140666, 41.7461036)",in_transit
1790878921.9801395,14328,"(-111.8140225, 41.7476995)",in_transit
1790878932.2824826,14328,"(-111.8138756, 41.7494155)",in_transit
1790878942.5374954,14328,"(-111.813802, 41.7500281)",in_transit
1790878952.8109899,14328,"(-111.813557, 41.7501016)",in_transit
1790878963.064606,14328,"(-111.8131795, 41.7500715)",The Bull
1790878973.3651192,14328,"(-111.8131815, 41.7500545)",The Bull
1790878983.628212,14328,"(-111.8128206, 41.7500795)",in_transit
1790878993.9356124,14328,"(-111.8115098, 41.7501076)",in_transit
1790879004.196846,14328,"(-111.8105135, 41.7500866)",in_transit
1790879014.4627395,14328,"(-111.8090248, 41.750057)",in_transit
1790879024.7293215,14328,"(-111.8071581, 41.750025)",in_transit
1790879034.9856973,14328,"(-111.806058, 41.749984)",Logan Cemetery
1790879045.2717142,14328,"(-111.8057701, 41.7499723)",Logan Cemetery
1790879055.5185988,14328,"(-111.8057093, 41.7499773)",Logan Cemetery
1790879065.8560379,14328,"(-111.8054641, 41.7499905)",in_transit
1790879076.151171,14328,"(-111.8048246, 41.749998)",in_transit
1790879086.4078956,14328,"(-111.8047161, 41.7499753)",in_transit
1790879096.6800811,14328,"(-111.8045038, 41.7495715)",in_transit
1790879106.9399178,14328,"(-111.8039561, 41.7493068)",in_transit
1790879117.2095058,14328,"(-111.8025038, 41.7493335)",in_transit
1790879127.478507,14328,"(-111.801832, 41.7494138)",in_transit
1790879137.740004,14328,"(-111.801832, 41.7494138)",in_transit
1790879148.0059023,14328,"(-111.8018906, 41.7495685)",in_transit
1790879158.2473428,14328,"(-111.8018803, 41.7495778)",in_transit
1790879168.5361106,14328,"(-111.801885, 41.7495806)",in_transit
1790879178.7804391,14328,"(-111.8019158, 41.7495871)",Lundstrum
1790879189.0493279,14328,"(-111.8019286, 41.7495891)",Lundstrum
1790879199.3397932,14328,"(-111.80194, 41.7495888)",Lundstrum
1790879209.6038218,14328,"(-111.802213, 41.7496178)",Lundstrum
1790879219.8993254,14328,"(-111.8024345, 41.7494386)",in_transit
1790879230.1828475,14328,"(-111.8030665, 41.7493551)",in_transit
1790879240.4325078,14328,"(-111.8039531, 41.7493625)",in_transit
1790879250.6841185,14328,"(-111.8041653, 41.7494326)",in_transit
1790879260.9513826,14328,"(-111.8043798, 41.749736)",in_transit
1790879271.2252655,14328,"(-111.8046006, 41.7501143)",in_transit
1790879281.4852335,14328,"(-111.8045291, 41.749728)",in_transit
1790879291.7585826,14328,"(-111.8044291, 41.7487575)",in_transit
1790879302.0171857,14328,"(-111.8044116, 41.74782)",in_transit
1790879312.323119,14328,"(-111.8043916, 41.746778)",in_transit
1790879322.5769835,14328,"(-111.8045216, 41.7465918)",in_transit
1790879332.8402264,14328,"(-111.8043678, 41.7455985)",in_transit
1790879343.0874834,14328,"(-111.8043568, 41.7447725)",in_transit
1790879353.353769,14328,"(-111.8043431, 41.7436256)",in_transit
1790879363.637838,14328,"(-111.8043598, 41.743429)",Fine Arts Bldg
1790879373.9007187,14328,"(-111.8043606, 41.7433425)",Fine Arts Bldg
1790879384.162913,14328,"(-111.8043283, 41.7431115)",in_transit
1790879394.452045,14328,"(-111.8043106, 41.7429185)",in_transit
1790879404.72024,14328,"(-111.8042888, 41.7427726)",in_transit
1790879414.9745214,14328,"(-111.804577, 41.7424315)",in_transit
1790879425.2239847,14328,"(-111.806262, 41.7414583)",in_transit
1790879435.4743595,14328,"(-111.8082991, 41.7407066)",in_transit
1790879445.732421,14328,"(-111.8097945, 41.7403845)",in_transit
1790879456.0254984,14328,"(-111.8112015, 41.740069)",Family Life Bldg
1790879466.294419,14328,"(-111.8112455, 41.7400586)",Family Life Bldg
1790879476.569061,14328,"(-111.8112655, 41.740048)",Family Life Bldg
1790879486.8172855,14328,"(-111.8119315, 41.7397328)",in_transit
1790879497.0801845,14328,"(-111.8140035, 41.7388921)",in_transit
1790879507.339398,14328,"(-111.8156651, 41.7386738)",in_transit
1790879517.5996459,14328,"(-111.818412, 41.7388465)",in_transit
1790879527.863844,14328,"(-111.8192513, 41.7388725)",in_transit
1790879538.1265516,14328,"(-111.819304, 41.739612)",in_transit
1790879548.3876152,14328,"(-111.8192686, 41.7403698)",in_transit
1790879558.684054,14328,"(-111.8185323, 41.740664)",in_transit
1790879568.9545672,14328,"(-111.8177085, 41.7406376)",670 E 500 N
1790879579.2105246,14328,"(-111.8176173, 41.7406283)",670 E 500 N
1790879589.4976506,14328,"(-111.817121, 41.7406173)",in_transit
1790891428.4399633,14328,"(-111.8040563, 41.7493878)",in_transit
1790891438.7087054,14328,"(-111.8043988, 41.7497945)",in_transit
1790891448.9754996,14328,"(-111.8046028, 41.7501118)",in_transit
1790891459.226217,14328,"(-111.8045396, 41.749412)",in_transit
1790891469.489708,14328,"(-111.8044273, 41.7487565)",in_transit
1790891479.7441754,14328,"(-111.8044206, 41.7480016)",in_transit
1790891490.0039485,14328,"(-111.8043825, 41.746848)",in_transit
1790891500.2596478,14328,"(-111.8044671, 41.7464203)",in_transit
1790891510.551291,14328,"(-111.8043781, 41.74557)",in_transit
1790891520.8082268,14328,"(-111.8043651, 41.7443816)",in_transit
1790891531.0650558,14328,"(-111.8043465, 41.7436)",in_transit
1790891541.3563602,14328,"(-111.804361, 41.7433581)",Fine Arts Bldg
1790891551.637543,14328,"(-111.804366, 41.7432805)",in_transit
1790891561.9137764,14328,"(-111.8042968, 41.7428216)",in_transit
1790891572.186043,14328,"(-111.8045595, 41.7424748)",in_transit
1790891582.4499822,14328,"(-111.805681, 41.7417951)",in_transit
1790891592.7442675,14328,"(-111.8079321, 41.740788)",in_transit
1790891603.0159416,14328,"(-111.8099386, 41.7403463)",in_transit
1790891613.287909,14328,"(-111.8110886, 41.7400838)",Family Life Bldg
1790891623.5461142,14328,"(-111.811259, 41.7400243)",Family Life Bldg
1790891633.8034773,14328,"(-111.8112465, 41.7400203)",Family Life Bldg
1790891644.0702257,14328,"(-111.8112576, 41.7400111)",Family Life Bldg
1790891654.3609447,14328,"(-111.811899, 41.7397261)",in_transit
1790891664.628688,14328,"(-111.8139835, 41.7388843)",in_transit
1790891674.889671,14328,"(-111.8155685, 41.7386668)",in_transit
1790891685.1683679,14328,"(-111.8163638, 41.7387778)",in_transit
1790891695.4142704,14328,"(-111.819083, 41.7388773)",in_transit
1790891705.6757455,14328,"(-111.8191405, 41.7388706)",in_transit
1790891715.97043,14328,"(-111.8191503, 41.7388611)",in_transit
1790891726.2361827,14328,"(-111.8191503, 41.7388551)",in_transit
1790891736.5014634,14328,"(-111.8192983, 41.7389016)",in_transit
1790891746.7702167,14328,"(-111.81931, 41.7400041)",in_transit
1790891757.0295384,14328,"(-111.8191401, 41.7406218)",in_transit
1790891767.3209834,14328,"(-111.8180055, 41.7406395)",in_transit
1790891777.6265476,14328,"(-111.8177041, 41.7406301)",670 E 500 N
1790891787.9172978,14328,"(-111.8176716, 41.7406278)",670 E 500 N
1790891798.1858242,14328,"(-111.8167988, 41.7407228)",in_transit
1790891808.4460196,14328,"(-111.8167286, 41.7415625)",in_transit
1790891818.7143753,14328,"(-111.8167156, 41.7424495)",in_transit
1790891828.9860766,14328,"(-111.8165416, 41.743917)",in_transit
1790891839.259403,14328,"(-111.8152193, 41.7444805)",in_transit
1790891849.5655177,14328,"(-111.8144255, 41.7444515)",in_transit
1790891859.8309517,14328,"(-111.8141851, 41.7443313)",in_transit
1790891870.1292963,14328,"(-111.8142881, 41.7436431)",in_transit
1790891880.411075,14328,"(-111.8140453, 41.743502)",in_transit
1790891890.6689973,14328,"(-111.8139911, 41.7435508)",in_transit
1790891900.9331262,14328,"(-111.8139836, 41.7435468)",in_transit
1790891911.1947925,14328,"(-111.8139818, 41.7435446)",in_transit
1790891921.446506,14328,"(-111.813982, 41.743545)",in_transit
1790891931.702452,14328,"(-111.8139836, 41.743544)",in_transit
1790891941.9598851,14328,"(-111.8139853, 41.743544)",in_transit
1790891952.2254655,14328,"(-111.8139831, 41.7435501)",in_transit
1790891962.4991677,14328,"(-111.8139831, 41.7435521)",in_transit
1790891972.749811,14328,"(-111.8139858, 41.7435565)",in_transit
1790891983.044178,14328,"(-111.8139823, 41.743557)",in_transit
1790891993.3188014,14328,"(-111.8139831, 41.743555)",in_transit
1790892003.5761495,14328,"(-111.813986, 41.7435818)",Taggart Student Center
1790892013.84878,14328,"(-111.8141678, 41.7439488)",in_transit
1790892024.1440506,14328,"(-111.81413, 41.7441305)",in_transit
1790892034.429493,14328,"(-111.8141163, 41.7442946)",in_transit
1790892044.6844976,14328,"(-111.8141128, 41.7443171)",in_transit
1790892054.9462333,14328,"(-111.8141138, 41.7443348)",in_transit
1790892065.2193265,14328,"(-111.8140951, 41.7448353)",in_transit
1790892075.4792182,14328,"(-111.814071, 41.7462125)",in_transit
1790892085.7453969,14328,"(-111.8140246, 41.7472555)",in_transit
1790892096.018118,14328,"(-111.8139363, 41.7488026)",in_transit
1790892106.283378,14328,"(-111.8138353, 41.749599)",in_transit
1790892116.5705986,14328,"(-111.813535, 41.7500931)",in_transit
1790892126.8568676,14328,"(-111.813535, 41.7500931)",in_transit
1790892137.1188047,14328,"(-111.8131678, 41.7500695)",The Bull
1790892147.387874,14328,"(-111.8131728, 41.7500708)",The Bull
1790892157.6561165,14328,"(-111.8131568, 41.7500835)",The Bull
1790892167.9135852,14328,"(-111.8122803, 41.750108)",in_transit
1790892178.1799154,14328,"(-111.8108175, 41.7500876)",in_transit
1790892188.4975445,14328,"(-111.8097831, 41.750072)",in_transit
1790892198.7642064,14328,"(-111.807968, 41.7500291)",in_transit
1790892209.0249913,14328,"(-111.8067733, 41.7500011)",in_transit
1790892219.2844255,14328,"(-111.8059255, 41.749962)",Logan Cemetery
1790892229.5548356,14328,"(-111.805699, 41.7499526)",Logan Cemetery
1790892239.8191183,14328,"(-111.8054395, 41.7499601)",in_transit
1790892250.1037698,14328,"(-111.8048896, 41.7499706)",in_transit
1790892260.3685756,14328,"(-111.8045388, 41.7494745)",in_transit
1790892270.678919,14328,"(-111.8042806, 41.7492775)",in_transit
1790892280.9580488,14328,"(-111.8025598, 41.7493108)",in_transit
1790892291.244458,14328,"(-111.8018766, 41.7493343)",in_transit
1790892301.498123,14328,"(-111.8018725, 41.7495166)",in_transit
1790892311.752863,14328,"(-111.8020893, 41.7496143)",Lundstrum
1790892322.0235178,14328,"(-111.8021076, 41.7496265)",Lundstrum
1790892332.2847245,14328,"(-111.802107, 41.7496323)",Lundstrum
1790892342.5454617,14328,"(-111.8021096, 41.7496365)",Lundstrum
1790892352.8075287,14328,"(-111.8021116, 41.7496356)",Lundstrum
1790892363.0541482,14328,"(-111.8022133, 41.7496145)",Lundstrum
1790892373.3113365,14328,"(-111.802439, 41.749434)",in_transit
1790892383.562946,14328,"(-111.8026841, 41.7493406)",in_transit
1790892393.8087618,14328,"(-111.8037863, 41.749345)",in_transit
1790892404.0720925,14328,"(-111.8043338, 41.7495566)",in_transit
1790892414.3373418,14328,"(-111.8045986, 41.750107)",in_transit
1790892424.5994825,14328,"(-111.8045195, 41.7497341)",in_transit
1790892434.8603797,14328,"(-111.804539, 41.7494491)",in_transit
1790892445.118168,14328,"(-111.8044045, 41.7479203)",in_transit
1790892455.3825755,14328,"(-111.804366, 41.7468215)",in_transit
1790892465.6455312,14328,"(-111.8044433, 41.7463881)",in_transit
1790892475.9361012,14328,"(-111.8043655, 41.7457461)",in_transit
1790892486.1984606,14328,"(-111.8043421, 41.7448113)",in_transit
1790892496.4623215,14328,"(-111.8043355, 41.7446298)",in_transit
1790892506.7294745,14328,"(-111.8043296, 41.7437383)",in_transit
1790892517.04567,14328,"(-111.8043413, 41.743448)",Fine Arts Bldg
1790892527.3067088,14328,"(-111.8043288, 41.7433015)",Fine Arts Bldg
1790892537.5746014,14328,"(-111.8043021, 41.7432886)",in_transit
1790892547.826682,14328,"(-111.8043031, 41.7430366)",in_transit
1790892558.0934832,14328,"(-111.8042876, 41.7428453)",in_transit
1790892568.3633854,14328,"(-111.804326, 41.7426075)",in_transit
1790892578.6341934,14328,"(-111.8055946, 41.7418473)",in_transit
1790892588.9326115,14328,"(-111.80693, 41.7411101)",in_transit
1790892599.2063043,14328,"(-111.8094211, 41.7404578)",in_transit
1790892609.4596622,14328,"(-111.810735, 41.7401615)",in_transit
1790892619.766311,14328,"(-111.8110948, 41.7400765)",Family Life Bldg
1790892630.0237927,14328,"(-111.811284, 41.7400175)",Family Life Bldg
1790892640.2842593,14328,"(-111.8113058, 41.7400143)",in_transit
1790892650.5511234,14328,"(-111.8113255, 41.7400006)",in_transit
1790892660.8177435,14328,"(-111.8113646, 41.7399793)",in_transit
1790892671.0680172,14328,"(-111.8120241, 41.7396871)",in_transit
1790892681.3696318,14328,"(-111.8138658, 41.7389406)",in_transit
1790892691.6364326,14328,"(-111.8153138, 41.7386533)",in_transit
1790892701.899202,14328,"(-111.8170421, 41.7388278)",in_transit
1790892712.1629207,14328,"(-111.818237, 41.7388501)",in_transit
1790892722.4125757,14328,"(-111.819011, 41.7388575)",in_transit
1790892732.67978,14328,"(-111.8192065, 41.7388655)",in_transit
1790892742.9660609,14328,"(-111.8193225, 41.739563)",in_transit
1790892753.3053691,14328,"(-111.8192813, 41.7404138)",in_transit
1790892763.5628588,14328,"(-111.819203, 41.7405961)",in_transit
1790892773.8238392,14328,"(-111.8184028, 41.7406661)",in_transit
1790892784.1473174,14328,"(-111.8177481, 41.7406275)",670 E 500 N
1790892794.4089758,14328,"(-111.8176825, 41.7406263)",670 E 500 N
1790892804.6626074,14328,"(-111.8176815, 41.740629)",670 E 500 N
1790892814.9610145,14328,"(-111.8171765, 41.7406458)",in_transit
1790892825.2217128,14328,"(-111.8167413, 41.7408346)",in_transit
1790892835.544833,14328,"(-111.8167135, 41.7421781)",in_transit
1790892845.7982001,14328,"(-111.8166905, 41.7429281)",in_transit
1790892856.062808,14328,"(-111.8164191, 41.7441208)",in_transit
1790892866.3541586,14328,"(-111.8155261, 41.7444821)",in_transit
1790892876.6220703,14328,"(-111.8145655, 41.7444538)",in_transit
1790892886.9058106,14328,"(-111.8142051, 41.7442578)",in_transit
1790892897.2462544,14328,"(-111.8142618, 41.7437343)",in_transit
1790892907.5051785,14328,"(-111.8139831, 41.7436888)",Taggart Student Center
1790892917.7648828,14328,"(-111.8139831, 41.7436888)",Taggart Student Center
1790892928.0799396,14328,"(-111.8140111, 41.7437688)",Taggart Student Center
1790892938.326233,14328,"(-111.8140071, 41.7437615)",Taggart Student Center
1790892948.590618,14328,"(-111.8140093, 41.74376)",Taggart Student Center
1790892958.8500414,14328,"(-111.8140085, 41.7437641)",Taggart Student Center
1790892969.1037824,14328,"(-111.8140028, 41.7437666)",Taggart Student Center
1790892979.36682,14328,"(-111.8140173, 41.7437901)",Taggart Student Center
1790892989.6260943,14328,"(-111.8141571, 41.7439485)",in_transit
1790892999.9735208,14328,"(-111.8140921, 41.7445576)",in_transit
1790893010.2260435,14328,"(-111.8140778, 41.7459143)",in_transit
1790893020.5047631,14328,"(-111.81404, 41.746992)",in_transit
1790893030.7616246,14328,"(-111.8139428, 41.7486508)",in_transit
1790893041.0337422,14328,"(-111.8138285, 41.7495965)",in_transit
1790893051.284478,14328,"(-111.813748, 41.7501026)",in_transit
1790893061.547486,14328,"(-111.8131823, 41.7500753)",The Bull
1790893071.8147862,14328,"(-111.8131466, 41.7500698)",The Bull
1790893082.1072392,14328,"(-111.813155, 41.750068)",The Bull
1790893092.4253688,14328,"(-111.8129075, 41.7500816)",in_transit
1790893102.6863184,14328,"(-111.8122255, 41.750116)",in_transit
1790893112.9531784,14328,"(-111.810738, 41.750078)",in_transit
1790893123.2591898,14328,"(-111.8091888, 41.7500491)",in_transit
1790893133.5326571,14328,"(-111.8080211, 41.7500223)",in_transit
1790893143.7945604,14328,"(-111.8064441, 41.7499735)",in_transit
1790893154.05667,14328,"(-111.8057886, 41.7499523)",Logan Cemetery
1790893164.3195677,14328,"(-111.8057241, 41.7499446)",Logan Cemetery
1790893174.635072,14328,"(-111.805722, 41.7499458)",Logan Cemetery
1790893184.931847,14328,"(-111.804843, 41.7499685)",in_transit
1790893195.1887913,14328,"(-111.8045015, 41.7496526)",in_transit
1790893205.447972,14328,"(-111.8043008, 41.749276)",in_transit
1790893215.7311337,14328,"(-111.8030856, 41.7493056)",in_transit
1790893226.0041032,14328,"(-111.8021518, 41.7493175)",in_transit
1790893236.2653525,14328,"(-111.801863, 41.7495253)",in_transit
1790893246.5193129,14328,"(-111.8021085, 41.749618)",Lundstrum
1790893256.7715936,14328,"(-111.8021215, 41.7496343)",Lundstrum
1790893267.0226102,14328,"(-111.802118, 41.7496523)",Lundstrum
1790893277.3317716,14328,"(-111.8021156, 41.749647)",Lundstrum
1790893287.593422,14328,"(-111.8023208, 41.7495563)",in_transit
1790893297.9018598,14328,"(-111.8027521, 41.7493585)",in_transit
1790893308.1717312,14328,"(-111.8035776, 41.7493466)",in_transit
1790893318.4565365,14328,"(-111.8043515, 41.7496123)",in_transit
1790893328.731874,14328,"(-111.8043551, 41.7499028)",in_transit
1790893339.0017905,14328,"(-111.8045201, 41.749739)",in_transit
1790893349.257626,14328,"(-111.8044341, 41.7490786)",in_transit
1790893359.513092,14328,"(-111.8044053, 41.7479458)",in_transit
1790893369.7767856,14328,"(-111.8043676, 41.7468726)",in_transit
1790893380.0353386,14328,"(-111.8044756, 41.7466406)",in_transit
1790893390.2998977,14328,"(-111.8043698, 41.7456371)",in_transit
1790893400.576805,14328,"(-111.8043418, 41.7447225)",in_transit
1790893410.8437316,14328,"(-111.8043353, 41.7445405)",in_transit
1790893421.108738,14328,"(-111.8043256, 41.7438198)",in_transit
1790893431.3579454,14328,"(-111.8043485, 41.7433648)",Fine Arts Bldg
1790893441.628398,14328,"(-111.8043398, 41.7433273)",Fine Arts Bldg
1790893451.896279,14328,"(-111.804338, 41.7433225)",Fine Arts Bldg
1790893462.1457825,14328,"(-111.8043366, 41.743214)",in_transit
1790893472.4192905,14328,"(-111.8042956, 41.742845)",in_transit
1790893482.6762357,14328,"(-111.8042735, 41.7427896)",in_transit
1790893492.9354706,14328,"(-111.8044088, 41.7425658)",in_transit
1790893503.2014682,14328,"(-111.8055578, 41.7418848)",in_transit
1790893513.4870088,14328,"(-111.806827, 41.7411721)",in_transit
1790893523.7441244,14328,"(-111.8090363, 41.7405618)",in_transit
1790893534.0122435,14328,"(-111.810944, 41.7401456)",in_transit
1790893544.2851813,14328,"(-111.8112226, 41.7400648)",Family Life Bldg
1790893554.5425148,14328,"(-111.8113008, 41.7400336)",Family Life Bldg
1790893564.8011434,14328,"(-111.8113086, 41.7400308)",Family Life Bldg
1790893575.063574,14328,"(-111.8113066, 41.7400301)",Family Life Bldg
1790893585.3143067,14328,"(-111.811312, 41.740027)",in_transit
1790893595.6028373,14328,"(-111.8113111, 41.7400268)",Family Life Bldg
1790893605.8498998,14328,"(-111.8113185, 41.7400266)",in_transit
1790893616.1118274,14328,"(-111.811924, 41.7397501)",in_transit
1790893626.3938076,14328,"(-111.8131255, 41.7392566)",in_transit
1790893636.668362,14328,"(-111.8149451, 41.738686)",in_transit
1790893646.9259863,14328,"(-111.8157546, 41.7386951)",in_transit
1790893657.218553,14328,"(-111.8176768, 41.7388525)",in_transit
1790893667.4798539,14328,"(-111.8187365, 41.7388728)",in_transit
1790893677.7383766,14328,"(-111.8193378, 41.7389526)",in_transit
1790893688.0044405,14328,"(-111.81932, 41.7398026)",in_transit
1790893698.2612412,14328,"(-111.8192968, 41.740336)",in_transit
1790893708.5060065,14328,"(-111.8190181, 41.7406603)",in_transit
1790893718.7922814,14328,"(-111.8179623, 41.7406431)",in_transit
1790893729.091529,14328,"(-111.8177195, 41.7406246)",670 E 500 N
1790893739.3463244,14328,"(-111.8176823, 41.740625)",670 E 500 N
1790893749.6139848,14328,"(-111.8173771, 41.7406451)",in_transit
1790893759.8644307,14328,"(-111.8168176, 41.740675)",in_transit
1790893770.1384554,14328,"(-111.8168176, 41.740675)",in_transit
1790893780.4261618,14328,"(-111.8166788, 41.7431196)",in_transit
1790893790.7338598,14328,"(-111.8165303, 41.7439358)",in_transit
1790893800.9945223,14328,"(-111.8152968, 41.7444791)",in_transit
1790893811.2586455,14328,"(-111.8144846, 41.7444558)",in_transit
1790893821.5344903,14328,"(-111.8144846, 41.7444558)",in_transit
1790893831.8322768,14328,"(-111.814233, 41.7437421)",in_transit
1790893842.150796,14328,"(-111.8140491, 41.743508)",in_transit
1790893852.4207442,14328,"(-111.8140491, 41.743508)",in_transit
1790893862.6722648,14328,"(-111.8139328, 41.743549)",in_transit
1790893872.9346225,14328,"(-111.8139291, 41.743535)",in_transit
1790893883.2214677,14328,"(-111.8139213, 41.7435213)",in_transit
1790893893.4869378,14328,"(-111.8139255, 41.74353)",in_transit
1790893903.7590718,14328,"(-111.8139236, 41.7435378)",in_transit
1790893914.0259683,14328,"(-111.8139903, 41.7437206)",Taggart Student Center
1790893924.2924333,14328,"(-111.8141046, 41.7440873)",in_transit
1790893934.5559866,14328,"(-111.8141056, 41.744667)",in_transit
1790893944.8128207,14328,"(-111.814091, 41.7460465)",in_transit
1790893955.0649142,14328,"(-111.814037, 41.7470828)",in_transit
1790893965.3359141,14328,"(-111.8139358, 41.74867)",in_transit
1790893975.6150916,14328,"(-111.8138038, 41.7498325)",in_transit
1790893985.9299624,14328,"(-111.8138053, 41.7500141)",in_transit
1790893996.1985366,14328,"(-111.8131543, 41.7500688)",The Bull
1790894006.4930387,14328,"(-111.8131513, 41.7500635)",The Bull
1790894016.7631516,14328,"(-111.813146, 41.7500583)",The Bull
1790894027.0418165,14328,"(-111.8129161, 41.7500736)",in_transit
1790894037.3011706,14328,"(-111.8117606, 41.7501071)",in_transit
1790894047.566561,14328,"(-111.8107498, 41.7500933)",in_transit
1790894057.8174567,14328,"(-111.809148, 41.7500551)",in_transit
1790894068.089864,14328,"(-111.8078993, 41.7500306)",in_transit
1790894078.3491745,14328,"(-111.806203, 41.7499676)",in_transit
1790894088.614253,14328,"(-111.8058623, 41.7499581)",Logan Cemetery
1790894098.8774996,14328,"(-111.8056575, 41.749956)",in_transit
1790894109.1338177,14328,"(-111.805648, 41.7499595)",in_transit
1790894119.385719,14328,"(-111.8048298, 41.7499743)",in_transit
1790894129.6704488,14328,"(-111.804486, 41.7496836)",in_transit
1790894139.9663637,14328,"(-111.8045413, 41.7494338)",in_transit
1790894150.2606046,14328,"(-111.8030993, 41.749309)",in_transit
1790894160.5310183,14328,"(-111.8021215, 41.749325)",in_transit
1790894170.8009393,14328,"(-111.8018715, 41.7495325)",in_transit
1790894181.0477548,14328,"(-111.8021185, 41.7496175)",Lundstrum
1790894191.3175929,14328,"(-111.8021136, 41.7496115)",Lundstrum
1790894201.5742464,14328,"(-111.8021151, 41.749601)",Lundstrum
1790894211.8709161,14328,"(-111.8021251, 41.7495951)",Lundstrum
1790894222.1691358,14328,"(-111.8023668, 41.7494945)",in_transit
1790894232.4294772,14328,"(-111.8033205, 41.7493413)",in_transit
1790894242.6922178,14328,"(-111.8040221, 41.7493733)",in_transit
1790894252.955482,14328,"(-111.804145, 41.7494088)",in_transit
1790894263.299535,14328,"(-111.8042158, 41.7494565)",in_transit
1790890093.2398474,14328,"(-111.8166833, 41.7431286)",in_transit
1790890103.5115547,14328,"(-111.8162673, 41.7442461)",in_transit
1790890113.816808,14328,"(-111.8154266, 41.744461)",in_transit
1790890124.072545,14328,"(-111.8144166, 41.7444331)",in_transit
1790890134.36569,14328,"(-111.8142018, 41.7438655)",in_transit
1790890144.634563,14328,"(-111.8140645, 41.7435136)",in_transit
1790890154.900055,14328,"(-111.81399, 41.7436943)",Taggart Student Center
1790890165.1548762,14328,"(-111.8140043, 41.7437106)",Taggart Student Center
1790890175.4201992,14328,"(-111.8140145, 41.7437206)",Taggart Student Center
1790890185.6840281,14328,"(-111.8140146, 41.7437243)",Taggart Student Center
1790890195.9737883,14328,"(-111.814009, 41.7437245)",Taggart Student Center
1790890206.297938,14328,"(-111.8140648, 41.7438091)",Taggart Student Center
1790890216.5628896,14328,"(-111.8140895, 41.744282)",in_transit
1790890226.8239856,14328,"(-111.8140831, 41.745275)",in_transit
1790890237.0732849,14328,"(-111.8140831, 41.745275)",in_transit
1790890247.3317945,14328,"(-111.8139855, 41.7478621)",in_transit
1790890257.5885782,14328,"(-111.8138631, 41.7493188)",in_transit
1790890267.8499115,14328,"(-111.813791, 41.7499198)",in_transit
1790890278.1130092,14328,"(-111.8135445, 41.7500796)",in_transit
1790890288.3755262,14328,"(-111.8131886, 41.7500468)",The Bull
1790890298.6548088,14328,"(-111.813189, 41.7500353)",The Bull
1790890308.9337587,14328,"(-111.8130368, 41.7500458)",in_transit
1790890319.2195954,14328,"(-111.8123013, 41.7500835)",in_transit
1790890329.4916484,14328,"(-111.8108093, 41.7500741)",in_transit
1790890339.7499697,14328,"(-111.8092168, 41.7500453)",in_transit
1790890350.0051332,14328,"(-111.8078551, 41.7500041)",in_transit
1790890360.2518532,14328,"(-111.805952, 41.749943)",Logan Cemetery
1790890370.5239263,14328,"(-111.8056941, 41.7499331)",Logan Cemetery
1790890380.8276324,14328,"(-111.8056705, 41.7499353)",in_transit
1790890391.0950162,14328,"(-111.8052535, 41.7499633)",in_transit
1790890401.379311,14328,"(-111.8044981, 41.7495895)",in_transit
1790890411.647773,14328,"(-111.8042716, 41.7492848)",in_transit
1790890421.9080358,14328,"(-111.8031081, 41.7493046)",in_transit
1790890432.1727848,14328,"(-111.8018353, 41.7493803)",in_transit
1790890442.4299262,14328,"(-111.801928, 41.7495616)",Lundstrum
1790890452.687252,14328,"(-111.8020978, 41.7496175)",Lundstrum
1790890462.9492795,14328,"(-111.802094, 41.7496171)",Lundstrum
1790890473.2211733,14328,"(-111.802092, 41.7496188)",Lundstrum
1790890483.50626,14328,"(-111.8025848, 41.7493575)",in_transit
1790890493.7734463,14328,"(-111.8031676, 41.7493391)",in_transit
1790890504.0327568,14328,"(-111.8039553, 41.7493585)",in_transit
1790890514.3248053,14328,"(-111.80438, 41.7498473)",in_transit
1790890524.6180828,14328,"(-111.8045843, 41.7501096)",in_transit
1790890534.8899431,14328,"(-111.8045428, 41.7494268)",in_transit
1790890545.1448326,14328,"(-111.8045428, 41.7494268)",in_transit
1790890555.4156423,14328,"(-111.80441, 41.747643)",in_transit
1790890565.6783977,14328,"(-111.8043768, 41.746895)",in_transit
1790890575.9521542,14328,"(-111.8044696, 41.7464105)",in_transit
1790890586.2397351,14328,"(-111.8043681, 41.7454181)",in_transit
1790890596.50346,14328,"(-111.804345, 41.7443015)",in_transit
1790890606.7846437,14328,"(-111.8043416, 41.7435903)",in_transit
1790890617.0498102,14328,"(-111.8043528, 41.7433648)",Fine Arts Bldg
1790890627.3078969,14328,"(-111.804351, 41.7432435)",in_transit
1790890637.6081488,14328,"(-111.8043341, 41.743063)",in_transit
1790890647.8649907,14328,"(-111.8043296, 41.7430038)",in_transit
1790890658.1665294,14328,"(-111.8043355, 41.7429848)",in_transit
1790890668.4578934,14328,"(-111.8043511, 41.7429945)",in_transit
1790890678.716077,14328,"(-111.8043471, 41.742991)",in_transit
1790890688.980938,14328,"(-111.8043143, 41.7426401)",in_transit
1790890699.264579,14328,"(-111.8056038, 41.741874)",in_transit
1790890709.5737596,14328,"(-111.8067026, 41.7412483)",in_transit
1790890719.8380342,14328,"(-111.8067026, 41.7412483)",in_transit
1790890730.0971878,14328,"(-111.810327, 41.7402548)",in_transit
1790890740.3899176,14328,"(-111.8111711, 41.7400568)",Family Life Bldg
1790890750.648119,14328,"(-111.8112783, 41.7400218)",Family Life Bldg
1790890760.889461,14328,"(-111.811276, 41.7400145)",Family Life Bldg
1790890771.2148838,14328,"(-111.8112766, 41.740013)",Family Life Bldg
1790890781.4768167,14328,"(-111.8112753, 41.7399988)",Family Life Bldg
1790890791.734773,14328,"(-111.8112706, 41.7399916)",Family Life Bldg
1790890802.003792,14328,"(-111.811725, 41.7397846)",in_transit
1790890812.3026216,14328,"(-111.8136723, 41.7389951)",in_transit
1790890822.5749822,14328,"(-111.8151236, 41.7386473)",in_transit
1790890832.892144,14328,"(-111.8158828, 41.7386945)",in_transit
1790890843.1483655,14328,"(-111.8158828, 41.7386945)",in_transit
1790890853.4109879,14328,"(-111.818822, 41.7388576)",in_transit
1790890863.6719136,14328,"(-111.8193153, 41.7389245)",in_transit
1790890873.9758127,14328,"(-111.8193173, 41.7394783)",in_transit
1790890884.2400248,14328,"(-111.8192566, 41.740471)",in_transit
1790890894.497674,14328,"(-111.8187116, 41.7406676)",in_transit
1790890904.7529514,14328,"(-111.8178401, 41.7406298)",670 E 500 N
1790890915.0227664,14328,"(-111.8176938, 41.7406225)",670 E 500 N
1790890925.2895093,14328,"(-111.8174485, 41.7406216)",in_transit
1790890935.5495927,14328,"(-111.8169408, 41.7406311)",in_transit
1790890945.8217423,14328,"(-111.81673, 41.7410225)",in_transit
1790890956.1176028,14328,"(-111.8167176, 41.7421091)",in_transit
1790890966.370393,14328,"(-111.8167071, 41.7428153)",in_transit
1790890976.6320877,14328,"(-111.8165488, 41.7439026)",in_transit
1790890986.8940759,14328,"(-111.8155208, 41.7444655)",in_transit
1790890997.161655,14328,"(-111.8145351, 41.7444496)",in_transit
1790891007.4375315,14328,"(-111.8143535, 41.744443)",in_transit
1790891017.696323,14328,"(-111.8141808, 41.7442565)",in_transit
1790891027.973497,14328,"(-111.8143135, 41.7436763)",in_transit
1790891038.2997468,14328,"(-111.8143135, 41.7436763)",in_transit
1790891048.5654347,14328,"(-111.81398, 41.743758)",Taggart Student Center
1790891058.82046,14328,"(-111.813979, 41.743776)",Taggart Student Center
1790891069.0852118,14328,"(-111.8139776, 41.7437885)",Taggart Student Center
1790891079.3483467,14328,"(-111.8139625, 41.7437826)",Taggart Student Center
1790891089.6074402,14328,"(-111.813954, 41.7437778)",Taggart Student Center
1790891099.891097,14328,"(-111.8141153, 41.7438935)",in_transit
1790891110.1660268,14328,"(-111.8141033, 41.7442603)",in_transit
1790891120.4279106,14328,"(-111.8141228, 41.7443246)",in_transit
1790891130.6814973,14328,"(-111.8141408, 41.7443266)",in_transit
1790891140.9308243,14328,"(-111.8141126, 41.7448438)",in_transit
1790891151.1875873,14328,"(-111.8140483, 41.7460495)",in_transit
1790891161.458294,14328,"(-111.8140155, 41.7473651)",in_transit
1790891171.702446,14328,"(-111.8139656, 41.7483195)",in_transit
1790891181.9679596,14328,"(-111.8138201, 41.7496955)",in_transit
1790891192.224846,14328,"(-111.8137955, 41.7499678)",in_transit
1790891202.5217178,14328,"(-111.8135423, 41.7501128)",in_transit
1790891212.79851,14328,"(-111.813188, 41.750067)",The Bull
1790891223.0695243,14328,"(-111.8131876, 41.7500606)",The Bull
1790891233.3230362,14328,"(-111.8127683, 41.7500913)",in_transit
1790891243.586376,14328,"(-111.8119675, 41.7501001)",in_transit
1790891253.8423593,14328,"(-111.8104525, 41.7500796)",in_transit
1790891264.1383877,14328,"(-111.809377, 41.7500455)",in_transit
1790891274.405628,14328,"(-111.8073446, 41.7500031)",in_transit
1790891284.6626213,14328,"(-111.8061521, 41.7499648)",in_transit
1790891294.9166894,14328,"(-111.805771, 41.7499536)",Logan Cemetery
1790891305.182198,14328,"(-111.8056796, 41.749946)",Logan Cemetery
1790891315.4402711,14328,"(-111.8054463, 41.7499535)",in_transit
1790891325.7375064,14328,"(-111.8047433, 41.7499541)",in_transit
1790891335.9972773,14328,"(-111.8045093, 41.7495128)",in_transit
1790891346.2534277,14328,"(-111.8036926, 41.7493056)",in_transit
1790891356.5251696,14328,"(-111.8025096, 41.7493198)",in_transit
1790891366.8357255,14328,"(-111.8018136, 41.7493806)",in_transit
1790891377.109421,14328,"(-111.8019185, 41.7495628)",Lundstrum
1790891387.364824,14328,"(-111.8020901, 41.749624)",Lundstrum
1790891397.6397572,14328,"(-111.8020885, 41.7496403)",Lundstrum
1790891407.897185,14328,"(-111.8024443, 41.7494348)",in_transit
1790891418.1816852,14328,"(-111.8033486, 41.7493576)",in_transit
