timestamp,vehicle_id,coordinates,stop
1768580793.0554829,14327,"(41.7460245, 111.8043683)",in_transit
1768580803.361718,14327,"(41.74522, 111.8043538)",in_transit
1768580813.673236,14327,"(41.7441426, 111.8043348)",in_transit
1768580823.961767,14327,"(41.7434311, 111.8043365)",fine_arts_bldg
1768580834.2546592,14327,"(41.7432876, 111.8043431)",in_transit
1768580844.554264,14327,"(41.7432891, 111.8043403)",in_transit
1768580854.874148,14327,"(41.743094, 111.8043265)",in_transit
1768580865.173714,14327,"(41.7428986, 111.8043046)",in_transit
1768580875.564895,14327,"(41.7425856, 111.8043606)",in_transit
1768580885.89827,14327,"(41.7418545, 111.8056093)",in_transit
1768580896.183813,14327,"(41.7412038, 111.8067523)",in_transit
1768580906.477213,14327,"(41.7412038, 111.8067523)",in_transit
1768580916.774553,14327,"(41.7402473, 111.8104876)",in_transit
1768580927.051732,14327,"(41.7400738, 111.8112268)",family_life_bldg
1768580937.35541,14327,"(41.7400625, 111.8112426)",family_life_bldg
1768580947.664873,14327,"(41.7400645, 111.8112341)",family_life_bldg
1768580958.064167,14327,"(41.7400726, 111.8112226)",family_life_bldg
1768580968.350195,14327,"(41.7400816, 111.8112208)",family_life_bldg
1768580978.64558,14327,"(41.7396076, 111.8122921)",in_transit
1768580990.5972328,14327,"(41.7388635, 111.8141783)",in_transit
1768581000.906636,14327,"(41.7388078, 111.8164046)",in_transit
1768581011.1968582,14327,"(41.738877, 111.8178565)",in_transit
1768581021.490963,14327,"(41.7388971, 111.8192008)",in_transit
1768581031.771785,14327,"(41.739079, 111.8193281)",in_transit
1768581042.159868,14327,"(41.74026, 111.8192866)",in_transit
1768581052.441438,14327,"(41.7406598, 111.8189826)",in_transit
1768581062.742221,14327,"(41.7406093, 111.8178298)",670_e_500_n
1768581073.02394,14327,"(41.7405956, 111.817696)",670_e_500_n
1768581083.3047638,14327,"(41.7405885, 111.8176921)",670_e_500_n
1768581093.578996,14327,"(41.7405978, 111.8174405)",in_transit
1768581103.89212,14327,"(41.740588, 111.8168935)",in_transit
1768581114.174622,14327,"(41.7412298, 111.8167495)",in_transit
1768581124.545952,14327,"(41.7425055, 111.8167253)",in_transit
1768581134.872951,14327,"(41.7433545, 111.8166773)",in_transit
1768581145.173134,14327,"(41.7444145, 111.8160218)",in_transit
1768581155.508216,14327,"(41.7444588, 111.8148018)",in_transit
1768581165.80398,14327,"(41.7444251, 111.8144436)",in_transit
1768581176.131028,14327,"(41.744415, 111.8143455)",in_transit
1768581186.45013,14327,"(41.744204, 111.8141951)",in_transit
1768581196.767062,14327,"(41.7437083, 111.8142693)",in_transit
1768581207.115787,14327,"(41.743697, 111.8140011)",taggart_student_center
1768581217.411607,14327,"(41.743697, 111.8140011)",taggart_student_center
1768581227.69972,14327,"(41.7438015, 111.8140616)",taggart_student_center
1768581237.9834082,14327,"(41.7438031, 111.814061)",taggart_student_center
1768581248.2766562,14327,"(41.74381, 111.8140583)",taggart_student_center
1768581258.570215,14327,"(41.7440776, 111.814144)",in_transit
1768581268.868566,14327,"(41.7443543, 111.8141138)",in_transit
1768581279.156682,14327,"(41.7443455, 111.814129)",in_transit
1768581289.547185,14327,"(41.7443363, 111.8141341)",in_transit
1768581299.828086,14327,"(41.7448038, 111.8141118)",in_transit
1768581310.1208582,14327,"(41.7460396, 111.8140855)",in_transit
1768581320.41879,14327,"(41.746932, 111.8140636)",in_transit
1768581330.7217972,14327,"(41.7484926, 111.8139753)",in_transit
1768581341.0066829,14327,"(41.7498371, 111.813797)",in_transit
1768581351.305063,14327,"(41.749974, 111.8138111)",in_transit
1768581361.623006,14327,"(41.749968, 111.8138295)",in_transit
1768581371.9545238,14327,"(41.7499966, 111.8138351)",in_transit
1768581382.250497,14327,"(41.7500756, 111.8135878)",in_transit
1768581392.542911,14327,"(41.7500161, 111.8131955)",the_bull
1768581402.845161,14327,"(41.7499998, 111.8131845)",the_bull
1768581413.151032,14327,"(41.7499898, 111.8131726)",the_bull
1768581423.442074,14327,"(41.7500306, 111.812656)",in_transit
1768581433.73034,14327,"(41.7500386, 111.8112081)",in_transit
1768581444.0247512,14327,"(41.750004, 111.8095491)",in_transit
1768581454.411178,14327,"(41.749975, 111.8082605)",in_transit
1768581464.711891,14327,"(41.7499161, 111.8063283)",in_transit
1768581475.060843,14327,"(41.7498928, 111.805891)",logan_cemetery
1768581485.3558311,14327,"(41.7498831, 111.8057205)",logan_cemetery
1768581495.68138,14327,"(41.7499095, 111.8053891)",in_transit
1768581505.975195,14327,"(41.7497031, 111.8045193)",in_transit
1768581516.286727,14327,"(41.7494798, 111.8045153)",in_transit
1768581526.572355,14327,"(41.7492653, 111.8032393)",in_transit
1768581536.903714,14327,"(41.7492671, 111.8022535)",in_transit
1768581547.183585,14327,"(41.7494641, 111.801853)",in_transit
1768581557.464374,14327,"(41.7494641, 111.801853)",in_transit
1768581567.773712,14327,"(41.7496005, 111.8020835)",lundstrum
1768581578.06669,14327,"(41.7496191, 111.8020768)",lundstrum
1768581588.456602,14327,"(41.7495368, 111.8022898)",in_transit
1768581598.750322,14327,"(41.7493741, 111.8025296)",in_transit
1768581609.0603662,14327,"(41.7493718, 111.8038533)",in_transit
1768581619.377322,14327,"(41.7495883, 111.804336)",in_transit
1768581629.6569788,14327,"(41.7498431, 111.8043735)",in_transit
1768581639.940953,14327,"(41.7497366, 111.804513)",in_transit
1768581650.237882,14327,"(41.749152, 111.8044486)",in_transit
1768581660.5341902,14327,"(41.7484131, 111.8044318)",in_transit
1768581670.8390012,14327,"(41.7484131, 111.8044318)",in_transit
1768581681.138266,14327,"(41.7466006, 111.8045471)",in_transit
1768581691.419588,14327,"(41.7454771, 111.8043766)",in_transit
1768581701.8049128,14327,"(41.7446841, 111.8043646)",in_transit
1768581712.1038132,14327,"(41.7445033, 111.8043603)",in_transit
1768581722.4005911,14327,"(41.7442968, 111.8043481)",in_transit
1768581732.695518,14327,"(41.7433638, 111.804358)",fine_arts_bldg
1768581742.9716249,14327,"(41.7433113, 111.8043618)",fine_arts_bldg
1768581753.2663429,14327,"(41.743306, 111.8043591)",fine_arts_bldg
1768581763.56288,14327,"(41.7429315, 111.8043183)",in_transit
1768581773.8518,14327,"(41.7425573, 111.8044255)",in_transit
1768581784.171645,14327,"(41.7418183, 111.8056726)",in_transit
1768581794.482964,14327,"(41.7411211, 111.8069523)",in_transit
1768581804.7902331,14327,"(41.740531, 111.8091445)",in_transit
1768581815.552756,14327,"(41.7401, 111.811071)",family_life_bldg
1768581825.831109,14327,"(41.7400391, 111.8112696)",family_life_bldg
1768581836.168958,14327,"(41.7400355, 111.8112763)",family_life_bldg
1768581846.461092,14327,"(41.7400255, 111.8112908)",family_life_bldg
1768581856.773384,14327,"(41.7397413, 111.8119228)",in_transit
1768581867.081501,14327,"(41.738976, 111.8138255)",in_transit
1768581877.376344,14327,"(41.7387656, 111.8162568)",in_transit
1768581887.664154,14327,"(41.7388633, 111.8183156)",in_transit
1768581897.9469922,14327,"(41.7388786, 111.8192103)",in_transit
1768581908.240781,14327,"(41.7393711, 111.8193226)",in_transit
1768581918.522932,14327,"(41.7404388, 111.8192665)",in_transit
1768581928.824898,14327,"(41.7406698, 111.8188291)",in_transit
1768581939.134322,14327,"(41.7405908, 111.8177425)",670_e_500_n
1768581949.5324612,14327,"(41.7405908, 111.8177425)",670_e_500_n
1768581959.833299,14327,"(41.7405916, 111.8177093)",670_e_500_n
1768581970.126761,14327,"(41.740597, 111.8173488)",in_transit
1768581980.438821,14327,"(41.7407735, 111.8167811)",in_transit
1768581990.727844,14327,"(41.7421065, 111.8167365)",in_transit
1768582001.0381892,14327,"(41.742943, 111.8167026)",in_transit
1768582011.33533,14327,"(41.744136, 111.8163883)",in_transit
1768582021.625136,14327,"(41.7444646, 111.8155825)",in_transit
1768582031.931516,14327,"(41.744411, 111.8145495)",in_transit
1768582042.204447,14327,"(41.7442103, 111.8142003)",in_transit
1768582052.496297,14327,"(41.7436821, 111.8142931)",in_transit
1768582062.7884722,14327,"(41.7434868, 111.8140913)",in_transit
1768582073.096218,14327,"(41.7436695, 111.8140021)",taggart_student_center
1768582083.39662,14327,"(41.7437355, 111.8139585)",taggart_student_center
1768582093.706442,14327,"(41.7437423, 111.8139321)",taggart_student_center
1768582103.9976509,14327,"(41.7437486, 111.8139158)",taggart_student_center
1768582114.300266,14327,"(41.743748, 111.8139065)",taggart_student_center
1768582124.599518,14327,"(41.74374, 111.8139193)",taggart_student_center
1768582134.917482,14327,"(41.743746, 111.8139236)",taggart_student_center
1768582145.2134132,14327,"(41.7437518, 111.8139261)",taggart_student_center
1768582155.533539,14327,"(41.7437528, 111.8139285)",taggart_student_center
1768582165.8382962,14327,"(41.7437498, 111.8139311)",taggart_student_center
1768582176.20977,14327,"(41.743749, 111.8139301)",taggart_student_center
1768582186.500926,14327,"(41.743744, 111.8139351)",taggart_student_center
1768582196.859107,14327,"(41.7437365, 111.8139475)",taggart_student_center
1768582207.158898,14327,"(41.7437326, 111.8139491)",taggart_student_center
1768582217.4654238,14327,"(41.7437405, 111.8139403)",taggart_student_center
1768582227.758366,14327,"(41.7437483, 111.813935)",taggart_student_center
1768582238.054611,14327,"(41.743746, 111.8139328)",taggart_student_center
1768582248.360794,14327,"(41.7437448, 111.813932)",taggart_student_center
1768582258.643958,14327,"(41.7437405, 111.8139245)",taggart_student_center
1768582268.934471,14327,"(41.743741, 111.813931)",taggart_student_center
1768582279.300672,14327,"(41.7437375, 111.813931)",taggart_student_center
1768582289.601247,14327,"(41.743739, 111.8139221)",taggart_student_center
1768582299.909753,14327,"(41.7437516, 111.8139281)",taggart_student_center
1768582310.218444,14327,"(41.7437525, 111.8139326)",taggart_student_center
1768582320.507311,14327,"(41.7437448, 111.813936)",taggart_student_center
1768582330.795676,14327,"(41.7437388, 111.81394)",taggart_student_center
1768582341.080957,14327,"(41.743731, 111.8139353)",taggart_student_center
1768582351.381658,14327,"(41.7437348, 111.8139323)",taggart_student_center
1768582361.7703931,14327,"(41.7437426, 111.8139361)",taggart_student_center
1768582372.065879,14327,"(41.7437495, 111.8139418)",taggart_student_center
1768582382.3861089,14327,"(41.7437588, 111.8139498)",taggart_student_center
1768582392.695991,14327,"(41.7440896, 111.8141241)",in_transit
1768582402.973943,14327,"(41.7443621, 111.8140856)",in_transit
1768582413.261985,14327,"(41.7443611, 111.8140841)",in_transit
1768582423.557933,14327,"(41.7443675, 111.814075)",in_transit
1768582433.84488,14327,"(41.7445506, 111.8140558)",in_transit
1768582444.243781,14327,"(41.7445506, 111.8140558)",in_transit
1768582454.54022,14327,"(41.7465526, 111.8140261)",in_transit
1768582464.834654,14327,"(41.7474105, 111.8139908)",in_transit
1768582475.12955,14327,"(41.7487161, 111.8139205)",in_transit
1768582485.444534,14327,"(41.7495561, 111.813821)",in_transit
1768582495.7459042,14327,"(41.749996, 111.8137765)",in_transit
1768582506.090272,14327,"(41.750097, 111.8137433)",in_transit
1768582516.390335,14327,"(41.7501011, 111.8135)",in_transit
1768582526.793099,14327,"(41.7500301, 111.813172)",the_bull
1768582537.096461,14327,"(41.7500196, 111.8131823)",the_bull
1768582547.4406831,14327,"(41.750013, 111.8131818)",the_bull
1768582557.728965,14327,"(41.7500193, 111.8129453)",in_transit
1768582568.070658,14327,"(41.7500513, 111.8121761)",in_transit
1768582578.357048,14327,"(41.7500331, 111.810546)",in_transit
1768582588.645971,14327,"(41.7499918, 111.8088231)",in_transit
1768582598.9219909,14327,"(41.7499778, 111.8076421)",in_transit
1768582609.313337,14327,"(41.7499243, 111.8060905)",in_transit
1768582619.606944,14327,"(41.7499053, 111.8057626)",logan_cemetery
1768582629.9002209,14327,"(41.7498968, 111.8056581)",in_transit
1768582640.187017,14327,"(41.7499128, 111.8054031)",in_transit
1768582650.479734,14327,"(41.7499283, 111.8049185)",in_transit
1768582660.764977,14327,"(41.7497058, 111.8045231)",in_transit
1768582671.072152,14327,"(41.7492626, 111.8043068)",in_transit
1768582681.3568509,14327,"(41.7492746, 111.8037313)",in_transit
1768582691.69997,14327,"(41.7492701, 111.8023253)",in_transit
1768582701.978,14327,"(41.7494531, 111.801837)",in_transit
1768582712.271736,14327,"(41.7494531, 111.801837)",in_transit
1768582722.5636969,14327,"(41.7495963, 111.8020896)",lundstrum
1768582732.843192,14327,"(41.7496103, 111.8020893)",lundstrum
1768582743.128478,14327,"(41.7495348, 111.8023295)",in_transit
1768582753.422621,14327,"(41.7493491, 111.8028181)",in_transit
1768582763.729923,14327,"(41.7493553, 111.8039036)",in_transit
1768582774.0927,14327,"(41.7493956, 111.8041471)",in_transit
1768582784.394331,14327,"(41.7496308, 111.8043658)",in_transit
1768582794.703437,14327,"(41.7500881, 111.8045798)",in_transit
1768582804.994428,14327,"(41.7497111, 111.8045093)",in_transit
1768582815.2884989,14327,"(41.7491283, 111.8044476)",in_transit
1768582825.5749729,14327,"(41.7481368, 111.8044265)",in_transit
1768582835.865275,14327,"(41.7474105, 111.8044128)",in_transit
1768582846.1962008,14327,"(41.746606, 111.8045295)",in_transit
1768582856.49377,14327,"(41.7460938, 111.8043831)",in_transit
1768582866.856302,14327,"(41.7454383, 111.8043811)",in_transit
1768582877.1418052,14327,"(41.7446653, 111.8043748)",in_transit
1768582887.44781,14327,"(41.7442703, 111.8043726)",in_transit
1768582897.76222,14327,"(41.7434145, 111.8043503)",fine_arts_bldg
1768582908.060323,14327,"(41.7433378, 111.8043261)",fine_arts_bldg
1768582918.346795,14327,"(41.7433408, 111.8043178)",fine_arts_bldg
1768582928.661851,14327,"(41.7432575, 111.8043103)",in_transit
1768582939.056154,14327,"(41.7430291, 111.8043033)",in_transit
1768582949.346282,14327,"(41.7430291, 111.8043033)",in_transit
1768582959.643083,14327,"(41.741782, 111.8057376)",in_transit
1768582969.94381,14327,"(41.7408816, 111.8076206)",in_transit
1768582980.2287738,14327,"(41.7405228, 111.809127)",in_transit
1768582990.525532,14327,"(41.7401091, 111.8109121)",in_transit
1768583000.807314,14327,"(41.7400371, 111.811181)",family_life_bldg
1768583011.0844128,14327,"(41.7400195, 111.811266)",family_life_bldg
1768583021.5350962,14327,"(41.7400218, 111.8112883)",family_life_bldg
1768583031.82044,14327,"(41.7398901, 111.8115441)",in_transit
1768583042.110142,14327,"(41.7392058, 111.813219)",in_transit
1768583052.4023402,14327,"(41.7387333, 111.8145338)",in_transit
1768583062.687076,14327,"(41.7387076, 111.8160185)",in_transit
1768583072.991182,14327,"(41.7388563, 111.8185615)",in_transit
1768583083.2926762,14327,"(41.7390468, 111.8193265)",in_transit
1768583093.5872278,14327,"(41.7398546, 111.819286)",in_transit
1768583103.942241,14327,"(41.740488, 111.8192361)",in_transit
1768583114.225046,14327,"(41.7406545, 111.8184155)",in_transit
1768583124.507671,14327,"(41.740614, 111.817731)",670_e_500_n
1768583134.792033,14327,"(41.7405951, 111.8176615)",670_e_500_n
1768583145.074422,14327,"(41.7405925, 111.8172808)",in_transit
1768583155.362515,14327,"(41.7405905, 111.8169745)",in_transit
1768583165.659578,14327,"(41.7413096, 111.816744)",in_transit
1768583175.952239,14327,"(41.7423608, 111.8166828)",in_transit
1768583186.28972,14327,"(41.7429013, 111.8166556)",in_transit
1768583196.593052,14327,"(41.7439923, 111.8164693)",in_transit
1768583206.9292102,14327,"(41.744474, 111.8154605)",in_transit
1768583217.24635,14327,"(41.7444335, 111.8144938)",in_transit
1768583227.582617,14327,"(41.7442415, 111.8141908)",in_transit
1768583237.8700202,14327,"(41.7437455, 111.8142291)",in_transit
1768583248.174091,14327,"(41.7437455, 111.8142291)",in_transit
1768583258.479422,14327,"(41.7434928, 111.8140711)",in_transit
1768583268.7875462,14327,"(41.7437398, 111.8139806)",taggart_student_center
1768583279.075517,14327,"(41.7437393, 111.8139696)",taggart_student_center
1768583289.379781,14327,"(41.7437405, 111.8139846)",taggart_student_center
1768583299.683742,14327,"(41.7437426, 111.8139908)",taggart_student_center
1768583309.97566,14327,"(41.743734, 111.8139818)",taggart_student_center
1768583320.2654111,14327,"(41.7437285, 111.8139723)",taggart_student_center
1768583330.568851,14327,"(41.7437266, 111.8139655)",taggart_student_center
1768583340.8816378,14327,"(41.743732, 111.813963)",taggart_student_center
1768583351.185972,14327,"(41.7437338, 111.8139598)",taggart_student_center
1768583361.479324,14327,"(41.7437345, 111.8139676)",taggart_student_center
1768583371.776481,14327,"(41.7437283, 111.8139595)",taggart_student_center
1768583382.070879,14327,"(41.743731, 111.8139363)",taggart_student_center
1768583392.356103,14327,"(41.7437428, 111.8139246)",taggart_student_center
1768583402.645486,14327,"(41.7439953, 111.8141226)",in_transit
1768583412.94291,14327,"(41.7443975, 111.8140868)",in_transit
1768583423.2494452,14327,"(41.7443975, 111.8140868)",in_transit
1768583433.5489678,14327,"(41.7468606, 111.814018)",in_transit
1768583443.825245,14327,"(41.7480403, 111.8139653)",in_transit
1768583454.119039,14327,"(41.748897, 111.8138995)",in_transit
1768583464.4157498,14327,"(41.7499343, 111.8137793)",in_transit
1768583474.704792,14327,"(41.7500943, 111.8136463)",in_transit
1768583484.995321,14327,"(41.7500618, 111.8133786)",the_bull
1768583495.297737,14327,"(41.7500411, 111.8131818)",the_bull
1768583505.589824,14327,"(41.7500298, 111.8131783)",the_bull
1768583515.964913,14327,"(41.7500148, 111.8131916)",the_bull
1768583526.319201,14327,"(41.7500326, 111.8129638)",in_transit
1768583536.614281,14327,"(41.7500585, 111.8116355)",in_transit
1768583546.944354,14327,"(41.7500461, 111.8105811)",in_transit
1768583557.235548,14327,"(41.7500063, 111.8088448)",in_transit
1768583567.556403,14327,"(41.7499683, 111.80676)",in_transit
1768583577.85552,14327,"(41.7499336, 111.805814)",logan_cemetery
1768583588.1572218,14327,"(41.7499283, 111.8057085)",logan_cemetery
1768583598.578628,14327,"(41.7499153, 111.8057203)",logan_cemetery
1768583608.86132,14327,"(41.749938, 111.8051596)",in_transit
1768583619.1737149,14327,"(41.7496335, 111.8045185)",in_transit
1768583629.46477,14327,"(41.7494183, 111.8045626)",in_transit
1768583639.76117,14327,"(41.7492866, 111.8032135)",in_transit
1768583650.050758,14327,"(41.749287, 111.8022491)",in_transit
1768583660.345527,14327,"(41.749501, 111.8018681)",in_transit
1768583670.645233,14327,"(41.749501, 111.8018681)",in_transit
1768583680.938582,14327,"(41.7495936, 111.8020788)",lundstrum
1768583691.22104,14327,"(41.7495925, 111.8020741)",lundstrum
1768583701.525316,14327,"(41.7495903, 111.802074)",lundstrum
1768583711.823903,14327,"(41.7495858, 111.802073)",lundstrum
1768583722.10461,14327,"(41.7495841, 111.8020763)",lundstrum
1768583732.3905752,14327,"(41.7495795, 111.8020776)",lundstrum
1768583742.6722612,14327,"(41.7495633, 111.802194)",lundstrum
1768583752.9787378,14327,"(41.7494258, 111.8024385)",in_transit
1768583763.39736,14327,"(41.7493418, 111.8034215)",in_transit
1768583773.690096,14327,"(41.7493745, 111.8040663)",in_transit
1768583783.981702,14327,"(41.7497971, 111.804361)",in_transit
1768583794.2736142,14327,"(41.7500651, 111.8046178)",in_transit
1768583804.552943,14327,"(41.7495573, 111.8045171)",in_transit
1768583814.8417878,14327,"(41.749303, 111.804502)",in_transit
1768583825.139817,14327,"(41.7484578, 111.8044076)",in_transit
1768583835.433892,14327,"(41.7472856, 111.804386)",in_transit
1768583845.757938,14327,"(41.7467238, 111.8044395)",in_transit
1768583856.054955,14327,"(41.7460371, 111.804376)",in_transit
1768583866.342433,14327,"(41.745301, 111.8043615)",in_transit
1768583876.644632,14327,"(41.744756, 111.8043501)",in_transit
1768583887.001572,14327,"(41.7443848, 111.8043378)",in_transit
1768583897.289171,14327,"(41.7434618, 111.8043431)",fine_arts_bldg
1768583907.629465,14327,"(41.7433158, 111.8043493)",fine_arts_bldg
1768583917.912092,14327,"(41.7433125, 111.8043636)",fine_arts_bldg
1768583928.2415109,14327,"(41.743303, 111.8043586)",fine_arts_bldg
1768583938.539797,14327,"(41.7433013, 111.8043426)",fine_arts_bldg
1768583948.8225029,14327,"(41.7433053, 111.8043365)",fine_arts_bldg
1768583959.1001852,14327,"(41.7429308, 111.8042991)",in_transit
1768583969.400814,14327,"(41.7425495, 111.804417)",in_transit
1768583979.694453,14327,"(41.7415266, 111.8061925)",in_transit
1768583990.027659,14327,"(41.7409378, 111.8074751)",in_transit
1768584000.3119428,14327,"(41.7405448, 111.8091041)",in_transit
1768584010.64657,14327,"(41.7401356, 111.8108485)",in_transit
1768584020.9365618,14327,"(41.7400616, 111.8111511)",family_life_bldg
1768584031.229572,14327,"(41.7400433, 111.8112498)",family_life_bldg
1768584041.5210931,14327,"(41.7400478, 111.8112496)",family_life_bldg
1768584051.8142688,14327,"(41.7400605, 111.811264)",family_life_bldg
1768584062.098785,14327,"(41.7400705, 111.8112645)",family_life_bldg
1768584072.390292,14327,"(41.7399366, 111.811529)",in_transit
1768584082.672271,14327,"(41.7395308, 111.812498)",in_transit
1768584093.082198,14327,"(41.7387683, 111.8144885)",in_transit
1768584103.379194,14327,"(41.7387068, 111.8158833)",in_transit
1768584113.660882,14327,"(41.7388303, 111.8169358)",in_transit
1768584123.948239,14327,"(41.7388836, 111.8192393)",in_transit
1768584134.239993,14327,"(41.7395906, 111.819314)",in_transit
1768584144.530984,14327,"(41.7405706, 111.819193)",in_transit
1768584154.810569,14327,"(41.7406636, 111.8182196)",in_transit
1768584165.106196,14327,"(41.7406353, 111.8178888)",in_transit
1768584175.417593,14327,"(41.7406296, 111.8176908)",670_e_500_n
1768584185.710266,14327,"(41.7406318, 111.81769)",670_e_500_n
1768584196.005128,14327,"(41.7406271, 111.8176853)",670_e_500_n
1768584206.283078,14327,"(41.7406361, 111.8171865)",in_transit
1768584216.572795,14327,"(41.7410755, 111.8167506)",in_transit
1768584226.86699,14327,"(41.7423515, 111.8167088)",in_transit
1768584237.175038,14327,"(41.7432536, 111.8166776)",in_transit
1768584247.461869,14327,"(41.7443666, 111.8161095)",in_transit
1768584257.8121028,14327,"(41.7444755, 111.815699)",in_transit
1768584268.12285,14327,"(41.7444453, 111.8145498)",in_transit
1768584278.437096,14327,"(41.7444521, 111.8143613)",in_transit
1768584288.725473,14327,"(41.7444078, 111.81421)",in_transit
1768584299.03047,14327,"(41.743747, 111.8142641)",in_transit
1768584309.31827,14327,"(41.743501, 111.8140668)",in_transit
1768584319.5967271,14327,"(41.7436875, 111.8139986)",taggart_student_center
1768584330.033337,14327,"(41.743795, 111.814033)",taggart_student_center
1768584340.399015,14327,"(41.743798, 111.8140445)",taggart_student_center
1768584350.675675,14327,"(41.7437968, 111.8140476)",taggart_student_center
1768584360.972039,14327,"(41.743796, 111.8140475)",taggart_student_center
1768584371.263437,14327,"(41.7437961, 111.8140608)",taggart_student_center
1768584381.564235,14327,"(41.743798, 111.8140773)",taggart_student_center
1768584391.856799,14327,"(41.7437948, 111.8140726)",taggart_student_center
1768584402.1528451,14327,"(41.7437903, 111.814052)",taggart_student_center
1768584412.458067,14327,"(41.7437765, 111.8140163)",taggart_student_center
1768584422.817111,14327,"(41.7437851, 111.8140303)",taggart_student_center
1768584433.1063502,14327,"(41.7438258, 111.8141045)",in_transit
1768584443.414737,14327,"(41.7442061, 111.8141211)",in_transit
1768584453.704473,14327,"(41.7443988, 111.8141)",in_transit
1768584463.991931,14327,"(41.7443988, 111.8141)",in_transit
1768584474.307748,14327,"(41.74631, 111.8140401)",in_transit
1768584484.6029508,14327,"(41.7475216, 111.8139975)",in_transit
1768584494.889622,14327,"(41.7486493, 111.8139351)",in_transit
1768584505.288535,14327,"(41.7494226, 111.8138343)",in_transit
1768584515.5778491,14327,"(41.7499235, 111.813783)",in_transit
1768584525.871837,14327,"(41.750037, 111.81378)",in_transit
1768584536.165219,14327,"(41.7500373, 111.8137823)",in_transit
1768584546.457515,14327,"(41.750051, 111.8131851)",the_bull
1768584556.757175,14327,"(41.7500528, 111.8130996)",the_bull
1768584567.0586822,14327,"(41.7500595, 111.8130926)",the_bull
1768584577.374101,14327,"(41.7500635, 111.8130866)",in_transit
1768584587.75705,14327,"(41.7500631, 111.8130855)",in_transit
1768584598.088167,14327,"(41.7501111, 111.8125186)",in_transit
1768584608.3868911,14327,"(41.7500963, 111.8111185)",in_transit
1768584618.701778,14327,"(41.7500766, 111.8101171)",in_transit
1768584628.9856498,14327,"(41.7500471, 111.8083688)",in_transit
1768584639.275271,14327,"(41.7500251, 111.8070691)",in_transit
1768584649.5580952,14327,"(41.7499563, 111.8058345)",logan_cemetery
1768584659.8545952,14327,"(41.7499681, 111.8057491)",logan_cemetery
1768584670.214394,14327,"(41.7499768, 111.805767)",logan_cemetery
1768584680.524929,14327,"(41.7499851, 111.8057668)",logan_cemetery
1768584690.808985,14327,"(41.7500148, 111.8049363)",in_transit
1768584701.109228,14327,"(41.7497661, 111.8045453)",in_transit
1768584711.39994,14327,"(41.7493631, 111.8045625)",in_transit
1768584721.686859,14327,"(41.7493095, 111.8036095)",in_transit
1768584732.0017622,14327,"(41.7493315, 111.8021106)",in_transit
1768584742.29136,14327,"(41.749518, 111.801896)",in_transit
1768584752.689302,14327,"(41.7496135, 111.8020665)",lundstrum
1768584762.976833,14327,"(41.7495965, 111.8020478)",lundstrum
1768584773.280437,14327,"(41.7495861, 111.8020403)",lundstrum
1768584783.5824409,14327,"(41.7495795, 111.8020416)",lundstrum
1768584793.896642,14327,"(41.7495768, 111.8020403)",lundstrum
1768584804.19247,14327,"(41.7495803, 111.8020416)",lundstrum
1768584814.489002,14327,"(41.749582, 111.8020421)",lundstrum
1768584824.793404,14327,"(41.7495908, 111.8020546)",lundstrum
1768584835.1930418,14327,"(41.7495863, 111.802054)",lundstrum
1768584845.4855192,14327,"(41.7495145, 111.8022965)",in_transit
1768584855.782578,14327,"(41.7493405, 111.8032643)",in_transit
1768584866.090712,14327,"(41.7493556, 111.8039751)",in_transit
1768584876.3988469,14327,"(41.7493738, 111.804073)",in_transit
1768584886.687635,14327,"(41.7498228, 111.8043788)",in_transit
1768584896.980101,14327,"(41.750098, 111.8045808)",in_transit
1768584907.283942,14327,"(41.7495425, 111.8045183)",in_transit
1768584917.676594,14327,"(41.7483615, 111.8044191)",in_transit
1768584927.984491,14327,"(41.7473736, 111.8044035)",in_transit
1768584938.314091,14327,"(41.7467656, 111.8044168)",in_transit
1768584948.597983,14327,"(41.746583, 111.8045436)",in_transit
1768584958.891374,14327,"(41.7458843, 111.8043791)",in_transit
1768584969.200984,14327,"(41.7447166, 111.8043708)",in_transit
1768584979.498392,14327,"(41.7440551, 111.8043701)",in_transit
1768584989.776015,14327,"(41.7434548, 111.8043758)",fine_arts_bldg
1768585000.173567,14327,"(41.743337, 111.8043818)",fine_arts_bldg
1768585010.46308,14327,"(41.7433381, 111.8043925)",fine_arts_bldg
1768585020.754984,14327,"(41.7431496, 111.8043815)",in_transit
1768585031.050188,14327,"(41.7429265, 111.8043525)",in_transit
1768585041.328196,14327,"(41.7425593, 111.8044326)",in_transit
1768585051.616271,14327,"(41.7413693, 111.8064376)",in_transit
1768585061.90298,14327,"(41.7407763, 111.8080453)",in_transit
1768585072.190175,14327,"(41.7402968, 111.8102515)",in_transit
1768585082.571525,14327,"(41.7401006, 111.8111281)",family_life_bldg
1768585092.8614771,14327,"(41.740065, 111.8112405)",family_life_bldg
1768585103.144165,14327,"(41.7400661, 111.8112331)",family_life_bldg
1768585113.432748,14327,"(41.740074, 111.8112386)",family_life_bldg
1768585123.725371,14327,"(41.740075, 111.8112391)",family_life_bldg
1768585134.039958,14327,"(41.740068, 111.8112268)",family_life_bldg
1768585144.3282712,14327,"(41.7397623, 111.8118643)",in_transit
1768585154.622182,14327,"(41.7389116, 111.813962)",in_transit
1768585164.940342,14327,"(41.7386803, 111.8155318)",in_transit
1768585175.236228,14327,"(41.7388458, 111.8172646)",in_transit
1768585185.533748,14327,"(41.7388681, 111.819069)",in_transit
1768585195.834652,14327,"(41.7391148, 111.8193191)",in_transit
1768585206.1558568,14327,"(41.7402555, 111.8193153)",in_transit
1768585216.445372,14327,"(41.740665, 111.8190346)",in_transit
1768585226.749588,14327,"(41.7406551, 111.8179945)",in_transit
1768585237.078846,14327,"(41.7406428, 111.8177056)",670_e_500_n
1768585247.467884,14327,"(41.7406338, 111.817437)",in_transit
1768585257.8702898,14327,"(41.7406571, 111.8168346)",in_transit
1768585268.156843,14327,"(41.7413788, 111.8167451)",in_transit
1768585278.492233,14327,"(41.7426993, 111.8167261)",in_transit
1768585288.776546,14327,"(41.7436725, 111.8166648)",in_transit
1768585299.070038,14327,"(41.7444816, 111.8156078)",in_transit
1768585309.358558,14327,"(41.7444471, 111.814423)",in_transit
1768585319.641828,14327,"(41.7444493, 111.8143785)",in_transit
1768585330.032385,14327,"(41.7444198, 111.8142536)",in_transit
1768585340.309408,14327,"(41.7438898, 111.8142251)",in_transit
1768585350.594122,14327,"(41.7435138, 111.8140858)",in_transit
1768585360.880099,14327,"(41.7436945, 111.8140086)",taggart_student_center
1768585371.156929,14327,"(41.7437891, 111.8140496)",taggart_student_center
1768585381.4362502,14327,"(41.7437831, 111.8140608)",taggart_student_center
1768585391.7251031,14327,"(41.7437708, 111.8140736)",taggart_student_center
1768585402.00609,14327,"(41.7437606, 111.8140801)",taggart_student_center
1768585412.336095,14327,"(41.7437608, 111.8140745)",taggart_student_center
1768585422.6174872,14327,"(41.743994, 111.814188)",in_transit
1768585432.907457,14327,"(41.7449593, 111.8141106)",in_transit
1768585443.196834,14327,"(41.7457846, 111.8140938)",in_transit
1768585453.474079,14327,"(41.746889, 111.814054)",in_transit
1768585463.7833788,14327,"(41.7478181, 111.8140093)",in_transit
1768585474.090136,14327,"(41.7493518, 111.8138733)",in_transit
1768585484.375456,14327,"(41.7499658, 111.8138056)",in_transit
1768585494.690191,14327,"(41.7499941, 111.8138078)",in_transit
1768585504.9795,14327,"(41.7500956, 111.8134933)",in_transit
1768585515.267503,14327,"(41.7500956, 111.8134933)",in_transit
1768585525.551927,14327,"(41.750064, 111.8132006)",the_bull
1768585535.855575,14327,"(41.7500573, 111.8131988)",the_bull
1768585546.182493,14327,"(41.750103, 111.8126446)",in_transit
1768585556.4861498,14327,"(41.7500941, 111.8116661)",in_transit
1768585566.77649,14327,"(41.7500641, 111.809979)",in_transit
1768585577.2237928,14327,"(41.7500363, 111.8087015)",in_transit
1768585587.5727448,14327,"(41.7499841, 111.8067593)",in_transit
1768585597.975424,14327,"(41.7499368, 111.80585)",logan_cemetery
1768585608.259646,14327,"(41.7499481, 111.8056885)",logan_cemetery
1768585618.558517,14327,"(41.7499581, 111.8054333)",in_transit
1768585628.875479,14327,"(41.7499731, 111.804836)",in_transit
1768585639.201992,14327,"(41.749438, 111.8045723)",in_transit
1768585649.500235,14327,"(41.7492926, 111.8040071)",in_transit
1768585659.812375,14327,"(41.7493095, 111.8029913)",in_transit
1768585670.117764,14327,"(41.7494903, 111.8018455)",in_transit
1768585680.4048882,14327,"(41.7494903, 111.8018455)",in_transit
1768585690.689025,14327,"(41.7496116, 111.8020726)",lundstrum
1768585700.983561,14327,"(41.7496215, 111.8020758)",lundstrum
1768585711.3031769,14327,"(41.7494898, 111.8023468)",in_transit
1768585721.605889,14327,"(41.7493491, 111.8028866)",in_transit
1768585731.909226,14327,"(41.749343, 111.80391)",in_transit
1768585742.45118,14327,"(41.7498611, 111.8043526)",in_transit
1768585752.7468412,14327,"(41.7501216, 111.8045788)",in_transit
1768585763.041375,14327,"(41.7494186, 111.804542)",in_transit
1768585773.331148,14327,"(41.7486041, 111.804439)",in_transit
1768585783.611797,14327,"(41.7476128, 111.8044338)",in_transit
1768585794.130422,14327,"(41.746679, 111.8044775)",in_transit
1768585804.447983,14327,"(41.7458873, 111.8043965)",in_transit
1768585814.753859,14327,"(41.7450985, 111.8043968)",in_transit
1768585825.077042,14327,"(41.7443648, 111.804396)",in_transit
1768585835.36681,14327,"(41.7436596, 111.8043753)",in_transit
1768585845.658674,14327,"(41.7432883, 111.8043871)",in_transit
1768585855.966968,14327,"(41.7432855, 111.8043956)",in_transit
1768585866.241303,14327,"(41.7428903, 111.8043528)",in_transit
1768585876.5430028,14327,"(41.7427063, 111.8043081)",in_transit
1768585886.827817,14327,"(41.7420245, 111.8053376)",in_transit
1768585897.1049442,14327,"(41.741039, 111.8070963)",in_transit
1768585907.436987,14327,"(41.7406273, 111.8086265)",in_transit
1768585917.734529,14327,"(41.7401715, 111.8107226)",in_transit
1768585928.065849,14327,"(41.7400908, 111.8110898)",family_life_bldg
1768585938.368005,14327,"(41.7400333, 111.8111966)",family_life_bldg
1768585948.684434,14327,"(41.7400236, 111.8111911)",family_life_bldg
1768585958.9768791,14327,"(41.7399001, 111.811436)",in_transit
1768585969.260714,14327,"(41.7394901, 111.8124308)",in_transit
1768585979.554642,14327,"(41.738689, 111.8146353)",in_transit
1768585989.898035,14327,"(41.7387428, 111.8162663)",in_transit
1768586000.196628,14327,"(41.7388548, 111.818728)",in_transit
1768586010.483454,14327,"(41.738855, 111.8190601)",in_transit
1768586020.784884,14327,"(41.7395438, 111.8193035)",in_transit
1768586031.0720892,14327,"(41.7402561, 111.819298)",in_transit
1768586041.358946,14327,"(41.7406301, 111.8191383)",in_transit
1768586051.663553,14327,"(41.7406491, 111.818058)",in_transit
1768586061.972162,14327,"(41.7406251, 111.8177448)",670_e_500_n
1768586072.295726,14327,"(41.7406083, 111.8176743)",670_e_500_n
1768586082.584704,14327,"(41.7406015, 111.816967)",in_transit
1768586092.8773382,14327,"(41.7410831, 111.816751)",in_transit
1768586103.1716511,14327,"(41.7424266, 111.8167368)",in_transit
1768586113.464873,14327,"(41.7434378, 111.816679)",in_transit
1768586123.7368078,14327,"(41.7444496, 111.8159478)",in_transit
1768586134.045095,14327,"(41.7444773, 111.8148826)",in_transit
1768586144.324697,14327,"(41.7444288, 111.8142888)",in_transit
1768586154.663684,14327,"(41.7442406, 111.8142086)",in_transit
1768586164.954916,14327,"(41.7436423, 111.8143416)",in_transit
1768586175.237052,14327,"(41.7434791, 111.814105)",in_transit
1768586185.5297542,14327,"(41.7434838, 111.8140668)",in_transit
1768586195.8135822,14327,"(41.743491, 111.8140378)",in_transit
1768586206.091924,14327,"(41.7436713, 111.8139965)",taggart_student_center
1768586216.392434,14327,"(41.7436831, 111.8139805)",taggart_student_center
1768586226.6894982,14327,"(41.743695, 111.8139691)",taggart_student_center
1768586236.9969091,14327,"(41.743712, 111.8139478)",taggart_student_center
1768586247.272408,14327,"(41.7437283, 111.8139206)",taggart_student_center
1768586257.8536582,14327,"(41.7437401, 111.8139306)",taggart_student_center
1768586268.161578,14327,"(41.7437416, 111.813934)",taggart_student_center
1768586278.467378,14327,"(41.7437358, 111.813945)",taggart_student_center
1768586288.752516,14327,"(41.7437371, 111.8139523)",taggart_student_center
1768586299.30547,14327,"(41.7439185, 111.8141363)",in_transit
1768586309.577539,14327,"(41.7443008, 111.81411)",in_transit
1768586320.0103831,14327,"(41.7443521, 111.8141003)",in_transit
1768586330.291925,14327,"(41.7443453, 111.8141006)",in_transit
1768586340.5746372,14327,"(41.7448668, 111.8141015)",in_transit
1768586350.8669271,14327,"(41.7453188, 111.814102)",in_transit
1768586361.166762,14327,"(41.7471418, 111.8140498)",in_transit
1768586371.448184,14327,"(41.7486766, 111.8139516)",in_transit
1768586381.741932,14327,"(41.7495863, 111.8138261)",in_transit
1768586392.050272,14327,"(41.7500526, 111.8137853)",in_transit
1768586402.474773,14327,"(41.7500801, 111.8135443)",in_transit
1768586412.77871,14327,"(41.7500573, 111.8132045)",the_bull
1768586423.075307,14327,"(41.750058, 111.8132036)",the_bull
1768586433.360378,14327,"(41.7500845, 111.8128745)",in_transit
1768586443.641862,14327,"(41.7500776, 111.8114568)",in_transit
1768586453.9375129,14327,"(41.750057, 111.810331)",in_transit
1768586464.251807,14327,"(41.7500221, 111.8084701)",in_transit
1768586474.548901,14327,"(41.7499813, 111.8065151)",in_transit
1768586484.8710809,14327,"(41.7499415, 111.8057431)",logan_cemetery
1768586495.14274,14327,"(41.7499443, 111.805711)",logan_cemetery
1768586505.445845,14327,"(41.7499726, 111.805473)",in_transit
1768586515.729506,14327,"(41.7497723, 111.8045448)",in_transit
1768586526.039934,14327,"(41.7492613, 111.8043118)",in_transit
1768586536.320533,14327,"(41.7492888, 111.8031885)",in_transit
1768586546.610204,14327,"(41.7492985, 111.8022715)",in_transit
1768586556.8868911,14327,"(41.7494921, 111.8018776)",in_transit
1768586567.181565,14327,"(41.7494921, 111.8018776)",in_transit
1768586577.52352,14327,"(41.7496176, 111.8020876)",lundstrum
1768586587.80915,14327,"(41.7496456, 111.8020913)",lundstrum
1768586598.132184,14327,"(41.7496493, 111.8020891)",lundstrum
1768586608.4260428,14327,"(41.7496185, 111.8020783)",lundstrum
1768586618.779304,14327,"(41.7496185, 111.8020783)",lundstrum
1768586629.068579,14327,"(41.7496091, 111.8020765)",lundstrum
1768586639.392879,14327,"(41.7496101, 111.8020755)",lundstrum
1768586649.727345,14327,"(41.7496086, 111.802083)",lundstrum
1768586660.050612,14327,"(41.7496136, 111.8020823)",lundstrum
1768586670.333633,14327,"(41.7496186, 111.8020918)",lundstrum
1768586680.646966,14327,"(41.7496148, 111.8021656)",lundstrum
1768586690.9299011,14327,"(41.7494535, 111.802408)",in_transit
1768586701.208941,14327,"(41.7493496, 111.8029151)",in_transit
1768586711.494766,14327,"(41.7493558, 111.8040455)",in_transit
1768586721.786245,14327,"(41.7493795, 111.8041213)",in_transit
1768586732.180202,14327,"(41.7497926, 111.8043636)",in_transit
1768586742.4725509,14327,"(41.7501073, 111.8045865)",in_transit
1768586752.761932,14327,"(41.7494483, 111.804531)",in_transit
1768586763.072322,14327,"(41.7484318, 111.8044385)",in_transit
1768586773.38257,14327,"(41.7475538, 111.8044311)",in_transit
1768586783.679204,14327,"(41.7466405, 111.8045486)",in_transit
1768586793.9693708,14327,"(41.7458803, 111.8044016)",in_transit
1768586804.267416,14327,"(41.7450201, 111.804391)",in_transit
1768586814.605525,14327,"(41.7444891, 111.8043821)",in_transit
1768586825.1720152,14327,"(41.7444746, 111.8043851)",in_transit
1768586835.475108,14327,"(41.744059, 111.8043856)",in_transit
1768586845.773597,14327,"(41.7434436, 111.8043858)",fine_arts_bldg
1768586856.077869,14327,"(41.7432701, 111.8043933)",in_transit
1768586866.353896,14327,"(41.7432713, 111.8043993)",in_transit
1768586876.650103,14327,"(41.7428921, 111.8043536)",in_transit
1768586886.948819,14327,"(41.7427873, 111.8043176)",in_transit
1768586897.280308,14327,"(41.742396, 111.8047328)",in_transit
1768586907.565709,14327,"(41.741393, 111.8064726)",in_transit
1768586917.865289,14327,"(41.7407621, 111.808175)",in_transit
1768586928.2393851,14327,"(41.7401306, 111.810932)",in_transit
1768586938.517743,14327,"(41.7400551, 111.8111751)",family_life_bldg
1768586948.857818,14327,"(41.7400448, 111.8112063)",family_life_bldg
1768586959.156673,14327,"(41.7400473, 111.8112011)",family_life_bldg
1768586969.474734,14327,"(41.7400453, 111.811196)",family_life_bldg
1768586979.8038242,14327,"(41.7399115, 111.8114425)",in_transit
1768586990.1232471,14327,"(41.7391573, 111.8132706)",in_transit
1768587000.3997838,14327,"(41.7386986, 111.8158655)",in_transit
1768587010.69893,14327,"(41.738828, 111.8173695)",in_transit
1768587020.983844,14327,"(41.7388896, 111.8192918)",in_transit
1768587031.272557,14327,"(41.7395483, 111.8193111)",in_transit
1768587041.552122,14327,"(41.7404701, 111.8192558)",in_transit
1768587051.827512,14327,"(41.740672, 111.8187016)",in_transit
1768587062.184347,14327,"(41.7406436, 111.817849)",670_e_500_n
1768587072.485537,14327,"(41.7406333, 111.8176823)",670_e_500_n
1768587082.756256,14327,"(41.74063, 111.8176941)",670_e_500_n
1768587093.026887,14327,"(41.740626, 111.8176955)",670_e_500_n
1768587103.313243,14327,"(41.7406251, 111.8176711)",670_e_500_n
1768587113.622995,14327,"(41.7406161, 111.8168606)",in_transit
1768587123.913394,14327,"(41.7407991, 111.816757)",in_transit
1768587134.19259,14327,"(41.7421318, 111.8166898)",in_transit
1768587144.4920828,14327,"(41.7435435, 111.8166455)",in_transit
1768587154.775763,14327,"(41.7444663, 111.8156783)",in_transit
1768587165.042547,14327,"(41.74445, 111.8147608)",in_transit
1768587175.331626,14327,"(41.7442406, 111.8141915)",in_transit
1768587185.634864,14327,"(41.7437276, 111.8142606)",in_transit
1768587195.940119,14327,"(41.743481, 111.8140755)",in_transit
1768587206.257212,14327,"(41.7436661, 111.8139936)",taggart_student_center
1768587216.53969,14327,"(41.7437801, 111.8140153)",taggart_student_center
1768587226.9111092,14327,"(41.7437818, 111.814001)",taggart_student_center
1768587237.195068,14327,"(41.7437858, 111.8140048)",taggart_student_center
1768587247.485557,14327,"(41.7437891, 111.8140126)",taggart_student_center
1768587257.764213,14327,"(41.7437888, 111.8140358)",taggart_student_center
1768587268.051114,14327,"(41.7437875, 111.8140491)",taggart_student_center
1768587278.448986,14327,"(41.743971, 111.814161)",in_transit
1768587288.745214,14327,"(41.7442923, 111.8141048)",in_transit
1768587299.096619,14327,"(41.7443646, 111.8140995)",in_transit
1768587309.4206662,14327,"(41.7443753, 111.8140966)",in_transit
1768587319.734336,14327,"(41.7443976, 111.8140945)",in_transit
1768587330.028594,14327,"(41.7453013, 111.814088)",in_transit
1768587340.338421,14327,"(41.7461361, 111.8140615)",in_transit
1768587350.635922,14327,"(41.7475548, 111.8139988)",in_transit
1768587360.962746,14327,"(41.7491066, 111.813888)",in_transit
1768587371.252779,14327,"(41.7498811, 111.8137755)",in_transit
1768587381.547387,14327,"(41.7500635, 111.8137788)",in_transit
1768587391.85584,14327,"(41.7500615, 111.8132)",the_bull
1768587402.14193,14327,"(41.7500588, 111.813204)",the_bull
1768587412.536795,14327,"(41.750053, 111.8132096)",the_bull
1768587422.833028,14327,"(41.7500391, 111.8131988)",the_bull
1768587433.118892,14327,"(41.7500281, 111.8131953)",the_bull
1768587443.41078,14327,"(41.7500581, 111.812952)",in_transit
1768587453.6900191,14327,"(41.7500598, 111.8115541)",in_transit
1768587463.9905238,14327,"(41.7500318, 111.8098515)",in_transit
1768587474.3284092,14327,"(41.7500096, 111.8085495)",in_transit
1768587484.6309109,14327,"(41.7499658, 111.8064503)",in_transit
1768587494.9197912,14327,"(41.7499388, 111.8056931)",logan_cemetery
1768587505.209087,14327,"(41.7499413, 111.8056905)",logan_cemetery
1768587515.489864,14327,"(41.7499745, 111.8051746)",in_transit
1768587525.77349,14327,"(41.7498905, 111.804623)",in_transit
1768587536.075383,14327,"(41.7494741, 111.8045521)",in_transit
1768587546.427354,14327,"(41.7492818, 111.8043223)",in_transit
1768587556.795616,14327,"(41.7493041, 111.80309)",in_transit
1768587567.092833,14327,"(41.7493215, 111.8019111)",in_transit
1768587577.400789,14327,"(41.7495073, 111.8018805)",in_transit
1768587587.6797109,14327,"(41.7496126, 111.8020818)",lundstrum
1768587597.989856,14327,"(41.7496225, 111.8020783)",lundstrum
1768587608.320619,14327,"(41.749625, 111.8020658)",lundstrum
1768587618.615087,14327,"(41.749622, 111.8020583)",lundstrum
1768587628.921972,14327,"(41.7496175, 111.802051)",lundstrum
1768587639.306262,14327,"(41.7496138, 111.8020485)",lundstrum
1768587649.611525,14327,"(41.7494521, 111.8023735)",in_transit
1768587659.9280949,14327,"(41.7493386, 111.8026431)",in_transit
1768587670.233902,14327,"(41.7493385, 111.8035013)",in_transit
1768587680.542957,14327,"(41.7495626, 111.8043333)",in_transit
1768587690.844712,14327,"(41.7498258, 111.8043605)",in_transit
1768587701.141587,14327,"(41.7497236, 111.8045033)",in_transit
1768587711.448336,14327,"(41.7490401, 111.8044403)",in_transit
1768587721.823008,14327,"(41.7477501, 111.8044321)",in_transit
1768587732.112332,14327,"(41.7466866, 111.8044893)",in_transit
1768587742.399507,14327,"(41.7462746, 111.804429)",in_transit
1768587752.678944,14327,"(41.7451428, 111.8043943)",in_transit
1768587762.976546,14327,"(41.7446053, 111.8043861)",in_transit
1768587773.269058,14327,"(41.743634, 111.8043725)",in_transit
1768587783.558212,14327,"(41.7434263, 111.8043936)",fine_arts_bldg
1768587793.853972,14327,"(41.7432843, 111.804369)",in_transit
1768587804.16863,14327,"(41.7432863, 111.8043555)",in_transit
1768587814.46314,14327,"(41.743292, 111.8043625)",in_transit
1768587824.744958,14327,"(41.7432901, 111.8043661)",in_transit
1768587835.042324,14327,"(41.7429645, 111.804353)",in_transit
1768587845.333812,14327,"(41.7428041, 111.8043026)",in_transit
1768587855.6276858,14327,"(41.7424186, 111.8046521)",in_transit
1768587865.912045,14327,"(41.7412798, 111.8065748)",in_transit
1768587876.195298,14327,"(41.7412798, 111.8065748)",in_transit
1768587886.50991,14327,"(41.7401538, 111.8109718)",family_life_bldg
1768587896.797398,14327,"(41.7400785, 111.8112241)",family_life_bldg
1768587907.102649,14327,"(41.7400468, 111.8112325)",family_life_bldg
1768587917.395385,14327,"(41.740041, 111.8112325)",family_life_bldg
1768587927.695093,14327,"(41.7400373, 111.8112236)",family_life_bldg
1768587937.989692,14327,"(41.7400405, 111.8112293)",family_life_bldg
1768587948.308076,14327,"(41.7400346, 111.8112263)",family_life_bldg
1768587958.6147242,14327,"(41.7398925, 111.8114776)",in_transit
1768587969.01311,14327,"(41.7393085, 111.8129221)",in_transit
1768587979.317245,14327,"(41.7386541, 111.8154)",in_transit
1768587989.63049,14327,"(41.7388481, 111.8173246)",in_transit
1768587999.965624,14327,"(41.7388481, 111.8173246)",in_transit
1768588010.2694,14327,"(41.7390908, 111.8193008)",in_transit
1768588020.5783172,14327,"(41.740224, 111.819278)",in_transit
1768588030.873523,14327,"(41.740633, 111.819099)",in_transit
1768588041.175956,14327,"(41.7406565, 111.8182023)",in_transit
1768588051.580731,14327,"(41.7406486, 111.8178603)",in_transit
1768588061.883667,14327,"(41.7406365, 111.8177073)",670_e_500_n
1768588072.191208,14327,"(41.7406358, 111.8174638)",in_transit
1768588082.4945762,14327,"(41.74062, 111.8169553)",in_transit
1768588092.799351,14327,"(41.7414341, 111.8167275)",in_transit
1768588103.08324,14327,"(41.7427471, 111.816691)",in_transit
1768588113.385509,14327,"(41.743603, 111.8166521)",in_transit
1768588123.676527,14327,"(41.744458, 111.8157981)",in_transit
1768588133.984158,14327,"(41.7444686, 111.8149673)",in_transit
1768588144.283509,14327,"(41.7444391, 111.8143713)",in_transit
1768588154.571839,14327,"(41.7444318, 111.8142745)",in_transit
1768588164.8621151,14327,"(41.7439775, 111.8142176)",in_transit
1768588175.156589,14327,"(41.7435975, 111.8143228)",in_transit
1768588185.4307032,14327,"(41.7434918, 111.8140828)",in_transit
1768588195.736921,14327,"(41.7437328, 111.8139775)",taggart_student_center
1768588206.03141,14327,"(41.7437268, 111.8139313)",taggart_student_center
1768588216.3985448,14327,"(41.7437173, 111.8139165)",taggart_student_center
1768588226.7023628,14327,"(41.7437205, 111.8139166)",taggart_student_center
1768588236.9991128,14327,"(41.7437303, 111.8139386)",taggart_student_center
1768588247.28597,14327,"(41.743731, 111.8139465)",taggart_student_center
1768588257.575624,14327,"(41.7437423, 111.8139586)",taggart_student_center
1768588267.866911,14327,"(41.7440755, 111.8141468)",in_transit
1768588278.1517062,14327,"(41.7442631, 111.8141066)",in_transit
1768588288.483732,14327,"(41.7443095, 111.8140911)",in_transit
1768588298.8428822,14327,"(41.7442851, 111.8140728)",in_transit
1768588309.182542,14327,"(41.7442813, 111.814074)",in_transit
1768588319.5174432,14327,"(41.7442738, 111.8140725)",in_transit
1768588329.833931,14327,"(41.7442725, 111.8140721)",in_transit
1768588340.158379,14327,"(41.7450198, 111.814085)",in_transit
1768588350.449435,14327,"(41.7450198, 111.814085)",in_transit
1768588360.740163,14327,"(41.747068, 111.8140345)",in_transit
1768588371.036446,14327,"(41.7484716, 111.8139638)",in_transit
1768588381.370662,14327,"(41.7494268, 111.813862)",in_transit
1768588391.68215,14327,"(41.7499645, 111.8138015)",in_transit
1768588401.9710348,14327,"(41.7499828, 111.8138086)",in_transit
1768588412.266194,14327,"(41.7501003, 111.8136571)",in_transit
1768588422.637731,14327,"(41.7500586, 111.8132093)",the_bull
1768588433.047483,14327,"(41.7500631, 111.8132196)",the_bull
1768588443.3991969,14327,"(41.7500643, 111.813227)",the_bull
1768588453.691646,14327,"(41.750079, 111.813155)",the_bull
1768588464.183265,14327,"(41.7501131, 111.8119415)",in_transit
1768588474.532189,14327,"(41.7500891, 111.8103276)",in_transit
1768588484.83168,14327,"(41.7500658, 111.80916)",in_transit
1768588495.1263208,14327,"(41.7500223, 111.8072021)",in_transit
1768588505.430571,14327,"(41.7499808, 111.8060673)",in_transit
1768588515.7111092,14327,"(41.7499581, 111.8057761)",logan_cemetery
1768588525.999713,14327,"(41.7499456, 111.8056741)",in_transit
1768588536.297473,14327,"(41.7499855, 111.805436)",in_transit
1768588546.6269498,14327,"(41.7498918, 111.8046125)",in_transit
1768588556.917875,14327,"(41.7494651, 111.804559)",in_transit
1768588567.220413,14327,"(41.7493156, 111.8036901)",in_transit
1768588577.526322,14327,"(41.7493315, 111.802725)",in_transit
1768588587.832951,14327,"(41.7493425, 111.8019831)",in_transit
1768588598.14845,14327,"(41.7495158, 111.8018645)",in_transit
1768588608.559333,14327,"(41.7496278, 111.8020823)",lundstrum
1768588618.863661,14327,"(41.7496265, 111.802067)",lundstrum
1768588629.234777,14327,"(41.749627, 111.8020633)",lundstrum
1768588639.535913,14327,"(41.7496281, 111.8020553)",lundstrum
1768588649.850595,14327,"(41.7496278, 111.8020555)",lundstrum
1768588660.1479738,14327,"(41.7496295, 111.8020466)",lundstrum
1768588670.436787,14327,"(41.7496346, 111.802033)",lundstrum
1768588680.740949,14327,"(41.7496346, 111.8020306)",lundstrum
1768588691.0280662,14327,"(41.7495548, 111.8022783)",in_transit
1768588701.310953,14327,"(41.7493496, 111.8035363)",in_transit
1768588711.638665,14327,"(41.7493663, 111.8039521)",in_transit
1768588721.9423318,14327,"(41.749878, 111.8043486)",in_transit
1768588732.229975,14327,"(41.7499206, 111.804639)",in_transit
1768588742.516552,14327,"(41.7494591, 111.8045348)",in_transit
1768588752.812873,14327,"(41.7483286, 111.804436)",in_transit
1768588763.12943,14327,"(41.7468958, 111.8043915)",in_transit
1768588773.4393432,14327,"(41.746275, 111.8044163)",in_transit
1768588783.74904,14327,"(41.745396, 111.8043756)",in_transit
1768588794.080072,14327,"(41.7446758, 111.8043633)",in_transit
1768588804.393505,14327,"(41.7436151, 111.8043456)",in_transit
1768588814.699102,14327,"(41.7433871, 111.804363)",fine_arts_bldg
1768588825.001879,14327,"(41.7432766, 111.804367)",in_transit
1768588835.293247,14327,"(41.7432715, 111.8043593)",in_transit
1768588845.597882,14327,"(41.742957, 111.8043483)",in_transit
1768588855.8889751,14327,"(41.742791, 111.8043123)",in_transit
1768588866.2039611,14327,"(41.7424258, 111.8046145)",in_transit
1768588876.594669,14327,"(41.7417186, 111.8057798)",in_transit
1768588886.912797,14327,"(41.7407225, 111.808199)",in_transit
1768588897.22026,14327,"(41.7402366, 111.8104071)",in_transit
1768588907.535348,14327,"(41.7400493, 111.8111926)",family_life_bldg
1768588917.849469,14327,"(41.7400401, 111.8112303)",family_life_bldg
1768588928.147369,14327,"(41.7400411, 111.8112266)",family_life_bldg
1768588938.45101,14327,"(41.7400405, 111.8112208)",family_life_bldg
1768588948.7802272,14327,"(41.73951, 111.8124461)",in_transit
1768588959.097884,14327,"(41.738871, 111.8140286)",in_transit
1768588969.432508,14327,"(41.7388253, 111.816632)",in_transit
1768588979.760872,14327,"(41.7388531, 111.8175211)",in_transit
1768588990.046039,14327,"(41.7388753, 111.8190026)",in_transit
1768589000.339705,14327,"(41.7389246, 111.819306)",in_transit
1768589010.637836,14327,"(41.7395215, 111.8193246)",in_transit
1768589020.926761,14327,"(41.740158, 111.8192928)",in_transit
1768589031.221289,14327,"(41.740659, 111.8189556)",in_transit
1768589041.5669508,14327,"(41.7406441, 111.8179513)",in_transit
1768589051.850643,14327,"(41.7406428, 111.8177026)",670_e_500_n
1768589062.143122,14327,"(41.7406388, 111.8176788)",670_e_500_n
1768589072.436286,14327,"(41.7406306, 111.8173611)",in_transit
1768589082.7240582,14327,"(41.7408461, 111.816732)",in_transit
1768589093.023199,14327,"(41.7416765, 111.8167026)",in_transit
1768589103.3188128,14327,"(41.7429701, 111.816681)",in_transit
1768589113.61649,14327,"(41.743772, 111.8166106)",in_transit
1768589123.948426,14327,"(41.7444566, 111.8155683)",in_transit
1768589134.242499,14327,"(41.7444338, 111.81456)",in_transit
1768589144.538097,14327,"(41.7444351, 111.8143443)",in_transit
1768589154.837352,14327,"(41.7443645, 111.8142068)",in_transit
1768589165.1695302,14327,"(41.7438983, 111.8142108)",in_transit
1768589175.458771,14327,"(41.7435241, 111.8142836)",in_transit
1768589185.753446,14327,"(41.7435356, 111.8140428)",in_transit
1768589196.056828,14327,"(41.7437468, 111.8139656)",taggart_student_center
1768589206.448218,14327,"(41.7437555, 111.8139593)",taggart_student_center
1768589216.740373,14327,"(41.7437568, 111.8139625)",taggart_student_center
1768589227.0366158,14327,"(41.7437611, 111.81397)",taggart_student_center
1768589237.333899,14327,"(41.7437666, 111.8139768)",taggart_student_center
1768589247.640255,14327,"(41.743955, 111.8141546)",in_transit
1768589257.920813,14327,"(41.7444986, 111.8140958)",in_transit
1768589268.232212,14327,"(41.7451743, 111.8140971)",in_transit
1768589278.525627,14327,"(41.7461856, 111.8140628)",in_transit
1768589288.9836218,14327,"(41.7472335, 111.8140193)",in_transit
1768589299.269378,14327,"(41.7478656, 111.8139965)",in_transit
1768589309.866225,14327,"(41.7490076, 111.813918)",in_transit
1768589320.1608,14327,"(41.7497396, 111.8138048)",in_transit
1768589330.478411,14327,"(41.7500748, 111.813554)",in_transit
1768589340.782389,14327,"(41.7500603, 111.8131933)",the_bull
1768589351.081179,14327,"(41.7500611, 111.8131966)",the_bull
1768589361.3761332,14327,"(41.7500605, 111.813205)",the_bull
1768589371.718507,14327,"(41.7500886, 111.8129641)",in_transit
1768589382.032014,14327,"(41.750082, 111.8116468)",in_transit
1768589392.325399,14327,"(41.7500726, 111.8105643)",in_transit
1768589402.622411,14327,"(41.7500375, 111.8088251)",in_transit
1768589412.9099882,14327,"(41.7500185, 111.8076201)",in_transit
1768589423.213393,14327,"(41.7499576, 111.8059615)",logan_cemetery
1768589433.490747,14327,"(41.7499486, 111.8057103)",logan_cemetery
1768589443.8031108,14327,"(41.7499526, 111.8057018)",logan_cemetery
1768589454.571504,14327,"(41.7499613, 111.805705)",logan_cemetery
1768589464.8752298,14327,"(41.7499958, 111.8049228)",in_transit
1768589475.1602502,14327,"(41.7497368, 111.804516)",in_transit
1768589485.4752672,14327,"(41.7492866, 111.8042821)",in_transit
1768589495.777733,14327,"(41.7493125, 111.803251)",in_transit
1768589506.076218,14327,"(41.7493161, 111.8019985)",in_transit
1768589516.360883,14327,"(41.7495016, 111.8018571)",in_transit
1768589526.673902,14327,"(41.7496066, 111.8020778)",lundstrum
1768589537.024404,14327,"(41.7495945, 111.8020726)",lundstrum
1768589547.3270788,14327,"(41.7495851, 111.802077)",lundstrum
1768589557.613368,14327,"(41.749537, 111.8022703)",in_transit
1768589567.919287,14327,"(41.7493401, 111.802763)",in_transit
1768589578.209493,14327,"(41.7493591, 111.8038543)",in_transit
1768589588.555039,14327,"(41.7495761, 111.8043436)",in_transit
1768589598.84649,14327,"(41.7501061, 111.8045918)",in_transit
1768589609.2606778,14327,"(41.7496886, 111.8044998)",in_transit
1768589619.581575,14327,"(41.7494053, 111.8045348)",in_transit
1768589629.891242,14327,"(41.7483183, 111.8044293)",in_transit
1768589640.171,14327,"(41.7473811, 111.8044088)",in_transit
1768589650.473983,14327,"(41.7467788, 111.8043916)",in_transit
1768589660.751102,14327,"(41.745819, 111.8043798)",in_transit
1768589671.0624828,14327,"(41.7453388, 111.8043731)",in_transit
1768589681.358207,14327,"(41.7453388, 111.8043731)",in_transit
1768589691.6618502,14327,"(41.7433905, 111.804355)",fine_arts_bldg
1768589702.0081542,14327,"(41.7432896, 111.8043673)",in_transit
1768589712.344767,14327,"(41.7432903, 111.8043751)",in_transit
1768589722.631453,14327,"(41.7429103, 111.804339)",in_transit
1768589732.918323,14327,"(41.7425431, 111.8044605)",in_transit
1768589743.199212,14327,"(41.7417075, 111.8058375)",in_transit
1768589753.50295,14327,"(41.7407145, 111.8083291)",in_transit
1768589763.803643,14327,"(41.7402803, 111.8102688)",in_transit
1768589774.072662,14327,"(41.7400803, 111.8111318)",family_life_bldg
1768589784.41412,14327,"(41.7400548, 111.8112246)",family_life_bldg
1768589794.737171,14327,"(41.7400598, 111.8112311)",family_life_bldg
1768589805.031016,14327,"(41.740063, 111.8112346)",family_life_bldg
1768589815.316333,14327,"(41.7400631, 111.811229)",family_life_bldg
1768589825.600659,14327,"(41.739895, 111.8115461)",in_transit
1768589835.895623,14327,"(41.7392093, 111.8131983)",in_transit
1768589846.201313,14327,"(41.7386841, 111.8148856)",in_transit
1768589856.500621,14327,"(41.7388443, 111.817519)",in_transit
1768589866.9217348,14327,"(41.7388766, 111.8191768)",in_transit
1768589877.207256,14327,"(41.7390706, 111.819334)",in_transit
1768589887.568897,14327,"(41.7399968, 111.8193013)",in_transit
1768589897.8691158,14327,"(41.7404828, 111.819259)",in_transit
1768589908.190472,14327,"(41.740664, 111.818222)",in_transit
1768589918.518919,14327,"(41.7406533, 111.8178665)",in_transit
1768589928.821362,14327,"(41.740647, 111.8177018)",670_e_500_n
1768589939.1201658,14327,"(41.7406475, 111.8177193)",670_e_500_n
1768589949.4934652,14327,"(41.740633, 111.8169171)",in_transit
1768589959.77708,14327,"(41.741408, 111.8167315)",in_transit
1768589970.092515,14327,"(41.7427856, 111.8167021)",in_transit
1768589980.389025,14327,"(41.7440388, 111.8164663)",in_transit
1768589990.751799,14327,"(41.7444696, 111.8156458)",in_transit
1768590001.068262,14327,"(41.7444333, 111.8144858)",in_transit
1768590011.357192,14327,"(41.7442201, 111.8141918)",in_transit
1768590021.658773,14327,"(41.7437381, 111.814269)",in_transit
1768590031.984549,14327,"(41.7434895, 111.814096)",in_transit
1768590042.2883048,14327,"(41.7434895, 111.814096)",in_transit
1768590052.580666,14327,"(41.7437228, 111.813985)",taggart_student_center
1768590062.868623,14327,"(41.7437336, 111.8139593)",taggart_student_center
1768590073.16724,14327,"(41.7437326, 111.813945)",taggart_student_center
1768590083.461223,14327,"(41.7437303, 111.8139411)",taggart_student_center
1768590093.758315,14327,"(41.7437276, 111.8139525)",taggart_student_center
1768590104.05735,14327,"(41.743732, 111.8139546)",taggart_student_center
1768590114.380008,14327,"(41.7440968, 111.8140928)",in_transit
1768590124.665909,14327,"(41.7448956, 111.814086)",in_transit
1768590134.965748,14327,"(41.7457781, 111.8140545)",in_transit
1768590145.255615,14327,"(41.7472763, 111.8140075)",in_transit
1768590155.536086,14327,"(41.7483346, 111.8139575)",in_transit
1768590165.827141,14327,"(41.7497511, 111.813784)",in_transit
1768590176.237699,14327,"(41.7499718, 111.8137825)",in_transit
1768590186.5269032,14327,"(41.7501041, 111.8135443)",in_transit
1768590196.811996,14327,"(41.7501041, 111.8135443)",in_transit
1768590207.1056828,14327,"(41.7500701, 111.8131958)",the_bull
1768590217.3919868,14327,"(41.7500655, 111.8132088)",the_bull
1768590227.684896,14327,"(41.7500576, 111.8132135)",the_bull
1768590237.9738991,14327,"(41.7500586, 111.8129763)",in_transit
1768590248.2722502,14327,"(41.750079, 111.8116413)",in_transit
1768590258.590497,14327,"(41.7500473, 111.8105395)",in_transit
1768590268.912251,14327,"(41.7500033, 111.8087236)",in_transit
1768590279.19577,14327,"(41.7499783, 111.8073478)",in_transit
1768590289.5279412,14327,"(41.7499168, 111.8057443)",logan_cemetery
1768590299.823873,14327,"(41.7499058, 111.8056871)",in_transit
1768590310.1646988,14327,"(41.7499041, 111.8057131)",logan_cemetery
1768590320.452242,14327,"(41.7499245, 111.8055155)",in_transit
1768590330.746485,14327,"(41.7499286, 111.8048025)",in_transit
1768590341.151049,14327,"(41.7493476, 111.8045738)",in_transit
1768590351.472448,14327,"(41.7492846, 111.8039226)",in_transit
1768590361.770977,14327,"(41.7492961, 111.8023666)",in_transit
1768590372.079346,14327,"(41.7494823, 111.8018508)",in_transit
1768590382.38404,14327,"(41.749606, 111.8020671)",lundstrum
1768590392.678763,14327,"(41.7496055, 111.8020453)",lundstrum
1768590402.98402,14327,"(41.7496085, 111.802034)",lundstrum
1768590413.2821069,14327,"(41.749612, 111.8020296)",lundstrum
1768590423.619354,14327,"(41.7496111, 111.8020236)",lundstrum
1768590433.8977878,14327,"(41.749611, 111.8020205)",lundstrum
1768590444.2315898,14327,"(41.7495361, 111.8022705)",in_transit
1768590454.5402932,14327,"(41.7493548, 111.8027321)",in_transit
1768590464.842692,14327,"(41.7493593, 111.8034831)",in_transit
1768590475.14622,14327,"(41.7493755, 111.8040446)",in_transit
1768590485.446209,14327,"(41.7493988, 111.8041516)",in_transit
1768590495.74545,14327,"(41.749618, 111.8043708)",in_transit
1768590506.1390789,14327,"(41.7501001, 111.8045725)",in_transit
1768590516.448093,14327,"(41.7497066, 111.8045126)",in_transit
1768590526.7475169,14327,"(41.7490461, 111.8044318)",in_transit
1768590537.042197,14327,"(41.7490461, 111.8044318)",in_transit
1768590547.3377018,14327,"(41.7466915, 111.8044655)",in_transit
1768590557.625515,14327,"(41.7458723, 111.8043851)",in_transit
1768590567.929964,14327,"(41.7448663, 111.8043646)",in_transit
1768590578.232459,14327,"(41.7445838, 111.8043561)",in_transit
1768590588.586648,14327,"(41.7444936, 111.8043555)",in_transit
1768590598.937665,14327,"(41.7438173, 111.8043453)",in_transit
1768590609.250818,14327,"(41.7433163, 111.8043595)",fine_arts_bldg
1768590619.564096,14327,"(41.7433045, 111.8043576)",fine_arts_bldg
1768590629.858695,14327,"(41.7432308, 111.8043615)",in_transit
1768590640.2116108,14327,"(41.7428598, 111.8043065)",in_transit
1768590650.500724,14327,"(41.742824, 111.8043003)",in_transit
1768590660.801913,14327,"(41.7428126, 111.8042981)",in_transit
1768590671.132591,14327,"(41.7427986, 111.804285)",in_transit
1768590681.428041,14327,"(41.74267, 111.8042981)",in_transit
1768590691.7154958,14327,"(41.7417371, 111.8058223)",in_transit
1768590701.980785,14327,"(41.7409903, 111.8073071)",in_transit
1768590712.277994,14327,"(41.7402535, 111.8104376)",in_transit
1768590722.5693572,14327,"(41.7400601, 111.8112298)",family_life_bldg
1768590732.861668,14327,"(41.7400595, 111.8112383)",family_life_bldg
1768590743.1415071,14327,"(41.7400581, 111.8112428)",family_life_bldg
1768590753.473829,14327,"(41.7400576, 111.8112483)",family_life_bldg
1768590763.790775,14327,"(41.7400088, 111.8113426)",in_transit
1768590774.072319,14327,"(41.7391753, 111.8133253)",in_transit
1768590784.368234,14327,"(41.7386721, 111.8150228)",in_transit
1768590794.65682,14327,"(41.7388436, 111.8174041)",in_transit
1768590804.949674,14327,"(41.7388706, 111.8190271)",in_transit
1768590815.238716,14327,"(41.7395075, 111.8193376)",in_transit
1768590825.5249548,14327,"(41.7402216, 111.819304)",in_transit
1768590835.937597,14327,"(41.7406626, 111.818723)",in_transit
1768590846.244695,14327,"(41.7406105, 111.8178028)",670_e_500_n
1768590856.548497,14327,"(41.7405935, 111.8176636)",670_e_500_n
1768590866.840693,14327,"(41.740608, 111.8176648)",670_e_500_n
1768590877.140807,14327,"(41.7406035, 111.8174665)",in_transit
1768590887.4397938,14327,"(41.7407973, 111.8167396)",in_transit
1768590897.729085,14327,"(41.7418156, 111.816714)",in_transit
1768590908.029153,14327,"(41.7427416, 111.8166941)",in_transit
1768590918.369479,14327,"(41.7440336, 111.8164658)",in_transit
1768590928.654109,14327,"(41.7444623, 111.8156788)",in_transit
1768590939.436102,14327,"(41.7444125, 111.8144655)",in_transit
1768590949.743941,14327,"(41.7441826, 111.8141966)",in_transit
1768590960.1197498,14327,"(41.7437273, 111.8142468)",in_transit
1768590970.428103,14327,"(41.7434696, 111.814086)",in_transit
1768590980.732147,14327,"(41.7434696, 111.814086)",in_transit
1768590991.018809,14327,"(41.7434955, 111.814029)",in_transit
1768591001.417494,14327,"(41.7435093, 111.813996)",in_transit
1768591011.719618,14327,"(41.7435088, 111.8139881)",in_transit
1768591022.009161,14327,"(41.7435075, 111.813987)",in_transit
1768591032.307173,14327,"(41.743681, 111.8140451)",taggart_student_center
1768591042.589441,14327,"(41.7438676, 111.8141443)",in_transit
1768591052.898435,14327,"(41.744432, 111.8141006)",in_transit
1768591063.187843,14327,"(41.7453955, 111.8140918)",in_transit
1768591073.4838688,14327,"(41.7465445, 111.81405)",in_transit
1768591083.822734,14327,"(41.7474253, 111.8140193)",in_transit
1768591094.125508,14327,"(41.7488445, 111.8139301)",in_transit
1768591104.4023511,14327,"(41.7496631, 111.8138081)",in_transit
1768591114.6954298,14327,"(41.749909, 111.8138028)",in_transit
1768591125.003192,14327,"(41.7500683, 111.8135373)",in_transit
1768591135.304878,14327,"(41.7500248, 111.8131701)",the_bull
1768591145.908242,14327,"(41.7500063, 111.8131788)",the_bull
1768591156.218349,14327,"(41.7500108, 111.8131301)",the_bull
1768591166.5531478,14327,"(41.7500561, 111.8119411)",in_transit
1768591176.846516,14327,"(41.7500218, 111.8102868)",in_transit
1768591187.13264,14327,"(41.7499921, 111.8095398)",in_transit
1768591197.4506829,14327,"(41.7499883, 111.8089116)",in_transit
1768591207.7488792,14327,"(41.7499585, 111.8070985)",in_transit
1768591218.042109,14327,"(41.749915, 111.8059916)",logan_cemetery
1768591228.353928,14327,"(41.7499003, 111.8057096)",logan_cemetery
1768591238.6544662,14327,"(41.7499011, 111.8056715)",in_transit
1768591248.991429,14327,"(41.7499321, 111.8050086)",in_transit
1768591259.322613,14327,"(41.7497583, 111.804521)",in_transit
1768591269.621352,14327,"(41.7492626, 111.8042865)",in_transit
1768591279.936081,14327,"(41.7492778, 111.8030555)",in_transit
1768591290.246361,14327,"(41.7492826, 111.8021245)",in_transit
1768591300.5685298,14327,"(41.7494935, 111.8018905)",in_transit
1768591310.870789,14327,"(41.7494935, 111.8018905)",in_transit
1768591321.190694,14327,"(41.7496016, 111.8020835)",lundstrum
1768591331.583924,14327,"(41.7496146, 111.8020751)",lundstrum
1768591341.8814578,14327,"(41.7496201, 111.8020695)",lundstrum
1768591352.178728,14327,"(41.7495243, 111.8023501)",in_transit
1768591362.4817522,14327,"(41.7493578, 111.8026641)",in_transit
1768591372.7704551,14327,"(41.7493603, 111.803982)",in_transit
1768591383.070859,14327,"(41.7493865, 111.8041566)",in_transit
1768591393.355996,14327,"(41.7495686, 111.8043626)",in_transit
1768591403.649051,14327,"(41.750086, 111.8046176)",in_transit
1768591413.998438,14327,"(41.7494611, 111.8045301)",in_transit
1768591424.3100958,14327,"(41.7494611, 111.8045301)",in_transit
1768591434.612009,14327,"(41.7473356, 111.8044143)",in_transit
1768591444.911502,14327,"(41.7467728, 111.8044065)",in_transit
1768591455.214987,14327,"(41.7463663, 111.8044525)",in_transit
1768591465.528588,14327,"(41.7449198, 111.804382)",in_transit
1768591475.825897,14327,"(41.7446335, 111.8043741)",in_transit
1768591486.1169212,14327,"(41.7443115, 111.804367)",in_transit
1768591496.458569,14327,"(41.7434273, 111.8043715)",fine_arts_bldg
1768591506.741007,14327,"(41.7432898, 111.8043541)",in_transit
1768591517.031307,14327,"(41.743296, 111.8043415)",in_transit
1768591527.323524,14327,"(41.7433035, 111.8043338)",fine_arts_bldg
1768591537.627202,14327,"(41.7433, 111.8043343)",fine_arts_bldg
1768591547.92491,14327,"(41.7432925, 111.8043406)",in_transit
1768591558.2133272,14327,"(41.7431708, 111.8043408)",in_transit
1768591568.5049658,14327,"(41.7424833, 111.804551)",in_transit
1768591578.8314052,14327,"(41.7418086, 111.8056741)",in_transit
1768591589.12149,14327,"(41.7407735, 111.8080671)",in_transit
1768591599.431872,14327,"(41.7402701, 111.8103801)",in_transit
1768591609.7107542,14327,"(41.7400703, 111.81122)",family_life_bldg
1768591620.011519,14327,"(41.7400508, 111.8112276)",family_life_bldg
1768591630.319509,14327,"(41.7400486, 111.8112135)",family_life_bldg
1768591640.645835,14327,"(41.7400468, 111.8112186)",family_life_bldg
1768591651.029449,14327,"(41.7400435, 111.8112216)",family_life_bldg
1768591661.3713012,14327,"(41.7399745, 111.8113566)",in_transit
1768591671.65016,14327,"(41.7389811, 111.813771)",in_transit
1768591681.940326,14327,"(41.7386713, 111.8155548)",in_transit
1768591692.2085278,14327,"(41.7387901, 111.8164488)",in_transit
1768591702.4939158,14327,"(41.7388615, 111.8191508)",in_transit
1768591712.785288,14327,"(41.73989, 111.8193226)",in_transit
1768591723.087036,14327,"(41.7404601, 111.8192788)",in_transit
1768591733.4070342,14327,"(41.7406475, 111.8185808)",in_transit
1768591743.749634,14327,"(41.7406213, 111.8179186)",in_transit
1768591754.152852,14327,"(41.7406041, 111.8177011)",670_e_500_n
1768591764.433467,14327,"(41.7406056, 111.817703)",670_e_500_n
1768591774.7478862,14327,"(41.7405941, 111.8171065)",in_transit
1768591785.059069,14327,"(41.7407833, 111.8167533)",in_transit
1768591795.359509,14327,"(41.7421071, 111.816728)",in_transit
1768591805.6518028,14327,"(41.7429421, 111.8167065)",in_transit
1768591815.9431229,14327,"(41.7441211, 111.816398)",in_transit
1768591826.2774458,14327,"(41.7444486, 111.8155738)",in_transit
1768591836.715719,14327,"(41.7444118, 111.8146011)",in_transit
1768591847.021442,14327,"(41.7444096, 111.8143665)",in_transit
1768591857.317032,14327,"(41.7442265, 111.8142061)",in_transit
1768591867.608099,14327,"(41.7437185, 111.8142501)",in_transit
1768591877.900615,14327,"(41.7434775, 111.8140671)",in_transit
1768591888.2226088,14327,"(41.7434775, 111.8140671)",in_transit
1768591898.526402,14327,"(41.7436366, 111.8140163)",taggart_student_center
1768591908.823633,14327,"(41.7436298, 111.8140105)",taggart_student_center
1768591919.2968938,14327,"(41.7436305, 111.813999)",taggart_student_center
1768591929.610994,14327,"(41.743638, 111.8139863)",taggart_student_center
1768591939.9830751,14327,"(41.7436441, 111.8139793)",taggart_student_center
1768591950.2890182,14327,"(41.7436383, 111.8139821)",taggart_student_center
1768591960.6906,14327,"(41.7436383, 111.8139821)",taggart_student_center
1768591970.979952,14327,"(41.74364, 111.8139848)",taggart_student_center
1768591981.290889,14327,"(41.7436816, 111.8140056)",taggart_student_center
1768591991.590174,14327,"(41.7440491, 111.814134)",in_transit
1768592001.987406,14327,"(41.7440491, 111.814134)",in_transit
1768592012.301718,14327,"(41.7442163, 111.8141096)",in_transit
1768592022.598788,14327,"(41.7443976, 111.8141086)",in_transit
1768592032.8758,14327,"(41.7443976, 111.8141086)",in_transit
1768592043.159634,14327,"(41.7466881, 111.8140581)",in_transit
1768592053.461344,14327,"(41.7482913, 111.8139881)",in_transit
1768592063.742164,14327,"(41.749286, 111.8138951)",in_transit
1768592074.0426729,14327,"(41.7499066, 111.8138066)",in_transit
1768592084.470525,14327,"(41.7500491, 111.8134136)",the_bull
1768592094.766928,14327,"(41.7500275, 111.8131745)",the_bull
1768592105.05597,14327,"(41.7500118, 111.8131666)",the_bull
1768592115.331874,14327,"(41.7500036, 111.8131661)",the_bull
1768592125.624522,14327,"(41.7500405, 111.8126338)",in_transit
1768592135.916663,14327,"(41.75004, 111.8111696)",in_transit
1768592146.211732,14327,"(41.750019, 111.8100905)",in_transit
1768592156.496574,14327,"(41.7499885, 111.8085591)",in_transit
1768592166.888661,14327,"(41.7499633, 111.8072236)",in_transit
1768592177.183285,14327,"(41.7499121, 111.8057351)",logan_cemetery
1768592187.490647,14327,"(41.7499238, 111.8057065)",logan_cemetery
1768592197.806468,14327,"(41.7499451, 111.8055548)",in_transit
1768592208.090997,14327,"(41.7499473, 111.8048715)",in_transit
1768592218.39581,14327,"(41.7499271, 111.8047691)",in_transit
1768592228.690884,14327,"(41.7499283, 111.8047695)",in_transit
1768592239.11917,14327,"(41.7496541, 111.8045223)",in_transit
1768592249.453559,14327,"(41.7492655, 111.8043041)",in_transit
1768592259.853318,14327,"(41.749279, 111.8029373)",in_transit
1768592270.141931,14327,"(41.7492736, 111.8020161)",in_transit
1768592280.489405,14327,"(41.7494571, 111.8018548)",in_transit
1768592290.795696,14327,"(41.7495963, 111.8020781)",lundstrum
1768592301.101325,14327,"(41.7496068, 111.8020758)",lundstrum
1768592311.410182,14327,"(41.74961, 111.8020725)",lundstrum
1768592321.711266,14327,"(41.7496066, 111.8020755)",lundstrum
1768592332.028277,14327,"(41.7495801, 111.802202)",lundstrum
1768592342.321907,14327,"(41.7493506, 111.8026735)",in_transit
1768592352.6098108,14327,"(41.7493593, 111.8040048)",in_transit
1768592362.919238,14327,"(41.7494063, 111.8041778)",in_transit
1768592373.2147782,14327,"(41.7498018, 111.804391)",in_transit
1768592383.5039449,14327,"(41.7500413, 111.804341)",in_transit
1768592393.7840168,14327,"(41.7497208, 111.8045108)",in_transit
1768592404.076608,14327,"(41.7493391, 111.8045211)",in_transit
1768592414.386252,14327,"(41.748488, 111.8044111)",in_transit
1768592424.688569,14327,"(41.7477366, 111.804389)",in_transit
1768592434.987405,14327,"(41.746895, 111.8043556)",in_transit
1768592445.289261,14327,"(41.7467125, 111.8044013)",in_transit
1768592455.577607,14327,"(41.7457721, 111.8043655)",in_transit
1768592465.8916008,14327,"(41.7448743, 111.8043483)",in_transit
1768592476.192372,14327,"(41.7436163, 111.8043146)",in_transit
1768592486.485901,14327,"(41.7433681, 111.8043411)",fine_arts_bldg
1768592497.0665011,14327,"(41.7432518, 111.8043636)",in_transit
1768592507.3903968,14327,"(41.7432515, 111.8043863)",in_transit
1768592517.684531,14327,"(41.743057, 111.8043555)",in_transit
1768592527.975454,14327,"(41.7428678, 111.804324)",in_transit
1768592538.260087,14327,"(41.7423953, 111.8046788)",in_transit
1768592548.574111,14327,"(41.7416468, 111.8059115)",in_transit
1768592558.872056,14327,"(41.7406758, 111.808366)",in_transit
1768592569.18256,14327,"(41.7402451, 111.8103556)",in_transit
1768592579.501284,14327,"(41.7401321, 111.8109243)",in_transit
1768592589.801569,14327,"(41.7400488, 111.81122)",family_life_bldg
1768592600.1273742,14327,"(41.7400506, 111.811219)",family_life_bldg
1768592610.391179,14327,"(41.7400533, 111.8112145)",family_life_bldg
1768592620.7581089,14327,"(41.739924, 111.8114568)",in_transit
1768592631.066862,14327,"(41.7392008, 111.813155)",in_transit
1768592641.396766,14327,"(41.738665, 111.8148135)",in_transit
1768592651.698127,14327,"(41.7388246, 111.8173475)",in_transit
1768592662.033581,14327,"(41.7388598, 111.818971)",in_transit
1768592672.316761,14327,"(41.7394775, 111.8193263)",in_transit
1768592682.622921,14327,"(41.7402026, 111.8192921)",in_transit
1768592692.910155,14327,"(41.7406543, 111.818667)",in_transit
1768592703.206433,14327,"(41.7406261, 111.8177563)",670_e_500_n
1768592713.5354931,14327,"(41.7406208, 111.8177048)",670_e_500_n
1768592723.814508,14327,"(41.7406148, 111.8174651)",in_transit
1768592734.113898,14327,"(41.7408093, 111.8167695)",in_transit
1768592744.515926,14327,"(41.7417923, 111.8167338)",in_transit
1768592754.7966971,14327,"(41.7427191, 111.8167103)",in_transit
1768592765.090921,14327,"(41.7440208, 111.8164915)",in_transit
1768592775.362497,14327,"(41.7444558, 111.8156676)",in_transit
1768592785.6557708,14327,"(41.7444213, 111.8144788)",in_transit
1768592795.9606578,14327,"(41.7444168, 111.8142793)",in_transit
1768592806.2575622,14327,"(41.7439313, 111.814214)",in_transit
1768592816.555848,14327,"(41.7437453, 111.8142451)",in_transit
1768592826.916221,14327,"(41.743476, 111.814079)",in_transit
1768592837.212202,14327,"(41.7437115, 111.8140015)",taggart_student_center
1768592847.494964,14327,"(41.7437098, 111.8139861)",taggart_student_center
1768592857.777571,14327,"(41.7437063, 111.8139803)",taggart_student_center
1768592868.071124,14327,"(41.7436978, 111.8139835)",taggart_student_center
1768592878.357077,14327,"(41.7436921, 111.8139965)",taggart_student_center
1768592888.6539898,14327,"(41.7436975, 111.8139923)",taggart_student_center
1768592898.9512389,14327,"(41.7436961, 111.8139943)",taggart_student_center
1768592909.331828,14327,"(41.7436858, 111.8139911)",taggart_student_center
1768592919.680332,14327,"(41.7436923, 111.8139826)",taggart_student_center
1768592929.9765818,14327,"(41.7437045, 111.8139865)",taggart_student_center
1768592940.341311,14327,"(41.7437536, 111.8140168)",taggart_student_center
1768592950.637768,14327,"(41.7443226, 111.8141001)",in_transit
1768592960.948012,14327,"(41.74433, 111.8141116)",in_transit
1768592971.225769,14327,"(41.7443355, 111.8141218)",in_transit
1768592981.559264,14327,"(41.7443341, 111.8141078)",in_transit
1768592991.876276,14327,"(41.7448405, 111.8140976)",in_transit
1768593002.158932,14327,"(41.7448405, 111.8140976)",in_transit
1768593012.460036,14327,"(41.7472736, 111.8140325)",in_transit
1768593022.749812,14327,"(41.748351, 111.8139775)",in_transit
1768593033.0564458,14327,"(41.7497793, 111.813806)",in_transit
1768593043.3564858,14327,"(41.7499606, 111.813806)",in_transit
1768593053.645083,14327,"(41.7500553, 111.8134713)",the_bull
1768593063.950424,14327,"(41.750053, 111.8131846)",the_bull
1768593074.339444,14327,"(41.7500466, 111.8131841)",the_bull
1768593084.644777,14327,"(41.750045, 111.8131895)",the_bull
1768593094.9455528,14327,"(41.7500506, 111.8131851)",the_bull
1768593105.265791,14327,"(41.7500438, 111.8131726)",the_bull
1768593115.5622778,14327,"(41.7500486, 111.813178)",the_bull
1768593125.850507,14327,"(41.7500681, 111.8132005)",the_bull
1768593136.139444,14327,"(41.7500645, 111.8132051)",the_bull
1768593146.4166589,14327,"(41.7500748, 111.8132095)",the_bull
1768593156.7916648,14327,"(41.750074, 111.8132016)",the_bull
1768593167.0873442,14327,"(41.7500751, 111.8131965)",the_bull
1768593177.373888,14327,"(41.750065, 111.8131855)",the_bull
1768593187.6607108,14327,"(41.7500575, 111.81318)",the_bull
1768593197.953703,14327,"(41.7500828, 111.8128618)",in_transit
1768593208.249844,14327,"(41.7500833, 111.8116615)",in_transit
1768593218.528404,14327,"(41.7500703, 111.8101058)",in_transit
1768593228.808343,14327,"(41.7500528, 111.8091021)",in_transit
1768593239.1140108,14327,"(41.7500021, 111.8073581)",in_transit
1768593249.431974,14327,"(41.7499661, 111.8062806)",in_transit
1768593259.712903,14327,"(41.7499475, 111.805927)",logan_cemetery
1768593270.0067232,14327,"(41.74995, 111.8057116)",logan_cemetery
1768593280.328141,14327,"(41.749945, 111.805708)",logan_cemetery
1768593290.601815,14327,"(41.7499536, 111.804842)",in_transit
1768593300.9787111,14327,"(41.749633, 111.8045033)",in_transit
1768593311.278831,14327,"(41.7492785, 111.8042976)",in_transit
1768593321.694182,14327,"(41.7492885, 111.8033005)",in_transit
1768593331.9837592,14327,"(41.749296, 111.801989)",in_transit
1768593342.281066,14327,"(41.7494783, 111.8018756)",in_transit
1768593352.576664,14327,"(41.7495838, 111.8021038)",lundstrum
1768593362.8586822,14327,"(41.7495945, 111.8021171)",lundstrum
1768593373.162344,14327,"(41.7495955, 111.802107)",lundstrum
1768593383.453367,14327,"(41.7495933, 111.8021001)",lundstrum
1768593393.755164,14327,"(41.7495973, 111.8021005)",lundstrum
1768593404.107379,14327,"(41.7495971, 111.8021071)",lundstrum
1768593414.408108,14327,"(41.74949, 111.8023508)",in_transit
1768593424.70089,14327,"(41.7493361, 111.802834)",in_transit
1768593434.979417,14327,"(41.7493431, 111.8036848)",in_transit
1768593445.2753742,14327,"(41.749357, 111.803975)",in_transit
1768593455.5813792,14327,"(41.7498458, 111.8043765)",in_transit
1768593465.867284,14327,"(41.7499, 111.8046201)",in_transit
1768593476.152601,14327,"(41.749476, 111.8045453)",in_transit
1768593486.461078,14327,"(41.7485418, 111.8044453)",in_transit
1768593496.7820742,14327,"(41.7477523, 111.804429)",in_transit
1768593507.075202,14327,"(41.7468058, 111.8044003)",in_transit
1768593517.380621,14327,"(41.7464318, 111.8044656)",in_transit
1768593527.660108,14327,"(41.7457315, 111.8043843)",in_transit
1768593537.952241,14327,"(41.7449548, 111.804373)",in_transit
1768593548.253641,14327,"(41.743879, 111.804363)",in_transit
1768593558.543815,14327,"(41.7434123, 111.8043725)",fine_arts_bldg
1768593568.870018,14327,"(41.7433233, 111.804379)",fine_arts_bldg
1768593579.164294,14327,"(41.7433108, 111.804381)",fine_arts_bldg
1768593589.448884,14327,"(41.7429163, 111.8043538)",in_transit
1768593599.739819,14327,"(41.7425436, 111.8044653)",in_transit
1768593610.042063,14327,"(41.7425436, 111.8044653)",in_transit
1768593620.345002,14327,"(41.7408386, 111.8077061)",in_transit
1768593630.6485271,14327,"(41.7403756, 111.809768)",in_transit
1768593640.9753962,14327,"(41.740138, 111.8108635)",in_transit
1768593651.2957308,14327,"(41.740041, 111.8112153)",family_life_bldg
1768593661.6494029,14327,"(41.740041, 111.8112153)",family_life_bldg
1768593671.94154,14327,"(41.7399695, 111.811313)",in_transit
1768593682.252318,14327,"(41.7396258, 111.8121298)",in_transit
1768593692.551693,14327,"(41.7388431, 111.8140866)",in_transit
1768593702.858304,14327,"(41.7386713, 111.8156191)",in_transit
1768593713.154399,14327,"(41.7388503, 111.8180513)",in_transit
1768593723.545206,14327,"(41.7388583, 111.8186686)",in_transit
1768593733.856984,14327,"(41.7394876, 111.8193196)",in_transit
1768593744.150398,14327,"(41.7398528, 111.819313)",in_transit
1768593754.437998,14327,"(41.7398528, 111.819313)",in_transit
1768593764.7229922,14327,"(41.7406371, 111.8180573)",in_transit
1768593775.028527,14327,"(41.740618, 111.8177746)",670_e_500_n
1768593785.336872,14327,"(41.7406326, 111.8176756)",670_e_500_n
1768593795.659712,14327,"(41.7406328, 111.8171436)",in_transit
1768593805.9803169,14327,"(41.7406308, 111.816904)",in_transit
1768593816.2900531,14327,"(41.7413476, 111.816723)",in_transit
1768593826.5842402,14327,"(41.7421603, 111.816712)",in_transit
1768593836.861694,14327,"(41.743208, 111.8166801)",in_transit
1768593847.165386,14327,"(41.7439523, 111.8165201)",in_transit
1768593857.458196,14327,"(41.7444605, 111.8155768)",in_transit
1768593867.740027,14327,"(41.7444298, 111.8145621)",in_transit
1768593878.030016,14327,"(41.7444231, 111.8143223)",in_transit
1768593888.337253,14327,"(41.7439221, 111.8142148)",in_transit
1768593898.638709,14327,"(41.743736, 111.8142693)",in_transit
1768593908.957477,14327,"(41.743736, 111.8142693)",in_transit
1768593919.272494,14327,"(41.743519, 111.8139805)",in_transit
1768593929.573534,14327,"(41.7435153, 111.8139665)",in_transit
1768593939.873591,14327,"(41.7435128, 111.8139451)",in_transit
1768593950.176539,14327,"(41.7435088, 111.813912)",in_transit
1768593960.532935,14327,"(41.7435026, 111.8139098)",in_transit
1768593970.915807,14327,"(41.7434961, 111.8139233)",in_transit
1768593981.233809,14327,"(41.7435625, 111.8139425)",in_transit
1768593991.530196,14327,"(41.7437441, 111.8140448)",taggart_student_center
1768594001.8309171,14327,"(41.7441141, 111.8141438)",in_transit
1768594012.1330738,14327,"(41.7447261, 111.8140835)",in_transit
1768594022.445073,14327,"(41.7454453, 111.8140818)",in_transit
1768594032.7450292,14327,"(41.7466483, 111.8140313)",in_transit
1768594043.083356,14327,"(41.7475006, 111.8139981)",in_transit
1768594053.382358,14327,"(41.7489135, 111.8138985)",in_transit
1768594063.667979,14327,"(41.7499491, 111.8137798)",in_transit
1768594073.954175,14327,"(41.7499921, 111.8137776)",in_transit
1768594084.24886,14327,"(41.7499921, 111.8137776)",in_transit
1768594094.5359948,14327,"(41.7500866, 111.81351)",in_transit
1768594104.819442,14327,"(41.750063, 111.8131551)",the_bull
1768594115.099222,14327,"(41.7500705, 111.8131515)",the_bull
1768594125.39136,14327,"(41.7500758, 111.813138)",the_bull
1768594135.762239,14327,"(41.7500748, 111.8131325)",the_bull
1768594146.067752,14327,"(41.750092, 111.8128163)",in_transit
1768594156.3555331,14327,"(41.750101, 111.8114788)",in_transit
1768594166.643064,14327,"(41.7500855, 111.8104561)",in_transit
1768594176.927644,14327,"(41.7500543, 111.8089173)",in_transit
1768594187.195562,14327,"(41.750021, 111.8077488)",in_transit
1768594197.507491,14327,"(41.7499728, 111.8061595)",in_transit
1768594207.809592,14327,"(41.7499536, 111.8058353)",logan_cemetery
1768594218.161702,14327,"(41.7499483, 111.8056835)",logan_cemetery
1768594228.4576588,14327,"(41.7499603, 111.8054413)",in_transit
1768594238.750517,14327,"(41.74997, 111.8049101)",in_transit
1768594249.031276,14327,"(41.7499565, 111.804719)",in_transit
1768594259.324074,14327,"(41.7499631, 111.8047221)",in_transit
1768594269.6136608,14327,"(41.7494146, 111.8045588)",in_transit
1768594279.896011,14327,"(41.7492815, 111.8043046)",in_transit
1768594290.206523,14327,"(41.7492981, 111.8028051)",in_transit
1768594300.591372,14327,"(41.7492973, 111.8019855)",in_transit
1768594310.879914,14327,"(41.7494791, 111.8018721)",in_transit
1768594321.2290628,14327,"(41.7496141, 111.8021111)",lundstrum
1768594331.532362,14327,"(41.7496278, 111.8021195)",lundstrum
1768594341.8876631,14327,"(41.7496338, 111.8021253)",lundstrum
1768594352.178611,14327,"(41.7496363, 111.8021446)",lundstrum
1768594362.489015,14327,"(41.7494831, 111.8023858)",in_transit
1768594372.779125,14327,"(41.7493548, 111.8028768)",in_transit
1768594383.1990762,14327,"(41.7493548, 111.8028768)",in_transit
1768594393.478462,14327,"(41.7493641, 111.8039838)",in_transit
1768594403.7751522,14327,"(41.749604, 111.8043465)",in_transit
1768594414.070948,14327,"(41.7500865, 111.8045863)",in_transit
1768594424.379614,14327,"(41.7499026, 111.80463)",in_transit
1768594434.676053,14327,"(41.7491565, 111.8044536)",in_transit
1768594444.975574,14327,"(41.7485196, 111.8044463)",in_transit
1768594455.29954,14327,"(41.7473641, 111.8044396)",in_transit
1768594465.622483,14327,"(41.746788, 111.8044303)",in_transit
1768594475.9070709,14327,"(41.7460141, 111.8044141)",in_transit
1768594486.186365,14327,"(41.7456628, 111.804402)",in_transit
1768594496.479698,14327,"(41.7446331, 111.8043911)",in_transit
1768594506.7688582,14327,"(41.7444971, 111.8043705)",in_transit
1768594517.0760782,14327,"(41.7444988, 111.8043643)",in_transit
1768594527.3757482,14327,"(41.744075, 111.8043608)",in_transit
1768594537.673461,14327,"(41.7435151, 111.804357)",fine_arts_bldg
1768594548.050297,14327,"(41.7433305, 111.8043718)",fine_arts_bldg
1768594558.34113,14327,"(41.7432966, 111.8043691)",in_transit
1768594568.634649,14327,"(41.7431928, 111.8043731)",in_transit
1768594578.941267,14327,"(41.7430006, 111.804365)",in_transit
1768594589.235232,14327,"(41.742636, 111.8043355)",in_transit
1768594599.55006,14327,"(41.742636, 111.8043355)",in_transit
1768594609.842305,14327,"(41.7411913, 111.8067355)",in_transit
1768594620.1570292,14327,"(41.7411913, 111.8067355)",in_transit
1768594630.478925,14327,"(41.7403003, 111.8102025)",in_transit
1768594640.763064,14327,"(41.7400991, 111.8110846)",family_life_bldg
1768594651.049664,14327,"(41.7400426, 111.8112118)",family_life_bldg
1768594661.631652,14327,"(41.7400356, 111.81121)",family_life_bldg
1768594671.919714,14327,"(41.7400378, 111.8112098)",family_life_bldg
1768594682.236141,14327,"(41.7400341, 111.8112171)",family_life_bldg
1768594692.526577,14327,"(41.739864, 111.8115438)",in_transit
1768594702.876786,14327,"(41.7394315, 111.8125988)",in_transit
1768594713.2296362,14327,"(41.7386818, 111.8147005)",in_transit
1768594723.545114,14327,"(41.7387561, 111.8162295)",in_transit
1768594733.83367,14327,"(41.7388661, 111.8183728)",in_transit
1768594744.11436,14327,"(41.738901, 111.8192786)",in_transit
1768594754.400576,14327,"(41.7398441, 111.8193165)",in_transit
1768594764.72782,14327,"(41.7404563, 111.8192875)",in_transit
1768594775.0286531,14327,"(41.740674, 111.8187893)",in_transit
1768594785.31667,14327,"(41.7406223, 111.8179068)",in_transit
1768594795.6845329,14327,"(41.7406186, 111.8176663)",670_e_500_n
1768594805.994414,14327,"(41.7406255, 111.8176606)",670_e_500_n
1768594816.2831511,14327,"(41.7406233, 111.8168981)",in_transit
1768594826.5942929,14327,"(41.740813, 111.8167393)",in_transit
1768594836.886156,14327,"(41.7418948, 111.8167196)",in_transit
1768594847.1688929,14327,"(41.7426628, 111.8167021)",in_transit
1768594857.469449,14327,"(41.7436846, 111.8166291)",in_transit
1768594867.765246,14327,"(41.7444438, 111.8158626)",in_transit
1768594878.154567,14327,"(41.7444578, 111.815056)",in_transit
1768594888.447571,14327,"(41.744427, 111.8143818)",in_transit
1768594898.712905,14327,"(41.7438855, 111.8141756)",in_transit
1768594908.995757,14327,"(41.7437003, 111.8142731)",in_transit
1768594919.3084009,14327,"(41.7435155, 111.8140555)",in_transit
1768594929.589778,14327,"(41.743732, 111.8140216)",taggart_student_center
1768594939.884476,14327,"(41.7437393, 111.8140226)",taggart_student_center
1768594950.14943,14327,"(41.7437403, 111.8140193)",taggart_student_center
1768594960.471411,14327,"(41.7437325, 111.814003)",taggart_student_center
1768594970.756911,14327,"(41.7437408, 111.8140033)",taggart_student_center
1768594981.060971,14327,"(41.7441153, 111.8141488)",in_transit
1768594991.3371,14327,"(41.7443006, 111.8141078)",in_transit
1768595001.713547,14327,"(41.7443493, 111.8141291)",in_transit
1768595012.008327,14327,"(41.744359, 111.8141211)",in_transit
1768595022.357607,14327,"(41.7443615, 111.814111)",in_transit
1768595032.65506,14327,"(41.7450458, 111.8140973)",in_transit
1768595043.076656,14327,"(41.7450458, 111.8140973)",in_transit
1768595053.361695,14327,"(41.7474076, 111.8140283)",in_transit
1768595063.661004,14327,"(41.7482873, 111.8139976)",in_transit
1768595073.956005,14327,"(41.7495718, 111.8138691)",in_transit
1768595084.241845,14327,"(41.7498681, 111.8138321)",in_transit
1768595094.526365,14327,"(41.7500908, 111.8135806)",in_transit
1768595104.8171048,14327,"(41.7500908, 111.8135806)",in_transit
1768595115.099595,14327,"(41.750054, 111.8131781)",the_bull
1768595125.4708328,14327,"(41.750049, 111.8131886)",the_bull
1768595135.764948,14327,"(41.7500463, 111.8132021)",the_bull
1768595146.061585,14327,"(41.7500633, 111.8129498)",in_transit
1768595156.35242,14327,"(41.750084, 111.8117013)",in_transit
1768595166.622237,14327,"(41.7500653, 111.8106305)",in_transit
1768595176.9220538,14327,"(41.7500385, 111.8090888)",in_transit
1768595187.207402,14327,"(41.750006, 111.8074315)",in_transit
1768595197.5049212,14327,"(41.7499761, 111.8063561)",in_transit
1768595207.84315,14327,"(41.7499435, 111.8057103)",logan_cemetery
1768595218.133207,14327,"(41.7499433, 111.8056803)",logan_cemetery
1768595228.433837,14327,"(41.7499593, 111.8054125)",in_transit
1768595238.7260249,14327,"(41.7499673, 111.8048973)",in_transit
1768595249.016049,14327,"(41.7497291, 111.8045118)",in_transit
1768595259.3127391,14327,"(41.7495481, 111.8044823)",in_transit
1768595269.6006432,14327,"(41.7492725, 111.8042893)",in_transit
1768595279.88642,14327,"(41.7492843, 111.8034511)",in_transit
1768595290.3296452,14327,"(41.7492916, 111.8021088)",in_transit
1768595300.631572,14327,"(41.7493358, 111.801867)",in_transit
1768595310.906636,14327,"(41.7495978, 111.8020965)",lundstrum
1768595321.230326,14327,"(41.7495978, 111.8020918)",lundstrum
1768595331.510995,14327,"(41.7495948, 111.8020821)",lundstrum
1768595341.837067,14327,"(41.749596, 111.8020743)",lundstrum
1768595352.130616,14327,"(41.7495436, 111.8022245)",lundstrum
1768595362.501361,14327,"(41.749369, 111.8024455)",in_transit
1768595372.8871338,14327,"(41.749338, 111.8029818)",in_transit
1768595383.2072918,14327,"(41.7493493, 111.8039703)",in_transit
1768595393.498243,14327,"(41.7494081, 111.804165)",in_transit
1768595403.7940018,14327,"(41.7497921, 111.8043793)",in_transit
1768595414.1014988,14327,"(41.7499056, 111.8046308)",in_transit
1768595424.3912928,14327,"(41.7495038, 111.8045135)",in_transit
1768595434.682668,14327,"(41.7488605, 111.8044266)",in_transit
1768595444.977312,14327,"(41.7481675, 111.8044406)",in_transit
1768595455.377367,14327,"(41.7470856, 111.8044358)",in_transit
1768595465.69684,14327,"(41.7466153, 111.8045551)",in_transit
1768595476.001023,14327,"(41.7456715, 111.8044068)",in_transit
1768595486.295498,14327,"(41.7449101, 111.8044088)",in_transit
1768595496.6116211,14327,"(41.7439046, 111.8044081)",in_transit
1768595506.913416,14327,"(41.7434036, 111.8043888)",fine_arts_bldg
1768595517.193824,14327,"(41.7432966, 111.8043718)",in_transit
1768595527.496623,14327,"(41.7432908, 111.804365)",in_transit
1768595537.85326,14327,"(41.7429118, 111.8043383)",in_transit
1768595548.145038,14327,"(41.7425421, 111.8044341)",in_transit
1768595558.413166,14327,"(41.7416705, 111.8058881)",in_transit
1768595568.719154,14327,"(41.7410771, 111.8070076)",in_transit
1768595578.9933708,14327,"(41.7405468, 111.8090495)",in_transit
1768595589.2938292,14327,"(41.7402501, 111.8103548)",in_transit
1768595599.585309,14327,"(41.7400666, 111.8111458)",family_life_bldg
1768595609.879013,14327,"(41.7400366, 111.8112363)",family_life_bldg
1768595620.242668,14327,"(41.7400363, 111.8112266)",family_life_bldg
1768595630.5339992,14327,"(41.7400346, 111.8112206)",family_life_bldg
1768595640.82092,14327,"(41.7400343, 111.8112081)",family_life_bldg
1768595651.1236212,14327,"(41.740033, 111.8111976)",family_life_bldg
1768595661.473652,14327,"(41.7397448, 111.8118361)",in_transit
1768595671.7830489,14327,"(41.7395206, 111.812381)",in_transit
1768595682.084239,14327,"(41.7387505, 111.814424)",in_transit
1768595692.378709,14327,"(41.738841, 111.8170753)",in_transit
1768595702.783263,14327,"(41.7388668, 111.8185206)",in_transit
1768595713.059445,14327,"(41.7388608, 111.8190656)",in_transit
1768595723.369005,14327,"(41.7389661, 111.8193063)",in_transit
1768595733.6511848,14327,"(41.7400823, 111.8192898)",in_transit
1768595743.93548,14327,"(41.740535, 111.8192156)",in_transit
1768595754.2326882,14327,"(41.7406776, 111.8189935)",in_transit
1768595764.537071,14327,"(41.7406313, 111.8180133)",in_transit
1768595774.826872,14327,"(41.740613, 111.8177626)",670_e_500_n
1768595785.1511,14327,"(41.7406238, 111.817681)",670_e_500_n
1768595795.455317,14327,"(41.7406205, 111.817703)",670_e_500_n
1768595805.744949,14327,"(41.7406213, 111.8171096)",in_transit
1768595816.0537589,14327,"(41.740816, 111.8167555)",in_transit
1768595826.346035,14327,"(41.7416663, 111.8167101)",in_transit
1768595836.636157,14327,"(41.7428396, 111.8166545)",in_transit
1768595846.925805,14327,"(41.7435278, 111.816628)",in_transit
1768595857.219774,14327,"(41.7444285, 111.8160118)",in_transit
1768595867.550306,14327,"(41.7444693, 111.815073)",in_transit
1768595877.841441,14327,"(41.7444321, 111.8144246)",in_transit
1768595888.1577768,14327,"(41.7441596, 111.8141916)",in_transit
1768595898.448663,14327,"(41.7435515, 111.81431)",in_transit
1768595908.7661572,14327,"(41.7434961, 111.8140688)",in_transit
1768595919.063492,14327,"(41.7436765, 111.8140091)",taggart_student_center
1768595929.354163,14327,"(41.7437705, 111.814035)",taggart_student_center
1768595939.632583,14327,"(41.7437635, 111.8140355)",taggart_student_center
1768595949.934965,14327,"(41.7437716, 111.8140405)",taggart_student_center
1768595960.223776,14327,"(41.7437903, 111.814048)",taggart_student_center
1768595970.500292,14327,"(41.743977, 111.8141498)",in_transit
1768595980.80172,14327,"(41.7445706, 111.8140741)",in_transit
1768595991.096417,14327,"(41.7451726, 111.814057)",in_transit
1768596001.398932,14327,"(41.7462543, 111.8140126)",in_transit
1768596011.690529,14327,"(41.74741, 111.8139838)",in_transit
1768596022.050482,14327,"(41.7483468, 111.8139298)",in_transit
1768596032.380233,14327,"(41.7495255, 111.813816)",in_transit
1768596042.6937249,14327,"(41.750036, 111.8137646)",in_transit
1768596052.999347,14327,"(41.7500706, 111.8131953)",the_bull
1768596063.306525,14327,"(41.7500706, 111.8131953)",the_bull
1768596073.595655,14327,"(41.7500595, 111.8131643)",the_bull
1768596083.899122,14327,"(41.7500593, 111.8131631)",the_bull
1768596094.1890152,14327,"(41.7501015, 111.8126606)",in_transit
1768596104.48016,14327,"(41.7500941, 111.811424)",in_transit
1768596114.7855518,14327,"(41.7500776, 111.810432)",in_transit
1768596125.0754051,14327,"(41.7500543, 111.8090628)",in_transit
1768596135.375158,14327,"(41.7500251, 111.8074986)",in_transit
1768596145.6717398,14327,"(41.7500031, 111.8064243)",in_transit
1768596155.962998,14327,"(41.7499665, 111.8057736)",logan_cemetery
1768596166.263173,14327,"(41.7499671, 111.8056833)",logan_cemetery
1768596176.563055,14327,"(41.7499686, 111.805685)",logan_cemetery
1768596186.861791,14327,"(41.749979, 111.8055415)",in_transit
1768596197.167986,14327,"(41.7499828, 111.8049641)",in_transit
1768596207.455803,14327,"(41.7499558, 111.8047243)",in_transit
1768596217.752061,14327,"(41.7493215, 111.804517)",in_transit
1768596228.042315,14327,"(41.74927, 111.804272)",in_transit
1768596238.329186,14327,"(41.7493003, 111.8027876)",in_transit
1768596248.61554,14327,"(41.7492965, 111.8019776)",in_transit
1768596258.906888,14327,"(41.7494808, 111.801843)",in_transit
1768596269.231413,14327,"(41.7495981, 111.8021416)",lundstrum
1768596279.6216278,14327,"(41.7495881, 111.8021218)",lundstrum
1768596289.914609,14327,"(41.749584, 111.8021136)",lundstrum
1768596300.204992,14327,"(41.749591, 111.8020965)",lundstrum
1768596310.493672,14327,"(41.749554, 111.802214)",lundstrum
1768596320.782599,14327,"(41.7493771, 111.8024538)",in_transit
1768596331.067591,14327,"(41.749328, 111.803336)",in_transit
1768596341.356357,14327,"(41.7493466, 111.8040006)",in_transit
1768596351.636487,14327,"(41.7499178, 111.804347)",in_transit
1768596361.9805691,14327,"(41.7500918, 111.8045856)",in_transit
1768596372.280589,14327,"(41.7494871, 111.8045216)",in_transit
1768596382.621404,14327,"(41.7491413, 111.8044498)",in_transit
1768596392.924236,14327,"(41.7480586, 111.8044256)",in_transit
1768596403.685468,14327,"(41.7472596, 111.8044211)",in_transit
1768596413.981819,14327,"(41.7467565, 111.8044151)",in_transit
1768596424.270355,14327,"(41.7467565, 111.8044151)",in_transit
1768596434.559859,14327,"(41.7463833, 111.8044835)",in_transit
1768596444.955081,14327,"(41.7446241, 111.8043941)",in_transit
1768596455.243531,14327,"(41.7446241, 111.8043941)",in_transit
1768596465.5374231,14327,"(41.7433148, 111.8043728)",fine_arts_bldg
1768596475.827742,14327,"(41.7432891, 111.8043601)",in_transit
1768596486.127944,14327,"(41.7430526, 111.804323)",in_transit
1768596496.442749,14327,"(41.7424641, 111.8045251)",in_transit
1768596506.74189,14327,"(41.7418515, 111.8055556)",in_transit
1768596517.0254211,14327,"(41.741197, 111.806705)",in_transit
1768596527.427777,14327,"(41.741197, 111.806705)",in_transit
1768596537.710357,14327,"(41.740139, 111.8108213)",in_transit
1768596547.992898,14327,"(41.7400573, 111.8111388)",family_life_bldg
1768596558.261304,14327,"(41.7400343, 111.8112335)",family_life_bldg
1768596568.5592551,14327,"(41.7399031, 111.811487)",in_transit
1768596578.8445902,14327,"(41.7392228, 111.8131513)",in_transit
1768596589.135308,14327,"(41.738672, 111.8154415)",in_transit
1768596599.438358,14327,"(41.7388395, 111.8171738)",in_transit
1768596609.842195,14327,"(41.7388538, 111.81882)",in_transit
1768596620.1308968,14327,"(41.739043, 111.8193198)",in_transit
1768596630.407936,14327,"(41.7398351, 111.819261)",in_transit
1768596640.70601,14327,"(41.7404135, 111.8192213)",in_transit
1768596651.011732,14327,"(41.7406793, 111.8189036)",in_transit
1768596661.294143,14327,"(41.7406545, 111.8180145)",in_transit
1768596671.594219,14327,"(41.7406353, 111.8177393)",670_e_500_n
1768596682.1161332,14327,"(41.7406398, 111.817665)",670_e_500_n
1768596692.510116,14327,"(41.7406428, 111.8169135)",in_transit
1768596702.8386738,14327,"(41.7408341, 111.8167415)",in_transit
1768596713.14096,14327,"(41.7420946, 111.8166705)",in_transit
1768596723.4735029,14327,"(41.7428166, 111.8166483)",in_transit
1768596733.76492,14327,"(41.7438761, 111.8165171)",in_transit
1768596744.065737,14327,"(41.744413, 111.816029)",in_transit
1768596754.349132,14327,"(41.7444755, 111.8147138)",in_transit
1768596764.6365812,14327,"(41.7444571, 111.8144606)",in_transit
1768596774.98577,14327,"(41.7444718, 111.8143506)",in_transit
1768596785.271318,14327,"(41.7439815, 111.8141938)",in_transit
1768596795.566367,14327,"(41.7436078, 111.814301)",in_transit
1768596805.877829,14327,"(41.743492, 111.8140608)",in_transit
1768596816.176204,14327,"(41.7438166, 111.8140005)",taggart_student_center
1768596826.472138,14327,"(41.7438243, 111.8139863)",taggart_student_center
1768596836.750947,14327,"(41.7438318, 111.8139836)",taggart_student_center
1768596847.0450828,14327,"(41.7438296, 111.8139758)",taggart_student_center
1768596857.438464,14327,"(41.743846, 111.8140251)",taggart_student_center
1768596867.72995,14327,"(41.7440306, 111.8141208)",in_transit
1768596878.045923,14327,"(41.74459, 111.8140495)",in_transit
1768596888.335946,14327,"(41.7448608, 111.8140333)",in_transit
1768596898.604435,14327,"(41.7464965, 111.8139915)",in_transit
1768596908.873869,14327,"(41.7473876, 111.8139618)",in_transit
1768596919.158795,14327,"(41.7488111, 111.8138736)",in_transit
1768596929.453784,14327,"(41.749662, 111.8137771)",in_transit
1768596939.830094,14327,"(41.7500035, 111.8137508)",in_transit
1768596950.136822,14327,"(41.7501271, 111.8135331)",in_transit
1768596960.488194,14327,"(41.7501271, 111.8135331)",in_transit
1768596970.785954,14327,"(41.7500831, 111.8131348)",the_bull
1768596981.075493,14327,"(41.7501178, 111.812582)",in_transit
1768596991.371951,14327,"(41.7501196, 111.811582)",in_transit
1768597001.648738,14327,"(41.7500808, 111.8100406)",in_transit
1768597011.9635148,14327,"(41.7500641, 111.8089936)",in_transit
1768597022.2749922,14327,"(41.7500281, 111.8073288)",in_transit
1768597032.588151,14327,"(41.7499796, 111.8059731)",logan_cemetery
1768597043.7629938,14327,"(41.7499706, 111.8057308)",logan_cemetery
1768597054.065262,14327,"(41.7499656, 111.805695)",logan_cemetery
1768597064.37879,14327,"(41.749983, 111.80495)",in_transit
1768597074.737692,14327,"(41.749766, 111.8045206)",in_transit
1768597085.095957,14327,"(41.7493958, 111.8045505)",in_transit
1768597095.470699,14327,"(41.7492835, 111.8042863)",in_transit
1768597105.912222,14327,"(41.7493143, 111.8029898)",in_transit
1768597116.2075698,14327,"(41.7493525, 111.801862)",in_transit
1768597126.5067132,14327,"(41.7495378, 111.8018866)",in_transit
1768597136.7858188,14327,"(41.749616, 111.8020873)",lundstrum
1768597147.08207,14327,"(41.7496153, 111.8020821)",lundstrum
1768597157.396369,14327,"(41.7496113, 111.802071)",lundstrum
1768597167.690807,14327,"(41.7496096, 111.8020608)",lundstrum
1768597177.973269,14327,"(41.7496166, 111.8020598)",lundstrum
1768597188.3995898,14327,"(41.7496143, 111.8020585)",lundstrum
1768597198.680001,14327,"(41.7496095, 111.8020741)",lundstrum
1768597208.950913,14327,"(41.7493903, 111.8024541)",in_transit
1768597219.2362082,14327,"(41.7493406, 111.8029753)",in_transit
1768597229.541615,14327,"(41.7493568, 111.8040445)",in_transit
1768597239.857263,14327,"(41.7495208, 111.8042866)",in_transit
1768597250.153882,14327,"(41.7499505, 111.8043255)",in_transit
1768597260.453804,14327,"(41.7499106, 111.8046085)",in_transit
1768597270.747669,14327,"(41.749165, 111.8044415)",in_transit
1768597281.035851,14327,"(41.748207, 111.8044148)",in_transit
1768597291.334364,14327,"(41.7474816, 111.8043938)",in_transit
1768597301.611627,14327,"(41.74683, 111.8043613)",in_transit
1768597311.904555,14327,"(41.7462643, 111.8043958)",in_transit
1768597322.184375,14327,"(41.7452878, 111.8043421)",in_transit
1768597332.5106502,14327,"(41.7446288, 111.8043356)",in_transit
1768597342.801906,14327,"(41.7444565, 111.804348)",in_transit
1768597353.1582038,14327,"(41.7444553, 111.8043591)",in_transit
1768597363.4234428,14327,"(41.7440773, 111.8043561)",in_transit
1768597373.707385,14327,"(41.7433446, 111.8043483)",fine_arts_bldg
1768597383.99672,14327,"(41.7432811, 111.8043356)",in_transit
1768597394.2963772,14327,"(41.74313, 111.8043206)",in_transit
1768597404.5814762,14327,"(41.742924, 111.8043021)",in_transit
1768597414.869923,14327,"(41.742417, 111.8046085)",in_transit
1768597425.17071,14327,"(41.7414901, 111.8061575)",in_transit
1768597435.504048,14327,"(41.7408993, 111.8074576)",in_transit
1768597445.786276,14327,"(41.7403868, 111.8096915)",in_transit
1768597456.099933,14327,"(41.7400476, 111.8111648)",family_life_bldg
1768597466.3901482,14327,"(41.740018, 111.8112511)",family_life_bldg
1768597476.682647,14327,"(41.739893, 111.811485)",in_transit
1768597486.964344,14327,"(41.7395065, 111.8124136)",in_transit
1768597497.2553148,14327,"(41.7387958, 111.814231)",in_transit
1768597507.545221,14327,"(41.7386641, 111.8156406)",in_transit
1768597517.845897,14327,"(41.7388446, 111.8176186)",in_transit
1768597528.1255271,14327,"(41.7388761, 111.8190185)",in_transit
1768597538.398888,14327,"(41.7388768, 111.8190711)",in_transit
1768597548.683268,14327,"(41.7390176, 111.819289)",in_transit
1768597558.982303,14327,"(41.7396885, 111.819276)",in_transit
1768597569.284376,14327,"(41.7403326, 111.8192486)",in_transit
1768597579.585248,14327,"(41.7406743, 111.8189728)",in_transit
1768597589.873279,14327,"(41.7406676, 111.8181148)",in_transit
1768597600.167804,14327,"(41.7406406, 111.8178173)",670_e_500_n
1768597610.438077,14327,"(41.740634, 111.8176615)",670_e_500_n
1768597620.72812,14327,"(41.7406365, 111.8174088)",in_transit
1768597631.002752,14327,"(41.7406275, 111.8169173)",in_transit
1768597641.301097,14327,"(41.7411848, 111.8167398)",in_transit
1768597651.585155,14327,"(41.7421565, 111.8167058)",in_transit
1768597661.864722,14327,"(41.7428348, 111.816682)",in_transit
1768597672.175572,14327,"(41.743866, 111.8165566)",in_transit
1768597682.477521,14327,"(41.74446, 111.815877)",in_transit
1768597692.813587,14327,"(41.744487, 111.8151175)",in_transit
1768597703.126133,14327,"(41.7444573, 111.8144356)",in_transit
1768597713.484204,14327,"(41.7440045, 111.8142021)",in_transit
1768597723.779001,14327,"(41.7436258, 111.814283)",in_transit
1768597734.08874,14327,"(41.7434841, 111.814042)",in_transit
1768597744.3661492,14327,"(41.743514, 111.8140095)",in_transit
1768597754.678035,14327,"(41.7435143, 111.814017)",in_transit
1768597764.976437,14327,"(41.7435855, 111.8140068)",taggart_student_center
1768597775.273058,14327,"(41.7437685, 111.8141096)",taggart_student_center
1768597785.555274,14327,"(41.7441325, 111.8141313)",in_transit
1768597795.835925,14327,"(41.7445025, 111.814083)",in_transit
1768597806.123842,14327,"(41.745549, 111.8140643)",in_transit
1768597816.438835,14327,"(41.7468358, 111.8140146)",in_transit
1768597826.736274,14327,"(41.7477718, 111.8139776)",in_transit
1768597837.034668,14327,"(41.7491555, 111.8138678)",in_transit
1768597847.350799,14327,"(41.7498418, 111.8137753)",in_transit
1768597857.6429162,14327,"(41.7499956, 111.8137683)",in_transit
1768597867.94652,14327,"(41.7501075, 111.8135221)",in_transit
1768597878.219062,14327,"(41.7500753, 111.8131143)",the_bull
1768597888.511161,14327,"(41.7500725, 111.8131093)",the_bull
1768597898.804618,14327,"(41.7500691, 111.8131188)",the_bull
1768597909.095586,14327,"(41.7500988, 111.8128701)",in_transit
1768597919.400758,14327,"(41.7501043, 111.8115383)",in_transit
1768597929.791434,14327,"(41.750085, 111.8104715)",in_transit
1768597940.08724,14327,"(41.7500515, 111.8088895)",in_transit
1768597950.36852,14327,"(41.7500158, 111.8071925)",in_transit
1768597960.671027,14327,"(41.7499831, 111.8061728)",in_transit
1768597970.975324,14327,"(41.7499628, 111.8058391)",logan_cemetery
1768597981.267606,14327,"(41.7499585, 111.8056893)",logan_cemetery
1768597991.565779,14327,"(41.7499851, 111.8049246)",in_transit
1768598001.855118,14327,"(41.7497488, 111.8045113)",in_transit
1768598012.161626,14327,"(41.7492876, 111.8042928)",in_transit
1768598022.448094,14327,"(41.749308, 111.8033065)",in_transit
1768598032.806915,14327,"(41.749318, 111.802338)",in_transit
1768598043.090584,14327,"(41.7495065, 111.8018698)",in_transit
1768598053.42206,14327,"(41.7495065, 111.8018698)",in_transit
1768598063.719688,14327,"(41.7496193, 111.8021313)",lundstrum
1768598074.043998,14327,"(41.749627, 111.8021353)",lundstrum
1768598084.328306,14327,"(41.7494171, 111.8024491)",in_transit
1768598094.7808151,14327,"(41.749351, 111.8029366)",in_transit
1768598105.067004,14327,"(41.7493653, 111.8039601)",in_transit
1768598115.36823,14327,"(41.749438, 111.8042003)",in_transit
1768598125.692545,14327,"(41.7498573, 111.8043703)",in_transit
1768598135.981102,14327,"(41.7499121, 111.8046135)",in_transit
1768598146.290476,14327,"(41.7494953, 111.8044996)",in_transit
1768598156.5879118,14327,"(41.7484873, 111.804405)",in_transit
1768598166.874725,14327,"(41.7473673, 111.8044028)",in_transit
1768598177.279752,14327,"(41.7467468, 111.8044146)",in_transit
1768598187.576067,14327,"(41.7460885, 111.8043876)",in_transit
1768598197.873208,14327,"(41.7453588, 111.8043768)",in_transit
1768598208.159161,14327,"(41.7442978, 111.8043656)",in_transit
1768598218.44481,14327,"(41.7436431, 111.8043573)",in_transit
1768598228.725457,14327,"(41.7434233, 111.8043598)",fine_arts_bldg
1768598239.02366,14327,"(41.7432683, 111.8043626)",in_transit
1768598249.319967,14327,"(41.7430811, 111.8043478)",in_transit
1768598259.7132,14327,"(41.7428926, 111.8043203)",in_transit
1768598269.992379,14327,"(41.742515, 111.8044591)",in_transit
1768598280.284575,14327,"(41.7415005, 111.8061658)",in_transit
1768598290.599117,14327,"(41.7408976, 111.807497)",in_transit
1768598300.886063,14327,"(41.7403793, 111.8097943)",in_transit
1768598311.1584089,14327,"(41.740132, 111.8109078)",in_transit
1768598321.462253,14327,"(41.7400631, 111.8111766)",family_life_bldg
1768598331.740751,14327,"(41.7400455, 111.8112721)",family_life_bldg
1768598342.042685,14327,"(41.7400585, 111.811276)",family_life_bldg
1768598352.3205462,14327,"(41.7400671, 111.8112718)",family_life_bldg
1768598362.593372,14327,"(41.7399183, 111.8115208)",in_transit
1768598372.946178,14327,"(41.7393285, 111.8129603)",in_transit
1768598383.263502,14327,"(41.7388056, 111.8142978)",in_transit
1768598393.630422,14327,"(41.7387051, 111.8157726)",in_transit
1768598403.932986,14327,"(41.7388693, 111.8183063)",in_transit
1768598414.23789,14327,"(41.7388746, 111.818802)",in_transit
1768598424.552086,14327,"(41.738978, 111.8193356)",in_transit
1768598434.839634,14327,"(41.7394315, 111.8193005)",in_transit
1768598445.132004,14327,"(41.740365, 111.8192628)",in_transit
1768598455.426374,14327,"(41.7406555, 111.8189538)",in_transit
1768598465.738706,14327,"(41.7406313, 111.8179825)",in_transit
1768598476.030829,14327,"(41.7406201, 111.817736)",670_e_500_n
1768598486.3495722,14327,"(41.7406348, 111.8176946)",670_e_500_n
1768598496.6572318,14327,"(41.7406526, 111.8171468)",in_transit
1768598506.9832902,14327,"(41.7408381, 111.8167651)",in_transit
1768598517.278982,14327,"(41.7416281, 111.8167155)",in_transit
1768598527.581119,14327,"(41.7423596, 111.8166866)",in_transit
1768598537.8768268,14327,"(41.7433553, 111.8166458)",in_transit
1768598548.154186,14327,"(41.7440456, 111.8164398)",in_transit
1768598558.437388,14327,"(41.744464, 111.8157051)",in_transit
1768598568.729501,14327,"(41.7444488, 111.8143566)",in_transit
1768598579.0290382,14327,"(41.7442601, 111.8141986)",in_transit
1768598589.3435252,14327,"(41.7437213, 111.8142538)",in_transit
1768598599.639057,14327,"(41.7435071, 111.8140593)",in_transit
1768598609.929492,14327,"(41.7437938, 111.8140355)",taggart_student_center
1768598620.217376,14327,"(41.7437938, 111.8140355)",taggart_student_center
1768598630.51036,14327,"(41.7438098, 111.8140033)",taggart_student_center
1768598640.807869,14327,"(41.7438098, 111.8140033)",taggart_student_center
1768598651.101414,14327,"(41.7438183, 111.8140265)",taggart_student_center
1768598661.396085,14327,"(41.7438153, 111.8140235)",taggart_student_center
1768598671.803136,14327,"(41.7438073, 111.814027)",taggart_student_center
1768598682.082983,14327,"(41.7438275, 111.8140681)",taggart_student_center
1768598692.365139,14327,"(41.744199, 111.8141081)",in_transit
1768598702.6375418,14327,"(41.7443846, 111.8140776)",in_transit
1768598712.997072,14327,"(41.7443846, 111.8140776)",in_transit
1768598723.2770529,14327,"(41.7468858, 111.8140121)",in_transit
1768598733.656807,14327,"(41.747724, 111.8139785)",in_transit
1768598743.934488,14327,"(41.7490423, 111.8138875)",in_transit
1768598754.400576,14327,"(41.7497681, 111.813795)",in_transit
1768598764.678575,14327,"(41.7500833, 111.813542)",in_transit
1768598774.980522,14327,"(41.7500833, 111.813542)",in_transit
1768598785.6752949,14327,"(41.7500786, 111.8131486)",the_bull
1768598796.034726,14327,"(41.7500973, 111.8131605)",the_bull
1768598806.35758,14327,"(41.7501355, 111.8125828)",in_transit
1768598816.67822,14327,"(41.7501288, 111.8116376)",in_transit
1768598826.976063,14327,"(41.7501038, 111.8100161)",in_transit
1768598837.283464,14327,"(41.7500845, 111.8084458)",in_transit
1768598847.616328,14327,"(41.7500658, 111.8072915)",in_transit
1768598857.907642,14327,"(41.7500053, 111.8059258)",logan_cemetery
1768598868.2052522,14327,"(41.7499936, 111.8056923)",logan_cemetery
1768598878.54622,14327,"(41.7499865, 111.8056671)",in_transit
1768598888.828079,14327,"(41.7500153, 111.8051751)",in_transit
1768598899.128426,14327,"(41.7497353, 111.8045108)",in_transit
1768598909.487191,14327,"(41.7495195, 111.804529)",in_transit
1768598919.968734,14327,"(41.7493098, 111.8037701)",in_transit
1768598930.2535691,14327,"(41.7493343, 111.8024545)",in_transit
1768598940.523751,14327,"(41.7493401, 111.8020756)",in_transit
1768598950.888099,14327,"(41.7494416, 111.801843)",in_transit
1768598961.2013178,14327,"(41.749624, 111.8021405)",lundstrum
1768598971.485983,14327,"(41.749628, 111.8021293)",lundstrum
1768598981.848491,14327,"(41.7496008, 111.802241)",lundstrum
1768598992.121687,14327,"(41.7494191, 111.8024328)",in_transit
1768599002.5035598,14327,"(41.7493555, 111.8030185)",in_transit
1768599012.963861,14327,"(41.7493751, 111.8040598)",in_transit
1768599023.328091,14327,"(41.7497416, 111.8043745)",in_transit
1768599033.723158,14327,"(41.7499561, 111.8043305)",in_transit
1768599044.01841,14327,"(41.7497226, 111.8044923)",in_transit
1768599054.341486,14327,"(41.7491478, 111.804434)",in_transit
1768599064.66532,14327,"(41.7481048, 111.8044015)",in_transit
1768599074.983754,14327,"(41.7472953, 111.8043846)",in_transit
1768599085.440075,14327,"(41.7466865, 111.804428)",in_transit
1768599095.763765,14327,"(41.7460135, 111.8043698)",in_transit
1768599106.08812,14327,"(41.7448643, 111.8043531)",in_transit
1768599116.374121,14327,"(41.7441408, 111.8043408)",in_transit
1768599126.6571982,14327,"(41.7433531, 111.8043478)",fine_arts_bldg
1768599137.025513,14327,"(41.7432836, 111.8043385)",in_transit
1768599147.505167,14327,"(41.7432841, 111.804337)",in_transit
1768599157.821271,14327,"(41.7431531, 111.8043278)",in_transit
1768599168.13613,14327,"(41.742776, 111.8042641)",in_transit
1768599178.458863,14327,"(41.7424276, 111.8046011)",in_transit
1768599188.747656,14327,"(41.7413716, 111.8063995)",in_transit
1768599199.015797,14327,"(41.7408216, 111.8078225)",in_transit
1768599209.3901708,14327,"(41.7403311, 111.8100391)",in_transit
1768599219.670607,14327,"(41.740129, 111.8109593)",family_life_bldg
1768599229.950559,14327,"(41.7400346, 111.811258)",family_life_bldg
1768599240.31455,14327,"(41.7400346, 111.811258)",family_life_bldg
1768599250.775239,14327,"(41.7398936, 111.8115045)",in_transit
1768599261.083893,14327,"(41.7392958, 111.81296)",in_transit
1768599271.3750012,14327,"(41.7387836, 111.8142835)",in_transit
1768599281.73237,14327,"(41.7386748, 111.8157511)",in_transit
1768599292.0252092,14327,"(41.7388346, 111.8181245)",in_transit
1768599302.313486,14327,"(41.7388483, 111.8187915)",in_transit
1768599312.655396,14327,"(41.738842, 111.8188775)",in_transit
1768599322.9494731,14327,"(41.7388405, 111.818951)",in_transit
1768599333.3260238,14327,"(41.7390385, 111.8193371)",in_transit
1768599343.7153049,14327,"(41.7400951, 111.8192868)",in_transit
1768599354.091038,14327,"(41.7405256, 111.8192118)",in_transit
1768599364.934083,14327,"(41.7406763, 111.8186578)",in_transit
1768599375.235108,14327,"(41.7406225, 111.817713)",670_e_500_n
1768599385.606931,14327,"(41.7406185, 111.8176638)",670_e_500_n
1768599395.943659,14327,"(41.740623, 111.817541)",670_e_500_n
1768599406.313918,14327,"(41.7406223, 111.8170116)",in_transit
1768599416.611317,14327,"(41.7412918, 111.8166985)",in_transit
1768599426.955324,14327,"(41.7419523, 111.8166836)",in_transit
1768599437.2477,14327,"(41.7428601, 111.8166653)",in_transit
1768599447.552502,14327,"(41.7438646, 111.816542)",in_transit
1768599457.912956,14327,"(41.7443858, 111.8160661)",in_transit
1768599468.198216,14327,"(41.7444813, 111.8150863)",in_transit
1768599478.496019,14327,"(41.7444538, 111.814447)",in_transit
1768599488.8314629,14327,"(41.7439928, 111.8142166)",in_transit
1768599499.312014,14327,"(41.7437868, 111.8142233)",in_transit
1768599509.605075,14327,"(41.7435015, 111.8140621)",in_transit
1768599519.885968,14327,"(41.7436286, 111.8140095)",taggart_student_center
1768599530.243852,14327,"(41.7436353, 111.8140191)",taggart_student_center
1768599540.537254,14327,"(41.7436361, 111.8140216)",taggart_student_center
1768599550.8424902,14327,"(41.7436283, 111.8140186)",taggart_student_center
1768599561.1734478,14327,"(41.7436213, 111.8140188)",taggart_student_center
1768599571.463895,14327,"(41.7436148, 111.8140186)",taggart_student_center
1768599581.86526,14327,"(41.7437836, 111.814109)",taggart_student_center
1768599592.178557,14327,"(41.7441455, 111.8141285)",in_transit
1768599602.540044,14327,"(41.7443193, 111.8141053)",in_transit
1768599612.892193,14327,"(41.7443278, 111.8140868)",in_transit
1768599623.2139058,14327,"(41.7443343, 111.8140831)",in_transit
1768599633.5473862,14327,"(41.7447791, 111.814047)",in_transit
1768599643.891333,14327,"(41.7457588, 111.8140288)",in_transit
1768599654.177888,14327,"(41.7469388, 111.8139968)",in_transit
1768599664.6707242,14327,"(41.7477681, 111.8139673)",in_transit
1768599675.036324,14327,"(41.7490945, 111.8138611)",in_transit
1768599685.767379,14327,"(41.7497478, 111.8137675)",in_transit
1768599696.063956,14327,"(41.7500386, 111.813758)",in_transit
1768599706.409895,14327,"(41.750104, 111.8135128)",in_transit
1768599716.699712,14327,"(41.750062, 111.8131743)",the_bull
1768599726.995668,14327,"(41.7500593, 111.8131103)",the_bull
1768599737.3541272,14327,"(41.7500566, 111.8131141)",the_bull
1768599747.84199,14327,"(41.7501071, 111.8125186)",in_transit
1768599758.23635,14327,"(41.7501125, 111.8115838)",in_transit
1768599768.6028318,14327,"(41.7500691, 111.81002)",in_transit
1768599778.899199,14327,"(41.7500545, 111.8092836)",in_transit
1768599789.253016,14327,"(41.7500183, 111.8077645)",in_transit
1768599799.550383,14327,"(41.7499778, 111.8063071)",in_transit
1768599809.832503,14327,"(41.7499446, 111.8057436)",logan_cemetery
1768599820.198477,14327,"(41.7499386, 111.8056875)",logan_cemetery
1768599830.6655638,14327,"(41.7499361, 111.8056025)",in_transit
1768599840.955623,14327,"(41.7499538, 111.8048108)",in_transit
1768599851.248179,14327,"(41.7495778, 111.8045116)",in_transit
1768599861.60018,14327,"(41.7492813, 111.8043055)",in_transit
1768599871.894241,14327,"(41.7492956, 111.8034283)",in_transit
1768599882.19331,14327,"(41.7493121, 111.8025058)",in_transit
1768599892.539916,14327,"(41.7493601, 111.8018783)",in_transit
1768599902.8242052,14327,"(41.7493601, 111.8018783)",in_transit
1768599913.312615,14327,"(41.749613, 111.8021046)",lundstrum
1768599923.598881,14327,"(41.7496126, 111.8021021)",lundstrum
1768599934.017962,14327,"(41.749616, 111.8021083)",lundstrum
1768599944.362038,14327,"(41.7495368, 111.8023168)",in_transit
1768599954.729441,14327,"(41.7493521, 111.8031225)",in_transit
1768599965.0177448,14327,"(41.7493656, 111.8039078)",in_transit
1768599975.391372,14327,"(41.7498183, 111.8043691)",in_transit
1768599985.7806458,14327,"(41.7500983, 111.8045625)",in_transit
1768599996.141132,14327,"(41.7497313, 111.8045208)",in_transit
1768600006.434457,14327,"(41.748862, 111.804436)",in_transit
1768600016.804501,14327,"(41.7480916, 111.8044235)",in_transit
1768600027.087581,14327,"(41.7469883, 111.8044018)",in_transit
1768600037.37479,14327,"(41.7465831, 111.8045345)",in_transit
1768600047.658966,14327,"(41.7457331, 111.804376)",in_transit
1768600057.925409,14327,"(41.7451055, 111.804368)",in_transit
1768600068.229265,14327,"(41.7444656, 111.804358)",in_transit
1768600078.583292,14327,"(41.7439335, 111.8043543)",in_transit
1768600088.858544,14327,"(41.7434451, 111.8043555)",fine_arts_bldg
1768600099.146873,14327,"(41.743308, 111.8043573)",fine_arts_bldg
1768600109.4166331,14327,"(41.7430905, 111.8043331)",in_transit
1768600119.6998248,14327,"(41.7429043, 111.8043121)",in_transit
1768600129.978966,14327,"(41.742532, 111.8044633)",in_transit
1768600140.267157,14327,"(41.741883, 111.8055571)",in_transit
1768600150.548762,14327,"(41.741269, 111.8066155)",in_transit
1768600160.935568,14327,"(41.7406543, 111.808636)",in_transit
1768600171.259238,14327,"(41.7402138, 111.810545)",in_transit
1768600181.538389,14327,"(41.740061, 111.8111981)",family_life_bldg
1768600191.825941,14327,"(41.7400355, 111.81129)",family_life_bldg
1768600202.122936,14327,"(41.7400371, 111.8113028)",family_life_bldg
1768600212.407402,14327,"(41.739744, 111.8118946)",in_transit
1768600222.694541,14327,"(41.739017, 111.8136768)",in_transit
1768600233.056185,14327,"(41.7386523, 111.8150491)",in_transit
1768600243.399269,14327,"(41.7388263, 111.8169933)",in_transit
1768600253.704858,14327,"(41.7388448, 111.8184968)",in_transit
1768600263.996632,14327,"(41.7388508, 111.8188898)",in_transit
1768600274.33244,14327,"(41.7388473, 111.8190665)",in_transit
1768600284.627102,14327,"(41.738845, 111.8190736)",in_transit
1768600294.952268,14327,"(41.738847, 111.8190781)",in_transit
1768600305.233333,14327,"(41.7390286, 111.8193295)",in_transit
1768600315.547044,14327,"(41.7398046, 111.8193048)",in_transit
1768600325.997828,14327,"(41.740565, 111.8191876)",in_transit
1768600336.2928388,14327,"(41.7406555, 111.8186758)",in_transit
1768600346.586665,14327,"(41.7406058, 111.8177253)",670_e_500_n
1768600356.882347,14327,"(41.7405853, 111.8176601)",670_e_500_n
1768600367.152151,14327,"(41.7405645, 111.8176411)",670_e_500_n
1768600377.433485,14327,"(41.7405865, 111.817131)",in_transit
1768600387.713718,14327,"(41.7407876, 111.8167153)",in_transit
1768600397.993703,14327,"(41.7417108, 111.8167035)",in_transit
1768600408.302164,14327,"(41.7429291, 111.8166733)",in_transit
1768600418.601408,14327,"(41.7437046, 111.8166086)",in_transit
1768600428.896011,14327,"(41.7444556, 111.8157748)",in_transit
1768600439.1789272,14327,"(41.7444531, 111.814931)",in_transit
1768600449.470401,14327,"(41.7444211, 111.814297)",in_transit
1768600459.782263,14327,"(41.7437485, 111.8142381)",in_transit
1768600470.079393,14327,"(41.7437485, 111.8142381)",in_transit
1768600480.379607,14327,"(41.7435056, 111.8140693)",in_transit
1768600490.751912,14327,"(41.7436158, 111.8140035)",taggart_student_center
1768600501.036018,14327,"(41.7436075, 111.8140001)",taggart_student_center
1768600511.319958,14327,"(41.7436026, 111.8139876)",taggart_student_center
1768600521.59347,14327,"(41.7436016, 111.8139791)",taggart_student_center
1768600531.8879302,14327,"(41.743609, 111.813992)",taggart_student_center
1768600542.1850932,14327,"(41.7436113, 111.8140048)",taggart_student_center
1768600552.484054,14327,"(41.7436091, 111.8140136)",taggart_student_center
1768600562.7779672,14327,"(41.7436033, 111.81402)",taggart_student_center
1768600573.208468,14327,"(41.7435943, 111.8140203)",taggart_student_center
1768600583.494076,14327,"(41.7435958, 111.8140238)",taggart_student_center
1768600593.81246,14327,"(41.7435956, 111.814019)",taggart_student_center
1768600604.110626,14327,"(41.7435921, 111.8140046)",taggart_student_center
1768600614.485698,14327,"(41.7435888, 111.8139826)",taggart_student_center
1768600624.797371,14327,"(41.7435925, 111.813988)",taggart_student_center
1768600635.121461,14327,"(41.7435921, 111.8139861)",taggart_student_center
1768600645.431962,14327,"(41.7435913, 111.813978)",taggart_student_center
1768600655.806481,14327,"(41.7435875, 111.8139675)",taggart_student_center
1768600666.112027,14327,"(41.743591, 111.8139798)",taggart_student_center
1768600676.3867378,14327,"(41.743591, 111.8139798)",taggart_student_center
1768600686.686268,14327,"(41.7438173, 111.8140933)",taggart_student_center
1768600696.984055,14327,"(41.744005, 111.81413)",in_transit
1768600707.269011,14327,"(41.7441853, 111.8140906)",in_transit
1768600717.569542,14327,"(41.7443768, 111.8140858)",in_transit
1768600727.856343,14327,"(41.7443768, 111.8140858)",in_transit
1768600738.2846122,14327,"(41.745888, 111.8140683)",in_transit
1768600748.581718,14327,"(41.7469465, 111.8140286)",in_transit
1768600758.873783,14327,"(41.7478355, 111.8139796)",in_transit
1768600769.161302,14327,"(41.7482665, 111.8139541)",in_transit
1768600779.460413,14327,"(41.7496821, 111.8137961)",in_transit
1768600789.754221,14327,"(41.7498666, 111.8137803)",in_transit
1768600800.050258,14327,"(41.7500991, 111.8135406)",in_transit
1768600810.369029,14327,"(41.7500531, 111.8132221)",the_bull
1768600820.672545,14327,"(41.7500363, 111.8131278)",the_bull
1768600830.971377,14327,"(41.7500211, 111.813121)",the_bull
1768600841.274875,14327,"(41.7500183, 111.8131161)",the_bull
1768600851.564212,14327,"(41.7500265, 111.8131231)",the_bull
1768600861.857087,14327,"(41.7500586, 111.8127961)",in_transit
1768600872.144472,14327,"(41.750065, 111.811446)",in_transit
1768600882.42737,14327,"(41.7500483, 111.810339)",in_transit
1768600892.71386,14327,"(41.7500003, 111.8085465)",in_transit
1768600903.100626,14327,"(41.7499646, 111.8068375)",in_transit
1768600913.489998,14327,"(41.749924, 111.8059343)",logan_cemetery
1768600923.7945678,14327,"(41.7499145, 111.8056943)",logan_cemetery
1768600934.1253068,14327,"(41.749909, 111.8056716)",in_transit
1768600944.424072,14327,"(41.7499236, 111.8054768)",in_transit
1768600954.763555,14327,"(41.7499273, 111.8048783)",in_transit
1768600965.064797,14327,"(41.7496811, 111.8045006)",in_transit
1768600975.390235,14327,"(41.7492675, 111.8043083)",in_transit
1768600985.798455,14327,"(41.7492746, 111.8032976)",in_transit
1768600996.118019,14327,"(41.749282, 111.8024256)",in_transit
1768601006.4314308,14327,"(41.7493255, 111.8018536)",in_transit
1768601016.728158,14327,"(41.7493255, 111.8018536)",in_transit
1768601027.0244632,14327,"(41.749591, 111.8021046)",lundstrum
1768601037.308914,14327,"(41.7495803, 111.8021043)",lundstrum
1768601047.5961752,14327,"(41.7495691, 111.8021023)",lundstrum
1768601057.88011,14327,"(41.7495493, 111.8021053)",lundstrum
1768601068.289676,14327,"(41.7495333, 111.8021081)",lundstrum
1768601078.586245,14327,"(41.7495201, 111.802293)",in_transit
1768601088.88672,14327,"(41.7493465, 111.8027913)",in_transit
1768601099.1869729,14327,"(41.749347, 111.8034776)",in_transit
1768601109.459168,14327,"(41.7495195, 111.8042923)",in_transit
1768601119.748859,14327,"(41.749968, 111.8043308)",in_transit
1768601130.19455,14327,"(41.7499186, 111.8046505)",in_transit
1768601140.481471,14327,"(41.749403, 111.8045623)",in_transit
1768601150.8856168,14327,"(41.7489028, 111.8044405)",in_transit
1768601161.17717,14327,"(41.747783, 111.8044205)",in_transit
1768601171.472439,14327,"(41.747071, 111.8044061)",in_transit
1768601181.7638,14327,"(41.7466583, 111.8045045)",in_transit
1768601192.0584068,14327,"(41.7457125, 111.804393)",in_transit
1768601202.349548,14327,"(41.7453478, 111.804383)",in_transit
1768601212.66091,14327,"(41.7453478, 111.804383)",in_transit
1768601222.9612212,14327,"(41.7434838, 111.8043746)",fine_arts_bldg
1768601233.440156,14327,"(41.7432991, 111.8043736)",in_transit
1768601243.733014,14327,"(41.743271, 111.8043726)",in_transit
1768601254.0668008,14327,"(41.7430615, 111.8043625)",in_transit
1768601264.3572638,14327,"(41.7428811, 111.8043276)",in_transit
1768601274.7055411,14327,"(41.7428156, 111.8042991)",in_transit
1768601284.9946702,14327,"(41.7425081, 111.804482)",in_transit
1768601295.341578,14327,"(41.7420173, 111.8053331)",in_transit
1768601305.63641,14327,"(41.7410523, 111.807108)",in_transit
1768601316.02306,14327,"(41.740815, 111.807873)",in_transit
1768601326.3217978,14327,"(41.7402845, 111.8102488)",in_transit
1768601336.607789,14327,"(41.7400486, 111.8111976)",family_life_bldg
1768601346.88912,14327,"(41.7400338, 111.8112283)",family_life_bldg
1768601357.183267,14327,"(41.7400346, 111.8112186)",family_life_bldg
1768601367.474057,14327,"(41.740032, 111.811226)",family_life_bldg
1768601377.751938,14327,"(41.7399971, 111.8112921)",family_life_bldg
1768601388.0407228,14327,"(41.739717, 111.8119561)",in_transit
1768601398.346957,14327,"(41.7390646, 111.8135791)",in_transit
1768601408.647158,14327,"(41.7386715, 111.8154915)",in_transit
1768601418.919015,14327,"(41.7388475, 111.8169388)",in_transit
1768601429.206614,14327,"(41.738872, 111.8186586)",in_transit
1768601439.48993,14327,"(41.7389136, 111.8193055)",in_transit
1768601449.792922,14327,"(41.7392755, 111.81931)",in_transit
1768601460.0939798,14327,"(41.740122, 111.8192871)",in_transit
1768601470.369547,14327,"(41.7405291, 111.8192293)",in_transit
1768601480.688221,14327,"(41.7406573, 111.8184016)",in_transit
1768601490.971688,14327,"(41.7406225, 111.8178113)",670_e_500_n
1768601501.265577,14327,"(41.7406215, 111.8176833)",670_e_500_n
1768601511.541537,14327,"(41.740627, 111.8176993)",670_e_500_n
1768601521.8295,14327,"(41.7406098, 111.8172081)",in_transit
1768601532.123148,14327,"(41.7405953, 111.8169586)",in_transit
1768601542.425162,14327,"(41.7414175, 111.8167495)",in_transit
1768601552.7382882,14327,"(41.7421653, 111.816714)",in_transit
1768601563.1310642,14327,"(41.7433206, 111.8166616)",in_transit
1768601573.496635,14327,"(41.7440778, 111.8164206)",in_transit
1768601583.7818098,14327,"(41.7444625, 111.8155063)",in_transit
1768601594.105692,14327,"(41.744424, 111.814416)",in_transit
1768601604.404921,14327,"(41.744414, 111.8143828)",in_transit
1768601614.751797,14327,"(41.744418, 111.8143686)",in_transit
1768601625.047192,14327,"(41.7444096, 111.8142811)",in_transit
1768601635.355072,14327,"(41.744222, 111.8142268)",in_transit
1768601645.857279,14327,"(41.743655, 111.8143023)",in_transit
1768601656.159856,14327,"(41.7434701, 111.8142703)",in_transit
1768601666.440102,14327,"(41.7435151, 111.8140301)",in_transit
1768601676.732951,14327,"(41.7437063, 111.8139801)",taggart_student_center
1768601687.0222878,14327,"(41.7437176, 111.8139745)",taggart_student_center
1768601697.320272,14327,"(41.7437206, 111.8139593)",taggart_student_center
1768601707.6264372,14327,"(41.7437266, 111.8139536)",taggart_student_center
1768601717.9101388,14327,"(41.7437265, 111.8139535)",taggart_student_center
1768601728.2612832,14327,"(41.7437131, 111.813961)",taggart_student_center
1768601738.545045,14327,"(41.7437018, 111.813957)",taggart_student_center
1768601748.8679209,14327,"(41.7439928, 111.814135)",in_transit
1768601759.1601229,14327,"(41.7441825, 111.8140901)",in_transit
1768601769.4744189,14327,"(41.7443311, 111.8140903)",in_transit
1768601779.777556,14327,"(41.7443518, 111.814082)",in_transit
1768601790.080739,14327,"(41.7449791, 111.8140825)",in_transit
1768601800.359339,14327,"(41.7449791, 111.8140825)",in_transit
1768601810.712854,14327,"(41.7467218, 111.8140573)",in_transit
1768601821.01284,14327,"(41.7475003, 111.8140326)",in_transit
1768601831.301458,14327,"(41.748649, 111.813955)",in_transit
1768601841.589937,14327,"(41.749417, 111.813858)",in_transit
1768601851.9009762,14327,"(41.7499581, 111.8137923)",in_transit
1768601862.206952,14327,"(41.7500581, 111.8132513)",the_bull
1768601872.504632,14327,"(41.750043, 111.8131461)",the_bull
1768601882.8233862,14327,"(41.7500348, 111.8131496)",the_bull
1768601893.1405509,14327,"(41.7500238, 111.8131525)",the_bull
1768601903.445405,14327,"(41.7500471, 111.8129773)",in_transit
1768601913.760684,14327,"(41.7500808, 111.8118295)",in_transit
1768601924.061067,14327,"(41.750051, 111.8101765)",in_transit
1768601934.404174,14327,"(41.7500258, 111.8090003)",in_transit
1768601944.687039,14327,"(41.7499926, 111.8073018)",in_transit
1768601955.043307,14327,"(41.7499625, 111.8063335)",in_transit
1768601965.3509388,14327,"(41.7499466, 111.8057668)",logan_cemetery
1768601975.756086,14327,"(41.7499363, 111.8056793)",in_transit
1768601986.054414,14327,"(41.7499333, 111.8056793)",in_transit
1768601996.393798,14327,"(41.7499543, 111.8051886)",in_transit
1768602006.682413,14327,"(41.7499553, 111.8049488)",in_transit
1768602017.011327,14327,"(41.7499541, 111.8047668)",in_transit
1768602027.304405,14327,"(41.7494213, 111.8045741)",in_transit
1768602037.6173198,14327,"(41.7492701, 111.8043275)",in_transit
1768602047.924193,14327,"(41.7493015, 111.8034948)",in_transit
1768602058.309058,14327,"(41.7493115, 111.8026961)",in_transit
1768602068.591106,14327,"(41.7493145, 111.8020426)",in_transit
1768602078.874797,14327,"(41.7493145, 111.8020426)",in_transit
1768602089.166686,14327,"(41.749619, 111.8020586)",lundstrum
1768602099.464173,14327,"(41.749619, 111.8020586)",lundstrum
1768602109.7627609,14327,"(41.749609, 111.8021885)",lundstrum
1768602120.08,14327,"(41.749609, 111.8021885)",lundstrum
1768602130.371089,14327,"(41.749362, 111.8029215)",in_transit
1768602140.73924,14327,"(41.7493743, 111.8039538)",in_transit
1768602151.0390232,14327,"(41.749636, 111.8043546)",in_transit
1768602161.333685,14327,"(41.7498748, 111.8043593)",in_transit
1768602171.63648,14327,"(41.7499201, 111.8046383)",in_transit
1768602181.942817,14327,"(41.749563, 111.8044933)",in_transit
1768602192.242843,14327,"(41.7488606, 111.8044295)",in_transit
1768602202.5597088,14327,"(41.7476173, 111.8044175)",in_transit
1768602212.85446,14327,"(41.7467031, 111.804403)",in_transit
1768602223.209723,14327,"(41.7466348, 111.8044295)",in_transit
1768602233.535552,14327,"(41.7462648, 111.8044336)",in_transit
1768602243.8371918,14327,"(41.7455843, 111.80439)",in_transit
1768602254.1536078,14327,"(41.7444408, 111.8043711)",in_transit
1768602264.4461849,14327,"(41.7444408, 111.8043711)",in_transit
1768602274.732233,14327,"(41.7444073, 111.8043628)",in_transit
1768602285.045302,14327,"(41.743704, 111.804364)",in_transit
1768602295.330827,14327,"(41.7432951, 111.8043801)",in_transit
1768602305.6523788,14327,"(41.7432136, 111.80438)",in_transit
1768602316.010195,14327,"(41.7432281, 111.8043823)",in_transit
1768602326.301823,14327,"(41.7432353, 111.8043771)",in_transit
1768602336.580585,14327,"(41.7430478, 111.8043656)",in_transit
1768602346.8718889,14327,"(41.742808, 111.8043243)",in_transit
1768602357.1719658,14327,"(41.742808, 111.8043243)",in_transit
1768602367.474567,14327,"(41.7426011, 111.8043246)",in_transit
1768602377.76607,14327,"(41.7422938, 111.80484)",in_transit
1768602388.1388311,14327,"(41.74153, 111.806145)",in_transit
1768602398.425318,14327,"(41.7409665, 111.8073236)",in_transit
1768602408.717283,14327,"(41.7404623, 111.8095173)",in_transit
1768602419.018337,14327,"(41.740195, 111.8106915)",in_transit
1768602429.358368,14327,"(41.740057, 111.8112616)",family_life_bldg
1768602439.647536,14327,"(41.7400633, 111.8112646)",family_life_bldg
1768602449.928886,14327,"(41.7400685, 111.8112666)",family_life_bldg
1768602460.205665,14327,"(41.7400701, 111.8112641)",family_life_bldg
1768602470.604396,14327,"(41.7400311, 111.8113453)",in_transit
1768602480.901034,14327,"(41.7399048, 111.8115491)",in_transit
1768602491.199134,14327,"(41.7393013, 111.8130683)",in_transit
1768602501.493282,14327,"(41.7388751, 111.8141653)",in_transit
1768602511.797826,14327,"(41.7387668, 111.8161373)",in_transit
1768602522.095978,14327,"(41.7388616, 111.8169571)",in_transit
1768602532.405581,14327,"(41.7388616, 111.8169571)",in_transit
1768602542.689909,14327,"(41.7393008, 111.8193158)",in_transit
1768602553.01667,14327,"(41.7398966, 111.8193035)",in_transit
1768602563.332812,14327,"(41.7406043, 111.8191376)",in_transit
1768602573.6318789,14327,"(41.7406663, 111.8183295)",in_transit
1768602583.922223,14327,"(41.7406363, 111.817758)",670_e_500_n
1768602594.259692,14327,"(41.7406331, 111.8176956)",670_e_500_n
1768602604.5724218,14327,"(41.740619, 111.8177138)",670_e_500_n
1768602614.921952,14327,"(41.7405948, 111.8177173)",670_e_500_n
1768602625.2266932,14327,"(41.740614, 111.8176226)",670_e_500_n
1768602635.657671,14327,"(41.7406598, 111.8168768)",in_transit
1768602645.953416,14327,"(41.7411368, 111.8167625)",in_transit
1768602656.27035,14327,"(41.7418315, 111.8167355)",in_transit
1768602666.565844,14327,"(41.743015, 111.8166925)",in_transit
1768602676.8957078,14327,"(41.7437216, 111.8166186)",in_transit
1768602687.2030258,14327,"(41.7444745, 111.8155625)",in_transit
1768602697.545003,14327,"(41.7444838, 111.8149435)",in_transit
1768602707.830578,14327,"(41.7444581, 111.814581)",in_transit
1768602718.160893,14327,"(41.7440075, 111.8142208)",in_transit
1768602728.463918,14327,"(41.7436233, 111.8143145)",in_transit
1768602738.757636,14327,"(41.7434738, 111.814096)",in_transit
1768602749.0549388,14327,"(41.7437725, 111.8140088)",taggart_student_center
1768602759.3562,14327,"(41.7437893, 111.8139973)",taggart_student_center
1768602769.641296,14327,"(41.7437996, 111.8139918)",taggart_student_center
1768602779.940607,14327,"(41.7438063, 111.8139873)",taggart_student_center
1768602790.2277849,14327,"(41.7438125, 111.8139938)",taggart_student_center
1768602800.601553,14327,"(41.7438121, 111.8140063)",taggart_student_center
1768602810.886543,14327,"(41.7438185, 111.8140133)",taggart_student_center
1768602821.173795,14327,"(41.743902, 111.8141391)",in_transit
1768602831.469619,14327,"(41.7442731, 111.8140955)",in_transit
1768602841.765492,14327,"(41.7443565, 111.814107)",in_transit
1768602852.049519,14327,"(41.7443665, 111.8141143)",in_transit
1768602862.328959,14327,"(41.7443706, 111.8141196)",in_transit
1768602872.620519,14327,"(41.7445616, 111.8141065)",in_transit
1768602882.933148,14327,"(41.7454628, 111.8140868)",in_transit
1768602893.232762,14327,"(41.7454628, 111.8140868)",in_transit
1768602903.5137742,14327,"(41.746974, 111.8140266)",in_transit
1768602913.802561,14327,"(41.7492143, 111.8138951)",in_transit
1768602924.084909,14327,"(41.7498196, 111.8137971)",in_transit
1768602934.414817,14327,"(41.7499966, 111.8137938)",in_transit
1768602944.7002418,14327,"(41.749992, 111.8137953)",in_transit
1768602955.0645068,14327,"(41.7499893, 111.8137945)",in_transit
1768602965.463211,14327,"(41.7499841, 111.8137906)",in_transit
1768602975.8371542,14327,"(41.7501111, 111.813649)",in_transit
1768602986.1304908,14327,"(41.7500626, 111.8132055)",the_bull
1768602996.471673,14327,"(41.7500685, 111.8131576)",the_bull
1768603006.776435,14327,"(41.7500773, 111.8131766)",the_bull
1768603017.115961,14327,"(41.7501091, 111.8129335)",in_transit
1768603027.410805,14327,"(41.7501136, 111.8116938)",in_transit
1768603037.705643,14327,"(41.7500991, 111.810624)",in_transit
1768603048.1229792,14327,"(41.750067, 111.8088851)",in_transit
1768603058.400943,14327,"(41.7500556, 111.8076778)",in_transit
1768603068.687755,14327,"(41.7500025, 111.8061966)",in_transit
1768603078.9908009,14327,"(41.7499836, 111.8059271)",logan_cemetery
1768603089.290714,14327,"(41.7499743, 111.8057305)",logan_cemetery
1768603099.58285,14327,"(41.7499741, 111.8057321)",logan_cemetery
1768603109.866113,14327,"(41.7499883, 111.8054553)",in_transit
1768603120.163306,14327,"(41.7499, 111.8046165)",in_transit
1768603130.5675142,14327,"(41.7494178, 111.804569)",in_transit
1768603140.847735,14327,"(41.7492806, 111.8043206)",in_transit
1768603151.145814,14327,"(41.7493415, 111.8029721)",in_transit
1768603161.437363,14327,"(41.7493548, 111.8022026)",in_transit
1768603171.726888,14327,"(41.7493743, 111.801941)",in_transit
1768603182.028979,14327,"(41.7496356, 111.8021005)",lundstrum
1768603192.338739,14327,"(41.7496395, 111.802125)",lundstrum
1768603202.628573,14327,"(41.7496386, 111.8021378)",lundstrum
1768603212.969244,14327,"(41.7496395, 111.8021448)",lundstrum
1768603223.256439,14327,"(41.7495766, 111.802298)",in_transit
1768603233.53706,14327,"(41.749369, 111.8027908)",in_transit
1768603243.8188229,14327,"(41.749376, 111.8037338)",in_transit
1768603254.116689,14327,"(41.749387, 111.8039741)",in_transit
1768603264.420883,14327,"(41.749387, 111.8039923)",in_transit
1768603274.707083,14327,"(41.7493853, 111.8039883)",in_transit
1768603284.989641,14327,"(41.7496515, 111.804368)",in_transit
1768603295.315016,14327,"(41.749882, 111.8043575)",in_transit
1768603305.6025212,14327,"(41.7499305, 111.8046378)",in_transit
1768603315.95572,14327,"(41.7495646, 111.8045143)",in_transit
1768603326.256358,14327,"(41.7485013, 111.8044298)",in_transit
1768603336.622933,14327,"(41.7477226, 111.8044225)",in_transit
1768603346.921349,14327,"(41.7467848, 111.804417)",in_transit
1768603357.25997,14327,"(41.7463571, 111.8044493)",in_transit
1768603367.5550668,14327,"(41.7453151, 111.8043801)",in_transit
1768603377.961902,14327,"(41.7447341, 111.8043665)",in_transit
1768603388.258413,14327,"(41.7445488, 111.8043626)",in_transit
1768603398.539288,14327,"(41.7445051, 111.8043616)",in_transit
1768603408.834312,14327,"(41.743821, 111.804356)",in_transit
1768603419.1304588,14327,"(41.7434033, 111.8043623)",fine_arts_bldg
1768603429.425964,14327,"(41.7433226, 111.8043755)",fine_arts_bldg
1768603439.716512,14327,"(41.7433205, 111.804385)",fine_arts_bldg
1768603450.007162,14327,"(41.7433208, 111.8043898)",fine_arts_bldg
1768603460.4316108,14327,"(41.743248, 111.80439)",in_transit
1768603470.742404,14327,"(41.7428763, 111.8043226)",in_transit
1768603481.03492,14327,"(41.7425008, 111.8045021)",in_transit
1768603491.33074,14327,"(41.7416425, 111.8058946)",in_transit
1768603501.616826,14327,"(41.7410336, 111.8070926)",in_transit
1768603511.891228,14327,"(41.7405228, 111.8092568)",in_transit
1768603522.187662,14327,"(41.7402515, 111.8104851)",in_transit
1768603532.472675,14327,"(41.740089, 111.8111611)",family_life_bldg
1768603542.8590589,14327,"(41.7400518, 111.8112508)",family_life_bldg
1768603553.152118,14327,"(41.7400451, 111.8112588)",family_life_bldg
1768603563.4515798,14327,"(41.7398786, 111.8115683)",in_transit
1768603573.755819,14327,"(41.7392986, 111.8129885)",in_transit
1768603584.048354,14327,"(41.738842, 111.8141306)",in_transit
1768603594.329453,14327,"(41.7387335, 111.8160496)",in_transit
1768603604.629542,14327,"(41.7388265, 111.8168341)",in_transit
1768603614.924892,14327,"(41.7388265, 111.8168341)",in_transit
1768603625.240572,14327,"(41.7390668, 111.819331)",in_transit
1768603635.608285,14327,"(41.7394915, 111.819323)",in_transit
1768603645.8955898,14327,"(41.7403751, 111.8192768)",in_transit
1768603656.256499,14327,"(41.7406653, 111.8189571)",in_transit
1768603666.546794,14327,"(41.740631, 111.8179703)",in_transit
1768603676.909083,14327,"(41.7406105, 111.8177306)",670_e_500_n
1768603687.2315571,14327,"(41.740585, 111.8176726)",670_e_500_n
1768603697.5797498,14327,"(41.7405775, 111.8176591)",670_e_500_n
1768603707.902984,14327,"(41.7405936, 111.8172671)",in_transit
1768603718.1828108,14327,"(41.740637, 111.8167793)",in_transit
1768603728.480022,14327,"(41.7415891, 111.8167393)",in_transit
1768603738.7697768,14327,"(41.7424798, 111.81671)",in_transit
1768603749.0566368,14327,"(41.7437065, 111.816638)",in_transit
1768603759.338773,14327,"(41.7443858, 111.8160853)",in_transit
1768603769.634944,14327,"(41.7444733, 111.814977)",in_transit
1768603779.927827,14327,"(41.7444505, 111.814424)",in_transit
1768603790.3436642,14327,"(41.7444473, 111.814341)",in_transit
1768603800.640935,14327,"(41.7443131, 111.814193)",in_transit
1768603810.925921,14327,"(41.7437271, 111.8142735)",in_transit
1768603821.212993,14327,"(41.7435468, 111.8142943)",in_transit
1768603831.5197508,14327,"(41.7435186, 111.8140471)",in_transit
1768603841.820822,14327,"(41.743791, 111.8140143)",taggart_student_center
1768603852.0946088,14327,"(41.743819, 111.8140063)",taggart_student_center
1768603862.385588,14327,"(41.7438398, 111.8140068)",taggart_student_center
1768603872.697494,14327,"(41.7438405, 111.8140046)",taggart_student_center
1768603883.004701,14327,"(41.7438353, 111.8140101)",taggart_student_center
1768603893.300905,14327,"(41.7438465, 111.8140248)",taggart_student_center
1768603903.605647,14327,"(41.7438578, 111.8140328)",in_transit
1768603913.90273,14327,"(41.743867, 111.8140875)",in_transit
1768603924.190145,14327,"(41.744235, 111.8141045)",in_transit
1768603934.466065,14327,"(41.7443651, 111.8140926)",in_transit
1768603944.761277,14327,"(41.7443801, 111.8140886)",in_transit
1768603955.0912588,14327,"(41.7447948, 111.8140733)",in_transit
1768603965.387764,14327,"(41.7458283, 111.8140725)",in_transit
1768603975.7208,14327,"(41.7465623, 111.8140475)",in_transit
1768603986.01023,14327,"(41.7479206, 111.8139765)",in_transit
1768603996.357615,14327,"(41.7488443, 111.8139023)",in_transit
1768604006.649525,14327,"(41.7498721, 111.8137761)",in_transit
1768604016.98939,14327,"(41.7500955, 111.8135123)",in_transit
1768604027.287185,14327,"(41.7500495, 111.8131608)",the_bull
1768604037.731091,14327,"(41.7500453, 111.8131598)",the_bull
1768604048.0228128,14327,"(41.7500403, 111.8131648)",the_bull
1768604058.33703,14327,"(41.7500356, 111.8131541)",the_bull
1768604068.669884,14327,"(41.7500738, 111.8122156)",in_transit
1768604078.971781,14327,"(41.7500545, 111.8106216)",in_transit
1768604089.258384,14327,"(41.7500356, 111.8094728)",in_transit
1768604099.554631,14327,"(41.7499953, 111.8077191)",in_transit
1768604109.851529,14327,"(41.749977, 111.8066445)",in_transit
1768604120.2359931,14327,"(41.7499363, 111.8056893)",logan_cemetery
1768604130.546637,14327,"(41.7499296, 111.8056591)",in_transit
1768604140.834357,14327,"(41.7499185, 111.805591)",in_transit
1768604151.123745,14327,"(41.7499446, 111.8048208)",in_transit
1768604161.419321,14327,"(41.7496493, 111.8045025)",in_transit
1768604171.72575,14327,"(41.749467, 111.804548)",in_transit
1768604181.9959848,14327,"(41.7492773, 111.803838)",in_transit
1768604192.293129,14327,"(41.749295, 111.8026296)",in_transit
1768604202.725912,14327,"(41.7493086, 111.801922)",in_transit
1768604213.021122,14327,"(41.7494915, 111.8018498)",in_transit
1768604223.3253078,14327,"(41.7496075, 111.80207)",lundstrum
1768604233.623989,14327,"(41.7496036, 111.8020805)",lundstrum
1768604243.9151008,14327,"(41.7496071, 111.8020836)",lundstrum
1768604254.20668,14327,"(41.749598, 111.8021641)",lundstrum
1768604264.501289,14327,"(41.7493816, 111.8026591)",in_transit
1768604274.7897978,14327,"(41.7493761, 111.8036075)",in_transit
1768604285.227288,14327,"(41.7494256, 111.8041653)",in_transit
1768604295.5391731,14327,"(41.7498266, 111.8043683)",in_transit
1768604305.958053,14327,"(41.7501023, 111.8045746)",in_transit
1768604316.263625,14327,"(41.7499193, 111.8046413)",in_transit
1768604326.584252,14327,"(41.7492211, 111.804465)",in_transit
1768604336.883551,14327,"(41.7485973, 111.8044245)",in_transit
1768604347.206592,14327,"(41.747497, 111.8044066)",in_transit
1768604357.516618,14327,"(41.7466868, 111.8044905)",in_transit
1768604367.895575,14327,"(41.7463835, 111.8044531)",in_transit
1768604378.191136,14327,"(41.7454173, 111.8043755)",in_transit
1768604388.476853,14327,"(41.7448213, 111.8043651)",in_transit
1768604398.7684858,14327,"(41.7446356, 111.8043611)",in_transit
1768604409.091825,14327,"(41.7440631, 111.8043525)",in_transit
1768604419.390086,14327,"(41.7435595, 111.8043496)",fine_arts_bldg
1768604429.666569,14327,"(41.7433225, 111.8043598)",fine_arts_bldg
1768604439.932651,14327,"(41.7433053, 111.8043643)",fine_arts_bldg
1768604450.322859,14327,"(41.7431193, 111.8043645)",in_transit
1768604460.618419,14327,"(41.7429366, 111.8043573)",in_transit
1768604470.921044,14327,"(41.7428156, 111.8043018)",in_transit
1768604481.225958,14327,"(41.7428183, 111.8043)",in_transit
1768604491.512871,14327,"(41.742588, 111.8043795)",in_transit
1768604501.810543,14327,"(41.7420325, 111.805356)",in_transit
1768604512.1174212,14327,"(41.7411301, 111.8069766)",in_transit
1768604522.4090922,14327,"(41.740551, 111.8091486)",in_transit
1768604532.8266292,14327,"(41.7402696, 111.8103823)",in_transit
1768604543.109256,14327,"(41.7400905, 111.8111251)",family_life_bldg
1768604553.373109,14327,"(41.7400561, 111.811227)",family_life_bldg
1768604563.7104409,14327,"(41.7400516, 111.8112195)",family_life_bldg
1768604574.00739,14327,"(41.7400488, 111.8112131)",family_life_bldg
1768604584.289357,14327,"(41.7398025, 111.8117611)",in_transit
1768604594.575098,14327,"(41.7391571, 111.81335)",in_transit
1768604604.856056,14327,"(41.738756, 111.8145176)",in_transit
1768604615.182223,14327,"(41.7388011, 111.8164568)",in_transit
1768604625.5781188,14327,"(41.7388546, 111.8176881)",in_transit
1768604635.885922,14327,"(41.7388756, 111.8188558)",in_transit
1768604646.27499,14327,"(41.7390646, 111.819326)",in_transit
1768604656.594015,14327,"(41.739577, 111.8193256)",in_transit
1768604666.902316,14327,"(41.7403773, 111.819275)",in_transit
1768604677.206272,14327,"(41.7406606, 111.8189381)",in_transit
1768604687.5046568,14327,"(41.7406348, 111.8180983)",in_transit
1768604697.868408,14327,"(41.7406001, 111.817699)",670_e_500_n
1768604708.181708,14327,"(41.7406001, 111.817699)",670_e_500_n
1768604718.4559538,14327,"(41.7405886, 111.8174538)",in_transit
1768604728.742008,14327,"(41.7405943, 111.816962)",in_transit
1768604739.0123038,14327,"(41.7408461, 111.8167503)",in_transit
1768604749.2959309,14327,"(41.7416935, 111.8167253)",in_transit
1768604759.581078,14327,"(41.7424348, 111.8167013)",in_transit
1768604769.884683,14327,"(41.7435195, 111.8166461)",in_transit
1768604780.279995,14327,"(41.7443623, 111.8160951)",in_transit
1768604790.557576,14327,"(41.7444598, 111.8157096)",in_transit
1768604800.838509,14327,"(41.7444316, 111.814425)",in_transit
1768604811.137593,14327,"(41.7444366, 111.8143781)",in_transit
1768604821.4141371,14327,"(41.7444351, 111.8143645)",in_transit
1768604831.693683,14327,"(41.7444401, 111.8143548)",in_transit
1768604841.999171,14327,"(41.7444465, 111.814306)",in_transit
1768604852.282544,14327,"(41.7442838, 111.8141995)",in_transit
1768604862.697918,14327,"(41.7437303, 111.8142658)",in_transit
1768604873.0072489,14327,"(41.7435493, 111.8142976)",in_transit
1768604883.3622882,14327,"(41.7434983, 111.8140563)",in_transit
1768604893.6723928,14327,"(41.7436708, 111.8139835)",taggart_student_center
1768604903.9585931,14327,"(41.7436588, 111.813984)",taggart_student_center
1768604914.310237,14327,"(41.7436548, 111.8139771)",taggart_student_center
1768604924.615392,14327,"(41.7436563, 111.8139785)",taggart_student_center
1768604934.9208431,14327,"(41.743657, 111.8139885)",taggart_student_center
1768604945.588911,14327,"(41.7436603, 111.8139945)",taggart_student_center
1768604955.894462,14327,"(41.7436536, 111.8139946)",taggart_student_center
1768604966.299485,14327,"(41.743648, 111.8139931)",taggart_student_center
1768604976.5957131,14327,"(41.7436488, 111.8139813)",taggart_student_center
1768604986.91335,14327,"(41.7436556, 111.8139871)",taggart_student_center
1768604997.2316248,14327,"(41.7437533, 111.8140423)",taggart_student_center
1768605007.5461,14327,"(41.7441241, 111.8141033)",in_transit
1768605017.858743,14327,"(41.7445845, 111.8140876)",in_transit
1768605028.263947,14327,"(41.7455345, 111.8140973)",in_transit
1768605038.571743,14327,"(41.7466181, 111.8140565)",in_transit
1768605048.881142,14327,"(41.7474673, 111.8140191)",in_transit
1768605059.1648982,14327,"(41.7487933, 111.8139245)",in_transit
1768605069.461771,14327,"(41.7495748, 111.8138261)",in_transit
1768605079.752057,14327,"(41.7500838, 111.8135213)",in_transit
1768605090.05072,14327,"(41.7500438, 111.8131783)",the_bull
1768605100.348232,14327,"(41.7500508, 111.8131618)",the_bull
1768605110.7200818,14327,"(41.7500505, 111.8131765)",the_bull
1768605121.0392032,14327,"(41.7500575, 111.8131846)",the_bull
1768605131.322123,14327,"(41.7500763, 111.8127443)",in_transit
1768605141.6132889,14327,"(41.7500733, 111.8118603)",in_transit
1768605151.883356,14327,"(41.7500498, 111.8102428)",in_transit
1768605162.176179,14327,"(41.7500253, 111.8091038)",in_transit
1768605172.474785,14327,"(41.7499826, 111.8072715)",in_transit
1768605182.760911,14327,"(41.749968, 111.806692)",in_transit
1768605193.157796,14327,"(41.749921, 111.8056915)",logan_cemetery
1768605203.462177,14327,"(41.7499261, 111.8056928)",logan_cemetery
1768605213.747815,14327,"(41.7499345, 111.8055503)",in_transit
1768605224.0453398,14327,"(41.7499471, 111.8049618)",in_transit
1768605234.339157,14327,"(41.7495391, 111.804518)",in_transit
1768605244.6526148,14327,"(41.7492755, 111.8043216)",in_transit
1768605254.929674,14327,"(41.7492841, 111.803437)",in_transit
1768605265.207466,14327,"(41.7492788, 111.8025198)",in_transit
1768605275.533043,14327,"(41.7492786, 111.8019405)",in_transit
1768605285.8305678,14327,"(41.749464, 111.8018576)",in_transit
1768605296.1223218,14327,"(41.749609, 111.8020973)",lundstrum
1768605306.475712,14327,"(41.7496138, 111.8020961)",lundstrum
1768605316.7555652,14327,"(41.749613, 111.8020865)",lundstrum
1768605327.0936692,14327,"(41.7496133, 111.8020833)",lundstrum
1768605337.372256,14327,"(41.749612, 111.8020993)",lundstrum
1768605347.713633,14327,"(41.7495126, 111.8023411)",in_transit
1768605358.03658,14327,"(41.7493616, 111.8030535)",in_transit
1768605368.385267,14327,"(41.749357, 111.8037563)",in_transit
1768605378.7050712,14327,"(41.7494773, 111.8042433)",in_transit
1768605389.003087,14327,"(41.7501036, 111.8044143)",in_transit
1768605399.2822971,14327,"(41.7498468, 111.8045868)",in_transit
1768605409.58555,14327,"(41.7495613, 111.8045196)",in_transit
1768605419.8751192,14327,"(41.7489666, 111.8044381)",in_transit
1768605430.178316,14327,"(41.7478886, 111.8044166)",in_transit
1768605440.534293,14327,"(41.7469341, 111.8043896)",in_transit
1768605450.829044,14327,"(41.7467296, 111.8044406)",in_transit
1768605461.115424,14327,"(41.7456708, 111.8043766)",in_transit
1768605471.413995,14327,"(41.7449988, 111.8043645)",in_transit
1768605481.743499,14327,"(41.744586, 111.8043551)",in_transit
1768605492.028537,14327,"(41.7439278, 111.8043546)",in_transit
1768605502.313007,14327,"(41.7434958, 111.804359)",fine_arts_bldg
1768605512.61483,14327,"(41.7433135, 111.804364)",fine_arts_bldg
1768605522.9896278,14327,"(41.7432958, 111.8043833)",in_transit
1768605533.2803571,14327,"(41.7431001, 111.804383)",in_transit
1768605543.586525,14327,"(41.7429161, 111.8043515)",in_transit
1768605553.864946,14327,"(41.7425641, 111.8044186)",in_transit
1768605564.1714969,14327,"(41.742033, 111.8053335)",in_transit
1768605574.540249,14327,"(41.7414546, 111.8062931)",in_transit
1768605584.837863,14327,"(41.7407406, 111.8082516)",in_transit
1768605595.126384,14327,"(41.7403001, 111.8102993)",in_transit
1768605605.455564,14327,"(41.7401218, 111.8110591)",family_life_bldg
1768605615.758464,14327,"(41.7400838, 111.8112476)",family_life_bldg
1768605626.049841,14327,"(41.7400996, 111.8112421)",family_life_bldg
1768605636.349452,14327,"(41.7400996, 111.8112446)",family_life_bldg
1768605646.675808,14327,"(41.7398846, 111.8116383)",in_transit
1768605656.9639812,14327,"(41.7394773, 111.8126345)",in_transit
1768605667.251879,14327,"(41.738963, 111.8138695)",in_transit
1768605677.546592,14327,"(41.738963, 111.8138695)",in_transit
1768605687.867939,14327,"(41.7388663, 111.8174338)",in_transit
1768605698.145849,14327,"(41.7388875, 111.8188756)",in_transit
1768605708.434119,14327,"(41.7388868, 111.8191186)",in_transit
1768605718.726618,14327,"(41.7388746, 111.8191636)",in_transit
1768605729.012926,14327,"(41.7390586, 111.8192958)",in_transit
1768605739.302485,14327,"(41.739697, 111.8192976)",in_transit
1768605749.595059,14327,"(41.7404788, 111.8192525)",in_transit
1768605759.884896,14327,"(41.7406616, 111.8187568)",in_transit
1768605770.2129269,14327,"(41.7406166, 111.8178965)",in_transit
1768605780.487371,14327,"(41.7405936, 111.8176663)",670_e_500_n
1768605790.7825751,14327,"(41.7405983, 111.8176681)",670_e_500_n
1768605801.068172,14327,"(41.7406035, 111.8176665)",670_e_500_n
1768605811.367648,14327,"(41.7405925, 111.8171676)",in_transit
1768605821.665899,14327,"(41.7405878, 111.8169233)",in_transit
1768605831.952976,14327,"(41.7406495, 111.8167548)",in_transit
1768605842.237493,14327,"(41.7417613, 111.8166998)",in_transit
1768605852.651948,14327,"(41.7430523, 111.8166561)",in_transit
1768605862.964864,14327,"(41.7437931, 111.8165675)",in_transit
1768605873.28671,14327,"(41.7444491, 111.8157048)",in_transit
1768605883.581053,14327,"(41.7444276, 111.8146608)",in_transit
1768605893.877276,14327,"(41.7444225, 111.8144145)",in_transit
1768605904.18055,14327,"(41.744421, 111.8143438)",in_transit
1768605914.486544,14327,"(41.744325, 111.8141815)",in_transit
1768605924.78609,14327,"(41.7436483, 111.8143305)",in_transit
1768605935.155839,14327,"(41.7435028, 111.814088)",in_transit
1768605945.462399,14327,"(41.7435028, 111.814088)",in_transit
1768605955.7618382,14327,"(41.7437475, 111.8140115)",taggart_student_center
1768605966.077229,14327,"(41.7437671, 111.8140083)",taggart_student_center
1768605976.358528,14327,"(41.7437755, 111.8140011)",taggart_student_center
1768605986.803204,14327,"(41.7437695, 111.813989)",taggart_student_center
1768605997.088644,14327,"(41.7437748, 111.8139835)",taggart_student_center
1768606007.41646,14327,"(41.7437781, 111.8139778)",taggart_student_center
1768606017.8516731,14327,"(41.7437703, 111.8139673)",taggart_student_center
1768606028.175947,14327,"(41.7437595, 111.8139586)",taggart_student_center
1768606038.467533,14327,"(41.74375, 111.8139476)",taggart_student_center
1768606048.793827,14327,"(41.743984, 111.8141475)",in_transit
1768606059.096048,14327,"(41.7443785, 111.8140958)",in_transit
1768606069.414809,14327,"(41.7443785, 111.8140958)",in_transit
1768606079.687476,14327,"(41.7461971, 111.814052)",in_transit
1768606089.975359,14327,"(41.7474606, 111.8140056)",in_transit
1768606100.30588,14327,"(41.7488581, 111.8139178)",in_transit
1768606110.588434,14327,"(41.7495806, 111.8138161)",in_transit
1768606120.894261,14327,"(41.7498295, 111.8137823)",in_transit
1768606131.1897311,14327,"(41.7499776, 111.8137876)",in_transit
1768606141.493265,14327,"(41.7500471, 111.8137871)",in_transit
1768606151.801843,14327,"(41.7500525, 111.8132611)",the_bull
1768606162.114471,14327,"(41.75005, 111.8131366)",the_bull
1768606172.426419,14327,"(41.7500516, 111.8131341)",the_bull
1768606182.729478,14327,"(41.750047, 111.8131348)",the_bull
1768606193.029587,14327,"(41.750079, 111.8122458)",in_transit
1768606203.335236,14327,"(41.750051, 111.8107051)",in_transit
1768606213.624913,14327,"(41.7500318, 111.809989)",in_transit
1768606223.92802,14327,"(41.7500235, 111.8089295)",in_transit
1768606234.230624,14327,"(41.7500031, 111.8079096)",in_transit
1768606244.506178,14327,"(41.7499606, 111.8063561)",in_transit
1768606254.8009448,14327,"(41.7499291, 111.8057683)",logan_cemetery
1768606265.103837,14327,"(41.7499208, 111.8056603)",in_transit
1768606275.397393,14327,"(41.7499088, 111.8056525)",in_transit
1768606285.690654,14327,"(41.7499326, 111.8053175)",in_transit
1768606295.987745,14327,"(41.7499343, 111.8047833)",in_transit
1768606306.2902389,14327,"(41.749468, 111.804526)",in_transit
1768606316.568927,14327,"(41.7492851, 111.8043068)",in_transit
1768606326.911049,14327,"(41.7492993, 111.8033003)",in_transit
1768606337.192184,14327,"(41.749297, 111.8020435)",in_transit
1768606347.60882,14327,"(41.7493635, 111.8018038)",in_transit
1768606357.89296,14327,"(41.7496231, 111.8020798)",lundstrum
1768606368.229687,14327,"(41.7496231, 111.8020798)",lundstrum
1768606378.5322,14327,"(41.7496413, 111.8020818)",lundstrum
1768606388.850296,14327,"(41.7496238, 111.8021026)",lundstrum
1768606399.158626,14327,"(41.7495153, 111.8023455)",in_transit
1768606409.4575648,14327,"(41.7493703, 111.8025906)",in_transit
1768606419.762143,14327,"(41.7493686, 111.8036075)",in_transit
1768606430.0777018,14327,"(41.7494083, 111.804106)",in_transit
1768606440.3578382,14327,"(41.749413, 111.8041531)",in_transit
1768606450.653424,14327,"(41.749459, 111.804235)",in_transit
1768606460.945515,14327,"(41.7498791, 111.8043551)",in_transit
1768606471.2469492,14327,"(41.7499225, 111.8046291)",in_transit
1768606481.536257,14327,"(41.7495298, 111.804526)",in_transit
1768606491.817938,14327,"(41.748556, 111.8044353)",in_transit
1768606502.108672,14327,"(41.7473541, 111.8044351)",in_transit
1768606512.440568,14327,"(41.7468168, 111.8044163)",in_transit
1768606522.7506702,14327,"(41.7466298, 111.8045463)",in_transit
1768606533.046289,14327,"(41.7459946, 111.8044051)",in_transit
1768606543.372654,14327,"(41.7449368, 111.804396)",in_transit
1768606553.667495,14327,"(41.7445203, 111.80439)",in_transit
1768606563.9467049,14327,"(41.744496, 111.8043863)",in_transit
1768606574.25652,14327,"(41.7444955, 111.8043941)",in_transit
1768606584.566424,14327,"(41.7441058, 111.8044053)",in_transit
1768606594.8820758,14327,"(41.7435726, 111.8043958)",fine_arts_bldg
1768606605.181487,14327,"(41.7433856, 111.8043946)",fine_arts_bldg
1768606615.485044,14327,"(41.7433225, 111.8044026)",fine_arts_bldg
1768606625.76772,14327,"(41.7433235, 111.8044136)",fine_arts_bldg
1768606636.067735,14327,"(41.7431956, 111.8044126)",in_transit
1768606646.368798,14327,"(41.7430136, 111.804396)",in_transit
1768606656.675028,14327,"(41.7428445, 111.8043303)",in_transit
1768606667.032232,14327,"(41.7428396, 111.8043118)",in_transit
1768606677.330719,14327,"(41.7424911, 111.8045605)",in_transit
1768606687.6963358,14327,"(41.7416958, 111.8058805)",in_transit
1768606697.990397,14327,"(41.7413608, 111.80645)",in_transit
1768606708.294836,14327,"(41.7413608, 111.80645)",in_transit
1768606718.603178,14327,"(41.740268, 111.8103456)",in_transit
1768606728.94812,14327,"(41.7400928, 111.8111141)",family_life_bldg
1768606739.255853,14327,"(41.7400526, 111.8112311)",family_life_bldg
1768606749.5561311,14327,"(41.7400598, 111.8112353)",family_life_bldg
1768606759.935597,14327,"(41.7400425, 111.8112653)",family_life_bldg
1768606770.262954,14327,"(41.7400256, 111.8112848)",family_life_bldg
1768606780.550155,14327,"(41.7395946, 111.8123043)",in_transit
1768606790.8603132,14327,"(41.7388848, 111.8140363)",in_transit
1768606801.175326,14327,"(41.7386816, 111.8152625)",in_transit
1768606811.475467,14327,"(41.7388431, 111.8168535)",in_transit
1768606821.846223,14327,"(41.7388711, 111.8182728)",in_transit
1768606832.1378188,14327,"(41.7388765, 111.8185221)",in_transit
1768606842.555991,14327,"(41.7390728, 111.8193145)",in_transit
1768606852.834628,14327,"(41.7397103, 111.8193026)",in_transit
1768606863.115423,14327,"(41.7404468, 111.819266)",in_transit
1768606873.405495,14327,"(41.7406726, 111.8188706)",in_transit
1768606883.705222,14327,"(41.7406386, 111.818027)",in_transit
1768606894.028505,14327,"(41.740615, 111.817766)",670_e_500_n
1768606904.309525,14327,"(41.7406148, 111.8176328)",670_e_500_n
1768606914.616883,14327,"(41.7406191, 111.817628)",670_e_500_n
1768606924.946713,14327,"(41.7406163, 111.8176196)",670_e_500_n
1768606935.2413938,14327,"(41.7406136, 111.8169303)",in_transit
1768606945.5462332,14327,"(41.7408953, 111.8166988)",in_transit
1768606955.832683,14327,"(41.7415013, 111.8167113)",in_transit
1768606966.125341,14327,"(41.7425096, 111.8167256)",in_transit
1768606976.438911,14327,"(41.7426255, 111.8167126)",in_transit
1768606986.739897,14327,"(41.7431698, 111.8166805)",in_transit
1768606997.038018,14327,"(41.74413, 111.8164251)",in_transit
1768607007.548556,14327,"(41.7444735, 111.8157546)",in_transit
1768607017.830264,14327,"(41.744423, 111.8144171)",in_transit
1768607028.130038,14327,"(41.744423, 111.8144171)",in_transit
1768607038.41556,14327,"(41.7440015, 111.8141876)",in_transit
1768607048.704153,14327,"(41.7436331, 111.8143133)",in_transit
1768607058.99683,14327,"(41.7435173, 111.8140725)",in_transit
1768607069.2866051,14327,"(41.7435173, 111.8140725)",in_transit
1768607079.58048,14327,"(41.7437068, 111.813985)",taggart_student_center
1768607089.9925098,14327,"(41.7437021, 111.8139831)",taggart_student_center
1768607100.281643,14327,"(41.743703, 111.8139901)",taggart_student_center
1768607110.5701718,14327,"(41.7437115, 111.814026)",taggart_student_center
1768607120.858496,14327,"(41.7437198, 111.814042)",taggart_student_center
1768607131.1508322,14327,"(41.74372, 111.8140385)",taggart_student_center
1768607141.4394188,14327,"(41.7437243, 111.8140266)",taggart_student_center
1768607151.737942,14327,"(41.7437153, 111.8139991)",taggart_student_center
1768607162.0302742,14327,"(41.743807, 111.8140733)",taggart_student_center
1768607172.415285,14327,"(41.7439961, 111.8141591)",in_transit
1768607182.716539,14327,"(41.7443648, 111.8141081)",in_transit
1768607192.9955971,14327,"(41.7448245, 111.814098)",in_transit
1768607203.284123,14327,"(41.7455333, 111.8140836)",in_transit
1768607213.567602,14327,"(41.7465691, 111.8140411)",in_transit
1768607223.844865,14327,"(41.74775, 111.8139921)",in_transit
1768607234.804066,14327,"(41.7485536, 111.8139181)",in_transit
1768607245.182503,14327,"(41.7496408, 111.8137968)",in_transit
1768607255.642902,14327,"(41.749822, 111.8137841)",in_transit
1768607265.933344,14327,"(41.7499511, 111.813774)",in_transit
1768607276.2274702,14327,"(41.749961, 111.8137711)",in_transit
1768607286.557248,14327,"(41.7500051, 111.8137595)",in_transit
1768607296.867504,14327,"(41.7500583, 111.8132313)",the_bull
1768607307.195371,14327,"(41.7500526, 111.8130666)",in_transit
1768607317.49453,14327,"(41.7500361, 111.813044)",in_transit
1768607327.859088,14327,"(41.7500573, 111.8125931)",in_transit
1768607338.176142,14327,"(41.7500728, 111.8118328)",in_transit
1768607348.468173,14327,"(41.7500578, 111.8104043)",in_transit
1768607358.772269,14327,"(41.7500176, 111.8088408)",in_transit
1768607369.09509,14327,"(41.7499901, 111.8077025)",in_transit
1768607379.380576,14327,"(41.749942, 111.8061978)",in_transit
1768607389.6700969,14327,"(41.7499238, 111.8056648)",in_transit
1768607399.960622,14327,"(41.7499213, 111.8055813)",in_transit
1768607410.2562492,14327,"(41.749926, 111.8055628)",in_transit
1768607420.665358,14327,"(41.7499443, 111.8050688)",in_transit
1768607430.945558,14327,"(41.7497086, 111.804419)",in_transit
1768607441.247604,14327,"(41.7492856, 111.8044315)",in_transit
1768607451.542101,14327,"(41.7492803, 111.8038233)",in_transit
1768607461.837339,14327,"(41.749286, 111.8029893)",in_transit
1768607472.127808,14327,"(41.7492936, 111.8019388)",in_transit
1768607482.412863,14327,"(41.7492936, 111.8019388)",in_transit
1768607492.715362,14327,"(41.7496053, 111.8020005)",lundstrum
1768607503.025117,14327,"(41.7496285, 111.8020616)",lundstrum
1768607513.335138,14327,"(41.7496356, 111.8020691)",lundstrum
1768607523.6257448,14327,"(41.7496363, 111.8020796)",lundstrum
1768607534.193921,14327,"(41.74962, 111.8021656)",lundstrum
1768607544.494545,14327,"(41.7493663, 111.8026475)",in_transit
1768607554.784169,14327,"(41.7493571, 111.8035036)",in_transit
1768607565.093546,14327,"(41.7493796, 111.8040488)",in_transit
1768607575.393725,14327,"(41.749784, 111.8043706)",in_transit
1768607585.748966,14327,"(41.7501196, 111.8045893)",in_transit
1768607596.041945,14327,"(41.7499356, 111.8046326)",in_transit
1768607606.3367412,14327,"(41.7492423, 111.8044745)",in_transit
1768607616.63501,14327,"(41.7486003, 111.8044296)",in_transit
1768607626.977659,14327,"(41.7474168, 111.8044076)",in_transit
1768607637.278573,14327,"(41.7468658, 111.8043865)",in_transit
1768607647.584573,14327,"(41.7465001, 111.804521)",in_transit
